datum	2018	2019	2020	2021	2022	2023	2024	2025	2035	2040	2050
01/01/25 00:00	0.253	0.271	0.258	0.361	0.261	0.142	0.073	0.076	0.072	0.072	0.081
01/01/25 01:00	0.254	0.268	0.257	0.358	0.245	0.140	0.071	0.067	0.072	0.080	0.081
01/01/25 02:00	0.254	0.268	0.257	0.349	0.255	0.140	0.071	0.071	0.072	0.095	0.081
01/01/25 03:00	0.250	0.264	0.255	0.340	0.242	0.141	0.071	0.069	0.072	0.072	0.072
01/01/25 04:00	0.252	0.262	0.254	0.331	0.238	0.139	0.070	0.072	0.072	0.072	0.072
01/01/25 05:00	0.252	0.263	0.254	0.332	0.240	0.140	0.072	0.076	0.072	0.072	0.072
01/01/25 06:00	0.252	0.263	0.254	0.330	0.236	0.141	0.074	0.079	0.072	0.072	0.072
01/01/25 07:00	0.254	0.266	0.254	0.334	0.245	0.140	0.077	0.077	0.072	0.072	0.072
01/01/25 08:00	0.252	0.261	0.254	0.342	0.253	0.141	0.077	0.082	0.072	0.072	0.072
01/01/25 09:00	0.252	0.263	0.254	0.345	0.241	0.143	0.077	0.088	0.072	0.072	0.072
01/01/25 10:00	0.254	0.266	0.254	0.338	0.205	0.137	0.076	0.090	0.072	0.072	0.072
01/01/25 11:00	0.256	0.270	0.254	0.321	0.184	0.123	0.072	0.093	0.072	0.072	0.072
01/01/25 12:00	0.257	0.267	0.254	0.309	0.171	0.116	0.068	0.097	0.072	0.072	0.072
01/01/25 13:00	0.259	0.264	0.254	0.308	0.171	0.120	0.065	0.096	0.072	0.072	0.072
01/01/25 14:00	0.256	0.263	0.254	0.323	0.177	0.133	0.066	0.092	0.072	0.072	0.072
01/01/25 15:00	0.254	0.264	0.255	0.338	0.195	0.160	0.072	0.087	0.072	0.072	0.072
01/01/25 16:00	0.254	0.264	0.257	0.359	0.223	0.197	0.095	0.075	0.072	0.072	0.072
01/01/25 17:00	0.256	0.269	0.259	0.366	0.226	0.237	0.118	0.081	0.072	0.095	0.095
01/01/25 18:00	0.254	0.264	0.261	0.366	0.222	0.248	0.112	0.096	0.072	0.107	0.112
01/01/25 19:00	0.255	0.262	0.258	0.366	0.216	0.246	0.113	0.099	0.072	0.095	0.095
01/01/25 20:00	0.255	0.264	0.260	0.367	0.207	0.235	0.122	0.087	0.072	0.072	0.072
01/01/25 21:00	0.253	0.262	0.259	0.367	0.204	0.244	0.107	0.079	0.072	0.072	0.072
01/01/25 22:00	0.253	0.264	0.259	0.367	0.213	0.272	0.102	0.078	0.072	0.072	0.072
01/01/25 23:00	0.251	0.262	0.255	0.367	0.214	0.274	0.098	0.076	0.072	0.072	0.072
02/01/25 00:00	0.252	0.263	0.256	0.364	0.209	0.260	0.096	0.094	0.112	0.072	0.072
02/01/25 01:00	0.251	0.262	0.255	0.357	0.202	0.270	0.091	0.134	0.112	0.072	0.072
02/01/25 02:00	0.252	0.262	0.254	0.351	0.192	0.264	0.085	0.189	0.112	0.072	0.072
02/01/25 03:00	0.251	0.261	0.253	0.349	0.186	0.245	0.081	0.213	0.112	0.072	0.072
02/01/25 04:00	0.251	0.262	0.253	0.348	0.184	0.237	0.080	0.231	0.072	0.072	0.072
02/01/25 05:00	0.252	0.262	0.253	0.347	0.182	0.225	0.084	0.246	0.094	0.072	0.072
02/01/25 06:00	0.250	0.262	0.256	0.354	0.181	0.235	0.091	0.272	0.094	0.072	0.072
02/01/25 07:00	0.260	0.263	0.260	0.363	0.178	0.249	0.092	0.296	0.094	0.112	0.114
02/01/25 08:00	0.263	0.265	0.261	0.372	0.177	0.267	0.099	0.306	0.094	0.112	0.114
02/01/25 09:00	0.263	0.265	0.261	0.371	0.175	0.270	0.103	0.314	0.094	0.114	0.114
02/01/25 10:00	0.264	0.265	0.261	0.365	0.165	0.258	0.109	0.269	0.072	0.114	0.114
02/01/25 11:00	0.263	0.264	0.261	0.357	0.152	0.223	0.118	0.221	0.072	0.107	0.112
02/01/25 12:00	0.263	0.264	0.261	0.352	0.152	0.210	0.132	0.189	0.072	0.107	0.112
02/01/25 13:00	0.262	0.264	0.261	0.355	0.152	0.216	0.147	0.191	0.072	0.107	0.112
02/01/25 14:00	0.262	0.265	0.261	0.362	0.151	0.233	0.148	0.213	0.072	0.107	0.112
02/01/25 15:00	0.261	0.268	0.260	0.372	0.162	0.248	0.147	0.240	0.072	0.107	0.112
02/01/25 16:00	0.260	0.273	0.261	0.379	0.182	0.270	0.140	0.266	0.072	0.114	0.114
02/01/25 17:00	0.262	0.278	0.262	0.381	0.198	0.294	0.137	0.270	0.072	0.112	0.112
02/01/25 18:00	0.262	0.277	0.262	0.381	0.208	0.308	0.123	0.262	0.094	0.095	0.095
02/01/25 19:00	0.259	0.276	0.261	0.382	0.203	0.319	0.123	0.256	0.072	0.095	0.095
02/01/25 20:00	0.256	0.272	0.256	0.382	0.198	0.321	0.133	0.250	0.072	0.072	0.072
02/01/25 21:00	0.252	0.266	0.256	0.384	0.185	0.326	0.125	0.237	0.072	0.095	0.095
02/01/25 22:00	0.253	0.265	0.255	0.383	0.175	0.333	0.124	0.237	0.072	0.072	0.072
02/01/25 23:00	0.253	0.265	0.253	0.380	0.162	0.341	0.121	0.245	0.072	0.072	0.072
03/01/25 00:00	0.253	0.264	0.253	0.379	0.152	0.343	0.111	0.221	0.072	0.072	0.072
03/01/25 01:00	0.252	0.262	0.253	0.366	0.158	0.346	0.111	0.211	0.072	0.072	0.072
03/01/25 02:00	0.250	0.262	0.253	0.366	0.158	0.351	0.096	0.194	0.072	0.072	0.072
03/01/25 03:00	0.251	0.261	0.251	0.362	0.159	0.359	0.081	0.168	0.072	0.072	0.072
03/01/25 04:00	0.252	0.261	0.250	0.359	0.160	0.359	0.081	0.150	0.072	0.072	0.072
03/01/25 05:00	0.252	0.262	0.252	0.357	0.161	0.368	0.080	0.152	0.072	0.072	0.072
03/01/25 06:00	0.253	0.265	0.254	0.350	0.161	0.365	0.079	0.160	0.072	0.072	0.072
03/01/25 07:00	0.257	0.268	0.254	0.341	0.175	0.364	0.084	0.163	0.072	0.072	0.072
03/01/25 08:00	0.259	0.271	0.259	0.345	0.185	0.351	0.092	0.175	0.072	0.072	0.072
03/01/25 09:00	0.260	0.276	0.261	0.349	0.183	0.324	0.093	0.172	0.072	0.072	0.072
03/01/25 10:00	0.260	0.278	0.262	0.342	0.174	0.280	0.091	0.137	0.120	0.120	0.120
03/01/25 11:00	0.261	0.275	0.263	0.325	0.163	0.258	0.086	0.114	0.120	0.072	0.072
03/01/25 12:00	0.259	0.275	0.261	0.317	0.163	0.243	0.083	0.121	0.072	0.072	0.072
03/01/25 13:00	0.260	0.273	0.259	0.302	0.170	0.233	0.084	0.149	0.072	0.072	0.072
03/01/25 14:00	0.258	0.273	0.258	0.290	0.176	0.220	0.090	0.171	0.072	0.072	0.072
03/01/25 15:00	0.257	0.272	0.258	0.282	0.192	0.231	0.114	0.198	0.080	0.072	0.072
03/01/25 16:00	0.260	0.273	0.258	0.281	0.213	0.246	0.148	0.232	0.112	0.072	0.072
03/01/25 17:00	0.268	0.275	0.262	0.291	0.243	0.247	0.172	0.259	0.112	0.072	0.072
03/01/25 18:00	0.257	0.280	0.263	0.280	0.260	0.234	0.194	0.267	0.072	0.072	0.072
03/01/25 19:00	0.260	0.274	0.261	0.270	0.261	0.221	0.199	0.278	0.072	0.072	0.072
03/01/25 20:00	0.262	0.272	0.261	0.256	0.257	0.210	0.185	0.286	0.072	0.072	0.072
03/01/25 21:00	0.257	0.269	0.255	0.243	0.252	0.194	0.175	0.300	0.072	0.072	0.072
03/01/25 22:00	0.256	0.265	0.258	0.239	0.249	0.178	0.168	0.308	0.072	0.072	0.072
03/01/25 23:00	0.256	0.264	0.256	0.228	0.254	0.160	0.153	0.313	0.072	0.072	0.072
04/01/25 00:00	0.255	0.264	0.255	0.225	0.261	0.144	0.147	0.315	0.072	0.072	0.072
04/01/25 01:00	0.253	0.262	0.254	0.211	0.265	0.137	0.132	0.317	0.072	0.072	0.072
04/01/25 02:00	0.254	0.262	0.254	0.209	0.261	0.135	0.129	0.327	0.072	0.072	0.072
04/01/25 03:00	0.253	0.262	0.253	0.208	0.265	0.135	0.130	0.337	0.072	0.072	0.072
04/01/25 04:00	0.253	0.262	0.252	0.207	0.281	0.135	0.143	0.342	0.072	0.072	0.072
04/01/25 05:00	0.253	0.262	0.251	0.213	0.288	0.135	0.177	0.344	0.072	0.072	0.072
04/01/25 06:00	0.253	0.268	0.252	0.238	0.307	0.139	0.213	0.345	0.072	0.072	0.072
04/01/25 07:00	0.256	0.272	0.253	0.258	0.328	0.151	0.241	0.340	0.072	0.072	0.072
04/01/25 08:00	0.259	0.275	0.254	0.275	0.335	0.163	0.269	0.330	0.072	0.072	0.072
04/01/25 09:00	0.260	0.278	0.257	0.276	0.334	0.172	0.288	0.321	0.072	0.072	0.072
04/01/25 10:00	0.261	0.280	0.254	0.272	0.332	0.174	0.279	0.299	0.072	0.072	0.072
04/01/25 11:00	0.263	0.279	0.254	0.269	0.320	0.164	0.269	0.281	0.072	0.072	0.072
04/01/25 12:00	0.262	0.273	0.256	0.268	0.307	0.157	0.271	0.265	0.072	0.072	0.072
04/01/25 13:00	0.262	0.273	0.255	0.270	0.304	0.155	0.273	0.260	0.072	0.072	0.072
04/01/25 14:00	0.262	0.273	0.257	0.272	0.308	0.156	0.286	0.277	0.072	0.072	0.072
04/01/25 15:00	0.263	0.275	0.256	0.276	0.326	0.164	0.308	0.294	0.072	0.072	0.072
04/01/25 16:00	0.263	0.276	0.256	0.281	0.336	0.177	0.334	0.326	0.072	0.072	0.072
04/01/25 17:00	0.265	0.283	0.261	0.284	0.339	0.186	0.345	0.342	0.072	0.072	0.072
04/01/25 18:00	0.264	0.275	0.261	0.280	0.335	0.182	0.339	0.342	0.112	0.072	0.072
04/01/25 19:00	0.262	0.266	0.262	0.270	0.317	0.176	0.327	0.346	0.072	0.072	0.072
04/01/25 20:00	0.259	0.265	0.260	0.263	0.313	0.167	0.308	0.345	0.072	0.072	0.072
04/01/25 21:00	0.257	0.265	0.256	0.256	0.294	0.155	0.288	0.346	0.072	0.072	0.072
04/01/25 22:00	0.256	0.264	0.259	0.243	0.256	0.144	0.261	0.332	0.072	0.072	0.072
04/01/25 23:00	0.255	0.264	0.258	0.239	0.242	0.141	0.218	0.320	0.072	0.072	0.072
05/01/25 00:00	0.248	0.264	0.255	0.239	0.235	0.141	0.200	0.295	0.072	0.072	0.072
05/01/25 01:00	0.245	0.262	0.255	0.238	0.226	0.143	0.165	0.255	0.072	0.072	0.072
05/01/25 02:00	0.243	0.261	0.254	0.237	0.205	0.147	0.150	0.220	0.072	0.072	0.072
05/01/25 03:00	0.240	0.261	0.254	0.242	0.193	0.148	0.145	0.196	0.072	0.072	0.072
05/01/25 04:00	0.256	0.261	0.254	0.247	0.190	0.145	0.143	0.159	0.072	0.072	0.072
05/01/25 05:00	0.252	0.261	0.254	0.259	0.195	0.151	0.157	0.163	0.072	0.072	0.072
05/01/25 06:00	0.254	0.262	0.254	0.277	0.209	0.166	0.179	0.142	0.072	0.072	0.072
05/01/25 07:00	0.259	0.262	0.254	0.294	0.219	0.194	0.199	0.130	0.072	0.072	0.072
05/01/25 08:00	0.259	0.264	0.255	0.306	0.228	0.227	0.213	0.131	0.072	0.072	0.072
05/01/25 09:00	0.258	0.265	0.256	0.314	0.233	0.251	0.236	0.130	0.072	0.072	0.072
05/01/25 10:00	0.258	0.265	0.258	0.313	0.224	0.256	0.243	0.131	0.072	0.072	0.072
05/01/25 11:00	0.258	0.265	0.258	0.308	0.209	0.249	0.250	0.126	0.072	0.072	0.072
05/01/25 12:00	0.260	0.275	0.258	0.302	0.199	0.239	0.255	0.130	0.072	0.072	0.072
05/01/25 13:00	0.262	0.275	0.256	0.301	0.201	0.237	0.254	0.117	0.072	0.072	0.072
05/01/25 14:00	0.261	0.273	0.256	0.301	0.212	0.265	0.256	0.111	0.072	0.072	0.072
05/01/25 15:00	0.262	0.270	0.257	0.305	0.231	0.297	0.272	0.113	0.072	0.072	0.072
05/01/25 16:00	0.262	0.268	0.259	0.310	0.251	0.327	0.273	0.117	0.072	0.072	0.072
05/01/25 17:00	0.267	0.276	0.261	0.312	0.260	0.327	0.267	0.105	0.072	0.072	0.072
05/01/25 18:00	0.267	0.275	0.262	0.308	0.265	0.317	0.271	0.098	0.072	0.072	0.072
05/01/25 19:00	0.265	0.275	0.260	0.306	0.267	0.289	0.268	0.094	0.072	0.072	0.072
05/01/25 20:00	0.260	0.272	0.256	0.302	0.260	0.272	0.259	0.087	0.072	0.072	0.072
05/01/25 21:00	0.259	0.265	0.256	0.307	0.264	0.250	0.247	0.077	0.072	0.072	0.072
05/01/25 22:00	0.259	0.265	0.256	0.300	0.256	0.233	0.239	0.072	0.072	0.072	0.072
05/01/25 23:00	0.257	0.269	0.254	0.286	0.268	0.219	0.227	0.070	0.072	0.072	0.072
06/01/25 00:00	0.254	0.264	0.254	0.282	0.274	0.195	0.215	0.066	0.072	0.072	0.072
06/01/25 01:00	0.253	0.264	0.253	0.286	0.294	0.177	0.197	0.066	0.072	0.072	0.072
06/01/25 02:00	0.253	0.263	0.253	0.298	0.316	0.162	0.184	0.067	0.072	0.072	0.072
06/01/25 03:00	0.253	0.263	0.253	0.299	0.319	0.157	0.182	0.067	0.072	0.072	0.072
06/01/25 04:00	0.254	0.262	0.252	0.304	0.337	0.156	0.180	0.068	0.072	0.072	0.072
06/01/25 05:00	0.254	0.262	0.253	0.301	0.355	0.156	0.186	0.070	0.072	0.072	0.072
06/01/25 06:00	0.254	0.263	0.255	0.307	0.368	0.161	0.184	0.071	0.072	0.072	0.081
06/01/25 07:00	0.255	0.263	0.260	0.330	0.373	0.180	0.206	0.078	0.072	0.072	0.072
06/01/25 08:00	0.256	0.264	0.261	0.346	0.382	0.211	0.225	0.086	0.072	0.072	0.072
06/01/25 09:00	0.259	0.265	0.261	0.348	0.377	0.232	0.248	0.086	0.072	0.072	0.072
06/01/25 10:00	0.261	0.267	0.261	0.347	0.335	0.220	0.250	0.081	0.072	0.072	0.072
06/01/25 11:00	0.260	0.268	0.260	0.345	0.308	0.187	0.241	0.077	0.072	0.072	0.072
06/01/25 12:00	0.261	0.268	0.259	0.344	0.295	0.165	0.237	0.075	0.072	0.072	0.072
06/01/25 13:00	0.260	0.266	0.259	0.348	0.287	0.173	0.233	0.084	0.072	0.072	0.072
06/01/25 14:00	0.258	0.265	0.259	0.351	0.292	0.196	0.227	0.099	0.072	0.072	0.072
06/01/25 15:00	0.257	0.264	0.260	0.358	0.307	0.235	0.232	0.118	0.094	0.072	0.072
06/01/25 16:00	0.260	0.266	0.260	0.364	0.326	0.278	0.240	0.121	0.094	0.072	0.072
06/01/25 17:00	0.262	0.270	0.262	0.368	0.325	0.298	0.248	0.128	0.094	0.072	0.072
06/01/25 18:00	0.264	0.272	0.263	0.374	0.316	0.308	0.248	0.125	0.072	0.072	0.072
06/01/25 19:00	0.262	0.272	0.261	0.373	0.293	0.292	0.246	0.123	0.072	0.072	0.072
06/01/25 20:00	0.259	0.271	0.259	0.369	0.265	0.267	0.245	0.111	0.072	0.072	0.072
06/01/25 21:00	0.256	0.266	0.256	0.369	0.242	0.255	0.230	0.099	0.072	0.072	0.072
06/01/25 22:00	0.257	0.268	0.256	0.356	0.228	0.236	0.218	0.088	0.072	0.072	0.072
06/01/25 23:00	0.253	0.264	0.254	0.354	0.212	0.207	0.192	0.083	0.072	0.072	0.072
07/01/25 00:00	0.250	0.262	0.254	0.360	0.193	0.183	0.169	0.078	0.072	0.072	0.072
07/01/25 01:00	0.247	0.263	0.254	0.359	0.184	0.168	0.151	0.078	0.072	0.072	0.072
07/01/25 02:00	0.247	0.262	0.254	0.355	0.182	0.159	0.146	0.082	0.072	0.072	0.072
07/01/25 03:00	0.246	0.262	0.253	0.351	0.187	0.159	0.135	0.085	0.072	0.072	0.072
07/01/25 04:00	0.246	0.262	0.254	0.356	0.187	0.158	0.134	0.087	0.072	0.072	0.072
07/01/25 05:00	0.246	0.262	0.255	0.347	0.197	0.160	0.138	0.093	0.072	0.072	0.072
07/01/25 06:00	0.245	0.266	0.258	0.345	0.218	0.160	0.141	0.113	0.072	0.072	0.072
07/01/25 07:00	0.246	0.272	0.263	0.345	0.236	0.163	0.142	0.137	0.072	0.072	0.072
07/01/25 08:00	0.251	0.275	0.264	0.348	0.251	0.165	0.144	0.165	0.072	0.072	0.072
07/01/25 09:00	0.254	0.275	0.264	0.345	0.258	0.158	0.161	0.179	0.072	0.072	0.072
07/01/25 10:00	0.254	0.275	0.263	0.339	0.250	0.142	0.170	0.171	0.072	0.072	0.072
07/01/25 11:00	0.254	0.274	0.263	0.330	0.237	0.123	0.157	0.139	0.072	0.072	0.072
07/01/25 12:00	0.254	0.272	0.263	0.325	0.232	0.109	0.150	0.110	0.072	0.072	0.072
07/01/25 13:00	0.254	0.271	0.263	0.329	0.236	0.104	0.148	0.101	0.072	0.072	0.072
07/01/25 14:00	0.254	0.270	0.262	0.326	0.243	0.111	0.153	0.120	0.072	0.072	0.072
07/01/25 15:00	0.254	0.267	0.260	0.332	0.262	0.126	0.167	0.155	0.072	0.072	0.081
07/01/25 16:00	0.254	0.267	0.262	0.338	0.285	0.143	0.213	0.191	0.072	0.095	0.095
07/01/25 17:00	0.255	0.274	0.263	0.338	0.304	0.148	0.238	0.197	0.072	0.095	0.095
07/01/25 18:00	0.256	0.265	0.263	0.335	0.308	0.149	0.244	0.201	0.072	0.095	0.095
07/01/25 19:00	0.255	0.264	0.259	0.341	0.308	0.146	0.246	0.192	0.072	0.095	0.095
07/01/25 20:00	0.255	0.264	0.254	0.344	0.314	0.141	0.245	0.188	0.072	0.095	0.095
07/01/25 21:00	0.253	0.263	0.255	0.344	0.311	0.139	0.239	0.172	0.072	0.072	0.072
07/01/25 22:00	0.254	0.262	0.254	0.350	0.321	0.141	0.229	0.152	0.072	0.072	0.072
07/01/25 23:00	0.252	0.261	0.255	0.349	0.320	0.140	0.200	0.137	0.072	0.072	0.072
08/01/25 00:00	0.249	0.257	0.252	0.354	0.301	0.148	0.175	0.124	0.072	0.072	0.095
08/01/25 01:00	0.247	0.261	0.252	0.353	0.287	0.156	0.166	0.120	0.072	0.072	0.095
08/01/25 02:00	0.247	0.258	0.251	0.354	0.290	0.158	0.180	0.122	0.072	0.095	0.095
08/01/25 03:00	0.246	0.259	0.249	0.359	0.303	0.173	0.176	0.123	0.072	0.072	0.095
08/01/25 04:00	0.246	0.255	0.249	0.366	0.315	0.177	0.175	0.136	0.072	0.095	0.095
08/01/25 05:00	0.248	0.260	0.251	0.367	0.308	0.187	0.202	0.161	0.072	0.072	0.081
08/01/25 06:00	0.254	0.265	0.253	0.366	0.309	0.185	0.248	0.198	0.072	0.072	0.112
08/01/25 07:00	0.260	0.265	0.259	0.367	0.318	0.187	0.274	0.233	0.094	0.095	0.095
08/01/25 08:00	0.261	0.268	0.260	0.369	0.325	0.189	0.267	0.256	0.094	0.080	0.112
08/01/25 09:00	0.262	0.268	0.261	0.368	0.303	0.180	0.267	0.263	0.094	0.112	0.114
08/01/25 10:00	0.264	0.266	0.262	0.356	0.259	0.144	0.257	0.217	0.095	0.114	0.114
08/01/25 11:00	0.268	0.265	0.262	0.345	0.224	0.119	0.237	0.194	0.094	0.114	0.114
08/01/25 12:00	0.261	0.263	0.262	0.346	0.202	0.107	0.218	0.199	0.095	0.114	0.114
08/01/25 13:00	0.261	0.263	0.261	0.342	0.190	0.103	0.201	0.222	0.094	0.114	0.114
08/01/25 14:00	0.262	0.265	0.262	0.349	0.190	0.117	0.192	0.278	0.094	0.114	0.120
08/01/25 15:00	0.259	0.265	0.262	0.358	0.194	0.142	0.211	0.333	0.112	0.120	0.120
08/01/25 16:00	0.264	0.265	0.262	0.375	0.199	0.178	0.247	0.370	0.120	0.112	0.120
08/01/25 17:00	0.271	0.277	0.268	0.379	0.200	0.198	0.257	0.383	0.223	0.145	0.120
08/01/25 18:00	0.258	0.265	0.266	0.379	0.201	0.204	0.256	0.382	0.226	0.145	0.145
08/01/25 19:00	0.257	0.263	0.267	0.379	0.197	0.194	0.255	0.377	0.226	0.145	0.145
08/01/25 20:00	0.260	0.264	0.263	0.381	0.200	0.182	0.253	0.374	0.202	0.145	0.145
08/01/25 21:00	0.257	0.264	0.261	0.381	0.201	0.177	0.246	0.376	0.226	0.145	0.145
08/01/25 22:00	0.255	0.264	0.259	0.382	0.208	0.168	0.237	0.374	0.226	0.145	0.145
08/01/25 23:00	0.254	0.262	0.258	0.383	0.209	0.171	0.225	0.380	0.120	0.120	0.145
09/01/25 00:00	0.256	0.260	0.256	0.383	0.222	0.171	0.216	0.393	0.120	0.112	0.112
09/01/25 01:00	0.256	0.258	0.255	0.384	0.212	0.183	0.215	0.404	0.120	0.120	0.120
09/01/25 02:00	0.256	0.257	0.255	0.383	0.198	0.184	0.225	0.409	0.120	0.120	0.120
09/01/25 03:00	0.256	0.260	0.255	0.381	0.193	0.194	0.227	0.408	0.112	0.120	0.112
09/01/25 04:00	0.254	0.257	0.253	0.382	0.183	0.201	0.229	0.408	0.120	0.120	0.120
09/01/25 05:00	0.257	0.260	0.253	0.381	0.179	0.205	0.238	0.409	0.226	0.120	0.112
09/01/25 06:00	0.259	0.264	0.256	0.380	0.179	0.215	0.253	0.391	0.226	0.120	0.120
09/01/25 07:00	0.264	0.267	0.262	0.379	0.190	0.246	0.268	0.373	0.226	0.112	0.112
09/01/25 08:00	0.259	0.272	0.262	0.377	0.211	0.246	0.279	0.379	0.148	0.120	0.120
09/01/25 09:00	0.262	0.271	0.261	0.369	0.224	0.250	0.269	0.381	0.183	0.120	0.112
09/01/25 10:00	0.265	0.272	0.260	0.350	0.218	0.236	0.219	0.365	0.112	0.114	0.114
09/01/25 11:00	0.269	0.265	0.259	0.335	0.208	0.215	0.179	0.321	0.112	0.114	0.114
09/01/25 12:00	0.266	0.264	0.257	0.324	0.205	0.193	0.161	0.278	0.112	0.114	0.114
09/01/25 13:00	0.268	0.264	0.256	0.323	0.217	0.184	0.155	0.244	0.112	0.114	0.114
09/01/25 14:00	0.266	0.265	0.255	0.331	0.233	0.185	0.167	0.240	0.112	0.114	0.114
09/01/25 15:00	0.265	0.265	0.255	0.347	0.267	0.203	0.194	0.254	0.112	0.114	0.114
09/01/25 16:00	0.266	0.270	0.255	0.364	0.328	0.252	0.249	0.276	0.120	0.120	0.120
09/01/25 17:00	0.276	0.276	0.260	0.367	0.359	0.277	0.279	0.280	0.120	0.120	0.120
09/01/25 18:00	0.260	0.275	0.262	0.371	0.369	0.281	0.280	0.281	0.120	0.120	0.120
09/01/25 19:00	0.259	0.266	0.259	0.374	0.373	0.278	0.277	0.277	0.112	0.114	0.120
09/01/25 20:00	0.259	0.266	0.255	0.377	0.376	0.263	0.279	0.264	0.112	0.114	0.120
09/01/25 21:00	0.260	0.264	0.254	0.380	0.378	0.257	0.280	0.253	0.112	0.114	0.120
09/01/25 22:00	0.258	0.265	0.254	0.380	0.381	0.259	0.272	0.237	0.112	0.114	0.120
09/01/25 23:00	0.259	0.264	0.254	0.379	0.387	0.259	0.275	0.214	0.120	0.120	0.120
10/01/25 00:00	0.256	0.264	0.253	0.375	0.383	0.242	0.273	0.190	0.112	0.120	0.120
10/01/25 01:00	0.254	0.263	0.253	0.371	0.381	0.223	0.281	0.181	0.112	0.120	0.120
10/01/25 02:00	0.253	0.263	0.253	0.365	0.380	0.214	0.284	0.188	0.112	0.120	0.120
10/01/25 03:00	0.253	0.263	0.252	0.362	0.379	0.217	0.284	0.196	0.112	0.120	0.120
10/01/25 04:00	0.255	0.263	0.253	0.357	0.379	0.228	0.283	0.207	0.120	0.120	0.120
10/01/25 05:00	0.254	0.263	0.253	0.353	0.389	0.248	0.286	0.230	0.226	0.145	0.120
10/01/25 06:00	0.256	0.268	0.254	0.351	0.393	0.290	0.295	0.265	0.226	0.145	0.145
10/01/25 07:00	0.261	0.274	0.260	0.357	0.393	0.309	0.311	0.295	0.228	0.145	0.145
10/01/25 08:00	0.263	0.278	0.262	0.356	0.393	0.308	0.318	0.307	0.120	0.120	0.120
10/01/25 09:00	0.263	0.279	0.265	0.349	0.386	0.281	0.303	0.304	0.112	0.120	0.120
10/01/25 10:00	0.263	0.278	0.266	0.329	0.361	0.244	0.247	0.257	0.112	0.120	0.120
10/01/25 11:00	0.266	0.278	0.264	0.309	0.339	0.214	0.220	0.234	0.112	0.114	0.114
10/01/25 12:00	0.263	0.276	0.260	0.295	0.328	0.200	0.209	0.230	0.112	0.114	0.114
10/01/25 13:00	0.261	0.276	0.258	0.288	0.329	0.202	0.212	0.221	0.112	0.114	0.114
10/01/25 14:00	0.262	0.276	0.257	0.298	0.332	0.205	0.226	0.249	0.112	0.114	0.114
10/01/25 15:00	0.263	0.276	0.258	0.315	0.354	0.208	0.247	0.287	0.148	0.120	0.120
10/01/25 16:00	0.263	0.276	0.260	0.327	0.379	0.210	0.296	0.346	0.170	0.120	0.120
10/01/25 17:00	0.264	0.280	0.263	0.337	0.386	0.207	0.315	0.364	0.202	0.120	0.120
10/01/25 18:00	0.265	0.280	0.264	0.341	0.382	0.202	0.317	0.370	0.120	0.120	0.120
10/01/25 19:00	0.263	0.277	0.262	0.343	0.381	0.195	0.325	0.380	0.120	0.120	0.120
10/01/25 20:00	0.261	0.274	0.261	0.342	0.377	0.183	0.337	0.386	0.112	0.120	0.120
10/01/25 21:00	0.257	0.272	0.259	0.337	0.373	0.164	0.341	0.393	0.112	0.114	0.114
10/01/25 22:00	0.258	0.269	0.259	0.325	0.368	0.147	0.348	0.397	0.112	0.114	0.114
10/01/25 23:00	0.258	0.264	0.255	0.316	0.361	0.145	0.359	0.405	0.112	0.114	0.114
11/01/25 00:00	0.257	0.262	0.256	0.297	0.357	0.145	0.364	0.408	0.112	0.112	0.112
11/01/25 01:00	0.257	0.261	0.256	0.279	0.350	0.144	0.371	0.409	0.112	0.112	0.112
11/01/25 02:00	0.256	0.261	0.255	0.264	0.342	0.148	0.374	0.410	0.112	0.095	0.095
11/01/25 03:00	0.255	0.262	0.253	0.259	0.337	0.148	0.372	0.407	0.112	0.095	0.095
11/01/25 04:00	0.255	0.261	0.253	0.254	0.334	0.153	0.371	0.402	0.112	0.112	0.112
11/01/25 05:00	0.257	0.260	0.253	0.253	0.336	0.158	0.361	0.406	0.112	0.107	0.120
11/01/25 06:00	0.259	0.264	0.253	0.267	0.338	0.175	0.363	0.397	0.112	0.107	0.120
11/01/25 07:00	0.265	0.266	0.254	0.284	0.343	0.208	0.362	0.387	0.120	0.120	0.120
11/01/25 08:00	0.267	0.268	0.257	0.284	0.346	0.236	0.364	0.392	0.112	0.114	0.114
11/01/25 09:00	0.268	0.273	0.259	0.281	0.339	0.243	0.342	0.359	0.112	0.120	0.120
11/01/25 10:00	0.269	0.273	0.258	0.276	0.320	0.223	0.291	0.278	0.112	0.120	0.120
11/01/25 11:00	0.268	0.274	0.258	0.272	0.300	0.178	0.279	0.252	0.112	0.120	0.120
11/01/25 12:00	0.266	0.265	0.256	0.261	0.286	0.149	0.294	0.254	0.112	0.120	0.120
11/01/25 13:00	0.266	0.265	0.255	0.259	0.283	0.148	0.294	0.247	0.112	0.120	0.120
11/01/25 14:00	0.266	0.264	0.255	0.261	0.301	0.154	0.307	0.264	0.112	0.120	0.120
11/01/25 15:00	0.265	0.264	0.255	0.261	0.323	0.167	0.324	0.283	0.120	0.120	0.120
11/01/25 16:00	0.266	0.264	0.255	0.266	0.352	0.196	0.334	0.323	0.120	0.120	0.120
11/01/25 17:00	0.267	0.271	0.259	0.271	0.366	0.206	0.334	0.342	0.120	0.120	0.120
11/01/25 18:00	0.267	0.265	0.261	0.259	0.368	0.200	0.334	0.338	0.120	0.120	0.120
11/01/25 19:00	0.266	0.264	0.256	0.246	0.368	0.190	0.336	0.340	0.120	0.114	0.120
11/01/25 20:00	0.264	0.264	0.255	0.234	0.373	0.171	0.340	0.350	0.112	0.114	0.114
11/01/25 21:00	0.260	0.262	0.253	0.224	0.375	0.158	0.345	0.357	0.112	0.114	0.114
11/01/25 22:00	0.260	0.262	0.254	0.209	0.374	0.146	0.352	0.371	0.112	0.112	0.114
11/01/25 23:00	0.258	0.262	0.252	0.204	0.371	0.134	0.356	0.382	0.110	0.095	0.095
12/01/25 00:00	0.259	0.262	0.252	0.197	0.377	0.130	0.354	0.396	0.112	0.112	0.112
12/01/25 01:00	0.257	0.262	0.251	0.200	0.386	0.130	0.347	0.405	0.112	0.107	0.112
12/01/25 02:00	0.256	0.263	0.252	0.203	0.385	0.131	0.338	0.398	0.112	0.112	0.114
12/01/25 03:00	0.255	0.260	0.251	0.206	0.385	0.132	0.332	0.391	0.112	0.112	0.114
12/01/25 04:00	0.256	0.262	0.251	0.212	0.387	0.131	0.332	0.375	0.112	0.114	0.114
12/01/25 05:00	0.256	0.260	0.251	0.237	0.390	0.133	0.336	0.370	0.112	0.114	0.114
12/01/25 06:00	0.259	0.260	0.251	0.277	0.390	0.139	0.344	0.385	0.112	0.114	0.114
12/01/25 07:00	0.263	0.264	0.254	0.299	0.390	0.157	0.347	0.397	0.112	0.112	0.114
12/01/25 08:00	0.264	0.266	0.253	0.303	0.392	0.171	0.348	0.394	0.110	0.072	0.081
12/01/25 09:00	0.270	0.269	0.253	0.305	0.387	0.175	0.347	0.386	0.094	0.072	0.081
12/01/25 10:00	0.270	0.271	0.253	0.293	0.370	0.167	0.343	0.354	0.094	0.072	0.081
12/01/25 11:00	0.269	0.270	0.254	0.273	0.354	0.156	0.339	0.319	0.094	0.072	0.072
12/01/25 12:00	0.268	0.264	0.254	0.250	0.345	0.148	0.332	0.294	0.112	0.080	0.112
12/01/25 13:00	0.267	0.263	0.254	0.240	0.342	0.146	0.327	0.284	0.112	0.072	0.112
12/01/25 14:00	0.263	0.264	0.254	0.247	0.349	0.158	0.327	0.285	0.112	0.105	0.112
12/01/25 15:00	0.262	0.265	0.254	0.267	0.360	0.168	0.339	0.327	0.112	0.107	0.112
12/01/25 16:00	0.262	0.265	0.254	0.292	0.372	0.171	0.355	0.384	0.110	0.107	0.112
12/01/25 17:00	0.264	0.268	0.256	0.311	0.377	0.176	0.362	0.402	0.120	0.107	0.112
12/01/25 18:00	0.262	0.263	0.262	0.315	0.381	0.177	0.365	0.403	0.112	0.107	0.112
12/01/25 19:00	0.259	0.263	0.262	0.319	0.383	0.174	0.369	0.406	0.120	0.107	0.112
12/01/25 20:00	0.259	0.263	0.262	0.320	0.378	0.163	0.373	0.407	0.112	0.107	0.112
12/01/25 21:00	0.261	0.263	0.255	0.322	0.370	0.150	0.375	0.407	0.112	0.107	0.112
12/01/25 22:00	0.261	0.262	0.258	0.321	0.367	0.138	0.375	0.409	0.112	0.080	0.112
12/01/25 23:00	0.260	0.262	0.254	0.322	0.362	0.136	0.369	0.411	0.112	0.080	0.112
13/01/25 00:00	0.260	0.265	0.253	0.314	0.358	0.136	0.365	0.409	0.112	0.120	0.120
13/01/25 01:00	0.258	0.262	0.252	0.304	0.350	0.136	0.357	0.407	0.112	0.120	0.120
13/01/25 02:00	0.257	0.260	0.252	0.289	0.349	0.133	0.339	0.403	0.112	0.112	0.120
13/01/25 03:00	0.256	0.256	0.252	0.276	0.351	0.133	0.324	0.396	0.112	0.112	0.120
13/01/25 04:00	0.255	0.256	0.252	0.268	0.350	0.133	0.304	0.392	0.112	0.107	0.120
13/01/25 05:00	0.255	0.256	0.253	0.269	0.347	0.134	0.285	0.388	0.112	0.112	0.120
13/01/25 06:00	0.255	0.253	0.258	0.284	0.351	0.140	0.277	0.380	0.112	0.120	0.120
13/01/25 07:00	0.256	0.259	0.263	0.298	0.357	0.151	0.270	0.371	0.110	0.120	0.120
13/01/25 08:00	0.260	0.258	0.265	0.307	0.358	0.164	0.261	0.364	0.110	0.072	0.072
13/01/25 09:00	0.263	0.262	0.263	0.307	0.355	0.169	0.258	0.337	0.072	0.072	0.072
13/01/25 10:00	0.264	0.263	0.263	0.294	0.347	0.155	0.265	0.257	0.072	0.072	0.072
13/01/25 11:00	0.262	0.264	0.262	0.271	0.328	0.144	0.269	0.222	0.072	0.072	0.072
13/01/25 12:00	0.262	0.264	0.262	0.249	0.312	0.135	0.257	0.207	0.072	0.072	0.072
13/01/25 13:00	0.258	0.264	0.262	0.245	0.306	0.132	0.252	0.198	0.072	0.072	0.072
13/01/25 14:00	0.257	0.264	0.261	0.261	0.312	0.136	0.246	0.214	0.072	0.072	0.072
13/01/25 15:00	0.257	0.264	0.261	0.283	0.327	0.145	0.256	0.248	0.120	0.120	0.112
13/01/25 16:00	0.257	0.264	0.260	0.304	0.346	0.161	0.276	0.313	0.202	0.189	0.072
13/01/25 17:00	0.267	0.274	0.262	0.311	0.357	0.179	0.282	0.341	0.226	0.120	0.120
13/01/25 18:00	0.271	0.264	0.261	0.313	0.361	0.178	0.276	0.337	0.226	0.112	0.120
13/01/25 19:00	0.266	0.264	0.260	0.318	0.362	0.178	0.268	0.332	0.226	0.112	0.120
13/01/25 20:00	0.261	0.263	0.255	0.324	0.357	0.170	0.258	0.325	0.226	0.120	0.120
13/01/25 21:00	0.259	0.262	0.252	0.327	0.353	0.163	0.249	0.319	0.226	0.112	0.120
13/01/25 22:00	0.262	0.261	0.252	0.337	0.346	0.155	0.239	0.311	0.226	0.120	0.120
13/01/25 23:00	0.258	0.260	0.251	0.346	0.330	0.145	0.231	0.295	0.226	0.120	0.120
14/01/25 00:00	0.258	0.262	0.251	0.352	0.323	0.160	0.224	0.281	0.211	0.112	0.120
14/01/25 01:00	0.256	0.260	0.249	0.363	0.330	0.165	0.212	0.274	0.183	0.112	0.120
14/01/25 02:00	0.255	0.262	0.247	0.367	0.338	0.167	0.215	0.269	0.170	0.155	0.155
14/01/25 03:00	0.254	0.262	0.244	0.365	0.337	0.167	0.228	0.255	0.112	0.180	0.120
14/01/25 04:00	0.252	0.261	0.243	0.357	0.340	0.164	0.239	0.258	0.112	0.180	0.155
14/01/25 05:00	0.253	0.262	0.248	0.344	0.349	0.157	0.249	0.264	0.112	0.155	0.120
14/01/25 06:00	0.254	0.264	0.253	0.347	0.361	0.146	0.261	0.269	0.120	0.112	0.120
14/01/25 07:00	0.255	0.267	0.255	0.358	0.372	0.140	0.271	0.278	0.197	0.155	0.120
14/01/25 08:00	0.256	0.270	0.257	0.362	0.377	0.136	0.273	0.277	0.202	0.155	0.120
14/01/25 09:00	0.257	0.271	0.259	0.347	0.376	0.138	0.272	0.278	0.112	0.155	0.120
14/01/25 10:00	0.259	0.271	0.259	0.327	0.368	0.123	0.257	0.254	0.120	0.155	0.120
14/01/25 11:00	0.260	0.264	0.259	0.310	0.360	0.117	0.244	0.236	0.120	0.120	0.120
14/01/25 12:00	0.259	0.263	0.256	0.301	0.352	0.113	0.239	0.207	0.112	0.145	0.145
14/01/25 13:00	0.257	0.264	0.254	0.300	0.354	0.109	0.229	0.203	0.120	0.155	0.145
14/01/25 14:00	0.256	0.264	0.256	0.306	0.365	0.110	0.225	0.216	0.120	0.169	0.145
14/01/25 15:00	0.256	0.269	0.255	0.321	0.380	0.113	0.238	0.265	0.232	0.207	0.207
14/01/25 16:00	0.256	0.271	0.255	0.330	0.393	0.120	0.251	0.313	0.235	0.234	0.234
14/01/25 17:00	0.258	0.281	0.258	0.328	0.396	0.128	0.252	0.337	0.246	0.234	0.234
14/01/25 18:00	0.274	0.270	0.256	0.328	0.396	0.136	0.247	0.347	0.235	0.243	0.234
14/01/25 19:00	0.269	0.266	0.254	0.330	0.396	0.133	0.241	0.349	0.235	0.274	0.234
14/01/25 20:00	0.266	0.265	0.254	0.330	0.396	0.129	0.231	0.355	0.235	0.295	0.234
14/01/25 21:00	0.259	0.266	0.254	0.330	0.392	0.122	0.210	0.357	0.235	0.264	0.234
14/01/25 22:00	0.261	0.264	0.254	0.336	0.388	0.134	0.202	0.363	0.235	0.240	0.234
14/01/25 23:00	0.258	0.262	0.253	0.340	0.385	0.129	0.184	0.377	0.235	0.219	0.219
15/01/25 00:00	0.256	0.262	0.252	0.343	0.390	0.125	0.171	0.393	0.241	0.234	0.234
15/01/25 01:00	0.255	0.260	0.251	0.347	0.394	0.126	0.163	0.403	0.235	0.234	0.234
15/01/25 02:00	0.255	0.258	0.250	0.347	0.393	0.125	0.157	0.399	0.237	0.234	0.234
15/01/25 03:00	0.253	0.257	0.250	0.347	0.393	0.124	0.163	0.402	0.237	0.234	0.234
15/01/25 04:00	0.253	0.260	0.245	0.354	0.392	0.124	0.168	0.400	0.241	0.234	0.234
15/01/25 05:00	0.254	0.261	0.249	0.357	0.390	0.124	0.192	0.398	0.396	0.219	0.234
15/01/25 06:00	0.259	0.262	0.253	0.357	0.387	0.125	0.224	0.391	0.396	0.264	0.264
15/01/25 07:00	0.266	0.267	0.258	0.361	0.385	0.128	0.254	0.390	0.396	0.500	0.500
15/01/25 08:00	0.265	0.269	0.257	0.360	0.383	0.130	0.263	0.393	0.396	0.500	0.264
15/01/25 09:00	0.264	0.269	0.256	0.369	0.378	0.125	0.255	0.389	0.247	0.315	0.243
15/01/25 10:00	0.266	0.268	0.254	0.371	0.366	0.105	0.235	0.373	0.241	0.234	0.234
15/01/25 11:00	0.263	0.267	0.254	0.368	0.358	0.093	0.224	0.361	0.228	0.234	0.234
15/01/25 12:00	0.259	0.266	0.254	0.365	0.353	0.095	0.214	0.355	0.228	0.234	0.234
15/01/25 13:00	0.259	0.266	0.254	0.364	0.342	0.099	0.218	0.358	0.228	0.234	0.234
15/01/25 14:00	0.261	0.266	0.256	0.367	0.347	0.103	0.211	0.365	0.235	0.240	0.234
15/01/25 15:00	0.259	0.265	0.257	0.371	0.359	0.112	0.225	0.379	0.396	0.295	0.264
15/01/25 16:00	0.257	0.266	0.258	0.377	0.371	0.131	0.246	0.385	0.500	0.500	0.234
15/01/25 17:00	0.263	0.270	0.263	0.380	0.380	0.155	0.259	0.387	0.500	0.500	0.302
15/01/25 18:00	0.259	0.264	0.261	0.382	0.382	0.177	0.274	0.388	0.500	0.500	0.315
15/01/25 19:00	0.259	0.264	0.261	0.381	0.381	0.186	0.275	0.388	0.453	0.500	0.315
15/01/25 20:00	0.260	0.264	0.256	0.381	0.379	0.188	0.266	0.391	0.396	0.315	0.315
15/01/25 21:00	0.257	0.264	0.254	0.381	0.376	0.201	0.277	0.394	0.500	0.500	0.500
15/01/25 22:00	0.257	0.263	0.256	0.382	0.378	0.199	0.282	0.398	0.500	0.500	0.500
15/01/25 23:00	0.256	0.262	0.254	0.381	0.377	0.206	0.271	0.400	0.396	0.274	0.240
16/01/25 00:00	0.254	0.259	0.253	0.379	0.365	0.222	0.273	0.401	0.396	0.243	0.243
16/01/25 01:00	0.254	0.258	0.254	0.378	0.348	0.218	0.282	0.402	0.396	0.240	0.240
16/01/25 02:00	0.255	0.261	0.254	0.378	0.322	0.222	0.288	0.403	0.396	0.241	0.241
16/01/25 03:00	0.252	0.260	0.253	0.375	0.295	0.230	0.293	0.402	0.396	0.243	0.243
16/01/25 04:00	0.253	0.259	0.253	0.370	0.286	0.231	0.295	0.401	0.396	0.241	0.240
16/01/25 05:00	0.253	0.258	0.253	0.361	0.289	0.233	0.304	0.398	0.500	0.315	0.240
16/01/25 06:00	0.254	0.262	0.258	0.353	0.284	0.257	0.319	0.395	0.396	0.315	0.268
16/01/25 07:00	0.258	0.268	0.261	0.344	0.288	0.263	0.323	0.391	0.500	0.315	0.264
16/01/25 08:00	0.262	0.270	0.265	0.340	0.305	0.263	0.319	0.386	0.396	0.500	0.315
16/01/25 09:00	0.265	0.268	0.262	0.331	0.323	0.268	0.306	0.379	0.396	0.315	0.240
16/01/25 10:00	0.264	0.266	0.260	0.319	0.321	0.264	0.293	0.359	0.254	0.241	0.240
16/01/25 11:00	0.264	0.267	0.260	0.303	0.311	0.252	0.259	0.349	0.245	0.240	0.240
16/01/25 12:00	0.261	0.265	0.259	0.294	0.295	0.250	0.222	0.340	0.244	0.240	0.240
16/01/25 13:00	0.261	0.265	0.259	0.291	0.283	0.258	0.221	0.337	0.239	0.240	0.240
16/01/25 14:00	0.260	0.266	0.259	0.296	0.286	0.261	0.236	0.347	0.239	0.315	0.264
16/01/25 15:00	0.259	0.265	0.261	0.300	0.300	0.277	0.258	0.360	0.396	0.315	0.264
16/01/25 16:00	0.260	0.268	0.261	0.304	0.323	0.291	0.301	0.369	0.396	0.315	0.302
16/01/25 17:00	0.265	0.270	0.260	0.310	0.334	0.286	0.317	0.374	0.396	0.315	0.315
16/01/25 18:00	0.265	0.265	0.260	0.319	0.335	0.285	0.306	0.375	0.396	0.396	0.315
16/01/25 19:00	0.261	0.264	0.258	0.327	0.340	0.275	0.288	0.375	0.396	0.315	0.315
16/01/25 20:00	0.259	0.263	0.255	0.332	0.338	0.263	0.264	0.374	0.396	0.315	0.315
16/01/25 21:00	0.258	0.263	0.254	0.335	0.324	0.250	0.245	0.374	0.396	0.315	0.315
16/01/25 22:00	0.258	0.263	0.254	0.338	0.321	0.234	0.236	0.369	0.396	0.315	0.240
16/01/25 23:00	0.256	0.263	0.254	0.334	0.331	0.227	0.225	0.366	0.241	0.241	0.234
17/01/25 00:00	0.254	0.263	0.253	0.327	0.320	0.205	0.220	0.363	0.396	0.234	0.234
17/01/25 01:00	0.253	0.262	0.253	0.327	0.314	0.186	0.215	0.358	0.245	0.207	0.219
17/01/25 02:00	0.254	0.262	0.252	0.321	0.301	0.198	0.209	0.358	0.245	0.234	0.234
17/01/25 03:00	0.251	0.262	0.252	0.321	0.290	0.216	0.205	0.366	0.235	0.234	0.234
17/01/25 04:00	0.252	0.262	0.252	0.324	0.288	0.250	0.220	0.369	0.241	0.241	0.241
17/01/25 05:00	0.252	0.263	0.253	0.323	0.288	0.294	0.246	0.373	0.500	0.243	0.243
17/01/25 06:00	0.256	0.266	0.254	0.328	0.296	0.310	0.274	0.376	0.500	0.500	0.500
17/01/25 07:00	0.264	0.270	0.259	0.333	0.307	0.333	0.305	0.373	0.500	0.274	0.268
17/01/25 08:00	0.264	0.272	0.261	0.338	0.308	0.344	0.324	0.374	0.396	0.274	0.274
17/01/25 09:00	0.264	0.273	0.260	0.337	0.301	0.332	0.327	0.375	0.296	0.264	0.264
17/01/25 10:00	0.261	0.271	0.261	0.331	0.284	0.289	0.320	0.364	0.233	0.219	0.219
17/01/25 11:00	0.263	0.271	0.261	0.322	0.267	0.260	0.321	0.351	0.232	0.207	0.219
17/01/25 12:00	0.263	0.268	0.259	0.315	0.259	0.233	0.330	0.342	0.228	0.207	0.219
17/01/25 13:00	0.261	0.267	0.259	0.313	0.255	0.215	0.341	0.344	0.228	0.207	0.219
17/01/25 14:00	0.260	0.267	0.258	0.316	0.258	0.236	0.355	0.350	0.228	0.212	0.219
17/01/25 15:00	0.259	0.267	0.259	0.325	0.277	0.268	0.367	0.363	0.241	0.234	0.234
17/01/25 16:00	0.260	0.268	0.260	0.342	0.314	0.324	0.378	0.378	0.241	0.234	0.234
17/01/25 17:00	0.266	0.278	0.261	0.355	0.342	0.353	0.380	0.384	0.241	0.234	0.234
17/01/25 18:00	0.263	0.267	0.262	0.356	0.359	0.359	0.376	0.387	0.297	0.234	0.234
17/01/25 19:00	0.257	0.265	0.261	0.354	0.369	0.358	0.362	0.391	0.281	0.219	0.219
17/01/25 20:00	0.259	0.264	0.259	0.360	0.376	0.360	0.359	0.393	0.245	0.207	0.219
17/01/25 21:00	0.261	0.264	0.256	0.357	0.384	0.356	0.359	0.395	0.233	0.191	0.191
17/01/25 22:00	0.257	0.262	0.256	0.356	0.391	0.362	0.355	0.395	0.228	0.191	0.191
17/01/25 23:00	0.255	0.264	0.255	0.349	0.392	0.357	0.351	0.396	0.228	0.155	0.189
18/01/25 00:00	0.256	0.265	0.253	0.347	0.393	0.355	0.350	0.396	0.226	0.145	0.145
18/01/25 01:00	0.254	0.263	0.253	0.346	0.391	0.342	0.354	0.395	0.213	0.145	0.145
18/01/25 02:00	0.255	0.263	0.252	0.346	0.389	0.338	0.352	0.394	0.213	0.145	0.145
18/01/25 03:00	0.252	0.263	0.252	0.345	0.391	0.337	0.345	0.393	0.197	0.120	0.141
18/01/25 04:00	0.245	0.263	0.252	0.336	0.392	0.333	0.355	0.397	0.187	0.141	0.141
18/01/25 05:00	0.247	0.264	0.252	0.340	0.395	0.333	0.354	0.402	0.197	0.114	0.120
18/01/25 06:00	0.260	0.268	0.253	0.336	0.395	0.331	0.358	0.400	0.197	0.114	0.120
18/01/25 07:00	0.261	0.275	0.254	0.336	0.395	0.333	0.364	0.394	0.197	0.127	0.127
18/01/25 08:00	0.262	0.276	0.255	0.331	0.395	0.330	0.359	0.390	0.120	0.114	0.114
18/01/25 09:00	0.265	0.275	0.258	0.323	0.386	0.313	0.312	0.382	0.112	0.112	0.120
18/01/25 10:00	0.263	0.275	0.256	0.313	0.365	0.261	0.247	0.366	0.112	0.112	0.120
18/01/25 11:00	0.263	0.274	0.254	0.298	0.347	0.214	0.232	0.353	0.112	0.112	0.120
18/01/25 12:00	0.259	0.273	0.254	0.286	0.335	0.199	0.235	0.347	0.112	0.112	0.120
18/01/25 13:00	0.257	0.271	0.256	0.284	0.328	0.200	0.240	0.347	0.112	0.112	0.112
18/01/25 14:00	0.257	0.272	0.256	0.295	0.333	0.210	0.254	0.355	0.112	0.112	0.120
18/01/25 15:00	0.259	0.272	0.256	0.300	0.348	0.240	0.283	0.368	0.112	0.112	0.120
18/01/25 16:00	0.261	0.273	0.257	0.303	0.371	0.265	0.336	0.382	0.112	0.114	0.120
18/01/25 17:00	0.268	0.276	0.259	0.308	0.381	0.273	0.370	0.385	0.112	0.114	0.120
18/01/25 18:00	0.271	0.276	0.260	0.314	0.382	0.267	0.367	0.381	0.112	0.114	0.120
18/01/25 19:00	0.267	0.274	0.260	0.311	0.382	0.262	0.357	0.376	0.112	0.114	0.120
18/01/25 20:00	0.261	0.269	0.257	0.301	0.382	0.249	0.340	0.375	0.112	0.114	0.120
18/01/25 21:00	0.260	0.267	0.256	0.283	0.374	0.240	0.321	0.378	0.112	0.114	0.120
18/01/25 22:00	0.263	0.267	0.255	0.260	0.371	0.240	0.310	0.381	0.120	0.114	0.120
18/01/25 23:00	0.261	0.265	0.256	0.239	0.373	0.232	0.274	0.384	0.112	0.114	0.120
19/01/25 00:00	0.256	0.267	0.255	0.227	0.362	0.227	0.262	0.387	0.112	0.112	0.120
19/01/25 01:00	0.254	0.267	0.254	0.210	0.355	0.214	0.249	0.394	0.112	0.112	0.120
19/01/25 02:00	0.254	0.266	0.253	0.192	0.350	0.209	0.230	0.398	0.112	0.112	0.120
19/01/25 03:00	0.254	0.266	0.253	0.189	0.349	0.214	0.237	0.401	0.112	0.112	0.120
19/01/25 04:00	0.254	0.265	0.253	0.187	0.347	0.241	0.245	0.400	0.112	0.112	0.120
19/01/25 05:00	0.255	0.265	0.252	0.200	0.346	0.259	0.273	0.400	0.112	0.107	0.120
19/01/25 06:00	0.259	0.265	0.253	0.227	0.354	0.278	0.311	0.398	0.120	0.107	0.120
19/01/25 07:00	0.263	0.267	0.254	0.252	0.358	0.297	0.329	0.396	0.120	0.112	0.120
19/01/25 08:00	0.264	0.269	0.255	0.261	0.354	0.314	0.333	0.397	0.112	0.112	0.112
19/01/25 09:00	0.264	0.270	0.256	0.263	0.342	0.315	0.310	0.394	0.112	0.112	0.112
19/01/25 10:00	0.264	0.270	0.256	0.266	0.324	0.289	0.239	0.382	0.112	0.112	0.112
19/01/25 11:00	0.263	0.267	0.256	0.269	0.304	0.249	0.190	0.370	0.112	0.107	0.112
19/01/25 12:00	0.261	0.266	0.256	0.266	0.278	0.226	0.162	0.363	0.094	0.072	0.095
19/01/25 13:00	0.260	0.266	0.254	0.266	0.267	0.228	0.154	0.362	0.094	0.095	0.095
19/01/25 14:00	0.258	0.267	0.253	0.265	0.267	0.248	0.156	0.369	0.094	0.072	0.072
19/01/25 15:00	0.260	0.268	0.254	0.264	0.271	0.286	0.177	0.381	0.094	0.095	0.095
19/01/25 16:00	0.261	0.270	0.254	0.267	0.273	0.336	0.232	0.391	0.112	0.095	0.095
19/01/25 17:00	0.263	0.272	0.260	0.265	0.279	0.361	0.266	0.396	0.112	0.072	0.072
19/01/25 18:00	0.263	0.273	0.261	0.258	0.271	0.361	0.262	0.396	0.112	0.095	0.095
19/01/25 19:00	0.261	0.270	0.261	0.249	0.269	0.364	0.258	0.396	0.112	0.095	0.095
19/01/25 20:00	0.259	0.268	0.259	0.233	0.262	0.363	0.247	0.397	0.112	0.095	0.095
19/01/25 21:00	0.258	0.268	0.257	0.224	0.256	0.361	0.222	0.398	0.072	0.095	0.095
19/01/25 22:00	0.258	0.268	0.259	0.209	0.259	0.359	0.196	0.398	0.072	0.095	0.095
19/01/25 23:00	0.256	0.267	0.257	0.199	0.263	0.367	0.186	0.400	0.072	0.095	0.095
20/01/25 00:00	0.258	0.266	0.256	0.190	0.244	0.363	0.171	0.399	0.072	0.095	0.095
20/01/25 01:00	0.256	0.265	0.256	0.180	0.237	0.361	0.165	0.400	0.072	0.072	0.072
20/01/25 02:00	0.254	0.265	0.255	0.178	0.223	0.357	0.166	0.400	0.072	0.072	0.072
20/01/25 03:00	0.254	0.264	0.255	0.179	0.212	0.349	0.174	0.398	0.072	0.095	0.095
20/01/25 04:00	0.254	0.264	0.255	0.180	0.207	0.341	0.173	0.395	0.072	0.095	0.095
20/01/25 05:00	0.254	0.264	0.255	0.185	0.210	0.326	0.173	0.389	0.080	0.095	0.095
20/01/25 06:00	0.254	0.263	0.261	0.213	0.223	0.320	0.178	0.386	0.112	0.095	0.095
20/01/25 07:00	0.256	0.264	0.266	0.236	0.248	0.326	0.186	0.380	0.072	0.114	0.112
20/01/25 08:00	0.261	0.265	0.268	0.245	0.271	0.324	0.191	0.369	0.072	0.114	0.114
20/01/25 09:00	0.258	0.267	0.267	0.247	0.274	0.322	0.183	0.365	0.072	0.072	0.072
20/01/25 10:00	0.260	0.267	0.264	0.239	0.252	0.318	0.168	0.356	0.072	0.112	0.112
20/01/25 11:00	0.260	0.267	0.263	0.235	0.211	0.308	0.153	0.352	0.072	0.095	0.095
20/01/25 12:00	0.265	0.266	0.261	0.231	0.178	0.300	0.141	0.346	0.072	0.072	0.072
20/01/25 13:00	0.261	0.265	0.260	0.232	0.171	0.300	0.122	0.339	0.072	0.095	0.095
20/01/25 14:00	0.258	0.266	0.260	0.229	0.186	0.305	0.127	0.336	0.072	0.095	0.095
20/01/25 15:00	0.259	0.266	0.261	0.235	0.219	0.313	0.169	0.339	0.094	0.072	0.072
20/01/25 16:00	0.260	0.267	0.262	0.245	0.254	0.328	0.221	0.344	0.112	0.114	0.114
20/01/25 17:00	0.261	0.272	0.266	0.254	0.280	0.336	0.234	0.343	0.104	0.114	0.114
20/01/25 18:00	0.263	0.273	0.267	0.252	0.286	0.334	0.222	0.343	0.104	0.114	0.114
20/01/25 19:00	0.261	0.273	0.265	0.246	0.279	0.331	0.215	0.340	0.104	0.114	0.114
20/01/25 20:00	0.258	0.273	0.263	0.233	0.275	0.337	0.210	0.335	0.104	0.114	0.114
20/01/25 21:00	0.257	0.269	0.261	0.220	0.272	0.341	0.197	0.329	0.094	0.114	0.114
20/01/25 22:00	0.257	0.269	0.259	0.198	0.271	0.345	0.189	0.329	0.112	0.114	0.114
20/01/25 23:00	0.256	0.267	0.255	0.188	0.279	0.357	0.178	0.332	0.112	0.114	0.114
21/01/25 00:00	0.255	0.266	0.254	0.179	0.292	0.362	0.169	0.332	0.094	0.114	0.114
21/01/25 01:00	0.254	0.265	0.254	0.172	0.282	0.365	0.158	0.332	0.094	0.112	0.112
21/01/25 02:00	0.254	0.265	0.253	0.170	0.291	0.368	0.154	0.328	0.094	0.112	0.114
21/01/25 03:00	0.253	0.264	0.254	0.170	0.300	0.371	0.148	0.327	0.112	0.114	0.114
21/01/25 04:00	0.254	0.264	0.254	0.177	0.307	0.367	0.142	0.324	0.112	0.112	0.114
21/01/25 05:00	0.254	0.265	0.254	0.183	0.317	0.374	0.139	0.324	0.112	0.107	0.114
21/01/25 06:00	0.253	0.272	0.256	0.207	0.329	0.375	0.135	0.322	0.112	0.112	0.114
21/01/25 07:00	0.255	0.278	0.263	0.233	0.343	0.382	0.135	0.319	0.112	0.107	0.114
21/01/25 08:00	0.255	0.282	0.270	0.243	0.353	0.386	0.137	0.323	0.072	0.072	0.072
21/01/25 09:00	0.256	0.281	0.271	0.241	0.342	0.370	0.136	0.323	0.072	0.072	0.072
21/01/25 10:00	0.258	0.278	0.269	0.219	0.302	0.341	0.128	0.313	0.072	0.072	0.081
21/01/25 11:00	0.260	0.276	0.266	0.203	0.283	0.313	0.124	0.306	0.072	0.072	0.081
21/01/25 12:00	0.261	0.273	0.262	0.207	0.283	0.285	0.122	0.305	0.072	0.072	0.081
21/01/25 13:00	0.258	0.274	0.261	0.200	0.281	0.272	0.120	0.309	0.072	0.072	0.081
21/01/25 14:00	0.256	0.274	0.263	0.206	0.288	0.289	0.123	0.320	0.072	0.072	0.081
21/01/25 15:00	0.256	0.276	0.262	0.219	0.297	0.315	0.132	0.336	0.072	0.072	0.081
21/01/25 16:00	0.259	0.278	0.264	0.237	0.313	0.369	0.132	0.355	0.112	0.072	0.081
21/01/25 17:00	0.263	0.282	0.269	0.250	0.328	0.391	0.141	0.366	0.112	0.072	0.081
21/01/25 18:00	0.263	0.282	0.272	0.256	0.324	0.391	0.142	0.363	0.112	0.072	0.081
21/01/25 19:00	0.265	0.278	0.267	0.282	0.315	0.391	0.141	0.360	0.112	0.072	0.081
21/01/25 20:00	0.262	0.275	0.263	0.296	0.308	0.391	0.132	0.359	0.112	0.072	0.081
21/01/25 21:00	0.256	0.271	0.259	0.306	0.300	0.390	0.122	0.363	0.112	0.072	0.112
21/01/25 22:00	0.256	0.265	0.256	0.328	0.306	0.385	0.123	0.366	0.112	0.072	0.081
21/01/25 23:00	0.255	0.265	0.254	0.340	0.297	0.381	0.138	0.377	0.080	0.072	0.081
22/01/25 00:00	0.253	0.262	0.254	0.331	0.297	0.377	0.146	0.384	0.072	0.072	0.081
22/01/25 01:00	0.249	0.263	0.254	0.311	0.302	0.375	0.136	0.388	0.072	0.072	0.081
22/01/25 02:00	0.247	0.263	0.253	0.280	0.305	0.370	0.142	0.387	0.072	0.072	0.072
22/01/25 03:00	0.246	0.264	0.254	0.257	0.313	0.365	0.141	0.385	0.072	0.072	0.072
22/01/25 04:00	0.250	0.264	0.255	0.250	0.325	0.358	0.143	0.384	0.072	0.072	0.072
22/01/25 05:00	0.253	0.262	0.255	0.267	0.338	0.356	0.155	0.379	0.072	0.072	0.081
22/01/25 06:00	0.255	0.268	0.258	0.289	0.342	0.347	0.166	0.376	0.112	0.095	0.112
22/01/25 07:00	0.260	0.274	0.263	0.301	0.346	0.333	0.167	0.375	0.112	0.072	0.112
22/01/25 08:00	0.261	0.276	0.269	0.309	0.350	0.318	0.152	0.376	0.072	0.072	0.072
22/01/25 09:00	0.262	0.276	0.270	0.306	0.358	0.314	0.145	0.370	0.072	0.095	0.095
22/01/25 10:00	0.262	0.276	0.271	0.287	0.361	0.306	0.141	0.353	0.112	0.095	0.112
22/01/25 11:00	0.263	0.274	0.269	0.262	0.358	0.293	0.121	0.337	0.072	0.114	0.114
22/01/25 12:00	0.262	0.274	0.267	0.247	0.354	0.288	0.096	0.335	0.112	0.114	0.114
22/01/25 13:00	0.262	0.274	0.268	0.248	0.352	0.288	0.084	0.336	0.072	0.114	0.114
22/01/25 14:00	0.262	0.275	0.264	0.258	0.354	0.306	0.085	0.354	0.080	0.114	0.114
22/01/25 15:00	0.261	0.276	0.265	0.281	0.364	0.323	0.108	0.375	0.094	0.120	0.120
22/01/25 16:00	0.260	0.279	0.266	0.314	0.374	0.349	0.136	0.389	0.112	0.120	0.112
22/01/25 17:00	0.263	0.283	0.269	0.332	0.380	0.366	0.156	0.393	0.120	0.120	0.120
22/01/25 18:00	0.264	0.283	0.271	0.340	0.385	0.369	0.157	0.397	0.104	0.112	0.120
22/01/25 19:00	0.263	0.279	0.268	0.341	0.387	0.368	0.151	0.396	0.104	0.112	0.120
22/01/25 20:00	0.260	0.267	0.265	0.337	0.388	0.369	0.149	0.390	0.104	0.112	0.120
22/01/25 21:00	0.258	0.266	0.262	0.337	0.389	0.376	0.131	0.381	0.112	0.112	0.120
22/01/25 22:00	0.258	0.265	0.261	0.335	0.389	0.384	0.120	0.370	0.112	0.112	0.120
22/01/25 23:00	0.257	0.263	0.258	0.338	0.390	0.385	0.118	0.363	0.110	0.112	0.120
23/01/25 00:00	0.256	0.261	0.258	0.317	0.390	0.386	0.110	0.349	0.110	0.112	0.120
23/01/25 01:00	0.255	0.264	0.256	0.320	0.390	0.388	0.109	0.336	0.112	0.112	0.120
23/01/25 02:00	0.255	0.263	0.254	0.295	0.391	0.390	0.110	0.319	0.112	0.112	0.120
23/01/25 03:00	0.254	0.264	0.256	0.276	0.391	0.390	0.108	0.319	0.104	0.112	0.120
23/01/25 04:00	0.254	0.264	0.256	0.278	0.392	0.389	0.114	0.297	0.110	0.112	0.120
23/01/25 05:00	0.255	0.266	0.254	0.274	0.391	0.385	0.117	0.273	0.120	0.112	0.120
23/01/25 06:00	0.259	0.269	0.262	0.284	0.390	0.383	0.136	0.262	0.112	0.120	0.120
23/01/25 07:00	0.263	0.279	0.268	0.293	0.390	0.381	0.176	0.262	0.120	0.112	0.120
23/01/25 08:00	0.265	0.284	0.271	0.304	0.394	0.382	0.206	0.266	0.120	0.112	0.120
23/01/25 09:00	0.264	0.284	0.271	0.306	0.392	0.376	0.208	0.258	0.148	0.120	0.120
23/01/25 10:00	0.263	0.284	0.269	0.291	0.379	0.359	0.165	0.208	0.120	0.112	0.120
23/01/25 11:00	0.261	0.284	0.267	0.284	0.365	0.339	0.126	0.163	0.112	0.112	0.120
23/01/25 12:00	0.260	0.280	0.266	0.287	0.355	0.320	0.113	0.142	0.112	0.120	0.120
23/01/25 13:00	0.260	0.280	0.265	0.299	0.352	0.319	0.114	0.137	0.112	0.120	0.120
23/01/25 14:00	0.258	0.281	0.264	0.315	0.358	0.330	0.146	0.158	0.112	0.120	0.112
23/01/25 15:00	0.258	0.281	0.265	0.344	0.374	0.340	0.167	0.163	0.120	0.112	0.120
23/01/25 16:00	0.257	0.280	0.266	0.366	0.392	0.360	0.164	0.177	0.226	0.120	0.120
23/01/25 17:00	0.259	0.283	0.269	0.380	0.399	0.369	0.167	0.190	0.226	0.145	0.120
23/01/25 18:00	0.261	0.285	0.272	0.377	0.399	0.370	0.164	0.181	0.228	0.145	0.120
23/01/25 19:00	0.257	0.283	0.268	0.379	0.396	0.369	0.155	0.160	0.226	0.155	0.120
23/01/25 20:00	0.258	0.277	0.266	0.373	0.397	0.370	0.137	0.135	0.228	0.155	0.120
23/01/25 21:00	0.256	0.272	0.262	0.377	0.396	0.367	0.126	0.114	0.226	0.120	0.120
23/01/25 22:00	0.256	0.268	0.261	0.371	0.397	0.366	0.123	0.111	0.226	0.112	0.112
23/01/25 23:00	0.255	0.264	0.259	0.358	0.394	0.367	0.125	0.108	0.226	0.112	0.120
24/01/25 00:00	0.253	0.268	0.256	0.337	0.389	0.364	0.128	0.104	0.226	0.112	0.120
24/01/25 01:00	0.253	0.267	0.257	0.311	0.384	0.369	0.133	0.108	0.226	0.112	0.120
24/01/25 02:00	0.253	0.267	0.256	0.308	0.384	0.374	0.131	0.115	0.226	0.112	0.120
24/01/25 03:00	0.251	0.266	0.256	0.309	0.383	0.374	0.142	0.114	0.226	0.120	0.120
24/01/25 04:00	0.252	0.267	0.256	0.307	0.383	0.375	0.135	0.115	0.228	0.145	0.120
24/01/25 05:00	0.252	0.269	0.254	0.323	0.386	0.373	0.107	0.115	0.228	0.145	0.145
24/01/25 06:00	0.254	0.273	0.260	0.334	0.388	0.372	0.113	0.116	0.241	0.197	0.155
24/01/25 07:00	0.260	0.287	0.267	0.346	0.393	0.371	0.141	0.125	0.269	0.219	0.219
24/01/25 08:00	0.263	0.294	0.272	0.358	0.394	0.371	0.155	0.132	0.245	0.234	0.234
24/01/25 09:00	0.264	0.293	0.271	0.355	0.390	0.369	0.150	0.126	0.228	0.234	0.234
24/01/25 10:00	0.261	0.291	0.269	0.327	0.379	0.357	0.128	0.118	0.226	0.234	0.155
24/01/25 11:00	0.264	0.289	0.268	0.294	0.367	0.349	0.106	0.110	0.228	0.120	0.219
24/01/25 12:00	0.262	0.287	0.267	0.272	0.359	0.346	0.092	0.107	0.228	0.197	0.219
24/01/25 13:00	0.261	0.284	0.265	0.266	0.356	0.345	0.095	0.106	0.226	0.197	0.145
24/01/25 14:00	0.259	0.283	0.264	0.284	0.361	0.351	0.096	0.106	0.228	0.234	0.219
24/01/25 15:00	0.258	0.283	0.265	0.318	0.372	0.362	0.115	0.105	0.348	0.241	0.234
24/01/25 16:00	0.257	0.285	0.265	0.342	0.387	0.377	0.144	0.114	0.396	0.234	0.234
24/01/25 17:00	0.263	0.291	0.269	0.354	0.395	0.386	0.171	0.138	0.281	0.234	0.234
24/01/25 18:00	0.262	0.298	0.271	0.350	0.395	0.390	0.189	0.147	0.297	0.234	0.234
24/01/25 19:00	0.262	0.289	0.268	0.348	0.396	0.393	0.197	0.154	0.371	0.212	0.169
24/01/25 20:00	0.258	0.282	0.261	0.345	0.396	0.395	0.191	0.167	0.308	0.234	0.219
24/01/25 21:00	0.256	0.275	0.260	0.346	0.398	0.397	0.181	0.181	0.281	0.219	0.219
24/01/25 22:00	0.256	0.273	0.260	0.355	0.398	0.399	0.166	0.203	0.245	0.234	0.234
24/01/25 23:00	0.255	0.269	0.256	0.362	0.398	0.400	0.157	0.230	0.228	0.219	0.234
25/01/25 00:00	0.253	0.271	0.253	0.366	0.399	0.400	0.164	0.225	0.228	0.197	0.155
25/01/25 01:00	0.254	0.269	0.253	0.362	0.401	0.399	0.174	0.211	0.228	0.189	0.145
25/01/25 02:00	0.253	0.267	0.253	0.349	0.401	0.397	0.195	0.213	0.228	0.145	0.145
25/01/25 03:00	0.251	0.266	0.252	0.340	0.400	0.396	0.219	0.221	0.228	0.155	0.145
25/01/25 04:00	0.251	0.266	0.253	0.350	0.400	0.394	0.257	0.230	0.226	0.141	0.141
25/01/25 05:00	0.247	0.268	0.253	0.361	0.399	0.389	0.295	0.236	0.226	0.112	0.120
25/01/25 06:00	0.255	0.270	0.253	0.369	0.397	0.387	0.319	0.244	0.226	0.145	0.112
25/01/25 07:00	0.259	0.280	0.256	0.372	0.396	0.386	0.337	0.242	0.281	0.191	0.191
25/01/25 08:00	0.259	0.286	0.259	0.376	0.396	0.382	0.343	0.234	0.226	0.145	0.120
25/01/25 09:00	0.259	0.284	0.260	0.367	0.393	0.377	0.327	0.222	0.226	0.145	0.145
25/01/25 10:00	0.259	0.280	0.261	0.333	0.386	0.363	0.293	0.200	0.226	0.145	0.145
25/01/25 11:00	0.259	0.277	0.261	0.315	0.380	0.345	0.267	0.178	0.226	0.145	0.145
25/01/25 12:00	0.260	0.274	0.260	0.309	0.377	0.331	0.243	0.163	0.226	0.145	0.145
25/01/25 13:00	0.259	0.273	0.258	0.303	0.374	0.327	0.237	0.165	0.226	0.145	0.145
25/01/25 14:00	0.261	0.272	0.257	0.304	0.375	0.330	0.253	0.184	0.226	0.120	0.145
25/01/25 15:00	0.261	0.271	0.259	0.318	0.381	0.332	0.276	0.254	0.226	0.120	0.120
25/01/25 16:00	0.261	0.271	0.260	0.329	0.388	0.339	0.286	0.332	0.226	0.120	0.120
25/01/25 17:00	0.263	0.274	0.262	0.327	0.392	0.348	0.288	0.385	0.226	0.145	0.120
25/01/25 18:00	0.265	0.274	0.264	0.322	0.392	0.338	0.279	0.397	0.226	0.145	0.120
25/01/25 19:00	0.263	0.264	0.261	0.313	0.392	0.336	0.273	0.400	0.226	0.120	0.120
25/01/25 20:00	0.260	0.263	0.258	0.302	0.394	0.344	0.260	0.403	0.226	0.112	0.120
25/01/25 21:00	0.258	0.263	0.254	0.281	0.395	0.354	0.245	0.404	0.228	0.145	0.145
25/01/25 22:00	0.258	0.262	0.253	0.269	0.393	0.362	0.219	0.408	0.213	0.145	0.145
25/01/25 23:00	0.257	0.260	0.253	0.253	0.389	0.363	0.202	0.411	0.197	0.120	0.120
26/01/25 00:00	0.257	0.263	0.256	0.245	0.377	0.360	0.171	0.415	0.120	0.145	0.145
26/01/25 01:00	0.256	0.266	0.255	0.245	0.371	0.357	0.146	0.417	0.120	0.141	0.141
26/01/25 02:00	0.256	0.263	0.255	0.237	0.363	0.345	0.131	0.414	0.120	0.114	0.120
26/01/25 03:00	0.255	0.260	0.254	0.250	0.352	0.328	0.126	0.402	0.112	0.114	0.120
26/01/25 04:00	0.255	0.260	0.254	0.260	0.344	0.334	0.119	0.396	0.112	0.114	0.120
26/01/25 05:00	0.256	0.259	0.253	0.282	0.344	0.336	0.115	0.386	0.112	0.114	0.120
26/01/25 06:00	0.259	0.259	0.253	0.322	0.348	0.339	0.114	0.382	0.112	0.114	0.120
26/01/25 07:00	0.264	0.262	0.254	0.341	0.351	0.341	0.129	0.362	0.120	0.114	0.120
26/01/25 08:00	0.266	0.264	0.254	0.356	0.357	0.341	0.140	0.335	0.120	0.114	0.114
26/01/25 09:00	0.266	0.267	0.256	0.357	0.359	0.334	0.140	0.288	0.112	0.107	0.112
26/01/25 10:00	0.265	0.268	0.258	0.345	0.353	0.310	0.126	0.198	0.104	0.114	0.114
26/01/25 11:00	0.265	0.268	0.259	0.334	0.344	0.282	0.091	0.142	0.120	0.114	0.120
26/01/25 12:00	0.264	0.267	0.260	0.328	0.336	0.256	0.076	0.110	0.120	0.114	0.120
26/01/25 13:00	0.263	0.267	0.258	0.325	0.330	0.249	0.084	0.105	0.120	0.114	0.120
26/01/25 14:00	0.263	0.265	0.257	0.322	0.326	0.257	0.083	0.120	0.120	0.114	0.120
26/01/25 15:00	0.263	0.265	0.256	0.328	0.326	0.273	0.095	0.162	0.120	0.114	0.120
26/01/25 16:00	0.263	0.265	0.256	0.345	0.330	0.288	0.138	0.186	0.120	0.141	0.141
26/01/25 17:00	0.264	0.266	0.259	0.366	0.335	0.298	0.188	0.192	0.226	0.141	0.145
26/01/25 18:00	0.266	0.267	0.260	0.363	0.320	0.299	0.209	0.179	0.197	0.141	0.145
26/01/25 19:00	0.265	0.265	0.254	0.351	0.301	0.299	0.217	0.144	0.224	0.120	0.145
26/01/25 20:00	0.262	0.262	0.254	0.333	0.287	0.296	0.228	0.122	0.120	0.120	0.120
26/01/25 21:00	0.259	0.261	0.253	0.324	0.262	0.295	0.236	0.113	0.120	0.120	0.120
26/01/25 22:00	0.259	0.261	0.252	0.318	0.239	0.296	0.247	0.107	0.112	0.120	0.120
26/01/25 23:00	0.258	0.259	0.252	0.314	0.212	0.294	0.244	0.108	0.112	0.120	0.120
27/01/25 00:00	0.257	0.261	0.252	0.294	0.203	0.283	0.238	0.103	0.112	0.112	0.112
27/01/25 01:00	0.256	0.263	0.252	0.275	0.192	0.278	0.219	0.106	0.196	0.120	0.120
27/01/25 02:00	0.255	0.261	0.252	0.262	0.188	0.271	0.220	0.104	0.120	0.141	0.141
27/01/25 03:00	0.255	0.258	0.251	0.252	0.187	0.259	0.231	0.101	0.112	0.112	0.112
27/01/25 04:00	0.255	0.256	0.250	0.254	0.183	0.270	0.232	0.099	0.112	0.120	0.112
27/01/25 05:00	0.255	0.249	0.251	0.265	0.189	0.279	0.229	0.097	0.120	0.120	0.120
27/01/25 06:00	0.255	0.252	0.250	0.289	0.205	0.296	0.238	0.102	0.120	0.141	0.141
27/01/25 07:00	0.256	0.257	0.253	0.315	0.230	0.312	0.249	0.105	0.219	0.145	0.145
27/01/25 08:00	0.260	0.256	0.259	0.327	0.242	0.321	0.257	0.108	0.120	0.120	0.133
27/01/25 09:00	0.262	0.260	0.258	0.332	0.247	0.321	0.225	0.102	0.112	0.120	0.120
27/01/25 10:00	0.262	0.266	0.259	0.336	0.243	0.303	0.154	0.083	0.104	0.120	0.112
27/01/25 11:00	0.261	0.266	0.257	0.342	0.236	0.287	0.110	0.073	0.094	0.107	0.095
27/01/25 12:00	0.260	0.262	0.253	0.348	0.228	0.287	0.092	0.071	0.094	0.095	0.112
27/01/25 13:00	0.258	0.260	0.256	0.353	0.221	0.300	0.092	0.069	0.110	0.080	0.114
27/01/25 14:00	0.255	0.259	0.260	0.352	0.217	0.317	0.115	0.078	0.197	0.145	0.112
27/01/25 15:00	0.255	0.259	0.261	0.353	0.227	0.332	0.178	0.091	0.241	0.207	0.207
27/01/25 16:00	0.255	0.259	0.260	0.360	0.245	0.345	0.250	0.126	0.263	0.234	0.219
27/01/25 17:00	0.257	0.262	0.262	0.365	0.269	0.359	0.300	0.184	0.241	0.264	0.234
27/01/25 18:00	0.259	0.265	0.264	0.367	0.273	0.367	0.302	0.193	0.235	0.264	0.234
27/01/25 19:00	0.258	0.265	0.262	0.369	0.264	0.372	0.302	0.170	0.241	0.240	0.234
27/01/25 20:00	0.256	0.264	0.259	0.369	0.253	0.373	0.295	0.147	0.241	0.264	0.234
27/01/25 21:00	0.255	0.262	0.254	0.370	0.251	0.381	0.278	0.131	0.241	0.264	0.234
27/01/25 22:00	0.254	0.264	0.254	0.374	0.255	0.385	0.264	0.123	0.241	0.264	0.234
27/01/25 23:00	0.254	0.261	0.253	0.376	0.260	0.393	0.263	0.116	0.239	0.264	0.234
28/01/25 00:00	0.255	0.263	0.253	0.381	0.254	0.395	0.256	0.106	0.239	0.264	0.234
28/01/25 01:00	0.253	0.259	0.252	0.383	0.236	0.398	0.250	0.101	0.239	0.240	0.234
28/01/25 02:00	0.252	0.259	0.252	0.382	0.243	0.400	0.238	0.102	0.239	0.241	0.234
28/01/25 03:00	0.254	0.258	0.252	0.380	0.256	0.401	0.218	0.106	0.235	0.241	0.234
28/01/25 04:00	0.253	0.258	0.252	0.382	0.261	0.401	0.211	0.111	0.235	0.241	0.234
28/01/25 05:00	0.255	0.260	0.252	0.375	0.283	0.402	0.205	0.115	0.235	0.241	0.234
28/01/25 06:00	0.254	0.265	0.252	0.372	0.308	0.401	0.209	0.119	0.239	0.241	0.234
28/01/25 07:00	0.256	0.270	0.259	0.371	0.335	0.398	0.212	0.139	0.239	0.315	0.234
28/01/25 08:00	0.256	0.271	0.261	0.371	0.358	0.393	0.212	0.169	0.239	0.234	0.234
28/01/25 09:00	0.255	0.268	0.261	0.364	0.353	0.378	0.170	0.171	0.235	0.268	0.234
28/01/25 10:00	0.255	0.265	0.260	0.352	0.318	0.341	0.118	0.143	0.228	0.234	0.234
28/01/25 11:00	0.255	0.266	0.257	0.334	0.291	0.300	0.095	0.128	0.146	0.219	0.234
28/01/25 12:00	0.256	0.265	0.256	0.318	0.275	0.266	0.084	0.142	0.197	0.234	0.234
28/01/25 13:00	0.256	0.264	0.254	0.313	0.273	0.262	0.080	0.152	0.120	0.219	0.234
28/01/25 14:00	0.256	0.263	0.253	0.312	0.270	0.275	0.090	0.160	0.228	0.234	0.234
28/01/25 15:00	0.255	0.262	0.253	0.322	0.292	0.309	0.117	0.175	0.235	0.295	0.234
28/01/25 16:00	0.254	0.264	0.254	0.341	0.328	0.360	0.173	0.185	0.239	0.268	0.234
28/01/25 17:00	0.256	0.269	0.259	0.359	0.340	0.386	0.219	0.190	0.241	0.268	0.234
28/01/25 18:00	0.257	0.268	0.259	0.363	0.323	0.387	0.222	0.184	0.245	0.268	0.234
28/01/25 19:00	0.259	0.265	0.254	0.359	0.297	0.387	0.209	0.178	0.241	0.264	0.234
28/01/25 20:00	0.257	0.263	0.252	0.354	0.271	0.382	0.199	0.173	0.239	0.268	0.315
28/01/25 21:00	0.255	0.264	0.253	0.345	0.234	0.379	0.188	0.151	0.241	0.315	0.315
28/01/25 22:00	0.256	0.262	0.253	0.330	0.221	0.377	0.186	0.127	0.239	0.268	0.234
28/01/25 23:00	0.254	0.261	0.252	0.323	0.202	0.369	0.190	0.120	0.241	0.264	0.234
29/01/25 00:00	0.253	0.262	0.252	0.311	0.176	0.352	0.190	0.113	0.239	0.207	0.219
29/01/25 01:00	0.253	0.263	0.252	0.284	0.167	0.345	0.195	0.109	0.241	0.212	0.219
29/01/25 02:00	0.251	0.263	0.249	0.252	0.164	0.337	0.206	0.107	0.239	0.207	0.219
29/01/25 03:00	0.246	0.261	0.249	0.248	0.162	0.337	0.216	0.109	0.239	0.207	0.207
29/01/25 04:00	0.244	0.262	0.250	0.251	0.161	0.333	0.229	0.107	0.239	0.219	0.234
29/01/25 05:00	0.249	0.262	0.252	0.252	0.163	0.314	0.256	0.114	0.239	0.234	0.234
29/01/25 06:00	0.256	0.266	0.253	0.263	0.171	0.306	0.283	0.137	0.241	0.234	0.234
29/01/25 07:00	0.257	0.271	0.259	0.276	0.181	0.299	0.304	0.176	0.241	0.234	0.234
29/01/25 08:00	0.260	0.275	0.261	0.274	0.197	0.290	0.308	0.196	0.241	0.212	0.219
29/01/25 09:00	0.260	0.274	0.260	0.270	0.199	0.269	0.288	0.194	0.235	0.212	0.219
29/01/25 10:00	0.260	0.274	0.259	0.252	0.185	0.238	0.252	0.167	0.235	0.212	0.219
29/01/25 11:00	0.262	0.273	0.257	0.242	0.163	0.210	0.208	0.139	0.235	0.207	0.219
29/01/25 12:00	0.260	0.271	0.254	0.240	0.151	0.201	0.187	0.132	0.228	0.207	0.207
29/01/25 13:00	0.258	0.272	0.255	0.237	0.142	0.190	0.206	0.145	0.235	0.207	0.207
29/01/25 14:00	0.258	0.271	0.256	0.234	0.159	0.188	0.252	0.166	0.235	0.234	0.234
29/01/25 15:00	0.257	0.271	0.258	0.244	0.182	0.192	0.294	0.208	0.240	0.212	0.219
29/01/25 16:00	0.257	0.273	0.258	0.257	0.190	0.200	0.327	0.256	0.241	0.219	0.219
29/01/25 17:00	0.263	0.274	0.260	0.268	0.194	0.207	0.345	0.297	0.241	0.219	0.219
29/01/25 18:00	0.274	0.274	0.261	0.269	0.199	0.203	0.338	0.320	0.235	0.219	0.219
29/01/25 19:00	0.264	0.273	0.261	0.271	0.196	0.196	0.328	0.335	0.235	0.212	0.219
29/01/25 20:00	0.265	0.266	0.259	0.271	0.202	0.179	0.313	0.350	0.233	0.212	0.219
29/01/25 21:00	0.257	0.265	0.255	0.287	0.197	0.164	0.293	0.358	0.235	0.234	0.234
29/01/25 22:00	0.256	0.261	0.254	0.304	0.183	0.159	0.277	0.365	0.235	0.219	0.219
29/01/25 23:00	0.256	0.263	0.253	0.321	0.173	0.143	0.254	0.366	0.228	0.212	0.212
30/01/25 00:00	0.256	0.260	0.253	0.308	0.166	0.134	0.251	0.375	0.226	0.219	0.219
30/01/25 01:00	0.256	0.262	0.253	0.295	0.165	0.133	0.253	0.382	0.226	0.212	0.212
30/01/25 02:00	0.255	0.261	0.252	0.284	0.169	0.130	0.251	0.383	0.226	0.212	0.212
30/01/25 03:00	0.256	0.260	0.251	0.276	0.173	0.128	0.240	0.381	0.226	0.212	0.212
30/01/25 04:00	0.255	0.260	0.252	0.277	0.177	0.132	0.222	0.373	0.228	0.212	0.212
30/01/25 05:00	0.255	0.262	0.252	0.278	0.183	0.142	0.218	0.364	0.228	0.234	0.219
30/01/25 06:00	0.256	0.265	0.255	0.278	0.199	0.159	0.230	0.364	0.228	0.212	0.212
30/01/25 07:00	0.261	0.271	0.262	0.272	0.219	0.187	0.244	0.362	0.232	0.234	0.219
30/01/25 08:00	0.263	0.272	0.262	0.267	0.240	0.192	0.241	0.364	0.228	0.219	0.219
30/01/25 09:00	0.263	0.274	0.263	0.261	0.234	0.178	0.224	0.350	0.226	0.120	0.120
30/01/25 10:00	0.262	0.280	0.264	0.247	0.210	0.146	0.190	0.333	0.197	0.120	0.120
30/01/25 11:00	0.261	0.279	0.263	0.236	0.177	0.129	0.170	0.315	0.187	0.120	0.112
30/01/25 12:00	0.258	0.280	0.262	0.229	0.166	0.120	0.154	0.303	0.187	0.120	0.112
30/01/25 13:00	0.259	0.280	0.259	0.228	0.175	0.112	0.147	0.310	0.197	0.120	0.120
30/01/25 14:00	0.259	0.275	0.258	0.234	0.201	0.116	0.152	0.310	0.197	0.120	0.120
30/01/25 15:00	0.260	0.277	0.257	0.247	0.246	0.140	0.177	0.296	0.213	0.120	0.120
30/01/25 16:00	0.261	0.276	0.258	0.258	0.310	0.177	0.206	0.303	0.226	0.120	0.120
30/01/25 17:00	0.265	0.275	0.260	0.273	0.353	0.215	0.228	0.342	0.226	0.120	0.120
30/01/25 18:00	0.267	0.285	0.260	0.281	0.353	0.244	0.245	0.342	0.226	0.120	0.120
30/01/25 19:00	0.265	0.268	0.259	0.277	0.337	0.268	0.265	0.334	0.226	0.120	0.120
30/01/25 20:00	0.261	0.267	0.254	0.275	0.304	0.278	0.276	0.333	0.226	0.197	0.207
30/01/25 21:00	0.258	0.266	0.253	0.274	0.273	0.283	0.285	0.340	0.226	0.197	0.207
30/01/25 22:00	0.258	0.264	0.253	0.276	0.239	0.288	0.303	0.351	0.226	0.189	0.120
30/01/25 23:00	0.256	0.262	0.254	0.277	0.207	0.287	0.315	0.352	0.120	0.120	0.120
31/01/25 00:00	0.256	0.261	0.251	0.277	0.184	0.288	0.326	0.351	0.120	0.120	0.120
31/01/25 01:00	0.254	0.262	0.248	0.272	0.172	0.276	0.322	0.348	0.120	0.120	0.120
31/01/25 02:00	0.253	0.262	0.249	0.278	0.163	0.259	0.328	0.346	0.226	0.120	0.120
31/01/25 03:00	0.253	0.262	0.248	0.279	0.161	0.248	0.339	0.349	0.226	0.145	0.120
31/01/25 04:00	0.252	0.261	0.247	0.286	0.164	0.228	0.337	0.352	0.226	0.145	0.120
31/01/25 05:00	0.252	0.263	0.249	0.296	0.185	0.216	0.337	0.354	0.226	0.120	0.120
31/01/25 06:00	0.255	0.269	0.252	0.308	0.215	0.218	0.337	0.363	0.226	0.120	0.120
31/01/25 07:00	0.257	0.274	0.258	0.325	0.253	0.232	0.332	0.364	0.221	0.120	0.120
31/01/25 08:00	0.259	0.277	0.259	0.338	0.283	0.230	0.331	0.362	0.120	0.120	0.120
31/01/25 09:00	0.260	0.278	0.260	0.315	0.288	0.209	0.317	0.340	0.104	0.112	0.114
31/01/25 10:00	0.259	0.277	0.259	0.281	0.282	0.180	0.291	0.295	0.072	0.095	0.095
31/01/25 11:00	0.262	0.274	0.258	0.257	0.269	0.168	0.254	0.257	0.072	0.072	0.095
31/01/25 12:00	0.259	0.272	0.258	0.235	0.259	0.169	0.210	0.244	0.072	0.072	0.095
31/01/25 13:00	0.257	0.271	0.255	0.232	0.254	0.161	0.183	0.242	0.072	0.072	0.072
31/01/25 14:00	0.257	0.271	0.253	0.246	0.250	0.154	0.173	0.249	0.072	0.072	0.072
31/01/25 15:00	0.257	0.271	0.254	0.270	0.247	0.168	0.170	0.279	0.104	0.112	0.114
31/01/25 16:00	0.256	0.271	0.253	0.298	0.251	0.189	0.183	0.340	0.120	0.114	0.114
31/01/25 17:00	0.259	0.272	0.256	0.315	0.257	0.214	0.191	0.379	0.112	0.114	0.114
31/01/25 18:00	0.259	0.272	0.257	0.314	0.270	0.232	0.189	0.388	0.120	0.114	0.114
31/01/25 19:00	0.259	0.271	0.255	0.307	0.270	0.240	0.176	0.392	0.120	0.114	0.114
31/01/25 20:00	0.257	0.268	0.254	0.300	0.254	0.223	0.156	0.395	0.120	0.114	0.120
31/01/25 21:00	0.259	0.265	0.253	0.295	0.236	0.215	0.145	0.396	0.110	0.114	0.120
31/01/25 22:00	0.256	0.264	0.253	0.289	0.233	0.195	0.133	0.397	0.112	0.120	0.120
31/01/25 23:00	0.256	0.262	0.252	0.283	0.248	0.167	0.125	0.397	0.112	0.114	0.114
01/02/25 00:00	0.254	0.261	0.249	0.285	0.267	0.158	0.121	0.401	0.120	0.114	0.120
01/02/25 01:00	0.253	0.261	0.251	0.272	0.273	0.145	0.115	0.397	0.120	0.114	0.120
01/02/25 02:00	0.253	0.260	0.250	0.272	0.279	0.135	0.117	0.397	0.120	0.114	0.120
01/02/25 03:00	0.253	0.259	0.247	0.278	0.267	0.131	0.129	0.395	0.120	0.114	0.120
01/02/25 04:00	0.252	0.259	0.247	0.293	0.263	0.130	0.159	0.395	0.112	0.114	0.120
01/02/25 05:00	0.254	0.261	0.249	0.312	0.249	0.134	0.185	0.398	0.112	0.114	0.120
01/02/25 06:00	0.255	0.265	0.250	0.335	0.244	0.150	0.222	0.397	0.120	0.114	0.114
01/02/25 07:00	0.259	0.271	0.252	0.348	0.248	0.175	0.253	0.394	0.120	0.114	0.114
01/02/25 08:00	0.263	0.274	0.254	0.351	0.252	0.186	0.265	0.390	0.112	0.114	0.114
01/02/25 09:00	0.263	0.280	0.255	0.348	0.244	0.173	0.233	0.328	0.072	0.072	0.112
01/02/25 10:00	0.264	0.280	0.259	0.341	0.233	0.153	0.174	0.243	0.072	0.080	0.112
01/02/25 11:00	0.262	0.280	0.258	0.337	0.226	0.145	0.130	0.213	0.072	0.080	0.114
01/02/25 12:00	0.259	0.278	0.257	0.339	0.220	0.143	0.113	0.202	0.072	0.072	0.072
01/02/25 13:00	0.257	0.277	0.256	0.345	0.212	0.140	0.111	0.195	0.072	0.107	0.072
01/02/25 14:00	0.257	0.271	0.253	0.347	0.207	0.137	0.133	0.211	0.072	0.072	0.112
01/02/25 15:00	0.259	0.271	0.254	0.352	0.209	0.150	0.174	0.250	0.094	0.107	0.112
01/02/25 16:00	0.261	0.270	0.252	0.357	0.220	0.166	0.240	0.308	0.183	0.120	0.141
01/02/25 17:00	0.262	0.272	0.259	0.365	0.224	0.179	0.319	0.388	0.202	0.145	0.145
01/02/25 18:00	0.261	0.273	0.259	0.368	0.230	0.181	0.331	0.387	0.226	0.112	0.120
01/02/25 19:00	0.257	0.273	0.256	0.370	0.225	0.180	0.331	0.384	0.219	0.112	0.120
01/02/25 20:00	0.256	0.270	0.253	0.370	0.208	0.181	0.320	0.380	0.221	0.141	0.141
01/02/25 21:00	0.257	0.266	0.254	0.372	0.190	0.178	0.307	0.379	0.203	0.141	0.141
01/02/25 22:00	0.256	0.265	0.258	0.372	0.185	0.163	0.273	0.370	0.221	0.120	0.145
01/02/25 23:00	0.255	0.264	0.251	0.375	0.181	0.165	0.213	0.362	0.202	0.112	0.120
02/02/25 00:00	0.255	0.263	0.249	0.373	0.171	0.162	0.178	0.352	0.120	0.112	0.120
02/02/25 01:00	0.255	0.262	0.247	0.374	0.166	0.173	0.142	0.353	0.120	0.112	0.120
02/02/25 02:00	0.254	0.261	0.247	0.371	0.164	0.181	0.123	0.370	0.120	0.120	0.120
02/02/25 03:00	0.254	0.260	0.247	0.366	0.167	0.189	0.120	0.385	0.148	0.112	0.120
02/02/25 04:00	0.254	0.260	0.256	0.361	0.168	0.191	0.119	0.391	0.148	0.145	0.120
02/02/25 05:00	0.255	0.260	0.256	0.363	0.183	0.201	0.121	0.386	0.202	0.145	0.120
02/02/25 06:00	0.257	0.260	0.257	0.357	0.215	0.230	0.134	0.375	0.226	0.120	0.145
02/02/25 07:00	0.261	0.262	0.257	0.347	0.256	0.252	0.152	0.371	0.226	0.120	0.145
02/02/25 08:00	0.264	0.264	0.257	0.341	0.289	0.263	0.158	0.366	0.226	0.120	0.145
02/02/25 09:00	0.263	0.266	0.258	0.340	0.284	0.259	0.142	0.264	0.104	0.107	0.112
02/02/25 10:00	0.263	0.268	0.262	0.340	0.253	0.253	0.123	0.205	0.072	0.107	0.120
02/02/25 11:00	0.262	0.268	0.254	0.328	0.225	0.250	0.100	0.179	0.072	0.112	0.120
02/02/25 12:00	0.261	0.266	0.256	0.310	0.214	0.259	0.097	0.179	0.080	0.112	0.120
02/02/25 13:00	0.259	0.264	0.255	0.308	0.231	0.268	0.104	0.179	0.094	0.112	0.120
02/02/25 14:00	0.259	0.263	0.255	0.314	0.250	0.265	0.101	0.200	0.110	0.112	0.120
02/02/25 15:00	0.259	0.263	0.255	0.319	0.292	0.266	0.112	0.239	0.120	0.155	0.120
02/02/25 16:00	0.260	0.263	0.253	0.323	0.328	0.267	0.125	0.300	0.269	0.234	0.219
02/02/25 17:00	0.263	0.267	0.258	0.325	0.360	0.269	0.139	0.383	0.339	0.234	0.234
02/02/25 18:00	0.263	0.267	0.259	0.325	0.364	0.273	0.145	0.388	0.301	0.234	0.234
02/02/25 19:00	0.262	0.266	0.257	0.321	0.359	0.274	0.143	0.388	0.333	0.234	0.234
02/02/25 20:00	0.260	0.264	0.253	0.316	0.352	0.259	0.136	0.389	0.333	0.234	0.219
02/02/25 21:00	0.259	0.263	0.250	0.302	0.343	0.226	0.124	0.389	0.333	0.212	0.219
02/02/25 22:00	0.259	0.263	0.251	0.282	0.334	0.211	0.110	0.388	0.333	0.219	0.219
02/02/25 23:00	0.258	0.262	0.248	0.261	0.327	0.192	0.102	0.389	0.241	0.219	0.219
03/02/25 00:00	0.257	0.260	0.247	0.237	0.311	0.169	0.098	0.386	0.241	0.219	0.219
03/02/25 01:00	0.257	0.259	0.247	0.218	0.288	0.152	0.097	0.378	0.423	0.234	0.219
03/02/25 02:00	0.256	0.259	0.246	0.217	0.273	0.150	0.094	0.368	0.500	0.234	0.234
03/02/25 03:00	0.256	0.258	0.244	0.217	0.266	0.145	0.093	0.369	0.396	0.241	0.234
03/02/25 04:00	0.256	0.258	0.245	0.214	0.267	0.138	0.095	0.372	0.241	0.234	0.234
03/02/25 05:00	0.256	0.258	0.245	0.225	0.270	0.146	0.096	0.381	0.235	0.219	0.234
03/02/25 06:00	0.256	0.259	0.252	0.253	0.277	0.163	0.099	0.386	0.239	0.234	0.219
03/02/25 07:00	0.257	0.259	0.257	0.294	0.286	0.190	0.106	0.383	0.239	0.234	0.234
03/02/25 08:00	0.260	0.261	0.259	0.312	0.289	0.201	0.114	0.376	0.239	0.234	0.234
03/02/25 09:00	0.261	0.262	0.258	0.321	0.283	0.197	0.119	0.307	0.235	0.234	0.219
03/02/25 10:00	0.261	0.263	0.257	0.322	0.273	0.183	0.108	0.252	0.228	0.207	0.207
03/02/25 11:00	0.262	0.264	0.255	0.326	0.272	0.170	0.096	0.217	0.228	0.145	0.145
03/02/25 12:00	0.262	0.264	0.253	0.318	0.269	0.170	0.095	0.208	0.228	0.145	0.145
03/02/25 13:00	0.260	0.262	0.253	0.330	0.272	0.173	0.094	0.207	0.120	0.145	0.145
03/02/25 14:00	0.259	0.261	0.253	0.332	0.279	0.188	0.095	0.222	0.228	0.180	0.155
03/02/25 15:00	0.258	0.261	0.253	0.331	0.286	0.210	0.098	0.255	0.234	0.219	0.219
03/02/25 16:00	0.259	0.261	0.255	0.334	0.302	0.236	0.118	0.298	0.241	0.240	0.240
03/02/25 17:00	0.262	0.264	0.258	0.336	0.316	0.260	0.145	0.359	0.339	0.274	0.234
03/02/25 18:00	0.264	0.268	0.258	0.337	0.321	0.272	0.170	0.362	0.396	0.264	0.234
03/02/25 19:00	0.264	0.269	0.257	0.328	0.324	0.276	0.176	0.361	0.423	0.315	0.234
03/02/25 20:00	0.260	0.267	0.254	0.312	0.323	0.278	0.170	0.359	0.500	0.315	0.264
03/02/25 21:00	0.258	0.264	0.253	0.294	0.304	0.283	0.145	0.352	0.500	0.315	0.264
03/02/25 22:00	0.260	0.262	0.253	0.276	0.286	0.297	0.132	0.351	0.500	0.315	0.264
03/02/25 23:00	0.259	0.260	0.251	0.262	0.260	0.320	0.119	0.352	0.396	0.315	0.240
04/02/25 00:00	0.259	0.259	0.249	0.254	0.232	0.337	0.107	0.345	0.396	0.274	0.264
04/02/25 01:00	0.257	0.259	0.248	0.242	0.213	0.347	0.105	0.336	0.500	0.243	0.243
04/02/25 02:00	0.256	0.258	0.247	0.239	0.209	0.366	0.107	0.334	0.500	0.240	0.240
04/02/25 03:00	0.255	0.258	0.246	0.245	0.204	0.373	0.109	0.330	0.492	0.264	0.264
04/02/25 04:00	0.255	0.258	0.245	0.260	0.196	0.380	0.110	0.324	0.500	0.240	0.234
04/02/25 05:00	0.255	0.259	0.247	0.284	0.192	0.387	0.108	0.323	0.500	0.264	0.234
04/02/25 06:00	0.256	0.262	0.251	0.321	0.202	0.391	0.108	0.317	0.500	0.500	0.240
04/02/25 07:00	0.258	0.266	0.254	0.347	0.220	0.393	0.102	0.309	0.500	0.264	0.264
04/02/25 08:00	0.259	0.266	0.256	0.355	0.226	0.390	0.101	0.306	0.423	0.240	0.234
04/02/25 09:00	0.260	0.268	0.256	0.347	0.219	0.364	0.095	0.296	0.261	0.234	0.234
04/02/25 10:00	0.259	0.265	0.254	0.331	0.204	0.325	0.091	0.281	0.228	0.219	0.234
04/02/25 11:00	0.259	0.261	0.253	0.323	0.192	0.290	0.081	0.255	0.202	0.219	0.234
04/02/25 12:00	0.259	0.260	0.253	0.321	0.185	0.268	0.075	0.237	0.164	0.197	0.234
04/02/25 13:00	0.258	0.259	0.252	0.322	0.191	0.268	0.073	0.225	0.120	0.197	0.234
04/02/25 14:00	0.256	0.261	0.254	0.323	0.197	0.281	0.076	0.222	0.226	0.219	0.234
04/02/25 15:00	0.255	0.261	0.253	0.334	0.208	0.302	0.088	0.227	0.333	0.234	0.234
04/02/25 16:00	0.256	0.262	0.255	0.346	0.217	0.352	0.095	0.232	0.500	0.240	0.234
04/02/25 17:00	0.259	0.263	0.259	0.355	0.231	0.385	0.104	0.258	0.500	0.240	0.234
04/02/25 18:00	0.263	0.262	0.259	0.353	0.243	0.388	0.103	0.271	0.500	0.240	0.234
04/02/25 19:00	0.264	0.260	0.260	0.350	0.241	0.386	0.099	0.269	0.500	0.234	0.234
04/02/25 20:00	0.261	0.259	0.259	0.344	0.228	0.384	0.094	0.256	0.500	0.234	0.234
04/02/25 21:00	0.257	0.259	0.254	0.340	0.214	0.382	0.091	0.240	0.396	0.219	0.234
04/02/25 22:00	0.258	0.259	0.254	0.335	0.196	0.382	0.088	0.229	0.297	0.197	0.234
04/02/25 23:00	0.259	0.256	0.255	0.327	0.187	0.374	0.088	0.226	0.333	0.197	0.219
05/02/25 00:00	0.255	0.257	0.252	0.321	0.172	0.369	0.084	0.221	0.333	0.197	0.219
05/02/25 01:00	0.255	0.257	0.252	0.319	0.172	0.363	0.084	0.228	0.333	0.197	0.219
05/02/25 02:00	0.254	0.258	0.251	0.315	0.174	0.352	0.082	0.236	0.297	0.191	0.191
05/02/25 03:00	0.254	0.259	0.251	0.309	0.177	0.333	0.081	0.250	0.281	0.197	0.219
05/02/25 04:00	0.254	0.259	0.251	0.309	0.187	0.282	0.086	0.269	0.239	0.197	0.219
05/02/25 05:00	0.256	0.260	0.252	0.315	0.195	0.239	0.089	0.296	0.297	0.155	0.191
05/02/25 06:00	0.259	0.265	0.258	0.330	0.209	0.221	0.104	0.318	0.228	0.189	0.191
05/02/25 07:00	0.266	0.269	0.261	0.334	0.236	0.203	0.121	0.339	0.228	0.189	0.191
05/02/25 08:00	0.267	0.273	0.263	0.335	0.249	0.199	0.129	0.352	0.228	0.165	0.191
05/02/25 09:00	0.267	0.276	0.261	0.331	0.226	0.180	0.124	0.344	0.226	0.155	0.189
05/02/25 10:00	0.265	0.273	0.259	0.320	0.180	0.155	0.111	0.312	0.112	0.145	0.155
05/02/25 11:00	0.264	0.270	0.259	0.309	0.143	0.137	0.100	0.285	0.120	0.120	0.145
05/02/25 12:00	0.262	0.268	0.257	0.308	0.130	0.127	0.086	0.265	0.120	0.145	0.145
05/02/25 13:00	0.261	0.267	0.256	0.312	0.120	0.120	0.087	0.259	0.112	0.155	0.120
05/02/25 14:00	0.262	0.267	0.256	0.319	0.117	0.133	0.098	0.270	0.112	0.145	0.145
05/02/25 15:00	0.263	0.267	0.257	0.328	0.135	0.153	0.110	0.295	0.228	0.219	0.219
05/02/25 16:00	0.265	0.268	0.259	0.341	0.166	0.188	0.121	0.338	0.500	0.302	0.234
05/02/25 17:00	0.267	0.270	0.261	0.351	0.179	0.235	0.134	0.379	0.500	0.315	0.234
05/02/25 18:00	0.268	0.271	0.261	0.354	0.183	0.269	0.137	0.391	0.500	0.315	0.315
05/02/25 19:00	0.266	0.270	0.261	0.353	0.179	0.299	0.134	0.394	0.500	0.315	0.315
05/02/25 20:00	0.262	0.269	0.259	0.348	0.175	0.323	0.126	0.394	0.500	0.315	0.315
05/02/25 21:00	0.259	0.265	0.255	0.339	0.167	0.338	0.116	0.395	0.500	0.315	0.234
05/02/25 22:00	0.258	0.262	0.254	0.328	0.162	0.354	0.106	0.395	0.500	0.315	0.234
05/02/25 23:00	0.257	0.260	0.251	0.316	0.159	0.367	0.102	0.396	0.500	0.315	0.315
06/02/25 00:00	0.256	0.260	0.251	0.292	0.153	0.377	0.093	0.395	0.500	0.302	0.302
06/02/25 01:00	0.256	0.259	0.251	0.275	0.151	0.383	0.087	0.392	0.500	0.315	0.315
06/02/25 02:00	0.256	0.259	0.251	0.255	0.148	0.388	0.088	0.392	0.500	0.315	0.315
06/02/25 03:00	0.256	0.259	0.251	0.250	0.146	0.393	0.088	0.390	0.500	0.315	0.315
06/02/25 04:00	0.257	0.259	0.252	0.238	0.145	0.394	0.088	0.384	0.500	0.315	0.315
06/02/25 05:00	0.257	0.260	0.253	0.234	0.146	0.393	0.090	0.377	0.500	0.315	0.315
06/02/25 06:00	0.260	0.264	0.255	0.238	0.150	0.389	0.098	0.374	0.500	0.315	0.315
06/02/25 07:00	0.267	0.265	0.260	0.253	0.155	0.387	0.110	0.374	0.500	0.315	0.315
06/02/25 08:00	0.270	0.266	0.261	0.261	0.162	0.384	0.119	0.369	0.396	0.315	0.234
06/02/25 09:00	0.269	0.265	0.262	0.258	0.168	0.362	0.118	0.350	0.228	0.212	0.219
06/02/25 10:00	0.267	0.266	0.260	0.248	0.170	0.325	0.110	0.318	0.112	0.207	0.219
06/02/25 11:00	0.264	0.266	0.259	0.236	0.182	0.291	0.097	0.285	0.112	0.197	0.219
06/02/25 12:00	0.261	0.266	0.258	0.231	0.187	0.269	0.094	0.246	0.112	0.197	0.219
06/02/25 13:00	0.261	0.266	0.258	0.229	0.181	0.264	0.102	0.225	0.112	0.207	0.219
06/02/25 14:00	0.263	0.265	0.258	0.218	0.161	0.273	0.098	0.237	0.226	0.212	0.219
06/02/25 15:00	0.263	0.266	0.258	0.203	0.157	0.297	0.104	0.236	0.232	0.240	0.234
06/02/25 16:00	0.265	0.267	0.258	0.201	0.168	0.340	0.114	0.262	0.500	0.302	0.234
06/02/25 17:00	0.268	0.268	0.261	0.208	0.187	0.380	0.126	0.298	0.500	0.315	0.234
06/02/25 18:00	0.271	0.269	0.262	0.203	0.196	0.386	0.127	0.302	0.500	0.315	0.234
06/02/25 19:00	0.267	0.268	0.262	0.193	0.197	0.387	0.126	0.294	0.500	0.302	0.302
06/02/25 20:00	0.263	0.266	0.260	0.187	0.187	0.388	0.129	0.285	0.500	0.264	0.264
06/02/25 21:00	0.259	0.264	0.258	0.179	0.182	0.390	0.120	0.273	0.500	0.264	0.264
06/02/25 22:00	0.258	0.263	0.258	0.177	0.176	0.390	0.112	0.262	0.500	0.315	0.315
06/02/25 23:00	0.256	0.262	0.256	0.173	0.169	0.391	0.118	0.254	0.500	0.264	0.264
07/02/25 00:00	0.256	0.262	0.255	0.166	0.161	0.391	0.138	0.243	0.500	0.264	0.264
07/02/25 01:00	0.256	0.261	0.255	0.165	0.155	0.390	0.160	0.226	0.500	0.241	0.241
07/02/25 02:00	0.256	0.259	0.253	0.165	0.153	0.390	0.167	0.209	0.500	0.240	0.240
07/02/25 03:00	0.256	0.258	0.252	0.168	0.154	0.389	0.168	0.196	0.500	0.241	0.241
07/02/25 04:00	0.256	0.257	0.252	0.171	0.159	0.386	0.190	0.188	0.500	0.241	0.241
07/02/25 05:00	0.256	0.258	0.252	0.176	0.174	0.383	0.232	0.182	0.500	0.240	0.240
07/02/25 06:00	0.260	0.263	0.256	0.179	0.207	0.377	0.275	0.183	0.500	0.241	0.241
07/02/25 07:00	0.268	0.264	0.262	0.181	0.254	0.378	0.314	0.188	0.500	0.243	0.240
07/02/25 08:00	0.269	0.266	0.267	0.195	0.285	0.372	0.335	0.190	0.333	0.219	0.219
07/02/25 09:00	0.269	0.265	0.262	0.205	0.265	0.322	0.333	0.184	0.226	0.145	0.145
07/02/25 10:00	0.267	0.265	0.260	0.211	0.209	0.264	0.320	0.170	0.112	0.145	0.145
07/02/25 11:00	0.262	0.264	0.258	0.213	0.177	0.240	0.289	0.152	0.120	0.145	0.145
07/02/25 12:00	0.261	0.263	0.257	0.214	0.167	0.241	0.245	0.135	0.120	0.112	0.120
07/02/25 13:00	0.262	0.262	0.256	0.208	0.157	0.234	0.227	0.138	0.112	0.145	0.145
07/02/25 14:00	0.263	0.260	0.255	0.207	0.156	0.246	0.260	0.149	0.226	0.145	0.145
07/02/25 15:00	0.264	0.260	0.255	0.210	0.177	0.274	0.298	0.166	0.235	0.145	0.145
07/02/25 16:00	0.265	0.262	0.258	0.220	0.218	0.320	0.333	0.180	0.241	0.145	0.145
07/02/25 17:00	0.268	0.264	0.259	0.234	0.260	0.374	0.361	0.193	0.241	0.145	0.155
07/02/25 18:00	0.271	0.263	0.259	0.240	0.273	0.384	0.363	0.196	0.233	0.145	0.145
07/02/25 19:00	0.265	0.261	0.257	0.232	0.268	0.385	0.362	0.192	0.233	0.145	0.189
07/02/25 20:00	0.260	0.260	0.255	0.222	0.261	0.384	0.361	0.186	0.233	0.189	0.189
07/02/25 21:00	0.259	0.261	0.253	0.211	0.242	0.382	0.361	0.180	0.228	0.145	0.145
07/02/25 22:00	0.257	0.260	0.253	0.197	0.220	0.383	0.360	0.173	0.228	0.145	0.145
07/02/25 23:00	0.256	0.260	0.252	0.191	0.199	0.385	0.357	0.160	0.228	0.145	0.191
08/02/25 00:00	0.256	0.262	0.252	0.182	0.194	0.386	0.358	0.145	0.228	0.145	0.145
08/02/25 01:00	0.256	0.261	0.251	0.182	0.188	0.386	0.356	0.135	0.228	0.145	0.145
08/02/25 02:00	0.256	0.262	0.251	0.181	0.185	0.385	0.356	0.131	0.228	0.145	0.145
08/02/25 03:00	0.256	0.261	0.250	0.181	0.184	0.384	0.355	0.142	0.228	0.189	0.189
08/02/25 04:00	0.255	0.257	0.250	0.183	0.182	0.384	0.353	0.157	0.228	0.145	0.145
08/02/25 05:00	0.256	0.258	0.249	0.194	0.192	0.383	0.353	0.186	0.226	0.145	0.145
08/02/25 06:00	0.257	0.262	0.250	0.223	0.208	0.381	0.358	0.209	0.228	0.145	0.145
08/02/25 07:00	0.268	0.266	0.252	0.247	0.219	0.381	0.352	0.226	0.228	0.145	0.145
08/02/25 08:00	0.271	0.267	0.253	0.259	0.229	0.373	0.338	0.242	0.228	0.145	0.145
08/02/25 09:00	0.272	0.267	0.253	0.257	0.219	0.311	0.313	0.250	0.226	0.145	0.145
08/02/25 10:00	0.268	0.268	0.254	0.251	0.197	0.249	0.298	0.252	0.226	0.145	0.145
08/02/25 11:00	0.268	0.267	0.254	0.245	0.181	0.212	0.289	0.243	0.226	0.142	0.142
08/02/25 12:00	0.262	0.265	0.255	0.245	0.166	0.202	0.283	0.231	0.146	0.145	0.145
08/02/25 13:00	0.260	0.264	0.253	0.246	0.165	0.195	0.274	0.232	0.183	0.145	0.145
08/02/25 14:00	0.261	0.263	0.252	0.248	0.182	0.205	0.274	0.246	0.226	0.145	0.145
08/02/25 15:00	0.264	0.261	0.254	0.255	0.198	0.240	0.271	0.265	0.228	0.212	0.219
08/02/25 16:00	0.265	0.261	0.257	0.263	0.223	0.292	0.260	0.321	0.423	0.234	0.234
08/02/25 17:00	0.269	0.264	0.258	0.274	0.247	0.350	0.242	0.369	0.500	0.295	0.234
08/02/25 18:00	0.262	0.265	0.259	0.281	0.258	0.365	0.245	0.386	0.500	0.315	0.302
08/02/25 19:00	0.259	0.262	0.258	0.288	0.264	0.361	0.232	0.386	0.500	0.302	0.234
08/02/25 20:00	0.256	0.262	0.255	0.287	0.253	0.363	0.217	0.382	0.500	0.264	0.234
08/02/25 21:00	0.258	0.262	0.252	0.278	0.225	0.361	0.205	0.385	0.500	0.264	0.234
08/02/25 22:00	0.256	0.262	0.253	0.272	0.216	0.357	0.194	0.383	0.500	0.268	0.234
08/02/25 23:00	0.255	0.262	0.252	0.264	0.205	0.349	0.178	0.384	0.500	0.315	0.264
09/02/25 00:00	0.256	0.262	0.251	0.265	0.197	0.330	0.176	0.390	0.500	0.240	0.234
09/02/25 01:00	0.255	0.259	0.247	0.265	0.195	0.310	0.169	0.397	0.500	0.240	0.234
09/02/25 02:00	0.255	0.259	0.246	0.268	0.195	0.297	0.165	0.395	0.500	0.241	0.234
09/02/25 03:00	0.255	0.257	0.244	0.268	0.193	0.289	0.161	0.386	0.500	0.240	0.234
09/02/25 04:00	0.255	0.255	0.243	0.273	0.192	0.288	0.161	0.382	0.396	0.234	0.234
09/02/25 05:00	0.255	0.254	0.242	0.283	0.199	0.302	0.158	0.370	0.500	0.243	0.243
09/02/25 06:00	0.256	0.258	0.242	0.291	0.211	0.316	0.159	0.365	0.500	0.234	0.234
09/02/25 07:00	0.260	0.259	0.246	0.300	0.230	0.323	0.169	0.353	0.500	0.364	0.234
09/02/25 08:00	0.261	0.261	0.249	0.308	0.239	0.320	0.175	0.347	0.396	0.219	0.219
09/02/25 09:00	0.262	0.263	0.253	0.299	0.238	0.292	0.169	0.316	0.281	0.219	0.219
09/02/25 10:00	0.262	0.263	0.252	0.277	0.223	0.257	0.155	0.274	0.241	0.207	0.219
09/02/25 11:00	0.259	0.262	0.254	0.262	0.214	0.237	0.143	0.242	0.232	0.207	0.219
09/02/25 12:00	0.259	0.262	0.260	0.262	0.212	0.231	0.134	0.231	0.241	0.207	0.219
09/02/25 13:00	0.259	0.260	0.260	0.266	0.217	0.246	0.136	0.215	0.247	0.207	0.219
09/02/25 14:00	0.260	0.258	0.260	0.276	0.230	0.285	0.153	0.221	0.233	0.212	0.219
09/02/25 15:00	0.261	0.260	0.255	0.291	0.251	0.313	0.177	0.232	0.235	0.207	0.219
09/02/25 16:00	0.262	0.260	0.252	0.308	0.289	0.340	0.210	0.255	0.303	0.212	0.219
09/02/25 17:00	0.263	0.266	0.256	0.331	0.327	0.360	0.238	0.274	0.307	0.212	0.219
09/02/25 18:00	0.264	0.264	0.259	0.335	0.346	0.367	0.243	0.272	0.233	0.212	0.219
09/02/25 19:00	0.262	0.264	0.261	0.331	0.355	0.370	0.246	0.268	0.233	0.212	0.219
09/02/25 20:00	0.259	0.264	0.257	0.328	0.358	0.368	0.243	0.252	0.233	0.207	0.234
09/02/25 21:00	0.259	0.260	0.253	0.323	0.356	0.363	0.228	0.242	0.241	0.219	0.234
09/02/25 22:00	0.259	0.262	0.251	0.323	0.354	0.355	0.214	0.232	0.235	0.234	0.219
09/02/25 23:00	0.259	0.262	0.246	0.317	0.348	0.352	0.219	0.219	0.235	0.234	0.219
10/02/25 00:00	0.260	0.261	0.245	0.317	0.339	0.352	0.212	0.193	0.269	0.234	0.207
10/02/25 01:00	0.260	0.261	0.244	0.315	0.343	0.353	0.212	0.189	0.261	0.207	0.219
10/02/25 02:00	0.259	0.261	0.244	0.318	0.351	0.355	0.211	0.174	0.245	0.207	0.207
10/02/25 03:00	0.257	0.259	0.241	0.323	0.354	0.357	0.212	0.164	0.245	0.207	0.207
10/02/25 04:00	0.257	0.257	0.241	0.327	0.356	0.356	0.222	0.178	0.261	0.191	0.191
10/02/25 05:00	0.257	0.257	0.244	0.326	0.358	0.359	0.237	0.194	0.235	0.212	0.219
10/02/25 06:00	0.258	0.264	0.247	0.329	0.359	0.362	0.259	0.214	0.453	0.212	0.219
10/02/25 07:00	0.259	0.261	0.255	0.332	0.362	0.360	0.289	0.228	0.396	0.207	0.219
10/02/25 08:00	0.262	0.261	0.260	0.331	0.365	0.355	0.301	0.225	0.228	0.191	0.191
10/02/25 09:00	0.263	0.263	0.260	0.325	0.351	0.317	0.288	0.211	0.112	0.189	0.155
10/02/25 10:00	0.263	0.263	0.258	0.311	0.321	0.268	0.271	0.192	0.112	0.191	0.191
10/02/25 11:00	0.263	0.264	0.254	0.294	0.284	0.208	0.237	0.175	0.112	0.189	0.189
10/02/25 12:00	0.262	0.266	0.251	0.282	0.256	0.165	0.215	0.160	0.120	0.145	0.145
10/02/25 13:00	0.260	0.261	0.253	0.284	0.255	0.157	0.225	0.156	0.120	0.112	0.145
10/02/25 14:00	0.259	0.261	0.253	0.294	0.269	0.155	0.243	0.173	0.112	0.112	0.145
10/02/25 15:00	0.259	0.261	0.254	0.308	0.278	0.180	0.286	0.184	0.112	0.197	0.155
10/02/25 16:00	0.259	0.262	0.256	0.326	0.292	0.214	0.316	0.192	0.281	0.315	0.315
10/02/25 17:00	0.260	0.264	0.257	0.344	0.316	0.253	0.337	0.198	0.325	0.268	0.234
10/02/25 18:00	0.261	0.264	0.262	0.347	0.320	0.260	0.339	0.198	0.325	0.264	0.234
10/02/25 19:00	0.260	0.264	0.260	0.348	0.309	0.252	0.326	0.198	0.325	0.264	0.234
10/02/25 20:00	0.258	0.263	0.254	0.350	0.292	0.239	0.306	0.190	0.297	0.315	0.264
10/02/25 21:00	0.256	0.261	0.251	0.353	0.277	0.222	0.282	0.180	0.325	0.295	0.264
10/02/25 22:00	0.255	0.261	0.251	0.352	0.262	0.217	0.276	0.167	0.325	0.268	0.234
10/02/25 23:00	0.253	0.261	0.247	0.354	0.247	0.217	0.263	0.149	0.325	0.264	0.234
11/02/25 00:00	0.253	0.260	0.249	0.354	0.236	0.246	0.238	0.136	0.378	0.241	0.234
11/02/25 01:00	0.253	0.259	0.249	0.354	0.227	0.253	0.240	0.133	0.333	0.241	0.240
11/02/25 02:00	0.253	0.259	0.249	0.354	0.211	0.257	0.238	0.146	0.333	0.264	0.264
11/02/25 03:00	0.253	0.259	0.245	0.355	0.197	0.268	0.213	0.160	0.333	0.264	0.234
11/02/25 04:00	0.253	0.259	0.245	0.357	0.189	0.267	0.225	0.174	0.500	0.264	0.264
11/02/25 05:00	0.250	0.261	0.247	0.358	0.201	0.273	0.234	0.203	0.396	0.315	0.264
11/02/25 06:00	0.253	0.267	0.250	0.360	0.218	0.287	0.242	0.238	0.396	0.315	0.264
11/02/25 07:00	0.252	0.273	0.256	0.361	0.228	0.297	0.246	0.259	0.396	0.315	0.315
11/02/25 08:00	0.253	0.271	0.256	0.355	0.227	0.301	0.247	0.271	0.396	0.315	0.240
11/02/25 09:00	0.254	0.274	0.258	0.323	0.215	0.284	0.234	0.273	0.235	0.234	0.234
11/02/25 10:00	0.254	0.274	0.254	0.298	0.186	0.265	0.221	0.271	0.226	0.212	0.219
11/02/25 11:00	0.254	0.268	0.250	0.280	0.175	0.255	0.206	0.272	0.197	0.191	0.191
11/02/25 12:00	0.254	0.263	0.250	0.267	0.169	0.246	0.189	0.272	0.202	0.191	0.191
11/02/25 13:00	0.254	0.260	0.250	0.271	0.173	0.239	0.184	0.278	0.228	0.219	0.219
11/02/25 14:00	0.254	0.263	0.251	0.283	0.205	0.247	0.208	0.284	0.235	0.234	0.234
11/02/25 15:00	0.254	0.262	0.253	0.304	0.247	0.270	0.239	0.294	0.241	0.234	0.234
11/02/25 16:00	0.258	0.267	0.253	0.329	0.296	0.311	0.270	0.307	0.396	0.315	0.234
11/02/25 17:00	0.263	0.275	0.254	0.353	0.349	0.351	0.314	0.316	0.500	0.500	0.315
11/02/25 18:00	0.272	0.280	0.258	0.355	0.371	0.374	0.337	0.326	0.500	0.315	0.268
11/02/25 19:00	0.278	0.285	0.253	0.347	0.372	0.378	0.331	0.333	0.500	0.315	0.268
11/02/25 20:00	0.265	0.278	0.254	0.343	0.371	0.380	0.327	0.334	0.500	0.315	0.268
11/02/25 21:00	0.255	0.268	0.253	0.339	0.372	0.383	0.317	0.334	0.500	0.315	0.268
11/02/25 22:00	0.255	0.261	0.253	0.335	0.369	0.384	0.318	0.335	0.500	0.315	0.268
11/02/25 23:00	0.254	0.259	0.250	0.336	0.366	0.385	0.312	0.337	0.500	0.315	0.315
12/02/25 00:00	0.255	0.259	0.249	0.337	0.357	0.389	0.310	0.345	0.500	0.315	0.264
12/02/25 01:00	0.254	0.257	0.250	0.337	0.336	0.391	0.299	0.354	0.500	0.315	0.268
12/02/25 02:00	0.254	0.257	0.248	0.338	0.314	0.393	0.307	0.366	0.500	0.240	0.240
12/02/25 03:00	0.254	0.257	0.248	0.336	0.281	0.396	0.303	0.368	0.500	0.240	0.234
12/02/25 04:00	0.254	0.257	0.247	0.329	0.245	0.398	0.308	0.373	0.500	0.234	0.234
12/02/25 05:00	0.254	0.259	0.250	0.323	0.234	0.398	0.319	0.379	0.500	0.234	0.234
12/02/25 06:00	0.255	0.262	0.251	0.324	0.231	0.397	0.335	0.386	0.500	0.264	0.264
12/02/25 07:00	0.263	0.269	0.256	0.322	0.226	0.394	0.349	0.384	0.500	0.315	0.264
12/02/25 08:00	0.266	0.271	0.259	0.315	0.229	0.388	0.350	0.383	0.500	0.219	0.234
12/02/25 09:00	0.262	0.271	0.258	0.288	0.194	0.367	0.313	0.371	0.396	0.234	0.234
12/02/25 10:00	0.260	0.268	0.252	0.260	0.134	0.342	0.278	0.350	0.333	0.219	0.219
12/02/25 11:00	0.258	0.269	0.250	0.239	0.113	0.327	0.256	0.335	0.297	0.197	0.219
12/02/25 12:00	0.255	0.265	0.250	0.226	0.100	0.317	0.226	0.326	0.241	0.197	0.219
12/02/25 13:00	0.256	0.264	0.250	0.224	0.095	0.316	0.211	0.324	0.308	0.207	0.219
12/02/25 14:00	0.259	0.264	0.250	0.227	0.097	0.329	0.213	0.333	0.308	0.212	0.219
12/02/25 15:00	0.265	0.264	0.251	0.241	0.118	0.343	0.212	0.352	0.396	0.219	0.234
12/02/25 16:00	0.262	0.265	0.253	0.263	0.166	0.367	0.245	0.366	0.500	0.234	0.234
12/02/25 17:00	0.266	0.267	0.257	0.288	0.215	0.386	0.289	0.379	0.500	0.241	0.241
12/02/25 18:00	0.269	0.269	0.258	0.301	0.236	0.391	0.316	0.382	0.500	0.241	0.241
12/02/25 19:00	0.261	0.264	0.262	0.303	0.233	0.392	0.320	0.386	0.500	0.240	0.240
12/02/25 20:00	0.260	0.262	0.255	0.302	0.224	0.392	0.320	0.386	0.423	0.234	0.234
12/02/25 21:00	0.258	0.259	0.252	0.296	0.195	0.394	0.306	0.378	0.500	0.234	0.234
12/02/25 22:00	0.258	0.261	0.251	0.291	0.189	0.396	0.296	0.372	0.500	0.240	0.234
12/02/25 23:00	0.256	0.259	0.251	0.291	0.177	0.398	0.286	0.372	0.396	0.241	0.234
13/02/25 00:00	0.258	0.259	0.252	0.294	0.167	0.399	0.266	0.372	0.500	0.219	0.234
13/02/25 01:00	0.256	0.258	0.252	0.293	0.165	0.398	0.229	0.365	0.423	0.219	0.219
13/02/25 02:00	0.256	0.257	0.251	0.295	0.156	0.397	0.219	0.358	0.396	0.219	0.219
13/02/25 03:00	0.256	0.257	0.251	0.296	0.160	0.396	0.212	0.349	0.333	0.219	0.219
13/02/25 04:00	0.255	0.258	0.250	0.297	0.159	0.398	0.202	0.337	0.396	0.207	0.219
13/02/25 05:00	0.256	0.257	0.251	0.302	0.162	0.396	0.210	0.327	0.228	0.207	0.207
13/02/25 06:00	0.259	0.261	0.257	0.309	0.169	0.392	0.229	0.321	0.232	0.219	0.219
13/02/25 07:00	0.262	0.265	0.265	0.320	0.174	0.393	0.247	0.318	0.232	0.212	0.219
13/02/25 08:00	0.263	0.271	0.264	0.318	0.169	0.389	0.240	0.318	0.228	0.219	0.219
13/02/25 09:00	0.263	0.270	0.262	0.292	0.148	0.361	0.203	0.323	0.228	0.219	0.219
13/02/25 10:00	0.261	0.264	0.259	0.268	0.130	0.325	0.150	0.319	0.228	0.197	0.212
13/02/25 11:00	0.258	0.263	0.258	0.241	0.114	0.291	0.123	0.299	0.226	0.197	0.212
13/02/25 12:00	0.256	0.263	0.257	0.227	0.100	0.263	0.112	0.291	0.226	0.197	0.212
13/02/25 13:00	0.256	0.262	0.257	0.220	0.100	0.253	0.127	0.299	0.228	0.197	0.207
13/02/25 14:00	0.258	0.262	0.257	0.222	0.108	0.257	0.141	0.302	0.228	0.197	0.207
13/02/25 15:00	0.260	0.262	0.257	0.246	0.119	0.279	0.195	0.305	0.228	0.197	0.212
13/02/25 16:00	0.261	0.263	0.258	0.275	0.136	0.325	0.245	0.325	0.228	0.197	0.212
13/02/25 17:00	0.263	0.265	0.263	0.307	0.168	0.378	0.272	0.342	0.228	0.197	0.212
13/02/25 18:00	0.266	0.267	0.265	0.317	0.184	0.395	0.276	0.354	0.228	0.197	0.212
13/02/25 19:00	0.261	0.266	0.261	0.314	0.185	0.396	0.273	0.362	0.228	0.197	0.207
13/02/25 20:00	0.259	0.264	0.259	0.306	0.175	0.395	0.263	0.374	0.228	0.191	0.191
13/02/25 21:00	0.256	0.262	0.258	0.296	0.166	0.396	0.233	0.381	0.228	0.155	0.155
13/02/25 22:00	0.256	0.261	0.257	0.288	0.161	0.398	0.198	0.387	0.226	0.145	0.120
13/02/25 23:00	0.259	0.260	0.255	0.275	0.158	0.400	0.178	0.391	0.226	0.120	0.120
14/02/25 00:00	0.257	0.258	0.253	0.269	0.148	0.402	0.167	0.399	0.226	0.120	0.120
14/02/25 01:00	0.257	0.258	0.252	0.276	0.141	0.403	0.148	0.404	0.148	0.114	0.120
14/02/25 02:00	0.258	0.258	0.251	0.278	0.140	0.402	0.140	0.404	0.148	0.114	0.114
14/02/25 03:00	0.257	0.258	0.251	0.278	0.141	0.401	0.139	0.402	0.112	0.114	0.114
14/02/25 04:00	0.257	0.258	0.252	0.278	0.143	0.400	0.147	0.401	0.120	0.114	0.114
14/02/25 05:00	0.257	0.260	0.252	0.280	0.151	0.400	0.163	0.401	0.120	0.120	0.120
14/02/25 06:00	0.260	0.262	0.256	0.288	0.182	0.399	0.183	0.397	0.120	0.120	0.120
14/02/25 07:00	0.263	0.269	0.261	0.282	0.213	0.397	0.205	0.394	0.112	0.120	0.112
14/02/25 08:00	0.268	0.270	0.266	0.272	0.225	0.387	0.216	0.392	0.112	0.120	0.120
14/02/25 09:00	0.269	0.271	0.263	0.242	0.226	0.340	0.205	0.352	0.112	0.107	0.112
14/02/25 10:00	0.265	0.267	0.260	0.214	0.210	0.294	0.190	0.300	0.112	0.114	0.112
14/02/25 11:00	0.260	0.262	0.259	0.199	0.185	0.262	0.177	0.282	0.094	0.072	0.081
14/02/25 12:00	0.257	0.261	0.258	0.187	0.167	0.246	0.170	0.276	0.094	0.072	0.072
14/02/25 13:00	0.259	0.261	0.257	0.193	0.164	0.244	0.178	0.292	0.104	0.095	0.095
14/02/25 14:00	0.257	0.261	0.257	0.188	0.158	0.259	0.183	0.317	0.112	0.114	0.114
14/02/25 15:00	0.259	0.262	0.257	0.207	0.164	0.284	0.192	0.339	0.112	0.112	0.114
14/02/25 16:00	0.260	0.265	0.257	0.234	0.190	0.333	0.212	0.356	0.112	0.114	0.112
14/02/25 17:00	0.263	0.266	0.257	0.262	0.225	0.386	0.227	0.383	0.112	0.112	0.114
14/02/25 18:00	0.263	0.268	0.259	0.270	0.242	0.400	0.229	0.384	0.110	0.072	0.112
14/02/25 19:00	0.260	0.269	0.255	0.262	0.241	0.400	0.228	0.378	0.110	0.107	0.112
14/02/25 20:00	0.257	0.266	0.251	0.250	0.229	0.400	0.219	0.378	0.120	0.095	0.095
14/02/25 21:00	0.260	0.263	0.251	0.244	0.230	0.401	0.203	0.384	0.112	0.095	0.095
14/02/25 22:00	0.256	0.262	0.253	0.237	0.237	0.402	0.184	0.385	0.112	0.095	0.095
14/02/25 23:00	0.254	0.259	0.252	0.232	0.248	0.403	0.175	0.386	0.072	0.072	0.072
15/02/25 00:00	0.254	0.260	0.253	0.225	0.247	0.404	0.181	0.388	0.072	0.072	0.095
15/02/25 01:00	0.254	0.260	0.253	0.224	0.250	0.404	0.188	0.392	0.072	0.080	0.095
15/02/25 02:00	0.255	0.260	0.252	0.222	0.255	0.402	0.184	0.392	0.072	0.080	0.095
15/02/25 03:00	0.253	0.259	0.251	0.220	0.264	0.402	0.188	0.390	0.072	0.080	0.095
15/02/25 04:00	0.253	0.259	0.251	0.223	0.265	0.402	0.206	0.393	0.072	0.095	0.095
15/02/25 05:00	0.255	0.260	0.251	0.240	0.280	0.399	0.219	0.395	0.112	0.095	0.095
15/02/25 06:00	0.258	0.265	0.249	0.264	0.299	0.396	0.242	0.394	0.072	0.072	0.072
15/02/25 07:00	0.257	0.268	0.250	0.284	0.312	0.392	0.254	0.391	0.072	0.072	0.072
15/02/25 08:00	0.264	0.269	0.252	0.287	0.313	0.376	0.260	0.386	0.072	0.072	0.095
15/02/25 09:00	0.266	0.267	0.255	0.286	0.291	0.327	0.258	0.364	0.072	0.072	0.072
15/02/25 10:00	0.264	0.264	0.258	0.283	0.241	0.291	0.249	0.335	0.072	0.072	0.072
15/02/25 11:00	0.263	0.259	0.257	0.283	0.180	0.257	0.233	0.311	0.072	0.072	0.072
15/02/25 12:00	0.263	0.259	0.254	0.282	0.143	0.240	0.216	0.308	0.072	0.072	0.072
15/02/25 13:00	0.263	0.259	0.252	0.277	0.134	0.234	0.213	0.315	0.072	0.072	0.072
15/02/25 14:00	0.261	0.260	0.251	0.278	0.153	0.253	0.209	0.324	0.072	0.072	0.072
15/02/25 15:00	0.261	0.261	0.250	0.279	0.181	0.278	0.228	0.343	0.072	0.072	0.072
15/02/25 16:00	0.260	0.263	0.251	0.289	0.204	0.316	0.255	0.366	0.072	0.072	0.072
15/02/25 17:00	0.262	0.265	0.253	0.305	0.214	0.347	0.284	0.380	0.112	0.114	0.114
15/02/25 18:00	0.264	0.267	0.252	0.321	0.220	0.359	0.290	0.381	0.112	0.095	0.095
15/02/25 19:00	0.262	0.266	0.252	0.328	0.220	0.359	0.273	0.383	0.112	0.114	0.114
15/02/25 20:00	0.260	0.263	0.250	0.334	0.213	0.348	0.248	0.383	0.112	0.114	0.114
15/02/25 21:00	0.259	0.259	0.249	0.335	0.207	0.334	0.221	0.385	0.112	0.072	0.072
15/02/25 22:00	0.258	0.262	0.250	0.334	0.218	0.332	0.207	0.379	0.112	0.072	0.072
15/02/25 23:00	0.257	0.260	0.250	0.327	0.231	0.327	0.195	0.370	0.112	0.114	0.114
16/02/25 00:00	0.257	0.259	0.246	0.320	0.239	0.319	0.177	0.370	0.110	0.114	0.114
16/02/25 01:00	0.257	0.259	0.245	0.319	0.235	0.314	0.187	0.364	0.094	0.114	0.114
16/02/25 02:00	0.256	0.257	0.243	0.314	0.230	0.320	0.195	0.360	0.110	0.112	0.114
16/02/25 03:00	0.255	0.257	0.242	0.304	0.206	0.324	0.195	0.364	0.112	0.114	0.114
16/02/25 04:00	0.255	0.257	0.237	0.304	0.186	0.344	0.190	0.356	0.120	0.112	0.114
16/02/25 05:00	0.256	0.259	0.238	0.310	0.178	0.357	0.187	0.350	0.120	0.114	0.114
16/02/25 06:00	0.259	0.260	0.243	0.317	0.187	0.359	0.188	0.333	0.183	0.120	0.112
16/02/25 07:00	0.264	0.261	0.243	0.316	0.200	0.360	0.212	0.316	0.226	0.120	0.112
16/02/25 08:00	0.265	0.264	0.244	0.312	0.198	0.360	0.215	0.291	0.148	0.114	0.114
16/02/25 09:00	0.264	0.266	0.250	0.300	0.193	0.343	0.207	0.240	0.146	0.120	0.120
16/02/25 10:00	0.261	0.267	0.254	0.286	0.177	0.323	0.204	0.200	0.112	0.112	0.112
16/02/25 11:00	0.259	0.258	0.256	0.259	0.176	0.288	0.215	0.156	0.112	0.112	0.112
16/02/25 12:00	0.257	0.257	0.256	0.243	0.186	0.254	0.215	0.130	0.112	0.107	0.120
16/02/25 13:00	0.258	0.257	0.252	0.250	0.192	0.224	0.203	0.120	0.112	0.112	0.120
16/02/25 14:00	0.258	0.257	0.252	0.264	0.190	0.208	0.194	0.132	0.112	0.112	0.120
16/02/25 15:00	0.259	0.259	0.253	0.279	0.193	0.237	0.205	0.163	0.112	0.112	0.120
16/02/25 16:00	0.260	0.260	0.253	0.297	0.201	0.256	0.236	0.212	0.120	0.120	0.120
16/02/25 17:00	0.262	0.262	0.258	0.302	0.213	0.271	0.276	0.276	0.120	0.114	0.114
16/02/25 18:00	0.264	0.265	0.255	0.308	0.225	0.271	0.294	0.311	0.120	0.114	0.114
16/02/25 19:00	0.263	0.276	0.257	0.302	0.248	0.264	0.307	0.311	0.112	0.114	0.114
16/02/25 20:00	0.262	0.262	0.255	0.281	0.252	0.253	0.302	0.311	0.112	0.114	0.114
16/02/25 21:00	0.260	0.259	0.254	0.273	0.240	0.241	0.285	0.313	0.112	0.114	0.120
16/02/25 22:00	0.260	0.260	0.251	0.271	0.213	0.232	0.283	0.323	0.112	0.107	0.112
16/02/25 23:00	0.258	0.259	0.250	0.251	0.176	0.210	0.274	0.335	0.112	0.095	0.095
17/02/25 00:00	0.259	0.258	0.246	0.234	0.154	0.198	0.268	0.347	0.112	0.107	0.112
17/02/25 01:00	0.257	0.259	0.246	0.223	0.148	0.185	0.270	0.357	0.112	0.107	0.112
17/02/25 02:00	0.257	0.257	0.245	0.218	0.153	0.176	0.274	0.360	0.100	0.107	0.112
17/02/25 03:00	0.256	0.257	0.242	0.219	0.153	0.172	0.285	0.365	0.112	0.107	0.112
17/02/25 04:00	0.256	0.257	0.242	0.226	0.151	0.167	0.296	0.368	0.112	0.107	0.112
17/02/25 05:00	0.256	0.257	0.244	0.235	0.166	0.164	0.303	0.368	0.112	0.112	0.112
17/02/25 06:00	0.256	0.257	0.250	0.260	0.177	0.167	0.315	0.372	0.112	0.112	0.112
17/02/25 07:00	0.258	0.258	0.254	0.283	0.190	0.188	0.335	0.374	0.094	0.095	0.095
17/02/25 08:00	0.260	0.259	0.257	0.286	0.194	0.196	0.347	0.350	0.072	0.095	0.095
17/02/25 09:00	0.262	0.258	0.256	0.275	0.172	0.183	0.323	0.258	0.094	0.107	0.112
17/02/25 10:00	0.262	0.257	0.254	0.252	0.132	0.156	0.272	0.209	0.094	0.107	0.095
17/02/25 11:00	0.262	0.257	0.254	0.242	0.112	0.140	0.227	0.185	0.094	0.095	0.095
17/02/25 12:00	0.261	0.257	0.254	0.238	0.100	0.132	0.207	0.173	0.094	0.107	0.112
17/02/25 13:00	0.259	0.256	0.253	0.233	0.101	0.129	0.200	0.170	0.094	0.112	0.112
17/02/25 14:00	0.257	0.256	0.253	0.241	0.109	0.129	0.214	0.187	0.094	0.072	0.072
17/02/25 15:00	0.257	0.257	0.254	0.256	0.132	0.130	0.240	0.220	0.094	0.114	0.114
17/02/25 16:00	0.258	0.258	0.254	0.276	0.166	0.145	0.282	0.262	0.112	0.114	0.114
17/02/25 17:00	0.261	0.261	0.257	0.291	0.212	0.181	0.323	0.329	0.120	0.114	0.114
17/02/25 18:00	0.263	0.263	0.257	0.294	0.227	0.209	0.330	0.366	0.112	0.114	0.114
17/02/25 19:00	0.263	0.264	0.257	0.293	0.235	0.228	0.320	0.362	0.112	0.114	0.114
17/02/25 20:00	0.262	0.262	0.255	0.291	0.245	0.246	0.308	0.353	0.120	0.114	0.114
17/02/25 21:00	0.259	0.259	0.252	0.279	0.241	0.263	0.299	0.346	0.120	0.114	0.114
17/02/25 22:00	0.260	0.260	0.251	0.266	0.239	0.278	0.269	0.343	0.110	0.114	0.114
17/02/25 23:00	0.262	0.258	0.251	0.263	0.248	0.266	0.230	0.340	0.112	0.112	0.114
18/02/25 00:00	0.260	0.258	0.250	0.257	0.256	0.240	0.185	0.348	0.094	0.114	0.114
18/02/25 01:00	0.259	0.258	0.249	0.251	0.268	0.226	0.156	0.349	0.094	0.114	0.114
18/02/25 02:00	0.259	0.258	0.248	0.248	0.276	0.214	0.142	0.349	0.094	0.095	0.095
18/02/25 03:00	0.257	0.258	0.245	0.252	0.283	0.204	0.132	0.350	0.094	0.095	0.095
18/02/25 04:00	0.256	0.258	0.244	0.251	0.270	0.195	0.126	0.337	0.072	0.095	0.095
18/02/25 05:00	0.257	0.259	0.248	0.257	0.257	0.190	0.122	0.330	0.072	0.095	0.095
18/02/25 06:00	0.256	0.264	0.252	0.274	0.247	0.181	0.120	0.333	0.072	0.095	0.095
18/02/25 07:00	0.257	0.267	0.257	0.287	0.240	0.174	0.120	0.333	0.072	0.095	0.095
18/02/25 08:00	0.257	0.266	0.258	0.283	0.229	0.168	0.119	0.323	0.072	0.095	0.095
18/02/25 09:00	0.258	0.265	0.258	0.264	0.211	0.158	0.114	0.263	0.080	0.072	0.072
18/02/25 10:00	0.258	0.263	0.255	0.240	0.193	0.145	0.111	0.197	0.072	0.072	0.072
18/02/25 11:00	0.257	0.261	0.253	0.227	0.191	0.135	0.106	0.153	0.072	0.072	0.072
18/02/25 12:00	0.258	0.260	0.252	0.219	0.188	0.127	0.107	0.127	0.072	0.072	0.081
18/02/25 13:00	0.257	0.260	0.251	0.212	0.199	0.118	0.113	0.117	0.072	0.072	0.072
18/02/25 14:00	0.256	0.261	0.251	0.222	0.230	0.122	0.123	0.130	0.072	0.072	0.072
18/02/25 15:00	0.256	0.262	0.252	0.239	0.237	0.133	0.132	0.159	0.072	0.072	0.072
18/02/25 16:00	0.257	0.264	0.254	0.254	0.269	0.169	0.156	0.210	0.112	0.072	0.072
18/02/25 17:00	0.260	0.265	0.256	0.257	0.335	0.207	0.171	0.259	0.072	0.107	0.114
18/02/25 18:00	0.263	0.267	0.258	0.273	0.346	0.231	0.170	0.284	0.072	0.107	0.112
18/02/25 19:00	0.264	0.266	0.258	0.273	0.341	0.235	0.175	0.281	0.094	0.107	0.112
18/02/25 20:00	0.263	0.264	0.255	0.262	0.332	0.248	0.166	0.276	0.094	0.072	0.081
18/02/25 21:00	0.259	0.261	0.252	0.260	0.325	0.243	0.160	0.264	0.072	0.072	0.081
18/02/25 22:00	0.261	0.259	0.252	0.258	0.315	0.233	0.155	0.251	0.072	0.072	0.072
18/02/25 23:00	0.260	0.258	0.252	0.253	0.308	0.235	0.153	0.240	0.072	0.072	0.072
19/02/25 00:00	0.256	0.257	0.251	0.240	0.242	0.223	0.172	0.233	0.072	0.072	0.072
19/02/25 01:00	0.256	0.256	0.250	0.239	0.194	0.195	0.182	0.231	0.072	0.072	0.095
19/02/25 02:00	0.256	0.256	0.249	0.247	0.168	0.183	0.190	0.230	0.072	0.072	0.095
19/02/25 03:00	0.256	0.257	0.249	0.253	0.141	0.177	0.203	0.229	0.072	0.080	0.095
19/02/25 04:00	0.256	0.257	0.250	0.249	0.141	0.180	0.216	0.233	0.072	0.095	0.095
19/02/25 05:00	0.258	0.258	0.252	0.269	0.144	0.186	0.236	0.234	0.072	0.095	0.095
19/02/25 06:00	0.263	0.261	0.254	0.297	0.145	0.207	0.263	0.244	0.094	0.072	0.072
19/02/25 07:00	0.267	0.263	0.257	0.317	0.149	0.237	0.290	0.260	0.094	0.072	0.072
19/02/25 08:00	0.269	0.262	0.258	0.316	0.154	0.254	0.287	0.246	0.094	0.072	0.072
19/02/25 09:00	0.269	0.269	0.258	0.293	0.137	0.264	0.245	0.206	0.072	0.072	0.072
19/02/25 10:00	0.268	0.267	0.257	0.255	0.115	0.245	0.210	0.150	0.072	0.072	0.072
19/02/25 11:00	0.267	0.260	0.256	0.231	0.104	0.213	0.198	0.113	0.072	0.072	0.072
19/02/25 12:00	0.266	0.258	0.253	0.218	0.097	0.209	0.185	0.097	0.072	0.072	0.072
19/02/25 13:00	0.265	0.258	0.252	0.224	0.097	0.221	0.187	0.095	0.072	0.072	0.072
19/02/25 14:00	0.266	0.258	0.252	0.233	0.110	0.236	0.189	0.108	0.072	0.072	0.072
19/02/25 15:00	0.265	0.260	0.252	0.255	0.133	0.263	0.194	0.148	0.072	0.072	0.072
19/02/25 16:00	0.264	0.261	0.255	0.272	0.157	0.295	0.219	0.220	0.094	0.107	0.112
19/02/25 17:00	0.268	0.264	0.257	0.292	0.182	0.324	0.238	0.281	0.112	0.114	0.114
19/02/25 18:00	0.272	0.265	0.261	0.304	0.197	0.339	0.241	0.305	0.112	0.114	0.114
19/02/25 19:00	0.269	0.265	0.260	0.304	0.202	0.340	0.246	0.309	0.112	0.114	0.114
19/02/25 20:00	0.268	0.261	0.257	0.290	0.201	0.329	0.245	0.309	0.112	0.114	0.114
19/02/25 21:00	0.263	0.259	0.256	0.271	0.194	0.303	0.244	0.301	0.112	0.120	0.120
19/02/25 22:00	0.262	0.260	0.255	0.259	0.189	0.273	0.252	0.290	0.120	0.120	0.120
19/02/25 23:00	0.259	0.257	0.253	0.252	0.194	0.229	0.257	0.296	0.120	0.120	0.120
20/02/25 00:00	0.260	0.257	0.252	0.233	0.187	0.187	0.255	0.303	0.202	0.120	0.120
20/02/25 01:00	0.259	0.256	0.252	0.209	0.186	0.151	0.254	0.308	0.146	0.120	0.120
20/02/25 02:00	0.258	0.255	0.251	0.203	0.206	0.136	0.258	0.296	0.183	0.120	0.120
20/02/25 03:00	0.257	0.257	0.251	0.212	0.244	0.133	0.262	0.272	0.202	0.120	0.120
20/02/25 04:00	0.257	0.257	0.251	0.224	0.224	0.131	0.274	0.262	0.120	0.120	0.120
20/02/25 05:00	0.259	0.258	0.251	0.215	0.197	0.132	0.296	0.272	0.226	0.145	0.120
20/02/25 06:00	0.262	0.263	0.256	0.216	0.167	0.136	0.319	0.287	0.226	0.120	0.120
20/02/25 07:00	0.268	0.266	0.258	0.215	0.156	0.155	0.332	0.294	0.221	0.120	0.120
20/02/25 08:00	0.269	0.266	0.258	0.208	0.150	0.166	0.317	0.290	0.112	0.114	0.114
20/02/25 09:00	0.269	0.265	0.257	0.184	0.146	0.157	0.272	0.257	0.072	0.095	0.095
20/02/25 10:00	0.268	0.265	0.256	0.157	0.140	0.145	0.213	0.220	0.072	0.095	0.072
20/02/25 11:00	0.266	0.263	0.256	0.137	0.136	0.137	0.159	0.180	0.072	0.072	0.072
20/02/25 12:00	0.265	0.260	0.255	0.127	0.141	0.133	0.118	0.158	0.072	0.072	0.072
20/02/25 13:00	0.264	0.261	0.254	0.123	0.142	0.129	0.100	0.164	0.072	0.072	0.072
20/02/25 14:00	0.264	0.261	0.253	0.123	0.142	0.134	0.107	0.176	0.072	0.072	0.072
20/02/25 15:00	0.263	0.262	0.252	0.131	0.144	0.143	0.119	0.191	0.072	0.112	0.112
20/02/25 16:00	0.264	0.263	0.253	0.157	0.147	0.159	0.144	0.206	0.112	0.114	0.114
20/02/25 17:00	0.265	0.264	0.254	0.192	0.164	0.191	0.167	0.213	0.112	0.112	0.114
20/02/25 18:00	0.269	0.266	0.256	0.211	0.193	0.204	0.176	0.217	0.112	0.112	0.112
20/02/25 19:00	0.268	0.265	0.254	0.208	0.228	0.209	0.173	0.215	0.110	0.112	0.112
20/02/25 20:00	0.262	0.264	0.254	0.197	0.231	0.212	0.160	0.209	0.110	0.112	0.114
20/02/25 21:00	0.260	0.259	0.253	0.183	0.223	0.210	0.139	0.208	0.110	0.112	0.114
20/02/25 22:00	0.260	0.258	0.251	0.174	0.171	0.207	0.134	0.199	0.110	0.112	0.114
20/02/25 23:00	0.261	0.257	0.251	0.171	0.150	0.196	0.130	0.180	0.110	0.095	0.095
21/02/25 00:00	0.258	0.257	0.251	0.177	0.146	0.190	0.124	0.167	0.072	0.095	0.095
21/02/25 01:00	0.258	0.257	0.251	0.177	0.146	0.191	0.127	0.147	0.072	0.072	0.072
21/02/25 02:00	0.258	0.257	0.249	0.187	0.148	0.196	0.130	0.139	0.072	0.072	0.072
21/02/25 03:00	0.258	0.256	0.249	0.191	0.155	0.219	0.131	0.143	0.072	0.072	0.072
21/02/25 04:00	0.257	0.257	0.249	0.193	0.149	0.246	0.147	0.141	0.072	0.072	0.072
21/02/25 05:00	0.258	0.258	0.251	0.201	0.155	0.286	0.170	0.158	0.072	0.072	0.072
21/02/25 06:00	0.261	0.259	0.254	0.218	0.171	0.324	0.197	0.184	0.094	0.080	0.112
21/02/25 07:00	0.268	0.260	0.258	0.234	0.199	0.345	0.216	0.201	0.094	0.080	0.112
21/02/25 08:00	0.269	0.264	0.258	0.237	0.204	0.347	0.208	0.194	0.094	0.072	0.081
21/02/25 09:00	0.269	0.269	0.256	0.218	0.197	0.335	0.176	0.154	0.094	0.072	0.072
21/02/25 10:00	0.266	0.259	0.254	0.194	0.207	0.320	0.151	0.109	0.094	0.072	0.072
21/02/25 11:00	0.263	0.258	0.253	0.169	0.221	0.317	0.126	0.073	0.072	0.072	0.072
21/02/25 12:00	0.261	0.257	0.252	0.159	0.201	0.320	0.110	0.055	0.072	0.072	0.072
21/02/25 13:00	0.261	0.258	0.252	0.154	0.178	0.319	0.105	0.052	0.094	0.072	0.072
21/02/25 14:00	0.261	0.258	0.251	0.172	0.158	0.330	0.110	0.059	0.094	0.072	0.072
21/02/25 15:00	0.261	0.260	0.252	0.194	0.149	0.339	0.122	0.081	0.094	0.072	0.072
21/02/25 16:00	0.262	0.262	0.253	0.252	0.164	0.355	0.137	0.117	0.112	0.072	0.081
21/02/25 17:00	0.266	0.264	0.255	0.327	0.193	0.372	0.145	0.146	0.110	0.095	0.095
21/02/25 18:00	0.268	0.265	0.257	0.351	0.217	0.383	0.145	0.166	0.110	0.072	0.095
21/02/25 19:00	0.265	0.265	0.258	0.356	0.210	0.388	0.135	0.164	0.110	0.072	0.072
21/02/25 20:00	0.262	0.264	0.254	0.351	0.204	0.391	0.125	0.147	0.094	0.072	0.072
21/02/25 21:00	0.261	0.262	0.252	0.344	0.193	0.393	0.114	0.125	0.094	0.072	0.072
21/02/25 22:00	0.260	0.261	0.254	0.333	0.193	0.393	0.106	0.120	0.094	0.107	0.072
21/02/25 23:00	0.258	0.260	0.251	0.320	0.194	0.390	0.106	0.127	0.110	0.072	0.072
22/02/25 00:00	0.259	0.259	0.254	0.321	0.189	0.392	0.109	0.120	0.110	0.072	0.072
22/02/25 01:00	0.259	0.259	0.252	0.312	0.193	0.391	0.114	0.115	0.072	0.072	0.072
22/02/25 02:00	0.258	0.259	0.251	0.296	0.216	0.388	0.128	0.113	0.072	0.072	0.072
22/02/25 03:00	0.258	0.259	0.250	0.289	0.227	0.386	0.141	0.107	0.094	0.080	0.072
22/02/25 04:00	0.259	0.258	0.248	0.293	0.249	0.386	0.156	0.107	0.072	0.107	0.072
22/02/25 05:00	0.260	0.260	0.246	0.308	0.274	0.386	0.167	0.109	0.080	0.107	0.112
22/02/25 06:00	0.263	0.264	0.250	0.325	0.306	0.387	0.200	0.108	0.094	0.072	0.081
22/02/25 07:00	0.268	0.266	0.250	0.331	0.311	0.386	0.219	0.107	0.094	0.072	0.081
22/02/25 08:00	0.269	0.267	0.251	0.328	0.278	0.375	0.223	0.120	0.072	0.072	0.072
22/02/25 09:00	0.268	0.266	0.255	0.306	0.224	0.346	0.193	0.131	0.072	0.072	0.072
22/02/25 10:00	0.264	0.265	0.260	0.282	0.184	0.319	0.157	0.136	0.072	0.072	0.072
22/02/25 11:00	0.260	0.265	0.259	0.271	0.178	0.300	0.140	0.139	0.072	0.072	0.072
22/02/25 12:00	0.259	0.264	0.253	0.250	0.178	0.284	0.142	0.121	0.072	0.072	0.072
22/02/25 13:00	0.259	0.263	0.253	0.239	0.179	0.292	0.133	0.120	0.072	0.072	0.072
22/02/25 14:00	0.260	0.262	0.252	0.261	0.170	0.310	0.131	0.137	0.072	0.072	0.072
22/02/25 15:00	0.261	0.261	0.253	0.288	0.183	0.326	0.136	0.184	0.072	0.072	0.072
22/02/25 16:00	0.263	0.263	0.253	0.310	0.186	0.348	0.136	0.216	0.072	0.080	0.095
22/02/25 17:00	0.267	0.265	0.259	0.335	0.196	0.372	0.139	0.257	0.072	0.107	0.072
22/02/25 18:00	0.268	0.265	0.259	0.346	0.209	0.387	0.134	0.283	0.072	0.072	0.072
22/02/25 19:00	0.267	0.263	0.256	0.349	0.224	0.392	0.125	0.280	0.072	0.072	0.072
22/02/25 20:00	0.263	0.261	0.255	0.348	0.228	0.395	0.120	0.279	0.072	0.107	0.072
22/02/25 21:00	0.262	0.260	0.256	0.346	0.208	0.397	0.115	0.279	0.072	0.107	0.072
22/02/25 22:00	0.261	0.260	0.253	0.343	0.192	0.397	0.110	0.271	0.072	0.095	0.095
22/02/25 23:00	0.258	0.259	0.253	0.345	0.190	0.397	0.115	0.259	0.072	0.080	0.072
23/02/25 00:00	0.263	0.258	0.253	0.343	0.191	0.398	0.102	0.247	0.072	0.080	0.095
23/02/25 01:00	0.262	0.257	0.252	0.344	0.199	0.398	0.099	0.234	0.072	0.080	0.095
23/02/25 02:00	0.262	0.257	0.253	0.344	0.208	0.400	0.098	0.219	0.072	0.080	0.095
23/02/25 03:00	0.260	0.257	0.251	0.345	0.220	0.400	0.101	0.201	0.072	0.080	0.095
23/02/25 04:00	0.260	0.257	0.252	0.335	0.232	0.400	0.102	0.211	0.072	0.080	0.095
23/02/25 05:00	0.260	0.257	0.253	0.329	0.265	0.398	0.104	0.224	0.072	0.095	0.095
23/02/25 06:00	0.265	0.257	0.256	0.331	0.302	0.395	0.113	0.231	0.094	0.072	0.072
23/02/25 07:00	0.269	0.259	0.256	0.330	0.313	0.392	0.120	0.223	0.094	0.072	0.072
23/02/25 08:00	0.270	0.260	0.251	0.313	0.297	0.385	0.118	0.210	0.110	0.072	0.072
23/02/25 09:00	0.275	0.264	0.254	0.292	0.234	0.368	0.108	0.153	0.094	0.072	0.072
23/02/25 10:00	0.271	0.259	0.257	0.268	0.164	0.347	0.099	0.102	0.072	0.072	0.072
23/02/25 11:00	0.263	0.258	0.253	0.238	0.124	0.323	0.095	0.070	0.094	0.072	0.072
23/02/25 12:00	0.260	0.257	0.252	0.206	0.106	0.315	0.093	0.050	0.094	0.072	0.072
23/02/25 13:00	0.260	0.256	0.251	0.186	0.102	0.301	0.087	0.044	0.072	0.080	0.112
23/02/25 14:00	0.260	0.257	0.251	0.191	0.108	0.300	0.095	0.045	0.094	0.080	0.072
23/02/25 15:00	0.260	0.257	0.249	0.203	0.126	0.298	0.109	0.052	0.094	0.072	0.072
23/02/25 16:00	0.261	0.261	0.250	0.239	0.173	0.292	0.145	0.073	0.094	0.072	0.072
23/02/25 17:00	0.266	0.262	0.253	0.273	0.218	0.307	0.200	0.127	0.094	0.072	0.072
23/02/25 18:00	0.269	0.265	0.255	0.298	0.253	0.324	0.238	0.168	0.094	0.072	0.081
23/02/25 19:00	0.269	0.264	0.261	0.297	0.259	0.343	0.241	0.168	0.094	0.072	0.081
23/02/25 20:00	0.263	0.262	0.259	0.287	0.247	0.359	0.243	0.149	0.094	0.080	0.072
23/02/25 21:00	0.261	0.259	0.254	0.266	0.220	0.371	0.254	0.115	0.072	0.080	0.072
23/02/25 22:00	0.260	0.259	0.255	0.242	0.206	0.381	0.229	0.096	0.072	0.080	0.072
23/02/25 23:00	0.258	0.258	0.259	0.222	0.195	0.384	0.226	0.087	0.072	0.072	0.072
24/02/25 00:00	0.262	0.258	0.254	0.198	0.186	0.376	0.218	0.078	0.094	0.072	0.072
24/02/25 01:00	0.263	0.258	0.257	0.188	0.172	0.366	0.221	0.077	0.072	0.072	0.072
24/02/25 02:00	0.262	0.258	0.256	0.187	0.164	0.355	0.207	0.076	0.072	0.072	0.072
24/02/25 03:00	0.259	0.257	0.253	0.189	0.167	0.341	0.203	0.077	0.072	0.080	0.112
24/02/25 04:00	0.258	0.257	0.249	0.188	0.170	0.322	0.212	0.077	0.072	0.080	0.112
24/02/25 05:00	0.258	0.257	0.252	0.194	0.180	0.308	0.218	0.079	0.072	0.080	0.112
24/02/25 06:00	0.258	0.257	0.257	0.213	0.206	0.297	0.241	0.091	0.094	0.080	0.112
24/02/25 07:00	0.258	0.258	0.260	0.246	0.221	0.287	0.255	0.113	0.072	0.107	0.112
24/02/25 08:00	0.266	0.258	0.262	0.247	0.220	0.268	0.245	0.130	0.072	0.080	0.095
24/02/25 09:00	0.271	0.259	0.261	0.206	0.201	0.247	0.205	0.137	0.094	0.080	0.095
24/02/25 10:00	0.259	0.258	0.261	0.162	0.168	0.224	0.173	0.128	0.072	0.095	0.095
24/02/25 11:00	0.258	0.257	0.261	0.143	0.150	0.216	0.148	0.112	0.094	0.072	0.072
24/02/25 12:00	0.257	0.257	0.259	0.136	0.141	0.205	0.134	0.109	0.072	0.072	0.072
24/02/25 13:00	0.256	0.256	0.258	0.137	0.165	0.191	0.126	0.112	0.072	0.072	0.072
24/02/25 14:00	0.257	0.256	0.257	0.146	0.189	0.182	0.119	0.120	0.072	0.072	0.072
24/02/25 15:00	0.255	0.256	0.256	0.167	0.211	0.180	0.127	0.134	0.072	0.072	0.072
24/02/25 16:00	0.261	0.258	0.254	0.211	0.213	0.190	0.156	0.145	0.072	0.095	0.072
24/02/25 17:00	0.267	0.261	0.254	0.266	0.219	0.223	0.216	0.168	0.094	0.112	0.072
24/02/25 18:00	0.275	0.264	0.257	0.303	0.236	0.241	0.252	0.201	0.094	0.107	0.081
24/02/25 19:00	0.263	0.264	0.256	0.310	0.242	0.248	0.262	0.206	0.094	0.107	0.112
24/02/25 20:00	0.263	0.264	0.253	0.310	0.243	0.241	0.249	0.207	0.112	0.112	0.112
24/02/25 21:00	0.261	0.261	0.252	0.294	0.234	0.224	0.244	0.207	0.120	0.112	0.112
24/02/25 22:00	0.259	0.262	0.251	0.262	0.217	0.206	0.223	0.214	0.120	0.107	0.112
24/02/25 23:00	0.258	0.261	0.251	0.246	0.194	0.182	0.227	0.225	0.112	0.112	0.112
25/02/25 00:00	0.258	0.258	0.250	0.233	0.181	0.192	0.230	0.230	0.112	0.112	0.112
25/02/25 01:00	0.262	0.257	0.250	0.236	0.173	0.189	0.246	0.243	0.120	0.107	0.112
25/02/25 02:00	0.260	0.257	0.250	0.240	0.170	0.187	0.250	0.256	0.112	0.120	0.120
25/02/25 03:00	0.258	0.257	0.249	0.239	0.168	0.185	0.245	0.270	0.112	0.120	0.112
25/02/25 04:00	0.256	0.257	0.248	0.244	0.169	0.176	0.246	0.295	0.094	0.112	0.112
25/02/25 05:00	0.257	0.259	0.250	0.261	0.177	0.186	0.266	0.325	0.094	0.112	0.112
25/02/25 06:00	0.257	0.264	0.252	0.291	0.196	0.195	0.279	0.347	0.120	0.112	0.112
25/02/25 07:00	0.257	0.267	0.255	0.312	0.215	0.194	0.286	0.346	0.094	0.120	0.112
25/02/25 08:00	0.259	0.266	0.258	0.314	0.218	0.182	0.281	0.331	0.072	0.072	0.072
25/02/25 09:00	0.261	0.264	0.257	0.290	0.192	0.146	0.244	0.288	0.072	0.072	0.072
25/02/25 10:00	0.261	0.259	0.253	0.253	0.165	0.113	0.186	0.257	0.072	0.072	0.072
25/02/25 11:00	0.261	0.258	0.253	0.220	0.145	0.092	0.165	0.243	0.072	0.072	0.072
25/02/25 12:00	0.260	0.257	0.252	0.218	0.126	0.077	0.165	0.249	0.072	0.072	0.095
25/02/25 13:00	0.258	0.258	0.252	0.220	0.124	0.073	0.157	0.248	0.072	0.072	0.072
25/02/25 14:00	0.255	0.258	0.251	0.252	0.132	0.074	0.158	0.263	0.072	0.072	0.072
25/02/25 15:00	0.257	0.260	0.252	0.288	0.147	0.082	0.196	0.295	0.094	0.072	0.072
25/02/25 16:00	0.256	0.261	0.252	0.325	0.184	0.117	0.237	0.345	0.094	0.107	0.120
25/02/25 17:00	0.262	0.265	0.254	0.352	0.243	0.187	0.296	0.382	0.112	0.112	0.120
25/02/25 18:00	0.267	0.267	0.257	0.359	0.292	0.250	0.319	0.398	0.112	0.107	0.112
25/02/25 19:00	0.290	0.266	0.259	0.361	0.314	0.279	0.288	0.397	0.112	0.112	0.112
25/02/25 20:00	0.278	0.264	0.256	0.368	0.323	0.294	0.269	0.395	0.112	0.112	0.112
25/02/25 21:00	0.265	0.260	0.254	0.369	0.331	0.300	0.247	0.393	0.120	0.112	0.112
25/02/25 22:00	0.266	0.260	0.254	0.366	0.335	0.301	0.230	0.400	0.120	0.112	0.112
25/02/25 23:00	0.261	0.259	0.252	0.368	0.337	0.296	0.220	0.404	0.112	0.120	0.112
26/02/25 00:00	0.262	0.257	0.252	0.364	0.332	0.295	0.201	0.403	0.112	0.120	0.120
26/02/25 01:00	0.262	0.257	0.252	0.359	0.336	0.268	0.184	0.401	0.112	0.120	0.141
26/02/25 02:00	0.262	0.257	0.251	0.356	0.338	0.258	0.173	0.393	0.120	0.141	0.141
26/02/25 03:00	0.261	0.257	0.251	0.349	0.339	0.257	0.172	0.384	0.112	0.112	0.141
26/02/25 04:00	0.261	0.257	0.251	0.349	0.340	0.230	0.173	0.385	0.112	0.112	0.141
26/02/25 05:00	0.262	0.258	0.252	0.356	0.342	0.233	0.181	0.395	0.120	0.112	0.120
26/02/25 06:00	0.265	0.263	0.254	0.363	0.343	0.240	0.198	0.395	0.226	0.112	0.112
26/02/25 07:00	0.273	0.265	0.257	0.362	0.339	0.235	0.210	0.396	0.226	0.112	0.120
26/02/25 08:00	0.277	0.264	0.258	0.353	0.307	0.215	0.210	0.379	0.221	0.145	0.120
26/02/25 09:00	0.273	0.263	0.257	0.322	0.245	0.157	0.201	0.300	0.197	0.112	0.120
26/02/25 10:00	0.273	0.260	0.256	0.286	0.199	0.118	0.185	0.232	0.197	0.112	0.141
26/02/25 11:00	0.271	0.258	0.255	0.262	0.158	0.093	0.170	0.165	0.110	0.141	0.141
26/02/25 12:00	0.268	0.258	0.255	0.240	0.147	0.086	0.164	0.123	0.120	0.141	0.141
26/02/25 13:00	0.269	0.258	0.254	0.228	0.141	0.082	0.162	0.124	0.104	0.141	0.141
26/02/25 14:00	0.268	0.258	0.253	0.236	0.145	0.083	0.166	0.139	0.104	0.112	0.141
26/02/25 15:00	0.267	0.259	0.254	0.257	0.167	0.097	0.171	0.169	0.176	0.112	0.145
26/02/25 16:00	0.266	0.261	0.255	0.293	0.224	0.132	0.181	0.225	0.228	0.145	0.145
26/02/25 17:00	0.269	0.266	0.257	0.332	0.296	0.200	0.197	0.269	0.241	0.189	0.189
26/02/25 18:00	0.278	0.270	0.258	0.359	0.327	0.258	0.210	0.292	0.245	0.234	0.219
26/02/25 19:00	0.283	0.266	0.260	0.364	0.331	0.293	0.212	0.288	0.242	0.212	0.207
26/02/25 20:00	0.275	0.264	0.257	0.365	0.318	0.310	0.207	0.269	0.235	0.197	0.191
26/02/25 21:00	0.266	0.262	0.256	0.364	0.304	0.312	0.203	0.274	0.235	0.219	0.219
26/02/25 22:00	0.263	0.262	0.255	0.363	0.287	0.328	0.198	0.271	0.230	0.197	0.207
26/02/25 23:00	0.263	0.259	0.253	0.359	0.266	0.346	0.198	0.277	0.230	0.191	0.191
27/02/25 00:00	0.263	0.259	0.255	0.355	0.255	0.352	0.201	0.282	0.228	0.145	0.145
27/02/25 01:00	0.260	0.258	0.253	0.351	0.252	0.358	0.212	0.298	0.230	0.145	0.145
27/02/25 02:00	0.263	0.258	0.252	0.352	0.245	0.368	0.217	0.315	0.230	0.189	0.191
27/02/25 03:00	0.262	0.258	0.252	0.349	0.241	0.373	0.229	0.322	0.228	0.145	0.145
27/02/25 04:00	0.263	0.258	0.252	0.351	0.240	0.379	0.247	0.332	0.228	0.145	0.145
27/02/25 05:00	0.266	0.259	0.253	0.354	0.241	0.384	0.269	0.345	0.228	0.145	0.145
27/02/25 06:00	0.266	0.264	0.257	0.361	0.249	0.383	0.304	0.345	0.228	0.145	0.145
27/02/25 07:00	0.283	0.268	0.260	0.367	0.257	0.380	0.328	0.354	0.232	0.142	0.142
27/02/25 08:00	0.277	0.266	0.261	0.362	0.228	0.342	0.322	0.348	0.226	0.112	0.145
27/02/25 09:00	0.274	0.264	0.260	0.347	0.169	0.281	0.280	0.308	0.120	0.142	0.142
27/02/25 10:00	0.263	0.261	0.259	0.326	0.133	0.235	0.245	0.266	0.112	0.114	0.120
27/02/25 11:00	0.261	0.259	0.259	0.299	0.110	0.178	0.224	0.226	0.112	0.120	0.145
27/02/25 12:00	0.260	0.259	0.258	0.267	0.099	0.149	0.201	0.216	0.120	0.120	0.120
27/02/25 13:00	0.260	0.259	0.259	0.236	0.094	0.163	0.201	0.215	0.120	0.120	0.120
27/02/25 14:00	0.260	0.259	0.260	0.232	0.101	0.180	0.204	0.214	0.120	0.121	0.121
27/02/25 15:00	0.262	0.259	0.260	0.242	0.118	0.204	0.226	0.237	0.112	0.112	0.120
27/02/25 16:00	0.271	0.261	0.260	0.293	0.147	0.243	0.275	0.281	0.112	0.112	0.120
27/02/25 17:00	0.272	0.265	0.263	0.346	0.215	0.288	0.338	0.306	0.112	0.112	0.120
27/02/25 18:00	0.276	0.266	0.267	0.370	0.269	0.329	0.368	0.312	0.221	0.112	0.120
27/02/25 19:00	0.268	0.264	0.263	0.370	0.259	0.344	0.368	0.312	0.120	0.112	0.120
27/02/25 20:00	0.263	0.262	0.258	0.369	0.248	0.351	0.362	0.303	0.197	0.112	0.112
27/02/25 21:00	0.262	0.259	0.257	0.366	0.229	0.358	0.356	0.296	0.120	0.112	0.120
27/02/25 22:00	0.262	0.259	0.256	0.360	0.230	0.364	0.344	0.292	0.176	0.145	0.145
27/02/25 23:00	0.260	0.257	0.252	0.350	0.230	0.372	0.328	0.289	0.120	0.145	0.145
28/02/25 00:00	0.263	0.258	0.253	0.335	0.229	0.377	0.314	0.290	0.120	0.145	0.120
28/02/25 01:00	0.263	0.258	0.251	0.327	0.230	0.381	0.306	0.288	0.120	0.145	0.145
28/02/25 02:00	0.261	0.258	0.251	0.330	0.231	0.384	0.303	0.291	0.112	0.114	0.120
28/02/25 03:00	0.261	0.258	0.251	0.329	0.236	0.385	0.305	0.303	0.112	0.120	0.145
28/02/25 04:00	0.261	0.257	0.251	0.332	0.240	0.386	0.317	0.321	0.112	0.114	0.120
28/02/25 05:00	0.261	0.256	0.251	0.335	0.251	0.386	0.331	0.329	0.120	0.145	0.145
28/02/25 06:00	0.263	0.260	0.256	0.333	0.277	0.382	0.346	0.337	0.226	0.145	0.145
28/02/25 07:00	0.276	0.263	0.259	0.330	0.293	0.379	0.352	0.342	0.226	0.145	0.145
28/02/25 08:00	0.283	0.267	0.261	0.305	0.284	0.358	0.345	0.323	0.228	0.145	0.145
28/02/25 09:00	0.278	0.267	0.259	0.258	0.233	0.327	0.320	0.286	0.120	0.145	0.145
28/02/25 10:00	0.263	0.260	0.258	0.219	0.176	0.282	0.271	0.248	0.120	0.145	0.145
28/02/25 11:00	0.259	0.258	0.255	0.196	0.147	0.229	0.233	0.224	0.120	0.145	0.145
28/02/25 12:00	0.258	0.258	0.252	0.178	0.140	0.183	0.217	0.200	0.112	0.145	0.120
28/02/25 13:00	0.257	0.257	0.252	0.160	0.139	0.170	0.215	0.194	0.120	0.145	0.120
28/02/25 14:00	0.256	0.258	0.252	0.168	0.145	0.185	0.225	0.205	0.120	0.145	0.145
28/02/25 15:00	0.261	0.261	0.253	0.185	0.165	0.215	0.227	0.225	0.120	0.169	0.169
28/02/25 16:00	0.269	0.262	0.255	0.245	0.217	0.272	0.234	0.262	0.228	0.189	0.189
28/02/25 17:00	0.271	0.265	0.257	0.306	0.278	0.327	0.250	0.308	0.228	0.197	0.207
28/02/25 18:00	0.276	0.265	0.257	0.336	0.321	0.368	0.265	0.359	0.228	0.197	0.155
28/02/25 19:00	0.263	0.264	0.256	0.333	0.327	0.380	0.259	0.368	0.232	0.197	0.212
28/02/25 20:00	0.268	0.263	0.253	0.330	0.320	0.381	0.240	0.372	0.228	0.197	0.207
28/02/25 21:00	0.263	0.261	0.253	0.327	0.314	0.384	0.209	0.373	0.228	0.197	0.155
28/02/25 22:00	0.260	0.260	0.251	0.330	0.311	0.388	0.183	0.375	0.228	0.197	0.155
28/02/25 23:00	0.259	0.259	0.250	0.327	0.308	0.389	0.161	0.378	0.228	0.197	0.155
01/03/25 00:00	0.259	0.258	0.246	0.326	0.311	0.389	0.134	0.385	0.226	0.142	0.193
01/03/25 01:00	0.260	0.258	0.249	0.332	0.329	0.393	0.138	0.401	0.226	0.155	0.142
01/03/25 02:00	0.256	0.257	0.245	0.335	0.333	0.393	0.142	0.402	0.226	0.183	0.155
01/03/25 03:00	0.257	0.258	0.245	0.336	0.345	0.392	0.151	0.402	0.226	0.193	0.193
01/03/25 04:00	0.257	0.259	0.242	0.342	0.351	0.390	0.163	0.403	0.226	0.193	0.193
01/03/25 05:00	0.259	0.260	0.242	0.344	0.364	0.388	0.182	0.404	0.228	0.191	0.191
01/03/25 06:00	0.259	0.262	0.244	0.348	0.370	0.388	0.211	0.406	0.228	0.155	0.145
01/03/25 07:00	0.278	0.263	0.245	0.351	0.375	0.389	0.235	0.404	0.238	0.191	0.155
01/03/25 08:00	0.287	0.264	0.245	0.346	0.363	0.352	0.218	0.383	0.240	0.189	0.145
01/03/25 09:00	0.292	0.264	0.249	0.335	0.342	0.291	0.167	0.346	0.235	0.197	0.219
01/03/25 10:00	0.288	0.265	0.252	0.321	0.331	0.231	0.124	0.304	0.229	0.145	0.145
01/03/25 11:00	0.273	0.264	0.250	0.295	0.313	0.184	0.102	0.268	0.214	0.145	0.145
01/03/25 12:00	0.273	0.263	0.251	0.269	0.293	0.157	0.076	0.239	0.120	0.145	0.145
01/03/25 13:00	0.271	0.262	0.251	0.251	0.308	0.144	0.084	0.230	0.221	0.191	0.191
01/03/25 14:00	0.272	0.262	0.251	0.251	0.321	0.149	0.112	0.239	0.230	0.145	0.145
01/03/25 15:00	0.272	0.262	0.251	0.263	0.346	0.182	0.132	0.264	0.229	0.165	0.165
01/03/25 16:00	0.276	0.264	0.251	0.298	0.359	0.244	0.156	0.289	0.240	0.219	0.219
01/03/25 17:00	0.279	0.265	0.257	0.326	0.369	0.297	0.187	0.335	0.241	0.191	0.191
01/03/25 18:00	0.291	0.266	0.258	0.350	0.385	0.346	0.230	0.395	0.240	0.219	0.219
01/03/25 19:00	0.299	0.265	0.257	0.352	0.385	0.354	0.254	0.403	0.235	0.207	0.207
01/03/25 20:00	0.288	0.263	0.255	0.351	0.384	0.353	0.253	0.404	0.235	0.212	0.212
01/03/25 21:00	0.281	0.262	0.252	0.351	0.383	0.348	0.233	0.402	0.233	0.212	0.212
01/03/25 22:00	0.279	0.261	0.253	0.349	0.384	0.347	0.200	0.406	0.230	0.205	0.219
01/03/25 23:00	0.266	0.261	0.251	0.347	0.382	0.346	0.160	0.411	0.228	0.197	0.207
02/03/25 00:00	0.268	0.261	0.251	0.348	0.379	0.341	0.129	0.417	0.228	0.197	0.212
02/03/25 01:00	0.259	0.260	0.251	0.347	0.381	0.339	0.124	0.419	0.228	0.197	0.207
02/03/25 02:00	0.258	0.259	0.250	0.351	0.382	0.337	0.131	0.421	0.228	0.207	0.207
02/03/25 03:00	0.258	0.258	0.249	0.354	0.379	0.342	0.133	0.423	0.228	0.197	0.205
02/03/25 04:00	0.258	0.259	0.249	0.356	0.379	0.347	0.133	0.425	0.230	0.189	0.189
02/03/25 05:00	0.265	0.259	0.251	0.361	0.378	0.337	0.139	0.421	0.233	0.205	0.205
02/03/25 06:00	0.279	0.259	0.254	0.364	0.372	0.335	0.149	0.414	0.235	0.197	0.212
02/03/25 07:00	0.297	0.261	0.257	0.363	0.371	0.326	0.159	0.406	0.241	0.189	0.189
02/03/25 08:00	0.288	0.262	0.259	0.349	0.349	0.303	0.151	0.341	0.235	0.207	0.207
02/03/25 09:00	0.298	0.263	0.257	0.325	0.306	0.264	0.107	0.223	0.233	0.212	0.212
02/03/25 10:00	0.297	0.262	0.257	0.300	0.258	0.218	0.079	0.136	0.228	0.212	0.212
02/03/25 11:00	0.290	0.261	0.257	0.275	0.220	0.182	0.063	0.087	0.226	0.212	0.219
02/03/25 12:00	0.282	0.261	0.256	0.257	0.203	0.151	0.060	0.074	0.228	0.212	0.219
02/03/25 13:00	0.285	0.259	0.256	0.254	0.205	0.136	0.062	0.073	0.228	0.212	0.219
02/03/25 14:00	0.288	0.259	0.256	0.261	0.222	0.144	0.070	0.086	0.228	0.207	0.219
02/03/25 15:00	0.286	0.259	0.257	0.283	0.241	0.173	0.103	0.105	0.228	0.207	0.207
02/03/25 16:00	0.268	0.260	0.258	0.317	0.283	0.221	0.158	0.158	0.240	0.212	0.212
02/03/25 17:00	0.297	0.261	0.259	0.351	0.337	0.271	0.202	0.282	0.241	0.234	0.234
02/03/25 18:00	0.297	0.262	0.263	0.378	0.373	0.314	0.243	0.395	0.244	0.234	0.234
02/03/25 19:00	0.324	0.262	0.261	0.382	0.375	0.324	0.246	0.403	0.235	0.234	0.219
02/03/25 20:00	0.286	0.259	0.258	0.383	0.373	0.329	0.223	0.402	0.235	0.234	0.219
02/03/25 21:00	0.288	0.259	0.256	0.383	0.372	0.337	0.202	0.402	0.235	0.234	0.234
02/03/25 22:00	0.280	0.259	0.254	0.383	0.373	0.347	0.202	0.402	0.241	0.234	0.234
02/03/25 23:00	0.276	0.258	0.253	0.381	0.372	0.350	0.195	0.403	0.235	0.234	0.234
03/03/25 00:00	0.280	0.259	0.252	0.380	0.371	0.348	0.208	0.402	0.230	0.234	0.234
03/03/25 01:00	0.268	0.259	0.252	0.379	0.373	0.344	0.212	0.401	0.228	0.219	0.234
03/03/25 02:00	0.260	0.257	0.251	0.379	0.372	0.348	0.221	0.400	0.228	0.234	0.212
03/03/25 03:00	0.259	0.257	0.251	0.379	0.376	0.350	0.233	0.402	0.230	0.207	0.207
03/03/25 04:00	0.259	0.257	0.251	0.379	0.379	0.355	0.248	0.398	0.230	0.234	0.212
03/03/25 05:00	0.260	0.257	0.253	0.380	0.380	0.354	0.252	0.394	0.233	0.234	0.212
03/03/25 06:00	0.266	0.258	0.257	0.378	0.377	0.353	0.258	0.391	0.230	0.212	0.212
03/03/25 07:00	0.271	0.259	0.260	0.376	0.369	0.351	0.271	0.392	0.235	0.212	0.212
03/03/25 08:00	0.268	0.258	0.261	0.366	0.337	0.336	0.257	0.309	0.230	0.212	0.212
03/03/25 09:00	0.281	0.261	0.260	0.348	0.291	0.315	0.215	0.209	0.120	0.191	0.191
03/03/25 10:00	0.291	0.264	0.258	0.328	0.235	0.291	0.173	0.139	0.120	0.189	0.155
03/03/25 11:00	0.284	0.268	0.255	0.311	0.193	0.251	0.146	0.094	0.120	0.189	0.145
03/03/25 12:00	0.278	0.264	0.253	0.303	0.167	0.223	0.118	0.083	0.120	0.145	0.145
03/03/25 13:00	0.271	0.260	0.255	0.295	0.161	0.229	0.098	0.088	0.187	0.145	0.145
03/03/25 14:00	0.261	0.259	0.257	0.300	0.181	0.232	0.101	0.095	0.197	0.145	0.145
03/03/25 15:00	0.259	0.258	0.258	0.318	0.220	0.256	0.120	0.134	0.187	0.207	0.219
03/03/25 16:00	0.268	0.256	0.259	0.341	0.269	0.291	0.169	0.217	0.230	0.234	0.234
03/03/25 17:00	0.264	0.259	0.260	0.361	0.316	0.316	0.249	0.319	0.230	0.234	0.234
03/03/25 18:00	0.276	0.258	0.266	0.371	0.356	0.340	0.286	0.396	0.232	0.234	0.234
03/03/25 19:00	0.295	0.260	0.267	0.373	0.356	0.339	0.296	0.401	0.230	0.234	0.234
03/03/25 20:00	0.274	0.261	0.259	0.375	0.353	0.340	0.296	0.402	0.230	0.234	0.234
03/03/25 21:00	0.268	0.259	0.258	0.376	0.348	0.336	0.298	0.401	0.228	0.145	0.145
03/03/25 22:00	0.264	0.260	0.256	0.377	0.340	0.332	0.288	0.403	0.226	0.145	0.145
03/03/25 23:00	0.264	0.260	0.255	0.372	0.335	0.328	0.278	0.404	0.202	0.145	0.145
04/03/25 00:00	0.275	0.259	0.254	0.377	0.342	0.326	0.267	0.405	0.112	0.141	0.141
04/03/25 01:00	0.262	0.259	0.253	0.376	0.350	0.324	0.249	0.408	0.120	0.141	0.141
04/03/25 02:00	0.260	0.259	0.253	0.373	0.357	0.325	0.247	0.408	0.120	0.141	0.141
04/03/25 03:00	0.259	0.259	0.252	0.370	0.361	0.317	0.265	0.410	0.120	0.141	0.141
04/03/25 04:00	0.259	0.257	0.252	0.372	0.364	0.316	0.291	0.411	0.120	0.141	0.141
04/03/25 05:00	0.259	0.259	0.254	0.375	0.360	0.317	0.317	0.406	0.120	0.141	0.141
04/03/25 06:00	0.258	0.259	0.257	0.375	0.361	0.320	0.330	0.398	0.120	0.141	0.120
04/03/25 07:00	0.259	0.259	0.262	0.373	0.359	0.317	0.338	0.381	0.112	0.120	0.120
04/03/25 08:00	0.262	0.261	0.266	0.368	0.336	0.302	0.330	0.324	0.112	0.120	0.120
04/03/25 09:00	0.266	0.266	0.264	0.358	0.295	0.265	0.291	0.211	0.120	0.120	0.120
04/03/25 10:00	0.269	0.268	0.261	0.351	0.253	0.227	0.257	0.142	0.112	0.114	0.114
04/03/25 11:00	0.274	0.261	0.259	0.345	0.221	0.200	0.230	0.099	0.120	0.120	0.112
04/03/25 12:00	0.283	0.259	0.258	0.341	0.205	0.186	0.193	0.088	0.120	0.120	0.112
04/03/25 13:00	0.263	0.260	0.257	0.331	0.202	0.182	0.183	0.081	0.120	0.120	0.120
04/03/25 14:00	0.261	0.261	0.256	0.325	0.209	0.184	0.191	0.092	0.120	0.120	0.120
04/03/25 15:00	0.259	0.261	0.257	0.325	0.234	0.205	0.212	0.123	0.120	0.120	0.120
04/03/25 16:00	0.259	0.262	0.258	0.325	0.277	0.250	0.254	0.191	0.120	0.141	0.141
04/03/25 17:00	0.267	0.261	0.262	0.330	0.318	0.295	0.310	0.292	0.120	0.145	0.145
04/03/25 18:00	0.273	0.261	0.271	0.337	0.358	0.326	0.351	0.359	0.212	0.197	0.207
04/03/25 19:00	0.283	0.261	0.270	0.335	0.368	0.340	0.349	0.369	0.120	0.145	0.145
04/03/25 20:00	0.289	0.261	0.260	0.331	0.363	0.352	0.346	0.371	0.120	0.145	0.145
04/03/25 21:00	0.267	0.261	0.258	0.337	0.352	0.355	0.339	0.374	0.120	0.145	0.145
04/03/25 22:00	0.279	0.259	0.256	0.335	0.343	0.362	0.331	0.369	0.120	0.142	0.142
04/03/25 23:00	0.264	0.259	0.255	0.321	0.344	0.370	0.321	0.366	0.120	0.145	0.145
05/03/25 00:00	0.258	0.257	0.254	0.319	0.344	0.374	0.320	0.354	0.226	0.145	0.145
05/03/25 01:00	0.258	0.257	0.253	0.316	0.347	0.375	0.314	0.316	0.226	0.145	0.145
05/03/25 02:00	0.258	0.257	0.253	0.316	0.357	0.373	0.311	0.302	0.221	0.145	0.145
05/03/25 03:00	0.258	0.257	0.253	0.324	0.372	0.369	0.315	0.314	0.228	0.145	0.145
05/03/25 04:00	0.255	0.257	0.254	0.331	0.379	0.370	0.319	0.306	0.228	0.145	0.145
05/03/25 05:00	0.258	0.259	0.254	0.341	0.378	0.364	0.326	0.305	0.228	0.145	0.145
05/03/25 06:00	0.262	0.259	0.258	0.352	0.372	0.359	0.335	0.308	0.228	0.145	0.145
05/03/25 07:00	0.276	0.261	0.261	0.348	0.368	0.364	0.338	0.288	0.228	0.145	0.145
05/03/25 08:00	0.273	0.269	0.266	0.330	0.322	0.335	0.329	0.208	0.228	0.145	0.141
05/03/25 09:00	0.278	0.270	0.263	0.300	0.253	0.284	0.314	0.131	0.228	0.141	0.141
05/03/25 10:00	0.277	0.263	0.260	0.270	0.212	0.238	0.293	0.106	0.197	0.141	0.141
05/03/25 11:00	0.276	0.262	0.259	0.245	0.187	0.208	0.274	0.105	0.197	0.141	0.141
05/03/25 12:00	0.273	0.260	0.260	0.232	0.177	0.201	0.267	0.107	0.197	0.145	0.145
05/03/25 13:00	0.272	0.260	0.259	0.238	0.180	0.213	0.276	0.110	0.226	0.145	0.145
05/03/25 14:00	0.266	0.260	0.258	0.248	0.199	0.219	0.281	0.111	0.226	0.145	0.145
05/03/25 15:00	0.266	0.261	0.257	0.263	0.226	0.238	0.288	0.112	0.228	0.145	0.145
05/03/25 16:00	0.266	0.262	0.257	0.284	0.269	0.270	0.299	0.151	0.228	0.189	0.189
05/03/25 17:00	0.273	0.263	0.258	0.321	0.308	0.316	0.309	0.197	0.228	0.145	0.145
05/03/25 18:00	0.279	0.267	0.257	0.351	0.344	0.349	0.317	0.246	0.228	0.145	0.145
05/03/25 19:00	0.280	0.266	0.257	0.361	0.348	0.357	0.319	0.275	0.213	0.145	0.145
05/03/25 20:00	0.270	0.264	0.254	0.366	0.344	0.372	0.322	0.311	0.197	0.145	0.145
05/03/25 21:00	0.266	0.263	0.253	0.369	0.342	0.375	0.317	0.321	0.120	0.145	0.145
05/03/25 22:00	0.264	0.262	0.252	0.371	0.334	0.377	0.313	0.364	0.112	0.145	0.145
05/03/25 23:00	0.263	0.259	0.252	0.370	0.326	0.372	0.312	0.377	0.112	0.141	0.142
06/03/25 00:00	0.259	0.257	0.251	0.366	0.312	0.372	0.315	0.359	0.120	0.120	0.120
06/03/25 01:00	0.258	0.257	0.251	0.359	0.304	0.370	0.314	0.371	0.120	0.120	0.120
06/03/25 02:00	0.257	0.256	0.250	0.351	0.305	0.365	0.316	0.371	0.120	0.120	0.120
06/03/25 03:00	0.257	0.257	0.249	0.344	0.310	0.361	0.318	0.367	0.120	0.120	0.120
06/03/25 04:00	0.257	0.256	0.249	0.347	0.315	0.352	0.321	0.371	0.120	0.120	0.120
06/03/25 05:00	0.258	0.256	0.251	0.352	0.317	0.356	0.326	0.378	0.112	0.120	0.120
06/03/25 06:00	0.262	0.260	0.253	0.359	0.315	0.360	0.333	0.377	0.120	0.120	0.120
06/03/25 07:00	0.267	0.263	0.256	0.360	0.309	0.363	0.332	0.371	0.120	0.120	0.120
06/03/25 08:00	0.271	0.263	0.257	0.334	0.269	0.346	0.309	0.296	0.120	0.120	0.120
06/03/25 09:00	0.271	0.266	0.256	0.294	0.204	0.300	0.268	0.173	0.120	0.120	0.120
06/03/25 10:00	0.270	0.267	0.256	0.256	0.154	0.265	0.224	0.105	0.120	0.120	0.120
06/03/25 11:00	0.266	0.267	0.257	0.242	0.141	0.245	0.192	0.083	0.120	0.120	0.120
06/03/25 12:00	0.265	0.262	0.256	0.237	0.134	0.232	0.172	0.083	0.120	0.120	0.120
06/03/25 13:00	0.264	0.262	0.255	0.225	0.137	0.220	0.167	0.079	0.120	0.120	0.120
06/03/25 14:00	0.263	0.262	0.255	0.232	0.149	0.214	0.186	0.077	0.120	0.120	0.120
06/03/25 15:00	0.263	0.262	0.253	0.238	0.167	0.224	0.218	0.107	0.120	0.145	0.145
06/03/25 16:00	0.263	0.262	0.254	0.277	0.213	0.240	0.255	0.189	0.226	0.145	0.145
06/03/25 17:00	0.265	0.262	0.256	0.324	0.273	0.259	0.296	0.275	0.235	0.145	0.145
06/03/25 18:00	0.269	0.262	0.257	0.353	0.318	0.268	0.336	0.355	0.228	0.145	0.145
06/03/25 19:00	0.271	0.265	0.258	0.363	0.328	0.265	0.341	0.366	0.228	0.145	0.145
06/03/25 20:00	0.268	0.264	0.257	0.364	0.331	0.249	0.335	0.359	0.226	0.145	0.145
06/03/25 21:00	0.262	0.260	0.255	0.362	0.342	0.234	0.326	0.354	0.232	0.189	0.141
06/03/25 22:00	0.263	0.259	0.254	0.360	0.350	0.220	0.318	0.342	0.232	0.180	0.141
06/03/25 23:00	0.261	0.259	0.253	0.364	0.358	0.224	0.314	0.333	0.228	0.165	0.145
07/03/25 00:00	0.258	0.257	0.254	0.355	0.364	0.217	0.304	0.321	0.228	0.145	0.145
07/03/25 01:00	0.258	0.258	0.252	0.346	0.370	0.220	0.304	0.320	0.221	0.145	0.145
07/03/25 02:00	0.258	0.257	0.251	0.336	0.378	0.232	0.307	0.327	0.221	0.145	0.145
07/03/25 03:00	0.257	0.257	0.251	0.339	0.381	0.239	0.304	0.334	0.228	0.145	0.145
07/03/25 04:00	0.258	0.257	0.251	0.341	0.381	0.239	0.301	0.348	0.228	0.145	0.145
07/03/25 05:00	0.259	0.256	0.251	0.340	0.376	0.246	0.301	0.351	0.228	0.145	0.145
07/03/25 06:00	0.262	0.258	0.252	0.341	0.376	0.273	0.304	0.352	0.228	0.145	0.145
07/03/25 07:00	0.266	0.263	0.254	0.344	0.370	0.292	0.299	0.359	0.228	0.145	0.145
07/03/25 08:00	0.269	0.264	0.256	0.332	0.330	0.303	0.255	0.300	0.228	0.145	0.145
07/03/25 09:00	0.268	0.263	0.256	0.313	0.279	0.301	0.196	0.181	0.170	0.145	0.145
07/03/25 10:00	0.267	0.263	0.254	0.289	0.243	0.281	0.143	0.106	0.120	0.121	0.121
07/03/25 11:00	0.267	0.261	0.253	0.251	0.201	0.265	0.097	0.079	0.120	0.141	0.145
07/03/25 12:00	0.264	0.259	0.252	0.241	0.190	0.247	0.091	0.073	0.120	0.141	0.142
07/03/25 13:00	0.263	0.260	0.252	0.247	0.192	0.244	0.095	0.075	0.120	0.141	0.142
07/03/25 14:00	0.262	0.258	0.251	0.245	0.198	0.255	0.100	0.083	0.197	0.145	0.145
07/03/25 15:00	0.262	0.258	0.252	0.262	0.213	0.263	0.126	0.128	0.233	0.155	0.145
07/03/25 16:00	0.263	0.259	0.253	0.283	0.245	0.283	0.154	0.222	0.235	0.145	0.145
07/03/25 17:00	0.265	0.260	0.256	0.325	0.293	0.312	0.186	0.314	0.235	0.189	0.155
07/03/25 18:00	0.269	0.261	0.258	0.352	0.333	0.333	0.206	0.391	0.235	0.189	0.155
07/03/25 19:00	0.270	0.262	0.259	0.358	0.347	0.343	0.213	0.400	0.233	0.180	0.145
07/03/25 20:00	0.264	0.260	0.256	0.363	0.348	0.354	0.198	0.403	0.233	0.189	0.145
07/03/25 21:00	0.260	0.259	0.253	0.367	0.343	0.359	0.186	0.401	0.230	0.155	0.145
07/03/25 22:00	0.260	0.259	0.253	0.368	0.340	0.356	0.174	0.395	0.228	0.145	0.145
07/03/25 23:00	0.260	0.258	0.251	0.371	0.340	0.356	0.169	0.395	0.209	0.145	0.145
08/03/25 00:00	0.258	0.256	0.249	0.373	0.332	0.358	0.165	0.380	0.197	0.145	0.145
08/03/25 01:00	0.257	0.259	0.248	0.372	0.332	0.358	0.169	0.366	0.120	0.120	0.112
08/03/25 02:00	0.257	0.256	0.245	0.370	0.325	0.362	0.175	0.365	0.120	0.120	0.112
08/03/25 03:00	0.255	0.258	0.244	0.369	0.324	0.362	0.177	0.374	0.120	0.114	0.114
08/03/25 04:00	0.256	0.259	0.244	0.371	0.326	0.365	0.175	0.380	0.112	0.107	0.112
08/03/25 05:00	0.256	0.256	0.244	0.374	0.326	0.361	0.178	0.381	0.112	0.114	0.114
08/03/25 06:00	0.259	0.262	0.244	0.374	0.330	0.354	0.194	0.369	0.120	0.114	0.114
08/03/25 07:00	0.262	0.261	0.244	0.372	0.333	0.350	0.203	0.335	0.120	0.114	0.114
08/03/25 08:00	0.269	0.273	0.245	0.359	0.294	0.330	0.172	0.232	0.094	0.072	0.081
08/03/25 09:00	0.271	0.268	0.247	0.341	0.232	0.307	0.118	0.131	0.072	0.072	0.081
08/03/25 10:00	0.263	0.263	0.250	0.322	0.180	0.284	0.084	0.089	0.094	0.072	0.112
08/03/25 11:00	0.260	0.260	0.250	0.306	0.147	0.250	0.066	0.071	0.080	0.072	0.112
08/03/25 12:00	0.260	0.259	0.250	0.289	0.134	0.237	0.054	0.070	0.094	0.072	0.072
08/03/25 13:00	0.260	0.259	0.249	0.288	0.137	0.255	0.054	0.068	0.112	0.072	0.072
08/03/25 14:00	0.258	0.259	0.248	0.301	0.152	0.266	0.054	0.064	0.112	0.072	0.072
08/03/25 15:00	0.259	0.259	0.250	0.316	0.181	0.273	0.057	0.078	0.094	0.072	0.072
08/03/25 16:00	0.260	0.258	0.251	0.334	0.224	0.291	0.072	0.128	0.104	0.114	0.114
08/03/25 17:00	0.261	0.260	0.252	0.351	0.283	0.318	0.106	0.229	0.094	0.114	0.114
08/03/25 18:00	0.263	0.263	0.255	0.358	0.331	0.327	0.141	0.316	0.095	0.120	0.112
08/03/25 19:00	0.261	0.264	0.256	0.358	0.349	0.330	0.153	0.331	0.095	0.120	0.120
08/03/25 20:00	0.259	0.261	0.256	0.355	0.354	0.324	0.141	0.321	0.095	0.114	0.114
08/03/25 21:00	0.258	0.259	0.255	0.350	0.354	0.319	0.133	0.293	0.094	0.114	0.114
08/03/25 22:00	0.258	0.258	0.255	0.343	0.346	0.324	0.131	0.267	0.112	0.114	0.114
08/03/25 23:00	0.257	0.257	0.254	0.333	0.346	0.324	0.135	0.263	0.094	0.114	0.114
09/03/25 00:00	0.255	0.256	0.252	0.326	0.348	0.327	0.133	0.285	0.112	0.114	0.114
09/03/25 01:00	0.250	0.256	0.252	0.324	0.352	0.335	0.132	0.315	0.112	0.114	0.114
09/03/25 02:00	0.254	0.256	0.252	0.319	0.359	0.342	0.134	0.322	0.112	0.114	0.114
09/03/25 03:00	0.254	0.255	0.251	0.324	0.357	0.355	0.140	0.347	0.104	0.114	0.114
09/03/25 04:00	0.255	0.250	0.251	0.332	0.360	0.362	0.146	0.360	0.104	0.114	0.114
09/03/25 05:00	0.257	0.251	0.252	0.343	0.364	0.366	0.152	0.363	0.112	0.114	0.114
09/03/25 06:00	0.259	0.257	0.257	0.348	0.370	0.370	0.168	0.350	0.104	0.112	0.114
09/03/25 07:00	0.265	0.255	0.262	0.349	0.368	0.369	0.174	0.322	0.104	0.114	0.114
09/03/25 08:00	0.267	0.257	0.264	0.349	0.333	0.351	0.143	0.213	0.072	0.114	0.114
09/03/25 09:00	0.268	0.264	0.261	0.341	0.277	0.326	0.103	0.128	0.072	0.072	0.072
09/03/25 10:00	0.264	0.263	0.259	0.332	0.232	0.304	0.076	0.092	0.072	0.072	0.081
09/03/25 11:00	0.266	0.260	0.258	0.324	0.205	0.302	0.068	0.080	0.072	0.095	0.095
09/03/25 12:00	0.259	0.258	0.257	0.326	0.190	0.304	0.067	0.075	0.072	0.095	0.095
09/03/25 13:00	0.262	0.259	0.256	0.331	0.186	0.308	0.060	0.070	0.072	0.095	0.095
09/03/25 14:00	0.260	0.257	0.256	0.338	0.195	0.317	0.060	0.079	0.072	0.095	0.095
09/03/25 15:00	0.260	0.256	0.256	0.346	0.218	0.320	0.058	0.098	0.080	0.114	0.114
09/03/25 16:00	0.261	0.260	0.257	0.354	0.263	0.329	0.086	0.161	0.112	0.112	0.120
09/03/25 17:00	0.262	0.260	0.260	0.363	0.322	0.345	0.125	0.271	0.226	0.145	0.145
09/03/25 18:00	0.266	0.258	0.266	0.373	0.367	0.354	0.149	0.369	0.226	0.145	0.145
09/03/25 19:00	0.265	0.263	0.268	0.376	0.372	0.350	0.150	0.376	0.226	0.145	0.145
09/03/25 20:00	0.263	0.261	0.259	0.374	0.372	0.340	0.137	0.372	0.226	0.145	0.145
09/03/25 21:00	0.261	0.263	0.257	0.372	0.371	0.328	0.125	0.374	0.226	0.141	0.141
09/03/25 22:00	0.259	0.266	0.256	0.372	0.368	0.317	0.129	0.378	0.197	0.141	0.141
09/03/25 23:00	0.258	0.269	0.252	0.370	0.367	0.302	0.133	0.383	0.197	0.120	0.112
10/03/25 00:00	0.255	0.270	0.251	0.369	0.374	0.277	0.143	0.391	0.120	0.120	0.112
10/03/25 01:00	0.255	0.269	0.251	0.367	0.377	0.255	0.149	0.398	0.110	0.120	0.112
10/03/25 02:00	0.254	0.269	0.250	0.360	0.376	0.246	0.152	0.405	0.104	0.120	0.112
10/03/25 03:00	0.254	0.269	0.247	0.357	0.379	0.251	0.137	0.407	0.104	0.120	0.120
10/03/25 04:00	0.253	0.266	0.246	0.350	0.385	0.258	0.126	0.408	0.104	0.112	0.114
10/03/25 05:00	0.253	0.261	0.247	0.343	0.389	0.271	0.120	0.406	0.104	0.112	0.114
10/03/25 06:00	0.254	0.260	0.251	0.337	0.385	0.293	0.122	0.398	0.112	0.114	0.120
10/03/25 07:00	0.254	0.253	0.254	0.322	0.376	0.304	0.126	0.383	0.112	0.114	0.114
10/03/25 08:00	0.258	0.260	0.255	0.308	0.330	0.289	0.114	0.316	0.094	0.072	0.072
10/03/25 09:00	0.258	0.260	0.258	0.293	0.261	0.269	0.097	0.240	0.072	0.072	0.072
10/03/25 10:00	0.258	0.260	0.257	0.274	0.207	0.253	0.082	0.177	0.072	0.072	0.072
10/03/25 11:00	0.257	0.260	0.255	0.257	0.173	0.234	0.080	0.133	0.072	0.072	0.072
10/03/25 12:00	0.257	0.262	0.254	0.240	0.148	0.226	0.081	0.111	0.072	0.072	0.072
10/03/25 13:00	0.257	0.256	0.254	0.226	0.136	0.224	0.079	0.120	0.072	0.072	0.072
10/03/25 14:00	0.256	0.256	0.254	0.226	0.148	0.228	0.083	0.147	0.072	0.072	0.072
10/03/25 15:00	0.257	0.256	0.251	0.236	0.176	0.232	0.090	0.180	0.072	0.072	0.072
10/03/25 16:00	0.258	0.256	0.250	0.245	0.226	0.233	0.118	0.233	0.112	0.114	0.114
10/03/25 17:00	0.259	0.257	0.251	0.256	0.291	0.234	0.157	0.295	0.112	0.114	0.114
10/03/25 18:00	0.260	0.259	0.253	0.259	0.341	0.250	0.197	0.347	0.112	0.112	0.112
10/03/25 19:00	0.261	0.259	0.253	0.258	0.350	0.259	0.219	0.355	0.112	0.114	0.114
10/03/25 20:00	0.259	0.257	0.254	0.229	0.343	0.256	0.219	0.356	0.112	0.114	0.114
10/03/25 21:00	0.258	0.257	0.253	0.191	0.336	0.255	0.219	0.352	0.112	0.114	0.114
10/03/25 22:00	0.258	0.259	0.252	0.177	0.325	0.265	0.228	0.356	0.112	0.112	0.114
10/03/25 23:00	0.257	0.256	0.250	0.168	0.307	0.282	0.231	0.353	0.112	0.112	0.114
11/03/25 00:00	0.255	0.256	0.249	0.156	0.279	0.292	0.231	0.342	0.112	0.107	0.114
11/03/25 01:00	0.253	0.259	0.249	0.154	0.238	0.309	0.228	0.338	0.112	0.112	0.114
11/03/25 02:00	0.254	0.259	0.250	0.151	0.219	0.328	0.239	0.335	0.112	0.107	0.114
11/03/25 03:00	0.252	0.256	0.247	0.144	0.214	0.351	0.242	0.325	0.112	0.107	0.114
11/03/25 04:00	0.252	0.256	0.247	0.143	0.205	0.373	0.247	0.306	0.112	0.107	0.114
11/03/25 05:00	0.251	0.256	0.250	0.150	0.210	0.384	0.262	0.304	0.112	0.107	0.114
11/03/25 06:00	0.255	0.259	0.252	0.170	0.213	0.393	0.283	0.301	0.112	0.112	0.114
11/03/25 07:00	0.254	0.263	0.256	0.197	0.212	0.381	0.296	0.319	0.112	0.112	0.112
11/03/25 08:00	0.254	0.263	0.257	0.210	0.180	0.298	0.296	0.318	0.112	0.072	0.072
11/03/25 09:00	0.255	0.262	0.256	0.198	0.137	0.231	0.285	0.302	0.112	0.072	0.112
11/03/25 10:00	0.256	0.261	0.255	0.181	0.106	0.194	0.273	0.276	0.112	0.072	0.112
11/03/25 11:00	0.257	0.260	0.254	0.191	0.086	0.191	0.272	0.257	0.094	0.072	0.072
11/03/25 12:00	0.255	0.259	0.252	0.182	0.079	0.159	0.262	0.236	0.072	0.072	0.072
11/03/25 13:00	0.254	0.258	0.251	0.147	0.077	0.127	0.256	0.210	0.072	0.072	0.072
11/03/25 14:00	0.252	0.257	0.251	0.129	0.080	0.129	0.274	0.210	0.080	0.072	0.072
11/03/25 15:00	0.252	0.257	0.251	0.119	0.089	0.151	0.286	0.208	0.094	0.112	0.112
11/03/25 16:00	0.253	0.259	0.252	0.136	0.117	0.204	0.305	0.218	0.112	0.114	0.120
11/03/25 17:00	0.255	0.262	0.256	0.170	0.158	0.279	0.320	0.258	0.120	0.120	0.120
11/03/25 18:00	0.257	0.264	0.257	0.187	0.191	0.359	0.323	0.301	0.120	0.120	0.120
11/03/25 19:00	0.263	0.267	0.258	0.193	0.210	0.384	0.322	0.330	0.120	0.120	0.120
11/03/25 20:00	0.261	0.264	0.253	0.185	0.211	0.396	0.318	0.343	0.112	0.120	0.120
11/03/25 21:00	0.258	0.262	0.252	0.166	0.198	0.395	0.318	0.355	0.112	0.114	0.120
11/03/25 22:00	0.255	0.262	0.251	0.159	0.185	0.393	0.310	0.363	0.112	0.114	0.120
11/03/25 23:00	0.255	0.261	0.249	0.147	0.185	0.385	0.305	0.365	0.112	0.120	0.120
12/03/25 00:00	0.255	0.259	0.249	0.144	0.180	0.372	0.305	0.363	0.112	0.120	0.120
12/03/25 01:00	0.257	0.258	0.247	0.141	0.170	0.339	0.297	0.365	0.120	0.120	0.112
12/03/25 02:00	0.258	0.257	0.245	0.140	0.170	0.316	0.293	0.360	0.112	0.120	0.120
12/03/25 03:00	0.258	0.256	0.242	0.142	0.174	0.295	0.295	0.359	0.112	0.120	0.112
12/03/25 04:00	0.258	0.255	0.241	0.147	0.175	0.276	0.301	0.354	0.112	0.120	0.112
12/03/25 05:00	0.258	0.257	0.245	0.160	0.182	0.261	0.307	0.361	0.112	0.120	0.112
12/03/25 06:00	0.263	0.262	0.251	0.186	0.196	0.248	0.324	0.367	0.112	0.120	0.120
12/03/25 07:00	0.266	0.265	0.258	0.202	0.211	0.232	0.330	0.360	0.120	0.145	0.155
12/03/25 08:00	0.265	0.264	0.260	0.193	0.191	0.213	0.327	0.317	0.120	0.120	0.120
12/03/25 09:00	0.270	0.263	0.256	0.169	0.158	0.200	0.311	0.258	0.094	0.112	0.120
12/03/25 10:00	0.267	0.261	0.249	0.167	0.132	0.182	0.285	0.225	0.072	0.095	0.112
12/03/25 11:00	0.266	0.261	0.248	0.171	0.119	0.163	0.259	0.208	0.072	0.072	0.072
12/03/25 12:00	0.261	0.261	0.244	0.170	0.111	0.150	0.228	0.191	0.072	0.072	0.072
12/03/25 13:00	0.260	0.261	0.244	0.168	0.117	0.135	0.216	0.207	0.072	0.072	0.072
12/03/25 14:00	0.261	0.260	0.248	0.177	0.142	0.130	0.218	0.220	0.072	0.095	0.114
12/03/25 15:00	0.263	0.260	0.254	0.175	0.183	0.128	0.239	0.238	0.094	0.095	0.095
12/03/25 16:00	0.263	0.260	0.252	0.166	0.225	0.141	0.268	0.261	0.112	0.120	0.120
12/03/25 17:00	0.270	0.260	0.257	0.175	0.275	0.169	0.286	0.303	0.226	0.197	0.207
12/03/25 18:00	0.264	0.261	0.257	0.190	0.330	0.194	0.296	0.372	0.226	0.120	0.120
12/03/25 19:00	0.280	0.264	0.259	0.207	0.338	0.201	0.293	0.398	0.226	0.120	0.120
12/03/25 20:00	0.277	0.262	0.259	0.210	0.319	0.197	0.288	0.402	0.228	0.212	0.219
12/03/25 21:00	0.264	0.259	0.257	0.197	0.282	0.194	0.283	0.402	0.228	0.197	0.219
12/03/25 22:00	0.263	0.259	0.255	0.179	0.249	0.180	0.279	0.402	0.226	0.120	0.120
12/03/25 23:00	0.263	0.257	0.254	0.167	0.238	0.172	0.264	0.401	0.120	0.120	0.120
13/03/25 00:00	0.258	0.256	0.251	0.146	0.223	0.169	0.247	0.399	0.120	0.120	0.120
13/03/25 01:00	0.257	0.257	0.249	0.138	0.214	0.164	0.246	0.390	0.120	0.120	0.120
13/03/25 02:00	0.254	0.257	0.243	0.127	0.207	0.159	0.237	0.385	0.120	0.191	0.191
13/03/25 03:00	0.252	0.257	0.248	0.123	0.187	0.153	0.219	0.395	0.120	0.120	0.120
13/03/25 04:00	0.253	0.256	0.248	0.122	0.187	0.149	0.225	0.397	0.120	0.112	0.120
13/03/25 05:00	0.255	0.254	0.251	0.129	0.192	0.150	0.242	0.393	0.120	0.120	0.120
13/03/25 06:00	0.260	0.257	0.256	0.132	0.201	0.152	0.259	0.391	0.183	0.155	0.120
13/03/25 07:00	0.268	0.261	0.255	0.133	0.207	0.159	0.265	0.378	0.226	0.155	0.120
13/03/25 08:00	0.272	0.266	0.256	0.130	0.196	0.160	0.253	0.321	0.228	0.207	0.219
13/03/25 09:00	0.280	0.264	0.252	0.114	0.159	0.145	0.229	0.274	0.112	0.120	0.120
13/03/25 10:00	0.282	0.261	0.253	0.107	0.122	0.121	0.206	0.233	0.112	0.189	0.112
13/03/25 11:00	0.278	0.261	0.249	0.099	0.104	0.107	0.189	0.227	0.104	0.120	0.155
13/03/25 12:00	0.274	0.261	0.253	0.099	0.101	0.105	0.181	0.224	0.104	0.120	0.120
13/03/25 13:00	0.272	0.261	0.252	0.095	0.094	0.101	0.175	0.227	0.104	0.120	0.120
13/03/25 14:00	0.269	0.259	0.251	0.102	0.099	0.094	0.175	0.225	0.112	0.112	0.120
13/03/25 15:00	0.266	0.259	0.255	0.112	0.116	0.099	0.179	0.244	0.120	0.189	0.189
13/03/25 16:00	0.271	0.260	0.254	0.117	0.164	0.114	0.188	0.256	0.228	0.207	0.219
13/03/25 17:00	0.266	0.261	0.255	0.139	0.245	0.142	0.200	0.284	0.235	0.212	0.219
13/03/25 18:00	0.275	0.259	0.258	0.152	0.297	0.172	0.212	0.324	0.235	0.212	0.219
13/03/25 19:00	0.315	0.263	0.260	0.172	0.306	0.180	0.223	0.347	0.235	0.212	0.219
13/03/25 20:00	0.289	0.259	0.258	0.172	0.303	0.186	0.214	0.362	0.235	0.212	0.219
13/03/25 21:00	0.278	0.259	0.257	0.172	0.297	0.188	0.198	0.367	0.235	0.207	0.219
13/03/25 22:00	0.268	0.259	0.257	0.170	0.296	0.180	0.184	0.380	0.235	0.212	0.219
13/03/25 23:00	0.266	0.257	0.256	0.164	0.299	0.173	0.175	0.381	0.228	0.212	0.219
14/03/25 00:00	0.263	0.257	0.256	0.151	0.299	0.165	0.164	0.387	0.235	0.212	0.219
14/03/25 01:00	0.263	0.257	0.255	0.152	0.311	0.155	0.151	0.390	0.228	0.212	0.219
14/03/25 02:00	0.260	0.258	0.255	0.155	0.333	0.149	0.152	0.394	0.228	0.212	0.219
14/03/25 03:00	0.257	0.255	0.253	0.160	0.336	0.151	0.157	0.390	0.228	0.212	0.219
14/03/25 04:00	0.257	0.253	0.252	0.162	0.330	0.152	0.162	0.391	0.228	0.212	0.219
14/03/25 05:00	0.261	0.253	0.251	0.176	0.336	0.157	0.173	0.389	0.235	0.219	0.219
14/03/25 06:00	0.263	0.258	0.254	0.182	0.349	0.162	0.199	0.391	0.232	0.234	0.234
14/03/25 07:00	0.272	0.262	0.253	0.199	0.349	0.174	0.213	0.382	0.235	0.234	0.234
14/03/25 08:00	0.278	0.262	0.256	0.193	0.340	0.178	0.175	0.313	0.241	0.219	0.219
14/03/25 09:00	0.274	0.262	0.256	0.159	0.318	0.165	0.117	0.261	0.236	0.219	0.219
14/03/25 10:00	0.267	0.261	0.253	0.135	0.290	0.143	0.084	0.236	0.235	0.207	0.219
14/03/25 11:00	0.265	0.261	0.252	0.127	0.264	0.117	0.071	0.213	0.235	0.219	0.219
14/03/25 12:00	0.263	0.261	0.252	0.113	0.230	0.096	0.064	0.218	0.235	0.197	0.219
14/03/25 13:00	0.263	0.260	0.251	0.112	0.213	0.086	0.063	0.218	0.235	0.197	0.219
14/03/25 14:00	0.263	0.258	0.250	0.105	0.209	0.087	0.076	0.225	0.235	0.219	0.219
14/03/25 15:00	0.263	0.258	0.251	0.104	0.224	0.110	0.095	0.227	0.235	0.207	0.219
14/03/25 16:00	0.265	0.259	0.252	0.117	0.255	0.155	0.147	0.233	0.235	0.219	0.219
14/03/25 17:00	0.267	0.260	0.256	0.152	0.312	0.210	0.206	0.247	0.241	0.219	0.219
14/03/25 18:00	0.270	0.260	0.257	0.199	0.365	0.255	0.247	0.282	0.241	0.219	0.219
14/03/25 19:00	0.269	0.263	0.258	0.227	0.380	0.283	0.252	0.301	0.235	0.212	0.212
14/03/25 20:00	0.263	0.262	0.252	0.229	0.383	0.305	0.231	0.312	0.235	0.219	0.219
14/03/25 21:00	0.262	0.258	0.253	0.220	0.383	0.303	0.192	0.302	0.235	0.212	0.219
14/03/25 22:00	0.262	0.259	0.252	0.226	0.383	0.291	0.174	0.290	0.241	0.234	0.219
14/03/25 23:00	0.256	0.259	0.251	0.221	0.381	0.264	0.160	0.290	0.235	0.234	0.219
15/03/25 00:00	0.252	0.254	0.249	0.217	0.379	0.269	0.144	0.282	0.235	0.212	0.219
15/03/25 01:00	0.249	0.258	0.247	0.208	0.378	0.291	0.135	0.280	0.235	0.212	0.219
15/03/25 02:00	0.248	0.258	0.245	0.205	0.378	0.309	0.131	0.295	0.228	0.212	0.219
15/03/25 03:00	0.246	0.256	0.244	0.214	0.378	0.331	0.126	0.304	0.228	0.212	0.219
15/03/25 04:00	0.245	0.257	0.243	0.222	0.379	0.334	0.125	0.291	0.230	0.212	0.219
15/03/25 05:00	0.248	0.255	0.244	0.233	0.380	0.343	0.123	0.292	0.235	0.234	0.219
15/03/25 06:00	0.259	0.257	0.244	0.253	0.382	0.353	0.127	0.285	0.232	0.234	0.219
15/03/25 07:00	0.263	0.261	0.246	0.249	0.380	0.355	0.131	0.268	0.235	0.234	0.219
15/03/25 08:00	0.267	0.260	0.244	0.232	0.368	0.293	0.116	0.210	0.235	0.219	0.219
15/03/25 09:00	0.268	0.260	0.248	0.210	0.354	0.226	0.095	0.131	0.235	0.197	0.219
15/03/25 10:00	0.262	0.259	0.251	0.193	0.338	0.168	0.081	0.088	0.228	0.219	0.219
15/03/25 11:00	0.263	0.259	0.250	0.172	0.319	0.145	0.079	0.071	0.228	0.197	0.219
15/03/25 12:00	0.261	0.259	0.252	0.158	0.305	0.126	0.075	0.072	0.228	0.197	0.219
15/03/25 13:00	0.268	0.257	0.252	0.140	0.279	0.122	0.071	0.073	0.228	0.197	0.219
15/03/25 14:00	0.268	0.260	0.249	0.145	0.276	0.134	0.071	0.078	0.228	0.197	0.212
15/03/25 15:00	0.270	0.259	0.246	0.151	0.295	0.157	0.078	0.087	0.228	0.234	0.219
15/03/25 16:00	0.271	0.260	0.251	0.171	0.307	0.215	0.091	0.133	0.241	0.234	0.219
15/03/25 17:00	0.274	0.260	0.251	0.199	0.337	0.293	0.115	0.206	0.396	0.364	0.264
15/03/25 18:00	0.267	0.259	0.252	0.224	0.377	0.353	0.134	0.250	0.396	0.364	0.315
15/03/25 19:00	0.277	0.262	0.256	0.233	0.382	0.364	0.144	0.274	0.396	0.315	0.241
15/03/25 20:00	0.274	0.261	0.257	0.235	0.380	0.362	0.137	0.287	0.241	0.315	0.241
15/03/25 21:00	0.268	0.259	0.255	0.244	0.373	0.351	0.124	0.295	0.241	0.241	0.241
15/03/25 22:00	0.264	0.259	0.254	0.248	0.367	0.336	0.116	0.304	0.241	0.241	0.241
15/03/25 23:00	0.263	0.259	0.255	0.250	0.369	0.315	0.120	0.302	0.241	0.241	0.241
16/03/25 00:00	0.260	0.259	0.251	0.248	0.371	0.300	0.119	0.314	0.234	0.241	0.234
16/03/25 01:00	0.262	0.259	0.249	0.257	0.369	0.276	0.124	0.319	0.232	0.240	0.234
16/03/25 02:00	0.261	0.259	0.249	0.271	0.365	0.245	0.127	0.313	0.230	0.234	0.234
16/03/25 03:00	0.260	0.258	0.249	0.282	0.363	0.222	0.131	0.316	0.234	0.234	0.234
16/03/25 04:00	0.261	0.258	0.249	0.299	0.358	0.216	0.134	0.322	0.234	0.234	0.234
16/03/25 05:00	0.261	0.259	0.250	0.313	0.349	0.220	0.135	0.336	0.240	0.234	0.234
16/03/25 06:00	0.264	0.257	0.256	0.330	0.352	0.234	0.152	0.331	0.237	0.234	0.234
16/03/25 07:00	0.268	0.255	0.258	0.341	0.346	0.232	0.172	0.278	0.235	0.191	0.191
16/03/25 08:00	0.275	0.256	0.258	0.334	0.307	0.212	0.161	0.164	0.213	0.145	0.145
16/03/25 09:00	0.278	0.257	0.257	0.317	0.244	0.188	0.148	0.111	0.104	0.141	0.142
16/03/25 10:00	0.276	0.258	0.253	0.302	0.189	0.156	0.135	0.088	0.094	0.142	0.142
16/03/25 11:00	0.274	0.257	0.252	0.292	0.156	0.117	0.120	0.081	0.094	0.120	0.120
16/03/25 12:00	0.270	0.256	0.251	0.285	0.149	0.110	0.119	0.079	0.094	0.120	0.120
16/03/25 13:00	0.267	0.252	0.252	0.288	0.165	0.102	0.111	0.078	0.094	0.127	0.127
16/03/25 14:00	0.265	0.255	0.252	0.301	0.179	0.093	0.113	0.076	0.104	0.141	0.142
16/03/25 15:00	0.264	0.255	0.253	0.317	0.198	0.102	0.123	0.089	0.104	0.145	0.145
16/03/25 16:00	0.265	0.255	0.254	0.334	0.228	0.132	0.160	0.130	0.202	0.145	0.145
16/03/25 17:00	0.267	0.258	0.256	0.349	0.267	0.180	0.232	0.221	0.228	0.189	0.189
16/03/25 18:00	0.267	0.259	0.261	0.348	0.290	0.238	0.304	0.309	0.235	0.191	0.191
16/03/25 19:00	0.276	0.258	0.269	0.337	0.298	0.259	0.334	0.350	0.235	0.207	0.207
16/03/25 20:00	0.265	0.257	0.260	0.339	0.295	0.246	0.339	0.363	0.235	0.207	0.207
16/03/25 21:00	0.261	0.256	0.256	0.335	0.284	0.221	0.336	0.364	0.232	0.191	0.191
16/03/25 22:00	0.262	0.255	0.256	0.327	0.266	0.207	0.325	0.370	0.228	0.191	0.191
16/03/25 23:00	0.258	0.256	0.254	0.320	0.246	0.207	0.312	0.359	0.226	0.145	0.145
17/03/25 00:00	0.267	0.256	0.252	0.309	0.242	0.191	0.280	0.327	0.202	0.145	0.145
17/03/25 01:00	0.264	0.252	0.251	0.300	0.214	0.193	0.261	0.316	0.200	0.145	0.145
17/03/25 02:00	0.259	0.249	0.250	0.300	0.203	0.204	0.255	0.317	0.170	0.141	0.141
17/03/25 03:00	0.257	0.240	0.250	0.295	0.195	0.216	0.252	0.319	0.197	0.141	0.141
17/03/25 04:00	0.257	0.244	0.251	0.290	0.193	0.227	0.234	0.323	0.170	0.145	0.145
17/03/25 05:00	0.257	0.256	0.251	0.299	0.195	0.244	0.224	0.326	0.209	0.141	0.141
17/03/25 06:00	0.265	0.258	0.254	0.307	0.219	0.281	0.227	0.325	0.203	0.145	0.145
17/03/25 07:00	0.264	0.257	0.256	0.304	0.246	0.291	0.217	0.310	0.112	0.142	0.142
17/03/25 08:00	0.265	0.257	0.256	0.289	0.256	0.252	0.164	0.259	0.072	0.107	0.112
17/03/25 09:00	0.267	0.258	0.255	0.271	0.248	0.192	0.138	0.158	0.072	0.072	0.072
17/03/25 10:00	0.269	0.258	0.250	0.256	0.223	0.140	0.120	0.092	0.072	0.072	0.081
17/03/25 11:00	0.271	0.257	0.250	0.254	0.186	0.113	0.097	0.070	0.072	0.072	0.072
17/03/25 12:00	0.265	0.257	0.250	0.256	0.156	0.112	0.101	0.067	0.072	0.072	0.081
17/03/25 13:00	0.264	0.257	0.250	0.260	0.151	0.124	0.100	0.065	0.072	0.072	0.072
17/03/25 14:00	0.262	0.256	0.250	0.257	0.165	0.157	0.096	0.063	0.072	0.072	0.081
17/03/25 15:00	0.260	0.256	0.251	0.257	0.196	0.202	0.101	0.081	0.094	0.114	0.114
17/03/25 16:00	0.262	0.256	0.252	0.271	0.242	0.260	0.132	0.143	0.112	0.112	0.120
17/03/25 17:00	0.268	0.259	0.254	0.298	0.297	0.329	0.166	0.215	0.112	0.112	0.120
17/03/25 18:00	0.270	0.258	0.257	0.323	0.354	0.362	0.202	0.285	0.202	0.112	0.120
17/03/25 19:00	0.275	0.263	0.258	0.346	0.374	0.359	0.209	0.321	0.170	0.112	0.120
17/03/25 20:00	0.270	0.261	0.256	0.342	0.376	0.366	0.193	0.325	0.120	0.112	0.120
17/03/25 21:00	0.267	0.258	0.254	0.341	0.375	0.366	0.185	0.323	0.120	0.112	0.120
17/03/25 22:00	0.267	0.258	0.254	0.345	0.374	0.364	0.195	0.314	0.120	0.112	0.120
17/03/25 23:00	0.262	0.258	0.252	0.352	0.372	0.361	0.200	0.308	0.120	0.112	0.120
18/03/25 00:00	0.258	0.255	0.250	0.358	0.366	0.350	0.201	0.308	0.120	0.141	0.141
18/03/25 01:00	0.258	0.256	0.250	0.366	0.365	0.345	0.201	0.317	0.120	0.141	0.141
18/03/25 02:00	0.258	0.256	0.249	0.363	0.374	0.349	0.220	0.334	0.112	0.112	0.120
18/03/25 03:00	0.258	0.258	0.249	0.364	0.386	0.347	0.232	0.346	0.112	0.112	0.120
18/03/25 04:00	0.257	0.258	0.249	0.365	0.390	0.347	0.251	0.360	0.112	0.141	0.120
18/03/25 05:00	0.257	0.259	0.250	0.362	0.389	0.348	0.279	0.361	0.112	0.141	0.141
18/03/25 06:00	0.257	0.260	0.251	0.362	0.389	0.354	0.306	0.357	0.112	0.141	0.141
18/03/25 07:00	0.257	0.263	0.254	0.356	0.374	0.334	0.313	0.331	0.112	0.114	0.120
18/03/25 08:00	0.257	0.267	0.254	0.344	0.325	0.260	0.293	0.231	0.094	0.095	0.095
18/03/25 09:00	0.258	0.262	0.251	0.329	0.279	0.183	0.263	0.125	0.072	0.095	0.095
18/03/25 10:00	0.257	0.260	0.249	0.318	0.231	0.132	0.225	0.071	0.094	0.095	0.095
18/03/25 11:00	0.256	0.259	0.249	0.309	0.192	0.114	0.191	0.061	0.072	0.072	0.095
18/03/25 12:00	0.256	0.256	0.249	0.306	0.168	0.122	0.155	0.060	0.072	0.072	0.095
18/03/25 13:00	0.254	0.257	0.249	0.295	0.160	0.132	0.163	0.060	0.094	0.072	0.095
18/03/25 14:00	0.253	0.257	0.250	0.291	0.168	0.133	0.173	0.059	0.095	0.107	0.112
18/03/25 15:00	0.254	0.258	0.251	0.295	0.182	0.155	0.181	0.069	0.112	0.120	0.120
18/03/25 16:00	0.256	0.258	0.253	0.294	0.214	0.193	0.216	0.117	0.198	0.120	0.145
18/03/25 17:00	0.258	0.262	0.255	0.304	0.263	0.267	0.263	0.201	0.228	0.145	0.145
18/03/25 18:00	0.259	0.262	0.257	0.317	0.301	0.329	0.308	0.279	0.232	0.191	0.191
18/03/25 19:00	0.275	0.265	0.258	0.323	0.319	0.349	0.326	0.318	0.232	0.197	0.207
18/03/25 20:00	0.263	0.262	0.256	0.326	0.316	0.338	0.325	0.319	0.235	0.197	0.207
18/03/25 21:00	0.264	0.261	0.254	0.324	0.303	0.329	0.323	0.318	0.235	0.207	0.155
18/03/25 22:00	0.262	0.260	0.255	0.322	0.301	0.306	0.314	0.315	0.228	0.191	0.155
18/03/25 23:00	0.261	0.259	0.253	0.324	0.288	0.308	0.293	0.326	0.228	0.191	0.155
19/03/25 00:00	0.260	0.258	0.252	0.314	0.272	0.301	0.263	0.349	0.228	0.191	0.155
19/03/25 01:00	0.259	0.258	0.251	0.314	0.250	0.294	0.252	0.372	0.228	0.141	0.141
19/03/25 02:00	0.259	0.258	0.251	0.317	0.244	0.296	0.242	0.388	0.228	0.191	0.155
19/03/25 03:00	0.258	0.257	0.250	0.316	0.232	0.299	0.233	0.396	0.228	0.145	0.145
19/03/25 04:00	0.258	0.257	0.250	0.324	0.239	0.311	0.234	0.398	0.228	0.145	0.145
19/03/25 05:00	0.259	0.259	0.252	0.339	0.245	0.327	0.246	0.398	0.228	0.145	0.145
19/03/25 06:00	0.265	0.262	0.254	0.345	0.257	0.334	0.262	0.394	0.228	0.141	0.141
19/03/25 07:00	0.271	0.264	0.256	0.339	0.239	0.320	0.263	0.370	0.228	0.145	0.145
19/03/25 08:00	0.272	0.266	0.255	0.309	0.171	0.274	0.240	0.273	0.211	0.145	0.145
19/03/25 09:00	0.274	0.263	0.253	0.269	0.123	0.219	0.202	0.155	0.112	0.120	0.120
19/03/25 10:00	0.271	0.262	0.252	0.226	0.093	0.198	0.154	0.089	0.104	0.114	0.114
19/03/25 11:00	0.266	0.261	0.251	0.196	0.080	0.180	0.107	0.070	0.094	0.114	0.114
19/03/25 12:00	0.264	0.260	0.250	0.177	0.079	0.168	0.095	0.069	0.100	0.114	0.114
19/03/25 13:00	0.263	0.260	0.251	0.169	0.075	0.156	0.102	0.069	0.104	0.120	0.120
19/03/25 14:00	0.262	0.260	0.251	0.178	0.077	0.174	0.107	0.069	0.112	0.120	0.120
19/03/25 15:00	0.264	0.260	0.253	0.193	0.079	0.206	0.120	0.100	0.120	0.120	0.120
19/03/25 16:00	0.264	0.261	0.254	0.229	0.090	0.248	0.164	0.184	0.197	0.120	0.120
19/03/25 17:00	0.267	0.263	0.255	0.271	0.129	0.302	0.223	0.293	0.197	0.120	0.120
19/03/25 18:00	0.275	0.266	0.258	0.308	0.171	0.332	0.280	0.387	0.226	0.120	0.120
19/03/25 19:00	0.287	0.269	0.260	0.325	0.199	0.349	0.305	0.420	0.226	0.120	0.120
19/03/25 20:00	0.268	0.265	0.256	0.333	0.207	0.348	0.320	0.422	0.224	0.120	0.120
19/03/25 21:00	0.264	0.262	0.254	0.342	0.204	0.348	0.330	0.421	0.224	0.120	0.120
19/03/25 22:00	0.263	0.261	0.253	0.345	0.197	0.347	0.336	0.423	0.226	0.120	0.120
19/03/25 23:00	0.262	0.259	0.253	0.347	0.185	0.348	0.337	0.427	0.200	0.120	0.120
20/03/25 00:00	0.260	0.258	0.249	0.352	0.179	0.344	0.342	0.433	0.148	0.120	0.120
20/03/25 01:00	0.258	0.257	0.249	0.356	0.181	0.334	0.344	0.434	0.148	0.120	0.120
20/03/25 02:00	0.259	0.256	0.248	0.363	0.177	0.333	0.344	0.433	0.146	0.120	0.120
20/03/25 03:00	0.257	0.256	0.248	0.369	0.173	0.324	0.342	0.432	0.202	0.120	0.120
20/03/25 04:00	0.257	0.256	0.249	0.373	0.170	0.307	0.344	0.430	0.120	0.120	0.120
20/03/25 05:00	0.258	0.257	0.252	0.372	0.160	0.281	0.345	0.424	0.120	0.120	0.120
20/03/25 06:00	0.260	0.259	0.253	0.371	0.169	0.270	0.344	0.422	0.148	0.120	0.120
20/03/25 07:00	0.269	0.261	0.256	0.359	0.170	0.262	0.330	0.395	0.112	0.120	0.120
20/03/25 08:00	0.273	0.265	0.255	0.329	0.146	0.245	0.288	0.296	0.112	0.120	0.120
20/03/25 09:00	0.273	0.262	0.254	0.292	0.132	0.220	0.231	0.166	0.094	0.114	0.114
20/03/25 10:00	0.259	0.261	0.253	0.246	0.129	0.191	0.173	0.105	0.072	0.114	0.114
20/03/25 11:00	0.258	0.259	0.252	0.207	0.130	0.178	0.152	0.081	0.094	0.114	0.114
20/03/25 12:00	0.258	0.258	0.250	0.197	0.143	0.179	0.149	0.075	0.094	0.112	0.114
20/03/25 13:00	0.258	0.258	0.250	0.198	0.159	0.187	0.147	0.075	0.072	0.112	0.114
20/03/25 14:00	0.259	0.258	0.249	0.211	0.156	0.202	0.164	0.086	0.072	0.114	0.114
20/03/25 15:00	0.258	0.259	0.250	0.229	0.171	0.214	0.210	0.130	0.094	0.114	0.114
20/03/25 16:00	0.259	0.260	0.251	0.265	0.214	0.228	0.259	0.224	0.112	0.141	0.141
20/03/25 17:00	0.262	0.261	0.252	0.314	0.276	0.246	0.299	0.318	0.226	0.141	0.141
20/03/25 18:00	0.267	0.264	0.253	0.339	0.323	0.267	0.334	0.394	0.221	0.141	0.141
20/03/25 19:00	0.284	0.266	0.253	0.342	0.348	0.286	0.349	0.412	0.148	0.120	0.120
20/03/25 20:00	0.271	0.263	0.252	0.343	0.365	0.291	0.348	0.409	0.120	0.120	0.120
20/03/25 21:00	0.264	0.261	0.249	0.341	0.365	0.292	0.343	0.396	0.120	0.120	0.120
20/03/25 22:00	0.262	0.260	0.250	0.336	0.368	0.287	0.336	0.379	0.120	0.120	0.120
20/03/25 23:00	0.261	0.258	0.249	0.325	0.368	0.286	0.332	0.354	0.120	0.120	0.120
21/03/25 00:00	0.259	0.257	0.248	0.305	0.363	0.289	0.315	0.342	0.112	0.120	0.120
21/03/25 01:00	0.259	0.256	0.246	0.293	0.365	0.297	0.277	0.344	0.112	0.120	0.120
21/03/25 02:00	0.259	0.256	0.245	0.281	0.364	0.307	0.250	0.357	0.112	0.120	0.120
21/03/25 03:00	0.259	0.255	0.244	0.253	0.359	0.307	0.236	0.354	0.112	0.120	0.120
21/03/25 04:00	0.259	0.255	0.244	0.241	0.359	0.309	0.213	0.343	0.120	0.120	0.120
21/03/25 05:00	0.259	0.257	0.244	0.230	0.363	0.310	0.221	0.342	0.120	0.120	0.120
21/03/25 06:00	0.267	0.261	0.243	0.232	0.372	0.304	0.254	0.332	0.120	0.114	0.120
21/03/25 07:00	0.274	0.260	0.245	0.234	0.361	0.296	0.289	0.275	0.112	0.114	0.114
21/03/25 08:00	0.277	0.261	0.247	0.208	0.305	0.281	0.297	0.169	0.072	0.072	0.095
21/03/25 09:00	0.273	0.261	0.244	0.179	0.250	0.260	0.274	0.083	0.072	0.072	0.072
21/03/25 10:00	0.269	0.258	0.243	0.163	0.205	0.231	0.249	0.044	0.072	0.072	0.095
21/03/25 11:00	0.266	0.257	0.243	0.160	0.181	0.193	0.228	0.029	0.072	0.072	0.081
21/03/25 12:00	0.265	0.256	0.243	0.159	0.164	0.162	0.204	0.028	0.072	0.072	0.072
21/03/25 13:00	0.264	0.256	0.243	0.158	0.162	0.154	0.186	0.026	0.072	0.072	0.072
21/03/25 14:00	0.263	0.256	0.241	0.161	0.178	0.156	0.189	0.028	0.072	0.072	0.072
21/03/25 15:00	0.263	0.257	0.242	0.160	0.216	0.162	0.183	0.029	0.072	0.072	0.072
21/03/25 16:00	0.263	0.258	0.243	0.178	0.277	0.190	0.203	0.038	0.112	0.120	0.120
21/03/25 17:00	0.267	0.260	0.247	0.219	0.336	0.209	0.237	0.067	0.120	0.120	0.120
21/03/25 18:00	0.273	0.262	0.249	0.267	0.377	0.226	0.264	0.102	0.202	0.141	0.141
21/03/25 19:00	0.277	0.266	0.260	0.298	0.381	0.242	0.276	0.106	0.226	0.120	0.120
21/03/25 20:00	0.272	0.262	0.253	0.310	0.379	0.241	0.261	0.103	0.226	0.155	0.120
21/03/25 21:00	0.261	0.261	0.250	0.313	0.375	0.228	0.235	0.084	0.226	0.155	0.120
21/03/25 22:00	0.260	0.260	0.249	0.315	0.378	0.216	0.195	0.081	0.226	0.155	0.120
21/03/25 23:00	0.259	0.258	0.250	0.322	0.380	0.203	0.166	0.081	0.226	0.155	0.155
22/03/25 00:00	0.259	0.258	0.246	0.324	0.377	0.190	0.151	0.071	0.226	0.155	0.120
22/03/25 01:00	0.259	0.257	0.245	0.319	0.378	0.184	0.143	0.072	0.226	0.145	0.120
22/03/25 02:00	0.255	0.257	0.243	0.320	0.382	0.178	0.144	0.073	0.170	0.145	0.120
22/03/25 03:00	0.253	0.257	0.243	0.321	0.384	0.178	0.147	0.077	0.170	0.145	0.120
22/03/25 04:00	0.259	0.257	0.242	0.330	0.386	0.180	0.145	0.078	0.226	0.145	0.120
22/03/25 05:00	0.258	0.259	0.242	0.344	0.388	0.174	0.147	0.083	0.226	0.146	0.145
22/03/25 06:00	0.264	0.262	0.242	0.357	0.388	0.180	0.146	0.088	0.228	0.189	0.155
22/03/25 07:00	0.272	0.264	0.242	0.359	0.375	0.181	0.146	0.081	0.226	0.155	0.141
22/03/25 08:00	0.276	0.263	0.243	0.347	0.332	0.156	0.139	0.060	0.120	0.120	0.120
22/03/25 09:00	0.276	0.261	0.242	0.322	0.277	0.132	0.133	0.049	0.112	0.120	0.120
22/03/25 10:00	0.274	0.259	0.242	0.316	0.220	0.121	0.144	0.041	0.112	0.120	0.120
22/03/25 11:00	0.270	0.257	0.238	0.313	0.194	0.128	0.143	0.037	0.104	0.114	0.120
22/03/25 12:00	0.267	0.256	0.237	0.309	0.178	0.122	0.139	0.033	0.094	0.114	0.120
22/03/25 13:00	0.268	0.256	0.238	0.317	0.184	0.128	0.145	0.034	0.094	0.120	0.120
22/03/25 14:00	0.264	0.256	0.234	0.317	0.193	0.135	0.165	0.040	0.094	0.120	0.120
22/03/25 15:00	0.265	0.256	0.234	0.322	0.220	0.138	0.197	0.047	0.112	0.120	0.120
22/03/25 16:00	0.265	0.258	0.240	0.333	0.262	0.151	0.225	0.070	0.226	0.145	0.145
22/03/25 17:00	0.268	0.260	0.245	0.349	0.321	0.173	0.260	0.114	0.235	0.145	0.145
22/03/25 18:00	0.273	0.262	0.249	0.366	0.370	0.190	0.303	0.156	0.235	0.191	0.191
22/03/25 19:00	0.285	0.264	0.250	0.373	0.380	0.192	0.328	0.170	0.233	0.191	0.191
22/03/25 20:00	0.276	0.262	0.249	0.374	0.377	0.193	0.339	0.166	0.233	0.189	0.189
22/03/25 21:00	0.268	0.259	0.246	0.374	0.375	0.191	0.339	0.162	0.233	0.191	0.191
22/03/25 22:00	0.265	0.259	0.247	0.373	0.373	0.177	0.315	0.142	0.230	0.145	0.145
22/03/25 23:00	0.262	0.257	0.245	0.370	0.380	0.168	0.278	0.122	0.228	0.145	0.145
23/03/25 00:00	0.261	0.257	0.247	0.366	0.381	0.161	0.255	0.118	0.228	0.145	0.145
23/03/25 01:00	0.259	0.256	0.244	0.362	0.384	0.154	0.225	0.116	0.228	0.145	0.145
23/03/25 02:00	0.259	0.256	0.244	0.362	0.386	0.148	0.197	0.113	0.228	0.145	0.145
23/03/25 03:00	0.259	0.255	0.244	0.365	0.387	0.151	0.173	0.117	0.228	0.145	0.145
23/03/25 04:00	0.259	0.255	0.244	0.374	0.388	0.148	0.154	0.122	0.228	0.153	0.145
23/03/25 05:00	0.260	0.256	0.246	0.376	0.388	0.147	0.137	0.133	0.228	0.189	0.145
23/03/25 06:00	0.266	0.257	0.249	0.374	0.387	0.153	0.128	0.147	0.230	0.141	0.141
23/03/25 07:00	0.271	0.258	0.251	0.363	0.370	0.159	0.110	0.144	0.226	0.145	0.145
23/03/25 08:00	0.273	0.258	0.249	0.344	0.325	0.158	0.083	0.118	0.110	0.112	0.112
23/03/25 09:00	0.271	0.259	0.247	0.321	0.262	0.133	0.063	0.090	0.094	0.112	0.112
23/03/25 10:00	0.268	0.257	0.245	0.296	0.212	0.105	0.055	0.070	0.072	0.107	0.114
23/03/25 11:00	0.267	0.257	0.245	0.280	0.182	0.091	0.053	0.064	0.072	0.107	0.114
23/03/25 12:00	0.265	0.257	0.245	0.271	0.171	0.088	0.050	0.065	0.072	0.112	0.114
23/03/25 13:00	0.264	0.254	0.245	0.263	0.172	0.088	0.052	0.066	0.072	0.112	0.114
23/03/25 14:00	0.263	0.254	0.245	0.258	0.191	0.099	0.053	0.076	0.072	0.072	0.095
23/03/25 15:00	0.263	0.254	0.245	0.278	0.221	0.104	0.056	0.098	0.094	0.112	0.120
23/03/25 16:00	0.263	0.255	0.248	0.302	0.268	0.112	0.063	0.157	0.112	0.112	0.112
23/03/25 17:00	0.267	0.258	0.252	0.323	0.324	0.156	0.079	0.273	0.228	0.145	0.145
23/03/25 18:00	0.269	0.259	0.254	0.343	0.370	0.212	0.112	0.341	0.226	0.145	0.145
23/03/25 19:00	0.275	0.261	0.255	0.353	0.385	0.238	0.134	0.364	0.226	0.141	0.141
23/03/25 20:00	0.269	0.260	0.253	0.352	0.388	0.227	0.131	0.362	0.226	0.142	0.142
23/03/25 21:00	0.266	0.258	0.250	0.354	0.390	0.204	0.119	0.362	0.226	0.120	0.145
23/03/25 22:00	0.264	0.259	0.250	0.352	0.391	0.177	0.110	0.362	0.197	0.145	0.145
23/03/25 23:00	0.261	0.258	0.249	0.341	0.389	0.163	0.098	0.364	0.226	0.120	0.145
24/03/25 00:00	0.259	0.258	0.248	0.334	0.389	0.151	0.091	0.372	0.226	0.145	0.145
24/03/25 01:00	0.259	0.257	0.248	0.329	0.389	0.146	0.080	0.380	0.226	0.145	0.145
24/03/25 02:00	0.258	0.256	0.248	0.332	0.389	0.145	0.080	0.380	0.202	0.145	0.145
24/03/25 03:00	0.258	0.256	0.248	0.333	0.391	0.149	0.084	0.385	0.226	0.145	0.145
24/03/25 04:00	0.258	0.256	0.248	0.337	0.391	0.154	0.090	0.373	0.226	0.145	0.145
24/03/25 05:00	0.258	0.256	0.249	0.344	0.392	0.157	0.089	0.359	0.228	0.145	0.145
24/03/25 06:00	0.258	0.256	0.251	0.353	0.390	0.165	0.090	0.353	0.228	0.141	0.141
24/03/25 07:00	0.259	0.256	0.252	0.344	0.372	0.163	0.090	0.337	0.219	0.142	0.142
24/03/25 08:00	0.264	0.257	0.252	0.308	0.320	0.142	0.076	0.292	0.104	0.112	0.120
24/03/25 09:00	0.265	0.257	0.249	0.256	0.258	0.118	0.065	0.242	0.072	0.114	0.114
24/03/25 10:00	0.263	0.256	0.246	0.210	0.212	0.105	0.063	0.190	0.072	0.114	0.114
24/03/25 11:00	0.262	0.255	0.247	0.185	0.180	0.099	0.059	0.155	0.072	0.114	0.114
24/03/25 12:00	0.262	0.254	0.246	0.172	0.172	0.098	0.056	0.138	0.072	0.114	0.114
24/03/25 13:00	0.261	0.252	0.246	0.174	0.171	0.101	0.056	0.127	0.072	0.107	0.114
24/03/25 14:00	0.260	0.251	0.246	0.183	0.181	0.103	0.058	0.152	0.072	0.112	0.141
24/03/25 15:00	0.258	0.251	0.248	0.208	0.213	0.105	0.063	0.170	0.104	0.112	0.145
24/03/25 16:00	0.259	0.252	0.249	0.252	0.267	0.118	0.071	0.203	0.120	0.155	0.145
24/03/25 17:00	0.262	0.257	0.253	0.298	0.318	0.140	0.087	0.260	0.226	0.219	0.219
24/03/25 18:00	0.267	0.258	0.256	0.338	0.366	0.184	0.106	0.318	0.235	0.180	0.169
24/03/25 19:00	0.279	0.260	0.256	0.359	0.385	0.201	0.118	0.350	0.228	0.180	0.169
24/03/25 20:00	0.268	0.259	0.254	0.368	0.388	0.201	0.124	0.365	0.228	0.197	0.212
24/03/25 21:00	0.263	0.258	0.251	0.370	0.390	0.188	0.137	0.378	0.235	0.234	0.234
24/03/25 22:00	0.261	0.259	0.251	0.371	0.390	0.174	0.156	0.386	0.230	0.234	0.234
24/03/25 23:00	0.262	0.258	0.251	0.373	0.387	0.168	0.179	0.390	0.230	0.234	0.234
25/03/25 00:00	0.262	0.251	0.249	0.374	0.387	0.162	0.208	0.391	0.228	0.212	0.212
25/03/25 01:00	0.262	0.250	0.249	0.374	0.391	0.160	0.229	0.393	0.230	0.212	0.145
25/03/25 02:00	0.258	0.252	0.249	0.376	0.387	0.157	0.250	0.390	0.230	0.219	0.219
25/03/25 03:00	0.257	0.250	0.249	0.374	0.385	0.164	0.269	0.378	0.230	0.197	0.219
25/03/25 04:00	0.257	0.253	0.249	0.374	0.388	0.163	0.291	0.373	0.230	0.219	0.219
25/03/25 05:00	0.258	0.253	0.250	0.372	0.391	0.167	0.313	0.370	0.230	0.234	0.219
25/03/25 06:00	0.259	0.256	0.252	0.367	0.390	0.166	0.331	0.359	0.230	0.234	0.219
25/03/25 07:00	0.260	0.260	0.254	0.358	0.365	0.160	0.311	0.338	0.197	0.145	0.145
25/03/25 08:00	0.261	0.259	0.253	0.336	0.308	0.147	0.250	0.285	0.112	0.145	0.145
25/03/25 09:00	0.262	0.259	0.251	0.314	0.235	0.137	0.188	0.222	0.104	0.141	0.141
25/03/25 10:00	0.262	0.256	0.249	0.292	0.179	0.123	0.125	0.161	0.094	0.114	0.120
25/03/25 11:00	0.261	0.256	0.249	0.271	0.153	0.113	0.112	0.107	0.094	0.114	0.120
25/03/25 12:00	0.260	0.255	0.249	0.250	0.146	0.104	0.102	0.082	0.094	0.114	0.120
25/03/25 13:00	0.258	0.255	0.249	0.248	0.131	0.104	0.102	0.082	0.094	0.141	0.142
25/03/25 14:00	0.256	0.254	0.248	0.242	0.139	0.105	0.117	0.108	0.094	0.141	0.141
25/03/25 15:00	0.257	0.255	0.248	0.238	0.156	0.111	0.145	0.172	0.094	0.120	0.142
25/03/25 16:00	0.257	0.255	0.249	0.246	0.205	0.123	0.199	0.245	0.112	0.145	0.145
25/03/25 17:00	0.259	0.257	0.252	0.272	0.277	0.140	0.252	0.304	0.235	0.191	0.155
25/03/25 18:00	0.261	0.259	0.256	0.308	0.332	0.159	0.291	0.344	0.233	0.145	0.141
25/03/25 19:00	0.267	0.263	0.256	0.329	0.354	0.183	0.301	0.349	0.226	0.189	0.155
25/03/25 20:00	0.265	0.260	0.253	0.332	0.353	0.202	0.294	0.350	0.226	0.191	0.165
25/03/25 21:00	0.265	0.259	0.251	0.329	0.348	0.236	0.269	0.343	0.207	0.189	0.145
25/03/25 22:00	0.263	0.259	0.251	0.329	0.348	0.271	0.225	0.344	0.226	0.189	0.155
25/03/25 23:00	0.261	0.258	0.250	0.316	0.349	0.287	0.191	0.350	0.224	0.145	0.145
26/03/25 00:00	0.258	0.255	0.249	0.303	0.352	0.310	0.174	0.349	0.197	0.120	0.120
26/03/25 01:00	0.258	0.255	0.248	0.285	0.362	0.331	0.171	0.348	0.187	0.120	0.120
26/03/25 02:00	0.258	0.254	0.249	0.270	0.368	0.346	0.178	0.346	0.120	0.142	0.142
26/03/25 03:00	0.257	0.255	0.248	0.249	0.370	0.354	0.185	0.353	0.120	0.145	0.145
26/03/25 04:00	0.258	0.255	0.248	0.263	0.366	0.365	0.194	0.347	0.157	0.145	0.145
26/03/25 05:00	0.265	0.255	0.249	0.275	0.360	0.375	0.204	0.348	0.197	0.120	0.120
26/03/25 06:00	0.270	0.258	0.250	0.281	0.359	0.369	0.226	0.344	0.223	0.145	0.120
26/03/25 07:00	0.278	0.260	0.252	0.272	0.327	0.337	0.211	0.337	0.120	0.145	0.145
26/03/25 08:00	0.276	0.260	0.252	0.248	0.264	0.289	0.165	0.315	0.120	0.112	0.120
26/03/25 09:00	0.272	0.259	0.250	0.197	0.190	0.249	0.137	0.271	0.094	0.112	0.120
26/03/25 10:00	0.269	0.260	0.249	0.144	0.139	0.209	0.121	0.250	0.094	0.112	0.112
26/03/25 11:00	0.266	0.258	0.248	0.110	0.112	0.188	0.114	0.239	0.094	0.072	0.081
26/03/25 12:00	0.265	0.258	0.248	0.101	0.097	0.155	0.115	0.224	0.094	0.072	0.081
26/03/25 13:00	0.263	0.257	0.247	0.095	0.097	0.143	0.127	0.215	0.072	0.072	0.072
26/03/25 14:00	0.261	0.257	0.248	0.108	0.100	0.134	0.139	0.227	0.094	0.114	0.120
26/03/25 15:00	0.261	0.256	0.248	0.130	0.112	0.135	0.169	0.242	0.094	0.120	0.120
26/03/25 16:00	0.261	0.256	0.249	0.158	0.163	0.150	0.204	0.262	0.104	0.120	0.120
26/03/25 17:00	0.264	0.259	0.253	0.206	0.233	0.181	0.242	0.297	0.220	0.155	0.145
26/03/25 18:00	0.270	0.260	0.256	0.243	0.294	0.211	0.296	0.352	0.223	0.189	0.165
26/03/25 19:00	0.269	0.263	0.256	0.261	0.315	0.229	0.314	0.400	0.176	0.145	0.145
26/03/25 20:00	0.269	0.262	0.254	0.270	0.309	0.241	0.300	0.403	0.120	0.145	0.145
26/03/25 21:00	0.266	0.260	0.252	0.275	0.306	0.250	0.268	0.404	0.176	0.141	0.141
26/03/25 22:00	0.263	0.260	0.252	0.284	0.316	0.262	0.231	0.404	0.197	0.142	0.142
26/03/25 23:00	0.260	0.258	0.251	0.270	0.335	0.267	0.212	0.403	0.176	0.145	0.145
27/03/25 00:00	0.258	0.257	0.250	0.236	0.345	0.276	0.192	0.400	0.120	0.145	0.145
27/03/25 01:00	0.258	0.256	0.249	0.215	0.346	0.284	0.190	0.395	0.197	0.145	0.145
27/03/25 02:00	0.258	0.256	0.248	0.200	0.337	0.276	0.181	0.391	0.197	0.145	0.145
27/03/25 03:00	0.258	0.256	0.248	0.185	0.336	0.275	0.172	0.387	0.201	0.145	0.145
27/03/25 04:00	0.258	0.256	0.248	0.175	0.336	0.284	0.175	0.381	0.226	0.145	0.145
27/03/25 05:00	0.263	0.257	0.249	0.173	0.342	0.293	0.183	0.375	0.226	0.142	0.142
27/03/25 06:00	0.268	0.260	0.251	0.178	0.343	0.284	0.202	0.369	0.228	0.145	0.145
27/03/25 07:00	0.272	0.262	0.252	0.174	0.325	0.264	0.209	0.313	0.197	0.145	0.145
27/03/25 08:00	0.269	0.262	0.252	0.156	0.276	0.202	0.195	0.228	0.112	0.120	0.127
27/03/25 09:00	0.267	0.261	0.250	0.134	0.199	0.148	0.167	0.124	0.104	0.114	0.120
27/03/25 10:00	0.265	0.259	0.249	0.119	0.151	0.119	0.144	0.072	0.094	0.114	0.114
27/03/25 11:00	0.266	0.259	0.248	0.115	0.126	0.114	0.136	0.056	0.094	0.107	0.114
27/03/25 12:00	0.266	0.259	0.248	0.118	0.109	0.101	0.134	0.053	0.072	0.107	0.114
27/03/25 13:00	0.263	0.259	0.247	0.121	0.097	0.100	0.116	0.053	0.072	0.095	0.095
27/03/25 14:00	0.262	0.258	0.247	0.117	0.099	0.105	0.120	0.056	0.072	0.114	0.120
27/03/25 15:00	0.259	0.258	0.248	0.123	0.129	0.114	0.168	0.067	0.094	0.120	0.120
27/03/25 16:00	0.259	0.258	0.248	0.148	0.186	0.129	0.194	0.122	0.112	0.120	0.120
27/03/25 17:00	0.260	0.259	0.250	0.189	0.258	0.167	0.205	0.233	0.197	0.120	0.120
27/03/25 18:00	0.264	0.261	0.252	0.251	0.321	0.232	0.241	0.333	0.197	0.120	0.120
27/03/25 19:00	0.271	0.262	0.254	0.293	0.352	0.288	0.264	0.380	0.120	0.120	0.120
27/03/25 20:00	0.270	0.261	0.251	0.303	0.362	0.317	0.265	0.373	0.120	0.120	0.120
27/03/25 21:00	0.263	0.259	0.251	0.295	0.363	0.335	0.260	0.358	0.120	0.120	0.120
27/03/25 22:00	0.261	0.259	0.251	0.278	0.373	0.342	0.249	0.343	0.112	0.120	0.120
27/03/25 23:00	0.257	0.257	0.252	0.258	0.373	0.340	0.228	0.324	0.112	0.120	0.120
28/03/25 00:00	0.256	0.255	0.250	0.225	0.365	0.359	0.204	0.298	0.112	0.120	0.120
28/03/25 01:00	0.256	0.256	0.250	0.210	0.368	0.365	0.184	0.255	0.120	0.120	0.120
28/03/25 02:00	0.255	0.256	0.250	0.198	0.373	0.371	0.179	0.222	0.120	0.145	0.120
28/03/25 03:00	0.255	0.255	0.249	0.197	0.382	0.370	0.168	0.215	0.112	0.145	0.120
28/03/25 04:00	0.256	0.255	0.249	0.195	0.389	0.371	0.158	0.237	0.120	0.145	0.120
28/03/25 05:00	0.263	0.257	0.248	0.194	0.393	0.371	0.147	0.257	0.120	0.145	0.120
28/03/25 06:00	0.274	0.261	0.249	0.192	0.393	0.371	0.145	0.241	0.120	0.120	0.120
28/03/25 07:00	0.276	0.263	0.249	0.180	0.379	0.333	0.142	0.199	0.120	0.112	0.120
28/03/25 08:00	0.277	0.263	0.248	0.154	0.342	0.267	0.141	0.144	0.094	0.120	0.112
28/03/25 09:00	0.275	0.262	0.246	0.130	0.289	0.207	0.129	0.096	0.094	0.107	0.112
28/03/25 10:00	0.273	0.261	0.244	0.113	0.251	0.176	0.103	0.079	0.094	0.107	0.114
28/03/25 11:00	0.272	0.260	0.243	0.121	0.214	0.152	0.085	0.066	0.094	0.107	0.114
28/03/25 12:00	0.267	0.260	0.242	0.131	0.178	0.131	0.067	0.059	0.094	0.107	0.114
28/03/25 13:00	0.262	0.260	0.240	0.134	0.157	0.133	0.057	0.057	0.094	0.107	0.114
28/03/25 14:00	0.261	0.260	0.239	0.137	0.172	0.152	0.056	0.059	0.094	0.107	0.114
28/03/25 15:00	0.260	0.260	0.240	0.140	0.208	0.185	0.059	0.085	0.094	0.105	0.112
28/03/25 16:00	0.259	0.260	0.242	0.147	0.262	0.222	0.071	0.158	0.112	0.120	0.120
28/03/25 17:00	0.259	0.261	0.250	0.161	0.325	0.265	0.081	0.266	0.120	0.120	0.120
28/03/25 18:00	0.262	0.262	0.250	0.181	0.368	0.299	0.102	0.352	0.202	0.189	0.155
28/03/25 19:00	0.261	0.265	0.250	0.199	0.384	0.300	0.120	0.380	0.120	0.145	0.120
28/03/25 20:00	0.258	0.262	0.248	0.200	0.383	0.299	0.111	0.384	0.202	0.169	0.155
28/03/25 21:00	0.261	0.260	0.247	0.196	0.378	0.294	0.101	0.377	0.226	0.180	0.133
28/03/25 22:00	0.258	0.260	0.247	0.191	0.373	0.275	0.090	0.370	0.120	0.120	0.120
28/03/25 23:00	0.261	0.258	0.247	0.181	0.376	0.265	0.086	0.380	0.112	0.112	0.120
29/03/25 00:00	0.259	0.258	0.245	0.174	0.382	0.272	0.085	0.365	0.120	0.120	0.112
29/03/25 01:00	0.257	0.256	0.245	0.173	0.383	0.273	0.085	0.348	0.112	0.112	0.120
29/03/25 02:00	0.256	0.256	0.243	0.172	0.387	0.282	0.085	0.345	0.120	0.169	0.120
29/03/25 03:00	0.256	0.256	0.241	0.174	0.386	0.292	0.086	0.346	0.112	0.169	0.155
29/03/25 04:00	0.258	0.256	0.240	0.192	0.386	0.307	0.086	0.333	0.120	0.155	0.155
29/03/25 05:00	0.262	0.258	0.241	0.214	0.384	0.322	0.089	0.311	0.120	0.112	0.112
29/03/25 06:00	0.267	0.261	0.241	0.232	0.383	0.329	0.095	0.307	0.112	0.155	0.120
29/03/25 07:00	0.275	0.263	0.241	0.228	0.372	0.329	0.099	0.228	0.112	0.120	0.112
29/03/25 08:00	0.282	0.262	0.241	0.185	0.354	0.311	0.089	0.137	0.072	0.107	0.114
29/03/25 09:00	0.278	0.260	0.240	0.138	0.329	0.282	0.070	0.084	0.072	0.072	0.112
29/03/25 10:00	0.270	0.258	0.239	0.115	0.287	0.250	0.056	0.068	0.072	0.072	0.072
29/03/25 11:00	0.264	0.256	0.237	0.103	0.248	0.223	0.049	0.063	0.072	0.072	0.072
29/03/25 12:00	0.261	0.256	0.230	0.095	0.216	0.204	0.043	0.069	0.072	0.080	0.112
29/03/25 13:00	0.258	0.255	0.229	0.093	0.194	0.205	0.045	0.058	0.072	0.072	0.112
29/03/25 14:00	0.259	0.255	0.234	0.096	0.199	0.212	0.046	0.051	0.072	0.072	0.112
29/03/25 15:00	0.258	0.255	0.237	0.110	0.237	0.229	0.053	0.054	0.072	0.072	0.112
29/03/25 16:00	0.260	0.257	0.240	0.153	0.276	0.262	0.071	0.074	0.094	0.112	0.114
29/03/25 17:00	0.261	0.260	0.243	0.216	0.313	0.309	0.124	0.126	0.104	0.120	0.112
29/03/25 18:00	0.270	0.263	0.248	0.270	0.349	0.330	0.201	0.227	0.120	0.120	0.112
29/03/25 19:00	0.270	0.263	0.248	0.299	0.369	0.334	0.242	0.258	0.120	0.120	0.120
29/03/25 20:00	0.261	0.262	0.248	0.311	0.371	0.313	0.252	0.231	0.120	0.120	0.120
29/03/25 21:00	0.261	0.260	0.249	0.319	0.368	0.287	0.252	0.181	0.112	0.120	0.112
29/03/25 22:00	0.259	0.260	0.249	0.322	0.354	0.261	0.256	0.140	0.112	0.120	0.120
29/03/25 23:00	0.257	0.258	0.248	0.317	0.356	0.226	0.224	0.106	0.112	0.120	0.120
30/03/25 00:00	0.257	0.258	0.248	0.313	0.368	0.200	0.192	0.073	0.112	0.120	0.112
30/03/25 01:00	0.255	0.257	0.249	0.312	0.375	0.190	0.174	0.061	0.112	0.120	0.112
30/03/25 02:00	0.255	0.256	0.248	0.326	0.374	0.186	0.200	0.033	0.112	0.120	0.112
30/03/25 03:00	0.254	0.256	0.248	0.344	0.376	0.183	0.238	0.055	0.112	0.120	0.112
30/03/25 04:00	0.256	0.256	0.249	0.360	0.374	0.177	0.251	0.056	0.112	0.120	0.112
30/03/25 05:00	0.257	0.256	0.251	0.366	0.369	0.188	0.271	0.063	0.112	0.120	0.120
30/03/25 06:00	0.264	0.256	0.255	0.365	0.368	0.202	0.299	0.064	0.112	0.120	0.120
30/03/25 07:00	0.265	0.257	0.254	0.347	0.351	0.196	0.293	0.065	0.112	0.120	0.120
30/03/25 08:00	0.273	0.257	0.252	0.313	0.313	0.161	0.260	0.055	0.095	0.095	0.095
30/03/25 09:00	0.271	0.255	0.250	0.270	0.271	0.120	0.224	0.045	0.072	0.072	0.072
30/03/25 10:00	0.269	0.255	0.250	0.226	0.236	0.095	0.180	0.038	0.072	0.072	0.072
30/03/25 11:00	0.266	0.256	0.250	0.188	0.214	0.089	0.170	0.034	0.072	0.072	0.072
30/03/25 12:00	0.266	0.256	0.249	0.173	0.214	0.098	0.193	0.032	0.072	0.072	0.072
30/03/25 13:00	0.262	0.255	0.248	0.167	0.214	0.099	0.183	0.031	0.072	0.072	0.072
30/03/25 14:00	0.262	0.256	0.247	0.183	0.231	0.094	0.181	0.035	0.072	0.072	0.072
30/03/25 15:00	0.262	0.254	0.247	0.213	0.266	0.095	0.157	0.037	0.072	0.072	0.072
30/03/25 16:00	0.263	0.256	0.249	0.262	0.300	0.110	0.175	0.042	0.094	0.072	0.072
30/03/25 17:00	0.261	0.259	0.252	0.311	0.317	0.141	0.205	0.054	0.095	0.072	0.120
30/03/25 18:00	0.266	0.262	0.258	0.353	0.332	0.176	0.257	0.072	0.094	0.080	0.112
30/03/25 19:00	0.267	0.262	0.256	0.374	0.336	0.199	0.314	0.080	0.094	0.072	0.112
30/03/25 20:00	0.260	0.260	0.253	0.376	0.328	0.200	0.333	0.079	0.094	0.072	0.112
30/03/25 21:00	0.262	0.259	0.252	0.377	0.313	0.194	0.326	0.072	0.104	0.120	0.081
30/03/25 22:00	0.257	0.259	0.251	0.378	0.286	0.201	0.316	0.079	0.104	0.072	0.081
30/03/25 23:00	0.260	0.257	0.251	0.381	0.272	0.208	0.303	0.090	0.094	0.072	0.081
31/03/25 00:00	0.259	0.259	0.249	0.381	0.254	0.204	0.308	0.100	0.094	0.072	0.081
31/03/25 01:00	0.259	0.257	0.249	0.380	0.260	0.199	0.317	0.109	0.112	0.072	0.120
31/03/25 02:00	0.261	0.259	0.249	0.378	0.276	0.212	0.307	0.122	0.094	0.072	0.120
31/03/25 03:00	0.261	0.257	0.249	0.377	0.294	0.217	0.280	0.139	0.094	0.107	0.112
31/03/25 04:00	0.260	0.256	0.251	0.377	0.291	0.228	0.257	0.184	0.094	0.112	0.114
31/03/25 05:00	0.260	0.255	0.254	0.377	0.297	0.257	0.233	0.253	0.094	0.112	0.114
31/03/25 06:00	0.262	0.256	0.257	0.375	0.305	0.261	0.211	0.288	0.072	0.107	0.114
31/03/25 07:00	0.263	0.255	0.255	0.358	0.310	0.255	0.184	0.278	0.072	0.072	0.081
31/03/25 08:00	0.268	0.257	0.252	0.325	0.291	0.235	0.143	0.230	0.094	0.072	0.072
31/03/25 09:00	0.270	0.257	0.251	0.286	0.278	0.202	0.113	0.148	0.072	0.072	0.072
31/03/25 10:00	0.260	0.257	0.249	0.258	0.264	0.160	0.089	0.096	0.072	0.072	0.072
31/03/25 11:00	0.258	0.252	0.249	0.241	0.252	0.137	0.072	0.074	0.072	0.072	0.072
31/03/25 12:00	0.257	0.254	0.248	0.224	0.226	0.129	0.070	0.061	0.072	0.072	0.072
31/03/25 13:00	0.257	0.251	0.248	0.215	0.223	0.129	0.083	0.057	0.072	0.072	0.072
31/03/25 14:00	0.257	0.244	0.248	0.227	0.224	0.141	0.092	0.061	0.072	0.072	0.072
31/03/25 15:00	0.258	0.249	0.248	0.256	0.224	0.160	0.100	0.081	0.094	0.072	0.072
31/03/25 16:00	0.260	0.252	0.251	0.290	0.227	0.183	0.156	0.134	0.112	0.112	0.112
31/03/25 17:00	0.264	0.256	0.254	0.334	0.238	0.207	0.204	0.208	0.095	0.107	0.112
31/03/25 18:00	0.265	0.258	0.259	0.368	0.240	0.239	0.217	0.283	0.104	0.107	0.112
31/03/25 19:00	0.270	0.260	0.255	0.382	0.236	0.246	0.228	0.344	0.104	0.107	0.112
31/03/25 20:00	0.271	0.258	0.252	0.382	0.231	0.239	0.239	0.356	0.104	0.107	0.112
31/03/25 21:00	0.273	0.259	0.252	0.381	0.224	0.237	0.226	0.365	0.104	0.107	0.112
31/03/25 22:00	0.261	0.258	0.251	0.383	0.207	0.249	0.250	0.371	0.094	0.107	0.112
31/03/25 23:00	0.264	0.254	0.250	0.378	0.186	0.230	0.217	0.375	0.094	0.080	0.081
01/04/25 00:00	0.258	0.254	0.249	0.370	0.175	0.228	0.189	0.371	0.112	0.120	0.112
01/04/25 01:00	0.257	0.254	0.249	0.348	0.187	0.221	0.212	0.391	0.094	0.120	0.120
01/04/25 02:00	0.256	0.254	0.249	0.337	0.195	0.219	0.224	0.393	0.094	0.080	0.112
01/04/25 03:00	0.256	0.254	0.249	0.333	0.201	0.211	0.238	0.390	0.094	0.080	0.112
01/04/25 04:00	0.256	0.257	0.249	0.328	0.208	0.203	0.239	0.386	0.112	0.080	0.112
01/04/25 05:00	0.257	0.262	0.252	0.319	0.222	0.202	0.230	0.383	0.112	0.112	0.112
01/04/25 06:00	0.256	0.266	0.253	0.303	0.236	0.215	0.240	0.376	0.094	0.112	0.120
01/04/25 07:00	0.257	0.265	0.253	0.280	0.243	0.217	0.222	0.326	0.094	0.072	0.081
01/04/25 08:00	0.259	0.262	0.252	0.240	0.226	0.204	0.177	0.244	0.094	0.072	0.072
01/04/25 09:00	0.258	0.260	0.250	0.193	0.194	0.183	0.155	0.122	0.072	0.072	0.072
01/04/25 10:00	0.257	0.258	0.249	0.152	0.170	0.158	0.133	0.060	0.072	0.072	0.072
01/04/25 11:00	0.256	0.256	0.249	0.131	0.144	0.138	0.116	0.045	0.072	0.072	0.072
01/04/25 12:00	0.256	0.255	0.248	0.119	0.142	0.129	0.093	0.043	0.072	0.072	0.072
01/04/25 13:00	0.256	0.254	0.248	0.117	0.142	0.120	0.079	0.041	0.072	0.072	0.072
01/04/25 14:00	0.255	0.255	0.248	0.126	0.141	0.120	0.071	0.043	0.072	0.072	0.072
01/04/25 15:00	0.256	0.255	0.249	0.141	0.149	0.131	0.067	0.046	0.072	0.072	0.072
01/04/25 16:00	0.258	0.257	0.250	0.164	0.176	0.145	0.077	0.063	0.072	0.072	0.072
01/04/25 17:00	0.267	0.261	0.252	0.203	0.206	0.160	0.103	0.124	0.094	0.112	0.112
01/04/25 18:00	0.269	0.261	0.254	0.240	0.234	0.162	0.138	0.199	0.112	0.120	0.120
01/04/25 19:00	0.274	0.261	0.256	0.262	0.256	0.159	0.180	0.244	0.112	0.120	0.120
01/04/25 20:00	0.268	0.258	0.253	0.268	0.267	0.149	0.192	0.248	0.112	0.120	0.120
01/04/25 21:00	0.264	0.257	0.253	0.270	0.270	0.146	0.182	0.206	0.120	0.120	0.112
01/04/25 22:00	0.264	0.257	0.252	0.277	0.272	0.144	0.163	0.153	0.120	0.120	0.112
01/04/25 23:00	0.266	0.256	0.251	0.286	0.266	0.148	0.151	0.124	0.120	0.120	0.120
02/04/25 00:00	0.257	0.256	0.250	0.282	0.281	0.149	0.146	0.122	0.120	0.120	0.112
02/04/25 01:00	0.255	0.256	0.250	0.277	0.290	0.147	0.141	0.123	0.120	0.120	0.120
02/04/25 02:00	0.255	0.254	0.250	0.268	0.301	0.146	0.144	0.124	0.120	0.120	0.120
02/04/25 03:00	0.255	0.254	0.249	0.264	0.312	0.144	0.136	0.127	0.120	0.120	0.112
02/04/25 04:00	0.256	0.254	0.250	0.261	0.316	0.145	0.132	0.132	0.120	0.120	0.120
02/04/25 05:00	0.257	0.259	0.252	0.278	0.324	0.155	0.144	0.136	0.120	0.120	0.120
02/04/25 06:00	0.258	0.261	0.253	0.280	0.318	0.168	0.148	0.151	0.120	0.120	0.120
02/04/25 07:00	0.261	0.261	0.253	0.267	0.306	0.161	0.126	0.120	0.112	0.120	0.120
02/04/25 08:00	0.264	0.263	0.252	0.242	0.228	0.137	0.095	0.063	0.095	0.120	0.112
02/04/25 09:00	0.266	0.264	0.250	0.220	0.171	0.113	0.082	0.040	0.094	0.072	0.072
02/04/25 10:00	0.266	0.259	0.249	0.209	0.139	0.097	0.071	0.034	0.095	0.072	0.112
02/04/25 11:00	0.259	0.263	0.249	0.199	0.140	0.081	0.067	0.029	0.094	0.072	0.072
02/04/25 12:00	0.257	0.260	0.248	0.180	0.130	0.075	0.060	0.027	0.072	0.072	0.072
02/04/25 13:00	0.256	0.258	0.248	0.162	0.132	0.074	0.060	0.027	0.094	0.072	0.072
02/04/25 14:00	0.254	0.258	0.248	0.162	0.130	0.072	0.062	0.030	0.094	0.072	0.072
02/04/25 15:00	0.253	0.256	0.248	0.163	0.149	0.081	0.067	0.033	0.095	0.112	0.120
02/04/25 16:00	0.255	0.256	0.248	0.181	0.184	0.099	0.088	0.035	0.112	0.120	0.120
02/04/25 17:00	0.257	0.259	0.250	0.187	0.219	0.141	0.117	0.050	0.120	0.120	0.120
02/04/25 18:00	0.258	0.260	0.252	0.205	0.262	0.206	0.157	0.075	0.226	0.120	0.120
02/04/25 19:00	0.258	0.260	0.253	0.225	0.320	0.258	0.192	0.095	0.226	0.120	0.120
02/04/25 20:00	0.257	0.258	0.251	0.231	0.362	0.273	0.210	0.092	0.183	0.120	0.120
02/04/25 21:00	0.265	0.256	0.252	0.233	0.382	0.282	0.223	0.074	0.112	0.120	0.112
02/04/25 22:00	0.267	0.254	0.252	0.221	0.404	0.286	0.225	0.070	0.226	0.112	0.120
02/04/25 23:00	0.258	0.255	0.250	0.204	0.402	0.285	0.214	0.069	0.226	0.120	0.120
03/04/25 00:00	0.255	0.255	0.249	0.207	0.411	0.291	0.221	0.064	0.207	0.120	0.120
03/04/25 01:00	0.254	0.254	0.248	0.195	0.420	0.296	0.216	0.069	0.201	0.120	0.120
03/04/25 02:00	0.245	0.254	0.248	0.191	0.416	0.316	0.197	0.071	0.197	0.155	0.120
03/04/25 03:00	0.248	0.255	0.248	0.192	0.410	0.329	0.189	0.075	0.226	0.155	0.120
03/04/25 04:00	0.251	0.256	0.248	0.198	0.400	0.336	0.211	0.101	0.226	0.197	0.155
03/04/25 05:00	0.259	0.260	0.251	0.205	0.392	0.342	0.235	0.155	0.226	0.207	0.207
03/04/25 06:00	0.269	0.263	0.252	0.213	0.378	0.342	0.241	0.165	0.226	0.189	0.189
03/04/25 07:00	0.268	0.265	0.252	0.213	0.337	0.288	0.231	0.130	0.226	0.189	0.155
03/04/25 08:00	0.274	0.266	0.252	0.191	0.260	0.215	0.212	0.068	0.226	0.189	0.155
03/04/25 09:00	0.269	0.263	0.251	0.154	0.205	0.156	0.193	0.036	0.170	0.145	0.145
03/04/25 10:00	0.260	0.262	0.250	0.133	0.196	0.118	0.172	0.031	0.120	0.145	0.120
03/04/25 11:00	0.263	0.261	0.249	0.123	0.208	0.100	0.164	0.028	0.120	0.145	0.120
03/04/25 12:00	0.258	0.260	0.248	0.117	0.208	0.092	0.149	0.026	0.120	0.112	0.112
03/04/25 13:00	0.257	0.260	0.248	0.119	0.199	0.093	0.121	0.024	0.120	0.145	0.120
03/04/25 14:00	0.258	0.259	0.248	0.117	0.194	0.098	0.109	0.026	0.210	0.145	0.120
03/04/25 15:00	0.260	0.260	0.248	0.135	0.201	0.112	0.116	0.029	0.228	0.145	0.120
03/04/25 16:00	0.263	0.260	0.249	0.158	0.235	0.142	0.129	0.066	0.228	0.197	0.191
03/04/25 17:00	0.263	0.261	0.252	0.186	0.266	0.188	0.147	0.140	0.241	0.268	0.234
03/04/25 18:00	0.264	0.264	0.253	0.216	0.309	0.243	0.157	0.225	0.263	0.234	0.234
03/04/25 19:00	0.262	0.265	0.255	0.236	0.356	0.299	0.151	0.295	0.241	0.268	0.234
03/04/25 20:00	0.260	0.261	0.253	0.247	0.366	0.318	0.137	0.301	0.235	0.234	0.234
03/04/25 21:00	0.258	0.258	0.254	0.249	0.353	0.329	0.110	0.285	0.241	0.500	0.234
03/04/25 22:00	0.258	0.257	0.253	0.255	0.326	0.333	0.103	0.269	0.233	0.234	0.234
03/04/25 23:00	0.253	0.257	0.252	0.262	0.293	0.344	0.096	0.271	0.235	0.264	0.264
04/04/25 00:00	0.252	0.256	0.251	0.264	0.257	0.355	0.103	0.274	0.234	0.264	0.264
04/04/25 01:00	0.250	0.255	0.250	0.271	0.223	0.365	0.112	0.301	0.230	0.243	0.243
04/04/25 02:00	0.247	0.255	0.249	0.280	0.198	0.373	0.117	0.323	0.230	0.243	0.243
04/04/25 03:00	0.251	0.256	0.249	0.290	0.184	0.380	0.124	0.341	0.230	0.241	0.241
04/04/25 04:00	0.253	0.257	0.249	0.298	0.199	0.385	0.134	0.348	0.234	0.234	0.234
04/04/25 05:00	0.260	0.261	0.250	0.301	0.219	0.388	0.134	0.347	0.234	0.234	0.234
04/04/25 06:00	0.263	0.265	0.250	0.303	0.231	0.382	0.143	0.342	0.234	0.219	0.219
04/04/25 07:00	0.266	0.268	0.250	0.298	0.232	0.331	0.134	0.270	0.221	0.176	0.155
04/04/25 08:00	0.263	0.262	0.249	0.290	0.221	0.266	0.126	0.145	0.120	0.145	0.145
04/04/25 09:00	0.261	0.266	0.247	0.279	0.214	0.202	0.105	0.073	0.104	0.145	0.145
04/04/25 10:00	0.261	0.264	0.246	0.258	0.214	0.164	0.077	0.046	0.104	0.120	0.145
04/04/25 11:00	0.258	0.261	0.246	0.239	0.210	0.137	0.058	0.028	0.104	0.145	0.145
04/04/25 12:00	0.256	0.259	0.245	0.216	0.209	0.130	0.049	0.024	0.094	0.120	0.145
04/04/25 13:00	0.255	0.258	0.244	0.193	0.211	0.130	0.045	0.024	0.104	0.145	0.120
04/04/25 14:00	0.255	0.258	0.244	0.172	0.210	0.144	0.048	0.025	0.104	0.141	0.141
04/04/25 15:00	0.256	0.258	0.247	0.160	0.221	0.169	0.052	0.027	0.104	0.141	0.141
04/04/25 16:00	0.258	0.259	0.249	0.169	0.234	0.222	0.063	0.048	0.191	0.234	0.145
04/04/25 17:00	0.260	0.261	0.252	0.179	0.243	0.283	0.085	0.106	0.228	0.145	0.145
04/04/25 18:00	0.260	0.264	0.257	0.199	0.258	0.327	0.117	0.155	0.197	0.234	0.145
04/04/25 19:00	0.260	0.263	0.255	0.223	0.272	0.366	0.127	0.189	0.188	0.145	0.145
04/04/25 20:00	0.260	0.261	0.251	0.213	0.285	0.375	0.132	0.172	0.120	0.145	0.145
04/04/25 21:00	0.259	0.258	0.250	0.195	0.288	0.378	0.125	0.143	0.120	0.141	0.141
04/04/25 22:00	0.255	0.257	0.248	0.184	0.287	0.388	0.108	0.126	0.120	0.141	0.141
04/04/25 23:00	0.255	0.256	0.248	0.174	0.299	0.391	0.114	0.130	0.120	0.141	0.141
05/04/25 00:00	0.253	0.256	0.245	0.166	0.310	0.393	0.111	0.132	0.120	0.120	0.120
05/04/25 01:00	0.252	0.256	0.244	0.160	0.316	0.397	0.103	0.148	0.120	0.120	0.120
05/04/25 02:00	0.250	0.256	0.244	0.162	0.323	0.396	0.101	0.162	0.112	0.120	0.120
05/04/25 03:00	0.250	0.257	0.243	0.159	0.338	0.398	0.103	0.152	0.112	0.120	0.120
05/04/25 04:00	0.253	0.258	0.242	0.158	0.344	0.395	0.111	0.154	0.112	0.120	0.120
05/04/25 05:00	0.258	0.261	0.242	0.160	0.343	0.391	0.125	0.156	0.112	0.120	0.120
05/04/25 06:00	0.261	0.264	0.242	0.164	0.347	0.380	0.133	0.142	0.120	0.120	0.120
05/04/25 07:00	0.261	0.268	0.243	0.165	0.343	0.326	0.111	0.088	0.120	0.120	0.120
05/04/25 08:00	0.260	0.265	0.242	0.160	0.322	0.264	0.094	0.048	0.104	0.114	0.114
05/04/25 09:00	0.261	0.262	0.242	0.149	0.301	0.197	0.086	0.034	0.110	0.114	0.114
05/04/25 10:00	0.259	0.260	0.240	0.127	0.274	0.161	0.079	0.028	0.095	0.114	0.114
05/04/25 11:00	0.258	0.259	0.240	0.110	0.256	0.135	0.064	0.025	0.095	0.112	0.114
05/04/25 12:00	0.258	0.259	0.240	0.105	0.235	0.121	0.063	0.023	0.095	0.112	0.114
05/04/25 13:00	0.257	0.258	0.234	0.102	0.236	0.126	0.052	0.022	0.095	0.114	0.114
05/04/25 14:00	0.257	0.258	0.229	0.113	0.242	0.141	0.045	0.023	0.104	0.114	0.114
05/04/25 15:00	0.259	0.258	0.237	0.120	0.259	0.177	0.043	0.026	0.120	0.120	0.120
05/04/25 16:00	0.258	0.259	0.242	0.122	0.269	0.229	0.049	0.028	0.226	0.120	0.120
05/04/25 17:00	0.261	0.261	0.247	0.142	0.288	0.292	0.060	0.039	0.148	0.112	0.120
05/04/25 18:00	0.262	0.262	0.249	0.179	0.299	0.358	0.079	0.059	0.226	0.112	0.120
05/04/25 19:00	0.263	0.262	0.249	0.198	0.304	0.396	0.103	0.077	0.221	0.112	0.120
05/04/25 20:00	0.263	0.260	0.255	0.198	0.306	0.397	0.114	0.085	0.202	0.112	0.120
05/04/25 21:00	0.262	0.259	0.246	0.189	0.301	0.395	0.122	0.086	0.221	0.145	0.120
05/04/25 22:00	0.262	0.259	0.245	0.177	0.281	0.391	0.146	0.081	0.148	0.145	0.120
05/04/25 23:00	0.257	0.260	0.243	0.175	0.262	0.385	0.153	0.079	0.120	0.120	0.120
06/04/25 00:00	0.254	0.259	0.241	0.176	0.244	0.381	0.143	0.077	0.226	0.145	0.120
06/04/25 01:00	0.254	0.258	0.243	0.184	0.236	0.374	0.166	0.084	0.226	0.145	0.120
06/04/25 02:00	0.253	0.257	0.241	0.186	0.232	0.370	0.207	0.089	0.120	0.112	0.120
06/04/25 03:00	0.253	0.257	0.241	0.186	0.224	0.372	0.190	0.096	0.226	0.112	0.120
06/04/25 04:00	0.256	0.257	0.242	0.199	0.215	0.371	0.169	0.098	0.202	0.112	0.120
06/04/25 05:00	0.260	0.258	0.245	0.219	0.223	0.366	0.144	0.103	0.148	0.112	0.120
06/04/25 06:00	0.265	0.260	0.250	0.228	0.237	0.354	0.131	0.107	0.226	0.112	0.141
06/04/25 07:00	0.266	0.261	0.250	0.221	0.224	0.315	0.097	0.080	0.226	0.141	0.141
06/04/25 08:00	0.264	0.262	0.248	0.195	0.201	0.268	0.067	0.051	0.112	0.112	0.141
06/04/25 09:00	0.260	0.260	0.246	0.166	0.187	0.221	0.055	0.043	0.112	0.112	0.120
06/04/25 10:00	0.258	0.259	0.245	0.139	0.171	0.191	0.051	0.036	0.112	0.112	0.141
06/04/25 11:00	0.255	0.258	0.246	0.134	0.165	0.162	0.045	0.032	0.094	0.120	0.120
06/04/25 12:00	0.254	0.258	0.245	0.125	0.164	0.150	0.043	0.031	0.104	0.112	0.120
06/04/25 13:00	0.254	0.256	0.244	0.125	0.165	0.152	0.044	0.030	0.112	0.112	0.120
06/04/25 14:00	0.253	0.257	0.245	0.131	0.180	0.170	0.044	0.032	0.112	0.112	0.112
06/04/25 15:00	0.253	0.257	0.247	0.140	0.192	0.199	0.046	0.035	0.112	0.112	0.120
06/04/25 16:00	0.255	0.258	0.250	0.162	0.208	0.233	0.052	0.039	0.202	0.145	0.145
06/04/25 17:00	0.258	0.259	0.254	0.186	0.215	0.260	0.066	0.087	0.228	0.169	0.155
06/04/25 18:00	0.260	0.260	0.259	0.212	0.222	0.283	0.094	0.170	0.235	0.197	0.191
06/04/25 19:00	0.260	0.271	0.260	0.232	0.229	0.307	0.121	0.241	0.232	0.197	0.207
06/04/25 20:00	0.259	0.262	0.254	0.240	0.225	0.323	0.124	0.269	0.235	0.197	0.207
06/04/25 21:00	0.263	0.263	0.253	0.239	0.213	0.336	0.126	0.269	0.237	0.197	0.145
06/04/25 22:00	0.262	0.261	0.251	0.228	0.189	0.344	0.125	0.284	0.235	0.197	0.191
06/04/25 23:00	0.257	0.260	0.249	0.226	0.170	0.343	0.127	0.274	0.230	0.197	0.155
07/04/25 00:00	0.256	0.258	0.249	0.220	0.168	0.341	0.117	0.307	0.230	0.197	0.191
07/04/25 01:00	0.254	0.257	0.249	0.216	0.164	0.340	0.103	0.351	0.230	0.191	0.155
07/04/25 02:00	0.256	0.257	0.249	0.217	0.163	0.337	0.091	0.381	0.228	0.191	0.191
07/04/25 03:00	0.253	0.257	0.250	0.210	0.163	0.341	0.080	0.403	0.230	0.145	0.145
07/04/25 04:00	0.254	0.257	0.251	0.220	0.164	0.346	0.074	0.406	0.228	0.145	0.145
07/04/25 05:00	0.256	0.257	0.255	0.223	0.176	0.355	0.078	0.407	0.230	0.169	0.169
07/04/25 06:00	0.255	0.258	0.256	0.238	0.205	0.359	0.083	0.397	0.228	0.145	0.145
07/04/25 07:00	0.260	0.259	0.255	0.234	0.209	0.346	0.076	0.317	0.202	0.120	0.141
07/04/25 08:00	0.266	0.259	0.251	0.217	0.202	0.325	0.060	0.232	0.110	0.112	0.141
07/04/25 09:00	0.258	0.257	0.249	0.199	0.168	0.306	0.043	0.136	0.094	0.112	0.120
07/04/25 10:00	0.256	0.256	0.248	0.169	0.123	0.276	0.039	0.085	0.094	0.107	0.120
07/04/25 11:00	0.254	0.256	0.248	0.141	0.119	0.265	0.036	0.066	0.072	0.112	0.120
07/04/25 12:00	0.257	0.255	0.246	0.133	0.112	0.242	0.032	0.062	0.094	0.112	0.120
07/04/25 13:00	0.255	0.253	0.246	0.128	0.122	0.236	0.031	0.062	0.072	0.112	0.120
07/04/25 14:00	0.256	0.253	0.247	0.131	0.138	0.238	0.034	0.068	0.094	0.112	0.120
07/04/25 15:00	0.255	0.255	0.247	0.144	0.156	0.256	0.038	0.096	0.104	0.112	0.120
07/04/25 16:00	0.256	0.256	0.250	0.170	0.172	0.289	0.054	0.159	0.120	0.120	0.112
07/04/25 17:00	0.256	0.260	0.254	0.198	0.189	0.323	0.095	0.232	0.211	0.145	0.120
07/04/25 18:00	0.259	0.262	0.258	0.224	0.206	0.358	0.169	0.287	0.202	0.145	0.120
07/04/25 19:00	0.268	0.263	0.257	0.251	0.219	0.375	0.215	0.336	0.197	0.120	0.120
07/04/25 20:00	0.276	0.262	0.253	0.268	0.218	0.380	0.227	0.359	0.120	0.120	0.120
07/04/25 21:00	0.258	0.261	0.251	0.264	0.213	0.385	0.222	0.374	0.120	0.120	0.120
07/04/25 22:00	0.257	0.261	0.249	0.261	0.209	0.392	0.232	0.377	0.120	0.120	0.141
07/04/25 23:00	0.257	0.258	0.250	0.277	0.199	0.400	0.249	0.387	0.112	0.120	0.141
08/04/25 00:00	0.254	0.258	0.249	0.287	0.205	0.409	0.252	0.404	0.112	0.120	0.120
08/04/25 01:00	0.256	0.257	0.249	0.296	0.220	0.412	0.258	0.423	0.112	0.120	0.120
08/04/25 02:00	0.249	0.257	0.249	0.304	0.238	0.413	0.266	0.433	0.112	0.120	0.120
08/04/25 03:00	0.249	0.257	0.249	0.308	0.260	0.413	0.278	0.432	0.112	0.120	0.120
08/04/25 04:00	0.249	0.259	0.250	0.314	0.266	0.416	0.305	0.431	0.112	0.120	0.120
08/04/25 05:00	0.254	0.266	0.253	0.314	0.296	0.416	0.322	0.431	0.112	0.120	0.141
08/04/25 06:00	0.252	0.268	0.254	0.322	0.314	0.409	0.327	0.419	0.112	0.120	0.120
08/04/25 07:00	0.254	0.268	0.255	0.313	0.297	0.375	0.291	0.338	0.094	0.114	0.114
08/04/25 08:00	0.253	0.268	0.252	0.287	0.262	0.321	0.247	0.249	0.072	0.072	0.112
08/04/25 09:00	0.253	0.263	0.250	0.249	0.234	0.274	0.171	0.152	0.072	0.080	0.081
08/04/25 10:00	0.253	0.261	0.250	0.220	0.224	0.225	0.121	0.086	0.072	0.072	0.081
08/04/25 11:00	0.253	0.259	0.249	0.185	0.217	0.181	0.118	0.067	0.072	0.072	0.112
08/04/25 12:00	0.251	0.259	0.248	0.160	0.223	0.160	0.145	0.062	0.072	0.072	0.112
08/04/25 13:00	0.248	0.258	0.248	0.149	0.215	0.171	0.177	0.060	0.072	0.072	0.112
08/04/25 14:00	0.248	0.259	0.249	0.151	0.216	0.191	0.180	0.070	0.072	0.072	0.112
08/04/25 15:00	0.251	0.259	0.250	0.169	0.221	0.216	0.155	0.103	0.072	0.095	0.112
08/04/25 16:00	0.254	0.260	0.251	0.192	0.236	0.244	0.172	0.177	0.094	0.120	0.120
08/04/25 17:00	0.254	0.261	0.256	0.220	0.265	0.310	0.206	0.256	0.120	0.145	0.145
08/04/25 18:00	0.260	0.263	0.262	0.248	0.284	0.371	0.265	0.309	0.226	0.155	0.145
08/04/25 19:00	0.261	0.262	0.262	0.268	0.311	0.404	0.304	0.351	0.222	0.145	0.145
08/04/25 20:00	0.260	0.261	0.258	0.264	0.319	0.409	0.298	0.367	0.226	0.145	0.145
08/04/25 21:00	0.259	0.260	0.255	0.258	0.324	0.410	0.273	0.375	0.226	0.155	0.145
08/04/25 22:00	0.258	0.257	0.252	0.243	0.308	0.411	0.251	0.394	0.229	0.155	0.141
08/04/25 23:00	0.258	0.256	0.250	0.220	0.293	0.414	0.212	0.404	0.230	0.183	0.145
09/04/25 00:00	0.256	0.256	0.250	0.207	0.281	0.416	0.200	0.421	0.230	0.169	0.145
09/04/25 01:00	0.255	0.257	0.250	0.208	0.262	0.420	0.155	0.427	0.230	0.145	0.145
09/04/25 02:00	0.255	0.256	0.250	0.214	0.261	0.417	0.136	0.433	0.223	0.145	0.145
09/04/25 03:00	0.255	0.256	0.249	0.216	0.254	0.414	0.120	0.435	0.228	0.145	0.145
09/04/25 04:00	0.257	0.258	0.250	0.225	0.253	0.421	0.118	0.431	0.228	0.145	0.145
09/04/25 05:00	0.263	0.262	0.252	0.249	0.256	0.422	0.125	0.422	0.228	0.145	0.145
09/04/25 06:00	0.267	0.265	0.254	0.264	0.244	0.418	0.115	0.400	0.230	0.155	0.145
09/04/25 07:00	0.269	0.266	0.256	0.252	0.213	0.376	0.095	0.351	0.190	0.141	0.141
09/04/25 08:00	0.273	0.263	0.251	0.221	0.170	0.300	0.079	0.269	0.112	0.120	0.120
09/04/25 09:00	0.268	0.262	0.250	0.188	0.135	0.221	0.057	0.177	0.094	0.120	0.120
09/04/25 10:00	0.266	0.261	0.249	0.172	0.120	0.168	0.047	0.098	0.094	0.114	0.120
09/04/25 11:00	0.262	0.260	0.249	0.167	0.104	0.134	0.043	0.064	0.072	0.114	0.114
09/04/25 12:00	0.260	0.259	0.248	0.169	0.095	0.121	0.052	0.061	0.072	0.114	0.114
09/04/25 13:00	0.259	0.259	0.246	0.177	0.096	0.119	0.054	0.059	0.072	0.112	0.114
09/04/25 14:00	0.258	0.257	0.247	0.194	0.097	0.126	0.056	0.057	0.072	0.114	0.114
09/04/25 15:00	0.259	0.257	0.248	0.231	0.102	0.142	0.059	0.073	0.094	0.114	0.114
09/04/25 16:00	0.261	0.259	0.250	0.271	0.143	0.167	0.064	0.120	0.104	0.114	0.114
09/04/25 17:00	0.262	0.261	0.252	0.311	0.192	0.235	0.068	0.203	0.202	0.141	0.112
09/04/25 18:00	0.263	0.262	0.254	0.338	0.244	0.335	0.076	0.267	0.170	0.120	0.112
09/04/25 19:00	0.268	0.262	0.255	0.356	0.298	0.412	0.085	0.296	0.170	0.120	0.112
09/04/25 20:00	0.265	0.260	0.254	0.358	0.328	0.412	0.084	0.318	0.112	0.141	0.120
09/04/25 21:00	0.260	0.260	0.253	0.354	0.334	0.395	0.080	0.327	0.112	0.114	0.120
09/04/25 22:00	0.261	0.258	0.252	0.340	0.333	0.369	0.083	0.323	0.112	0.114	0.112
09/04/25 23:00	0.256	0.257	0.251	0.334	0.336	0.337	0.088	0.341	0.112	0.112	0.112
10/04/25 00:00	0.255	0.257	0.251	0.334	0.335	0.297	0.085	0.343	0.112	0.095	0.095
10/04/25 01:00	0.253	0.257	0.250	0.335	0.335	0.284	0.093	0.349	0.112	0.095	0.095
10/04/25 02:00	0.253	0.257	0.251	0.333	0.338	0.281	0.097	0.355	0.080	0.072	0.081
10/04/25 03:00	0.253	0.257	0.252	0.332	0.332	0.280	0.104	0.344	0.112	0.095	0.095
10/04/25 04:00	0.255	0.258	0.252	0.329	0.329	0.274	0.132	0.340	0.112	0.095	0.095
10/04/25 05:00	0.259	0.262	0.253	0.326	0.332	0.266	0.199	0.344	0.112	0.095	0.095
10/04/25 06:00	0.261	0.266	0.254	0.321	0.323	0.256	0.253	0.340	0.112	0.107	0.112
10/04/25 07:00	0.265	0.267	0.254	0.306	0.276	0.215	0.226	0.332	0.112	0.107	0.081
10/04/25 08:00	0.270	0.264	0.253	0.281	0.204	0.172	0.163	0.293	0.095	0.072	0.072
10/04/25 09:00	0.267	0.261	0.248	0.252	0.151	0.133	0.091	0.254	0.094	0.072	0.112
10/04/25 10:00	0.266	0.259	0.248	0.236	0.127	0.125	0.064	0.193	0.072	0.072	0.072
10/04/25 11:00	0.261	0.257	0.246	0.233	0.114	0.114	0.049	0.136	0.094	0.072	0.072
10/04/25 12:00	0.259	0.257	0.245	0.226	0.112	0.103	0.042	0.093	0.072	0.072	0.072
10/04/25 13:00	0.259	0.258	0.244	0.231	0.109	0.118	0.043	0.079	0.094	0.072	0.072
10/04/25 14:00	0.258	0.258	0.244	0.232	0.117	0.139	0.043	0.079	0.094	0.072	0.072
10/04/25 15:00	0.261	0.258	0.248	0.239	0.142	0.154	0.045	0.086	0.094	0.072	0.072
10/04/25 16:00	0.262	0.260	0.251	0.241	0.217	0.168	0.073	0.129	0.112	0.072	0.112
10/04/25 17:00	0.263	0.262	0.252	0.250	0.271	0.173	0.128	0.231	0.094	0.072	0.072
10/04/25 18:00	0.266	0.262	0.255	0.244	0.340	0.180	0.187	0.329	0.094	0.072	0.072
10/04/25 19:00	0.266	0.262	0.256	0.240	0.390	0.188	0.233	0.401	0.094	0.095	0.095
10/04/25 20:00	0.268	0.261	0.255	0.226	0.401	0.193	0.219	0.422	0.094	0.072	0.072
10/04/25 21:00	0.268	0.260	0.254	0.215	0.408	0.186	0.172	0.408	0.104	0.080	0.081
10/04/25 22:00	0.258	0.258	0.251	0.203	0.413	0.181	0.130	0.389	0.094	0.072	0.072
10/04/25 23:00	0.261	0.258	0.251	0.190	0.411	0.173	0.104	0.383	0.094	0.072	0.081
11/04/25 00:00	0.258	0.257	0.250	0.175	0.410	0.185	0.094	0.390	0.094	0.072	0.072
11/04/25 01:00	0.257	0.257	0.249	0.177	0.413	0.186	0.087	0.393	0.072	0.072	0.072
11/04/25 02:00	0.250	0.257	0.249	0.179	0.418	0.188	0.084	0.398	0.094	0.072	0.072
11/04/25 03:00	0.254	0.257	0.250	0.180	0.418	0.181	0.081	0.401	0.094	0.072	0.072
11/04/25 04:00	0.255	0.258	0.251	0.181	0.409	0.173	0.078	0.398	0.094	0.072	0.072
11/04/25 05:00	0.257	0.262	0.251	0.188	0.402	0.189	0.093	0.395	0.094	0.072	0.072
11/04/25 06:00	0.260	0.267	0.251	0.195	0.393	0.209	0.103	0.374	0.094	0.095	0.095
11/04/25 07:00	0.267	0.268	0.251	0.205	0.358	0.188	0.105	0.312	0.094	0.072	0.072
11/04/25 08:00	0.274	0.264	0.249	0.189	0.301	0.141	0.104	0.202	0.094	0.072	0.072
11/04/25 09:00	0.270	0.263	0.246	0.173	0.223	0.111	0.106	0.095	0.094	0.072	0.072
11/04/25 10:00	0.267	0.262	0.245	0.168	0.165	0.098	0.096	0.055	0.094	0.072	0.072
11/04/25 11:00	0.266	0.261	0.245	0.154	0.138	0.086	0.104	0.046	0.072	0.107	0.112
11/04/25 12:00	0.265	0.259	0.244	0.146	0.129	0.081	0.104	0.043	0.072	0.072	0.072
11/04/25 13:00	0.265	0.258	0.242	0.142	0.129	0.080	0.108	0.044	0.072	0.072	0.081
11/04/25 14:00	0.262	0.258	0.243	0.141	0.128	0.084	0.128	0.048	0.094	0.072	0.072
11/04/25 15:00	0.263	0.258	0.246	0.153	0.149	0.091	0.154	0.061	0.094	0.114	0.112
11/04/25 16:00	0.257	0.261	0.249	0.181	0.195	0.123	0.199	0.104	0.120	0.120	0.120
11/04/25 17:00	0.258	0.262	0.253	0.223	0.250	0.187	0.238	0.214	0.226	0.145	0.141
11/04/25 18:00	0.259	0.265	0.256	0.263	0.300	0.272	0.267	0.322	0.226	0.145	0.141
11/04/25 19:00	0.261	0.265	0.257	0.305	0.327	0.333	0.275	0.403	0.226	0.145	0.142
11/04/25 20:00	0.261	0.263	0.254	0.322	0.326	0.344	0.260	0.423	0.226	0.155	0.142
11/04/25 21:00	0.261	0.262	0.251	0.321	0.315	0.329	0.232	0.426	0.226	0.155	0.142
11/04/25 22:00	0.258	0.261	0.250	0.320	0.291	0.302	0.197	0.424	0.170	0.141	0.141
11/04/25 23:00	0.256	0.259	0.250	0.322	0.277	0.256	0.165	0.426	0.120	0.141	0.141
12/04/25 00:00	0.260	0.258	0.249	0.318	0.269	0.220	0.147	0.422	0.120	0.141	0.141
12/04/25 01:00	0.254	0.258	0.248	0.313	0.280	0.202	0.139	0.419	0.201	0.141	0.141
12/04/25 02:00	0.254	0.257	0.246	0.312	0.286	0.187	0.126	0.417	0.202	0.142	0.141
12/04/25 03:00	0.253	0.258	0.247	0.311	0.307	0.185	0.123	0.417	0.223	0.145	0.145
12/04/25 04:00	0.254	0.259	0.247	0.320	0.320	0.192	0.124	0.408	0.228	0.145	0.145
12/04/25 05:00	0.261	0.263	0.247	0.328	0.337	0.209	0.131	0.388	0.228	0.145	0.145
12/04/25 06:00	0.266	0.268	0.247	0.321	0.330	0.235	0.133	0.349	0.230	0.145	0.145
12/04/25 07:00	0.269	0.268	0.246	0.296	0.298	0.257	0.107	0.230	0.221	0.145	0.145
12/04/25 08:00	0.269	0.264	0.244	0.266	0.244	0.253	0.090	0.101	0.112	0.112	0.120
12/04/25 09:00	0.263	0.263	0.242	0.238	0.171	0.224	0.069	0.056	0.104	0.112	0.120
12/04/25 10:00	0.262	0.262	0.242	0.222	0.141	0.176	0.047	0.035	0.094	0.112	0.120
12/04/25 11:00	0.260	0.261	0.242	0.202	0.135	0.135	0.043	0.030	0.104	0.114	0.114
12/04/25 12:00	0.260	0.261	0.240	0.180	0.137	0.126	0.033	0.027	0.094	0.114	0.114
12/04/25 13:00	0.260	0.260	0.240	0.181	0.135	0.134	0.035	0.026	0.104	0.112	0.141
12/04/25 14:00	0.260	0.259	0.240	0.187	0.136	0.144	0.034	0.027	0.104	0.112	0.120
12/04/25 15:00	0.261	0.258	0.241	0.185	0.167	0.155	0.039	0.030	0.112	0.120	0.141
12/04/25 16:00	0.269	0.260	0.241	0.211	0.238	0.165	0.056	0.041	0.120	0.189	0.145
12/04/25 17:00	0.264	0.262	0.250	0.245	0.313	0.181	0.089	0.094	0.235	0.234	0.234
12/04/25 18:00	0.264	0.263	0.254	0.282	0.365	0.223	0.131	0.153	0.298	0.315	0.315
12/04/25 19:00	0.267	0.263	0.253	0.309	0.402	0.271	0.150	0.203	0.297	0.268	0.234
12/04/25 20:00	0.267	0.261	0.250	0.324	0.408	0.283	0.150	0.179	0.245	0.315	0.315
12/04/25 21:00	0.266	0.261	0.249	0.327	0.407	0.263	0.131	0.133	0.241	0.315	0.264
12/04/25 22:00	0.261	0.260	0.243	0.323	0.409	0.232	0.124	0.107	0.241	0.264	0.264
12/04/25 23:00	0.257	0.261	0.244	0.314	0.400	0.214	0.115	0.088	0.241	0.241	0.241
13/04/25 00:00	0.260	0.260	0.240	0.316	0.405	0.204	0.101	0.082	0.235	0.264	0.264
13/04/25 01:00	0.256	0.260	0.240	0.314	0.412	0.198	0.104	0.083	0.230	0.241	0.241
13/04/25 02:00	0.256	0.259	0.240	0.319	0.402	0.196	0.106	0.091	0.230	0.243	0.243
13/04/25 03:00	0.255	0.258	0.240	0.321	0.399	0.201	0.112	0.089	0.230	0.241	0.241
13/04/25 04:00	0.256	0.259	0.239	0.322	0.404	0.217	0.119	0.084	0.235	0.241	0.241
13/04/25 05:00	0.260	0.261	0.238	0.326	0.408	0.233	0.133	0.092	0.275	0.241	0.241
13/04/25 06:00	0.266	0.261	0.237	0.320	0.401	0.232	0.143	0.086	0.239	0.234	0.234
13/04/25 07:00	0.270	0.262	0.237	0.288	0.370	0.205	0.113	0.073	0.228	0.207	0.219
13/04/25 08:00	0.276	0.262	0.238	0.238	0.328	0.177	0.080	0.061	0.197	0.155	0.145
13/04/25 09:00	0.273	0.260	0.238	0.195	0.285	0.148	0.067	0.048	0.120	0.145	0.189
13/04/25 10:00	0.271	0.259	0.232	0.178	0.254	0.124	0.052	0.039	0.104	0.145	0.189
13/04/25 11:00	0.264	0.258	0.228	0.161	0.258	0.118	0.046	0.035	0.104	0.145	0.145
13/04/25 12:00	0.264	0.258	0.223	0.163	0.264	0.112	0.044	0.031	0.104	0.145	0.145
13/04/25 13:00	0.262	0.257	0.202	0.161	0.250	0.106	0.043	0.028	0.110	0.120	0.145
13/04/25 14:00	0.258	0.257	0.201	0.164	0.229	0.105	0.044	0.029	0.120	0.145	0.145
13/04/25 15:00	0.258	0.257	0.225	0.192	0.266	0.105	0.045	0.034	0.112	0.191	0.207
13/04/25 16:00	0.260	0.258	0.236	0.226	0.296	0.134	0.050	0.050	0.226	0.234	0.234
13/04/25 17:00	0.262	0.260	0.248	0.262	0.345	0.183	0.057	0.111	0.235	0.302	0.234
13/04/25 18:00	0.261	0.262	0.249	0.301	0.380	0.238	0.074	0.182	0.286	0.302	0.234
13/04/25 19:00	0.262	0.262	0.253	0.335	0.392	0.285	0.086	0.219	0.281	0.315	0.234
13/04/25 20:00	0.261	0.261	0.250	0.349	0.393	0.312	0.083	0.251	0.241	0.302	0.234
13/04/25 21:00	0.260	0.261	0.255	0.351	0.392	0.323	0.075	0.276	0.241	0.315	0.234
13/04/25 22:00	0.260	0.261	0.253	0.350	0.388	0.325	0.083	0.275	0.240	0.268	0.234
13/04/25 23:00	0.259	0.259	0.252	0.350	0.386	0.328	0.087	0.283	0.234	0.315	0.268
14/04/25 00:00	0.256	0.259	0.250	0.350	0.390	0.333	0.093	0.291	0.230	0.274	0.268
14/04/25 01:00	0.255	0.259	0.248	0.351	0.386	0.339	0.096	0.309	0.230	0.264	0.264
14/04/25 02:00	0.255	0.257	0.248	0.350	0.383	0.347	0.121	0.346	0.230	0.241	0.240
14/04/25 03:00	0.254	0.257	0.248	0.352	0.397	0.359	0.147	0.377	0.230	0.241	0.240
14/04/25 04:00	0.255	0.259	0.247	0.350	0.404	0.364	0.154	0.396	0.230	0.240	0.240
14/04/25 05:00	0.257	0.257	0.252	0.348	0.404	0.369	0.174	0.406	0.230	0.243	0.234
14/04/25 06:00	0.258	0.258	0.255	0.342	0.399	0.360	0.171	0.397	0.230	0.234	0.234
14/04/25 07:00	0.259	0.259	0.255	0.317	0.360	0.311	0.128	0.337	0.208	0.197	0.189
14/04/25 08:00	0.259	0.259	0.251	0.281	0.294	0.248	0.090	0.265	0.120	0.145	0.145
14/04/25 09:00	0.258	0.257	0.250	0.253	0.229	0.188	0.063	0.172	0.104	0.141	0.145
14/04/25 10:00	0.256	0.259	0.249	0.243	0.179	0.150	0.055	0.104	0.104	0.145	0.145
14/04/25 11:00	0.259	0.256	0.248	0.226	0.155	0.132	0.047	0.075	0.104	0.145	0.145
14/04/25 12:00	0.254	0.258	0.249	0.216	0.154	0.139	0.043	0.067	0.095	0.145	0.145
14/04/25 13:00	0.255	0.256	0.246	0.194	0.157	0.151	0.040	0.067	0.094	0.145	0.145
14/04/25 14:00	0.253	0.259	0.246	0.198	0.166	0.156	0.043	0.084	0.094	0.145	0.145
14/04/25 15:00	0.254	0.259	0.248	0.210	0.182	0.175	0.052	0.136	0.104	0.145	0.145
14/04/25 16:00	0.256	0.257	0.250	0.229	0.222	0.226	0.077	0.211	0.120	0.189	0.155
14/04/25 17:00	0.260	0.260	0.252	0.257	0.288	0.279	0.139	0.273	0.228	0.219	0.234
14/04/25 18:00	0.263	0.261	0.256	0.277	0.346	0.330	0.229	0.335	0.234	0.234	0.234
14/04/25 19:00	0.262	0.262	0.259	0.301	0.391	0.367	0.308	0.379	0.230	0.234	0.234
14/04/25 20:00	0.261	0.260	0.256	0.316	0.402	0.369	0.317	0.370	0.230	0.234	0.234
14/04/25 21:00	0.264	0.262	0.252	0.321	0.406	0.362	0.313	0.345	0.230	0.234	0.234
14/04/25 22:00	0.262	0.261	0.251	0.322	0.409	0.357	0.305	0.281	0.230	0.241	0.234
14/04/25 23:00	0.257	0.261	0.249	0.334	0.406	0.349	0.258	0.231	0.230	0.240	0.234
15/04/25 00:00	0.255	0.259	0.248	0.339	0.394	0.347	0.219	0.190	0.230	0.240	0.234
15/04/25 01:00	0.254	0.259	0.248	0.343	0.391	0.346	0.175	0.174	0.230	0.219	0.234
15/04/25 02:00	0.254	0.258	0.248	0.346	0.387	0.346	0.138	0.158	0.229	0.219	0.219
15/04/25 03:00	0.255	0.258	0.249	0.349	0.385	0.342	0.128	0.161	0.209	0.219	0.219
15/04/25 04:00	0.255	0.260	0.250	0.350	0.380	0.344	0.141	0.193	0.199	0.219	0.219
15/04/25 05:00	0.256	0.264	0.254	0.348	0.374	0.345	0.146	0.244	0.208	0.219	0.219
15/04/25 06:00	0.253	0.268	0.253	0.338	0.371	0.335	0.140	0.247	0.197	0.197	0.191
15/04/25 07:00	0.255	0.269	0.253	0.314	0.347	0.275	0.105	0.193	0.112	0.145	0.145
15/04/25 08:00	0.255	0.266	0.251	0.283	0.313	0.204	0.070	0.124	0.095	0.120	0.120
15/04/25 09:00	0.256	0.262	0.248	0.253	0.261	0.151	0.050	0.080	0.094	0.120	0.120
15/04/25 10:00	0.257	0.259	0.246	0.230	0.222	0.121	0.047	0.061	0.094	0.114	0.114
15/04/25 11:00	0.256	0.257	0.248	0.209	0.196	0.100	0.052	0.056	0.094	0.114	0.114
15/04/25 12:00	0.256	0.257	0.243	0.201	0.189	0.090	0.058	0.071	0.094	0.114	0.114
15/04/25 13:00	0.254	0.258	0.244	0.199	0.193	0.090	0.065	0.079	0.085	0.114	0.114
15/04/25 14:00	0.253	0.257	0.243	0.201	0.186	0.101	0.073	0.130	0.072	0.114	0.114
15/04/25 15:00	0.256	0.257	0.245	0.226	0.201	0.113	0.068	0.175	0.080	0.120	0.112
15/04/25 16:00	0.262	0.259	0.249	0.243	0.229	0.145	0.056	0.263	0.104	0.120	0.112
15/04/25 17:00	0.263	0.262	0.252	0.258	0.267	0.183	0.061	0.328	0.120	0.120	0.120
15/04/25 18:00	0.263	0.263	0.257	0.282	0.320	0.215	0.077	0.356	0.112	0.112	0.120
15/04/25 19:00	0.265	0.263	0.259	0.306	0.356	0.234	0.085	0.423	0.196	0.112	0.120
15/04/25 20:00	0.264	0.261	0.254	0.311	0.365	0.245	0.087	0.453	0.112	0.112	0.120
15/04/25 21:00	0.260	0.260	0.252	0.310	0.365	0.257	0.083	0.455	0.112	0.120	0.120
15/04/25 22:00	0.258	0.257	0.251	0.308	0.361	0.269	0.087	0.449	0.112	0.112	0.120
15/04/25 23:00	0.257	0.257	0.249	0.310	0.357	0.278	0.087	0.421	0.112	0.112	0.120
16/04/25 00:00	0.256	0.257	0.249	0.318	0.355	0.277	0.097	0.376	0.112	0.112	0.120
16/04/25 01:00	0.255	0.257	0.249	0.327	0.353	0.278	0.088	0.323	0.112	0.112	0.120
16/04/25 02:00	0.255	0.257	0.249	0.335	0.357	0.284	0.081	0.305	0.104	0.112	0.120
16/04/25 03:00	0.255	0.256	0.249	0.340	0.361	0.287	0.084	0.296	0.104	0.112	0.120
16/04/25 04:00	0.257	0.257	0.250	0.343	0.360	0.292	0.091	0.298	0.104	0.112	0.120
16/04/25 05:00	0.262	0.262	0.250	0.345	0.341	0.288	0.092	0.322	0.120	0.112	0.120
16/04/25 06:00	0.266	0.265	0.255	0.337	0.305	0.286	0.093	0.323	0.104	0.112	0.120
16/04/25 07:00	0.271	0.265	0.254	0.310	0.234	0.280	0.089	0.317	0.104	0.112	0.114
16/04/25 08:00	0.268	0.262	0.251	0.270	0.177	0.267	0.070	0.296	0.072	0.080	0.114
16/04/25 09:00	0.266	0.259	0.249	0.220	0.134	0.252	0.061	0.260	0.072	0.107	0.112
16/04/25 10:00	0.265	0.257	0.249	0.179	0.112	0.229	0.059	0.249	0.072	0.072	0.072
16/04/25 11:00	0.264	0.256	0.247	0.160	0.103	0.219	0.058	0.210	0.072	0.072	0.072
16/04/25 12:00	0.264	0.257	0.247	0.149	0.094	0.199	0.062	0.191	0.072	0.072	0.072
16/04/25 13:00	0.262	0.257	0.247	0.142	0.095	0.201	0.068	0.195	0.072	0.112	0.072
16/04/25 14:00	0.261	0.257	0.247	0.143	0.096	0.205	0.068	0.217	0.072	0.107	0.112
16/04/25 15:00	0.261	0.258	0.248	0.160	0.106	0.222	0.065	0.227	0.072	0.107	0.112
16/04/25 16:00	0.261	0.261	0.249	0.190	0.122	0.250	0.080	0.305	0.072	0.072	0.112
16/04/25 17:00	0.263	0.263	0.253	0.229	0.160	0.288	0.096	0.348	0.104	0.114	0.114
16/04/25 18:00	0.265	0.265	0.256	0.256	0.223	0.330	0.127	0.384	0.112	0.114	0.114
16/04/25 19:00	0.266	0.264	0.258	0.284	0.298	0.350	0.151	0.414	0.112	0.114	0.114
16/04/25 20:00	0.263	0.262	0.255	0.299	0.312	0.353	0.185	0.420	0.112	0.114	0.114
16/04/25 21:00	0.261	0.261	0.252	0.299	0.286	0.355	0.208	0.425	0.112	0.114	0.114
16/04/25 22:00	0.260	0.258	0.249	0.293	0.273	0.367	0.226	0.433	0.112	0.114	0.114
16/04/25 23:00	0.257	0.256	0.250	0.295	0.261	0.375	0.243	0.449	0.112	0.114	0.114
17/04/25 00:00	0.257	0.256	0.250	0.297	0.272	0.380	0.238	0.458	0.112	0.114	0.114
17/04/25 01:00	0.257	0.256	0.249	0.308	0.301	0.385	0.215	0.466	0.112	0.120	0.120
17/04/25 02:00	0.257	0.256	0.250	0.313	0.306	0.387	0.198	0.467	0.112	0.114	0.114
17/04/25 03:00	0.257	0.256	0.250	0.316	0.315	0.386	0.196	0.461	0.112	0.114	0.114
17/04/25 04:00	0.256	0.258	0.250	0.316	0.320	0.384	0.206	0.456	0.112	0.114	0.114
17/04/25 05:00	0.262	0.262	0.250	0.317	0.319	0.381	0.231	0.450	0.112	0.114	0.120
17/04/25 06:00	0.266	0.264	0.251	0.306	0.292	0.371	0.243	0.442	0.104	0.114	0.114
17/04/25 07:00	0.266	0.265	0.257	0.267	0.221	0.352	0.230	0.414	0.094	0.114	0.114
17/04/25 08:00	0.264	0.264	0.252	0.214	0.162	0.320	0.191	0.375	0.072	0.072	0.072
17/04/25 09:00	0.262	0.263	0.251	0.168	0.130	0.280	0.154	0.342	0.072	0.072	0.072
17/04/25 10:00	0.260	0.262	0.249	0.143	0.114	0.224	0.111	0.314	0.072	0.072	0.072
17/04/25 11:00	0.258	0.261	0.249	0.123	0.093	0.174	0.103	0.288	0.072	0.072	0.072
17/04/25 12:00	0.257	0.260	0.248	0.115	0.085	0.147	0.103	0.258	0.072	0.072	0.072
17/04/25 13:00	0.258	0.257	0.248	0.120	0.084	0.125	0.109	0.259	0.072	0.072	0.072
17/04/25 14:00	0.257	0.256	0.247	0.120	0.087	0.133	0.130	0.288	0.072	0.072	0.072
17/04/25 15:00	0.258	0.257	0.247	0.133	0.098	0.145	0.135	0.314	0.072	0.072	0.112
17/04/25 16:00	0.260	0.258	0.249	0.170	0.120	0.163	0.155	0.332	0.094	0.112	0.114
17/04/25 17:00	0.264	0.262	0.255	0.214	0.158	0.209	0.213	0.377	0.120	0.120	0.120
17/04/25 18:00	0.266	0.263	0.258	0.258	0.224	0.245	0.270	0.417	0.228	0.145	0.145
17/04/25 19:00	0.266	0.263	0.257	0.299	0.300	0.281	0.323	0.439	0.228	0.145	0.145
17/04/25 20:00	0.265	0.261	0.255	0.318	0.312	0.294	0.340	0.449	0.197	0.145	0.120
17/04/25 21:00	0.262	0.259	0.251	0.331	0.287	0.299	0.345	0.455	0.148	0.141	0.141
17/04/25 22:00	0.259	0.257	0.249	0.338	0.261	0.300	0.339	0.456	0.223	0.145	0.141
17/04/25 23:00	0.259	0.258	0.250	0.337	0.236	0.303	0.337	0.450	0.223	0.141	0.141
18/04/25 00:00	0.255	0.257	0.249	0.336	0.241	0.305	0.343	0.454	0.210	0.141	0.141
18/04/25 01:00	0.255	0.257	0.248	0.340	0.263	0.307	0.338	0.452	0.205	0.120	0.120
18/04/25 02:00	0.255	0.256	0.248	0.345	0.273	0.299	0.343	0.461	0.170	0.120	0.120
18/04/25 03:00	0.255	0.256	0.248	0.347	0.268	0.294	0.344	0.462	0.120	0.114	0.114
18/04/25 04:00	0.257	0.258	0.248	0.347	0.263	0.274	0.342	0.460	0.112	0.112	0.114
18/04/25 05:00	0.261	0.262	0.250	0.347	0.271	0.265	0.347	0.449	0.112	0.112	0.114
18/04/25 06:00	0.265	0.264	0.251	0.336	0.261	0.253	0.315	0.439	0.112	0.114	0.114
18/04/25 07:00	0.266	0.268	0.251	0.305	0.201	0.221	0.241	0.403	0.072	0.080	0.081
18/04/25 08:00	0.262	0.263	0.251	0.270	0.154	0.177	0.173	0.351	0.072	0.072	0.072
18/04/25 09:00	0.261	0.261	0.248	0.220	0.124	0.138	0.129	0.299	0.072	0.072	0.072
18/04/25 10:00	0.260	0.259	0.247	0.177	0.110	0.109	0.116	0.228	0.072	0.072	0.072
18/04/25 11:00	0.257	0.258	0.248	0.159	0.101	0.091	0.098	0.135	0.072	0.072	0.072
18/04/25 12:00	0.257	0.257	0.246	0.141	0.095	0.094	0.085	0.096	0.072	0.072	0.072
18/04/25 13:00	0.256	0.257	0.245	0.139	0.096	0.097	0.082	0.086	0.072	0.072	0.072
18/04/25 14:00	0.257	0.256	0.246	0.144	0.102	0.094	0.087	0.099	0.072	0.072	0.072
18/04/25 15:00	0.256	0.256	0.247	0.171	0.118	0.094	0.108	0.114	0.072	0.072	0.072
18/04/25 16:00	0.259	0.258	0.253	0.204	0.151	0.113	0.128	0.160	0.094	0.112	0.114
18/04/25 17:00	0.262	0.261	0.252	0.252	0.224	0.143	0.174	0.234	0.104	0.114	0.114
18/04/25 18:00	0.264	0.263	0.255	0.290	0.323	0.179	0.210	0.308	0.104	0.112	0.114
18/04/25 19:00	0.264	0.263	0.253	0.326	0.386	0.220	0.223	0.356	0.104	0.112	0.114
18/04/25 20:00	0.264	0.261	0.252	0.341	0.390	0.244	0.205	0.362	0.094	0.114	0.114
18/04/25 21:00	0.260	0.260	0.252	0.346	0.384	0.247	0.171	0.358	0.094	0.095	0.095
18/04/25 22:00	0.257	0.260	0.250	0.345	0.379	0.239	0.141	0.377	0.094	0.112	0.114
18/04/25 23:00	0.257	0.259	0.248	0.348	0.384	0.225	0.110	0.373	0.094	0.112	0.114
19/04/25 00:00	0.255	0.259	0.250	0.348	0.386	0.226	0.099	0.370	0.094	0.114	0.114
19/04/25 01:00	0.255	0.257	0.249	0.348	0.386	0.234	0.091	0.360	0.094	0.114	0.114
19/04/25 02:00	0.253	0.256	0.248	0.349	0.387	0.239	0.089	0.367	0.094	0.114	0.114
19/04/25 03:00	0.255	0.255	0.245	0.350	0.389	0.238	0.090	0.382	0.094	0.114	0.114
19/04/25 04:00	0.256	0.256	0.245	0.350	0.370	0.249	0.092	0.385	0.094	0.114	0.114
19/04/25 05:00	0.260	0.259	0.245	0.352	0.367	0.255	0.101	0.380	0.104	0.114	0.114
19/04/25 06:00	0.264	0.260	0.245	0.347	0.347	0.236	0.108	0.331	0.094	0.114	0.114
19/04/25 07:00	0.264	0.263	0.246	0.332	0.297	0.185	0.107	0.197	0.072	0.072	0.072
19/04/25 08:00	0.262	0.261	0.246	0.307	0.250	0.135	0.097	0.111	0.072	0.072	0.072
19/04/25 09:00	0.260	0.259	0.245	0.283	0.203	0.092	0.083	0.070	0.072	0.072	0.072
19/04/25 10:00	0.260	0.259	0.244	0.262	0.157	0.072	0.073	0.057	0.072	0.072	0.072
19/04/25 11:00	0.257	0.260	0.244	0.249	0.139	0.064	0.059	0.052	0.072	0.072	0.072
19/04/25 12:00	0.256	0.259	0.240	0.242	0.135	0.061	0.053	0.045	0.072	0.072	0.072
19/04/25 13:00	0.257	0.259	0.235	0.241	0.129	0.062	0.047	0.042	0.072	0.072	0.072
19/04/25 14:00	0.256	0.259	0.239	0.246	0.133	0.062	0.046	0.043	0.072	0.072	0.072
19/04/25 15:00	0.258	0.254	0.238	0.260	0.153	0.068	0.050	0.046	0.072	0.095	0.072
19/04/25 16:00	0.260	0.260	0.242	0.285	0.190	0.075	0.057	0.065	0.072	0.107	0.112
19/04/25 17:00	0.264	0.263	0.245	0.304	0.229	0.093	0.072	0.122	0.104	0.112	0.114
19/04/25 18:00	0.264	0.264	0.250	0.322	0.262	0.129	0.081	0.187	0.104	0.107	0.112
19/04/25 19:00	0.264	0.260	0.255	0.348	0.292	0.167	0.093	0.234	0.094	0.095	0.095
19/04/25 20:00	0.269	0.261	0.253	0.358	0.291	0.190	0.097	0.258	0.094	0.112	0.114
19/04/25 21:00	0.268	0.261	0.250	0.357	0.280	0.196	0.098	0.267	0.094	0.072	0.072
19/04/25 22:00	0.264	0.260	0.244	0.354	0.271	0.207	0.109	0.273	0.094	0.095	0.095
19/04/25 23:00	0.260	0.259	0.242	0.356	0.269	0.219	0.115	0.271	0.094	0.072	0.081
20/04/25 00:00	0.255	0.255	0.242	0.358	0.271	0.218	0.118	0.282	0.094	0.072	0.072
20/04/25 01:00	0.254	0.254	0.241	0.360	0.282	0.221	0.120	0.297	0.094	0.095	0.095
20/04/25 02:00	0.254	0.255	0.240	0.361	0.290	0.230	0.118	0.309	0.094	0.095	0.095
20/04/25 03:00	0.255	0.255	0.240	0.361	0.297	0.226	0.121	0.321	0.094	0.095	0.095
20/04/25 04:00	0.255	0.256	0.242	0.361	0.313	0.230	0.124	0.327	0.094	0.095	0.095
20/04/25 05:00	0.260	0.259	0.248	0.360	0.331	0.230	0.123	0.336	0.094	0.072	0.072
20/04/25 06:00	0.263	0.259	0.250	0.351	0.321	0.220	0.127	0.310	0.094	0.095	0.095
20/04/25 07:00	0.266	0.259	0.253	0.324	0.280	0.202	0.109	0.211	0.094	0.072	0.072
20/04/25 08:00	0.265	0.258	0.249	0.290	0.229	0.178	0.086	0.119	0.072	0.072	0.072
20/04/25 09:00	0.261	0.254	0.245	0.256	0.160	0.157	0.070	0.084	0.072	0.072	0.072
20/04/25 10:00	0.261	0.253	0.242	0.226	0.119	0.133	0.060	0.069	0.072	0.072	0.072
20/04/25 11:00	0.259	0.252	0.242	0.214	0.100	0.124	0.052	0.062	0.072	0.072	0.072
20/04/25 12:00	0.258	0.250	0.241	0.213	0.094	0.111	0.053	0.055	0.072	0.072	0.072
20/04/25 13:00	0.257	0.250	0.237	0.218	0.091	0.099	0.053	0.054	0.072	0.072	0.072
20/04/25 14:00	0.256	0.256	0.233	0.227	0.094	0.097	0.054	0.063	0.072	0.072	0.072
20/04/25 15:00	0.257	0.258	0.239	0.249	0.105	0.103	0.057	0.084	0.072	0.095	0.095
20/04/25 16:00	0.258	0.260	0.241	0.268	0.134	0.121	0.072	0.128	0.104	0.120	0.120
20/04/25 17:00	0.261	0.261	0.249	0.289	0.191	0.156	0.081	0.217	0.226	0.112	0.120
20/04/25 18:00	0.264	0.263	0.256	0.317	0.241	0.199	0.097	0.287	0.226	0.120	0.120
20/04/25 19:00	0.264	0.266	0.257	0.346	0.283	0.247	0.113	0.337	0.228	0.112	0.120
20/04/25 20:00	0.262	0.260	0.258	0.355	0.296	0.262	0.127	0.368	0.170	0.112	0.112
20/04/25 21:00	0.262	0.260	0.253	0.358	0.294	0.270	0.133	0.381	0.203	0.120	0.141
20/04/25 22:00	0.260	0.259	0.248	0.359	0.286	0.271	0.133	0.388	0.197	0.141	0.120
20/04/25 23:00	0.264	0.257	0.244	0.358	0.289	0.260	0.131	0.393	0.170	0.112	0.112
21/04/25 00:00	0.254	0.256	0.242	0.359	0.287	0.264	0.129	0.400	0.120	0.120	0.112
21/04/25 01:00	0.253	0.255	0.241	0.358	0.302	0.277	0.127	0.406	0.170	0.120	0.112
21/04/25 02:00	0.256	0.257	0.241	0.358	0.313	0.274	0.119	0.403	0.170	0.120	0.112
21/04/25 03:00	0.259	0.258	0.241	0.357	0.317	0.257	0.114	0.406	0.170	0.120	0.120
21/04/25 04:00	0.256	0.259	0.242	0.351	0.333	0.283	0.116	0.404	0.170	0.112	0.112
21/04/25 05:00	0.262	0.257	0.244	0.347	0.351	0.298	0.116	0.404	0.170	0.112	0.112
21/04/25 06:00	0.263	0.257	0.248	0.328	0.335	0.272	0.118	0.389	0.120	0.141	0.120
21/04/25 07:00	0.263	0.256	0.249	0.291	0.287	0.226	0.101	0.343	0.104	0.114	0.112
21/04/25 08:00	0.259	0.255	0.244	0.230	0.230	0.182	0.077	0.278	0.072	0.112	0.114
21/04/25 09:00	0.255	0.253	0.242	0.165	0.171	0.151	0.056	0.198	0.072	0.112	0.114
21/04/25 10:00	0.253	0.253	0.240	0.128	0.118	0.125	0.057	0.141	0.072	0.112	0.114
21/04/25 11:00	0.255	0.253	0.240	0.115	0.103	0.103	0.059	0.115	0.072	0.112	0.114
21/04/25 12:00	0.254	0.244	0.239	0.108	0.094	0.094	0.056	0.138	0.072	0.112	0.114
21/04/25 13:00	0.252	0.243	0.238	0.102	0.086	0.098	0.059	0.158	0.072	0.112	0.114
21/04/25 14:00	0.252	0.244	0.235	0.103	0.084	0.102	0.061	0.198	0.072	0.112	0.114
21/04/25 15:00	0.253	0.250	0.239	0.115	0.091	0.135	0.063	0.231	0.072	0.107	0.112
21/04/25 16:00	0.255	0.258	0.242	0.131	0.115	0.180	0.082	0.261	0.104	0.112	0.112
21/04/25 17:00	0.261	0.261	0.250	0.156	0.155	0.217	0.105	0.333	0.112	0.112	0.112
21/04/25 18:00	0.259	0.263	0.252	0.193	0.200	0.255	0.143	0.379	0.228	0.145	0.145
21/04/25 19:00	0.264	0.262	0.257	0.222	0.223	0.269	0.188	0.414	0.228	0.145	0.145
21/04/25 20:00	0.263	0.261	0.257	0.241	0.233	0.274	0.223	0.425	0.213	0.141	0.141
21/04/25 21:00	0.257	0.259	0.255	0.248	0.235	0.295	0.241	0.413	0.197	0.145	0.120
21/04/25 22:00	0.256	0.258	0.248	0.253	0.229	0.321	0.246	0.424	0.120	0.141	0.141
21/04/25 23:00	0.253	0.253	0.242	0.260	0.229	0.316	0.229	0.433	0.112	0.141	0.141
22/04/25 00:00	0.249	0.249	0.242	0.260	0.221	0.329	0.243	0.441	0.120	0.141	0.141
22/04/25 01:00	0.248	0.246	0.241	0.275	0.224	0.353	0.255	0.444	0.112	0.120	0.141
22/04/25 02:00	0.247	0.244	0.242	0.283	0.226	0.357	0.266	0.445	0.112	0.141	0.120
22/04/25 03:00	0.250	0.253	0.242	0.285	0.224	0.357	0.299	0.440	0.120	0.145	0.120
22/04/25 04:00	0.248	0.251	0.242	0.297	0.231	0.360	0.311	0.429	0.112	0.120	0.120
22/04/25 05:00	0.250	0.252	0.247	0.306	0.248	0.377	0.324	0.422	0.112	0.120	0.141
22/04/25 06:00	0.251	0.255	0.254	0.300	0.239	0.358	0.304	0.411	0.112	0.120	0.120
22/04/25 07:00	0.251	0.251	0.256	0.274	0.197	0.307	0.259	0.372	0.112	0.120	0.120
22/04/25 08:00	0.247	0.253	0.245	0.221	0.154	0.219	0.198	0.327	0.112	0.120	0.120
22/04/25 09:00	0.247	0.261	0.243	0.172	0.124	0.153	0.128	0.269	0.094	0.107	0.112
22/04/25 10:00	0.246	0.266	0.242	0.149	0.092	0.121	0.106	0.204	0.072	0.112	0.112
22/04/25 11:00	0.246	0.259	0.242	0.130	0.078	0.129	0.107	0.137	0.072	0.112	0.112
22/04/25 12:00	0.241	0.258	0.242	0.120	0.082	0.172	0.110	0.104	0.072	0.080	0.112
22/04/25 13:00	0.241	0.257	0.242	0.117	0.080	0.217	0.099	0.092	0.072	0.107	0.112
22/04/25 14:00	0.241	0.256	0.240	0.122	0.086	0.255	0.089	0.112	0.072	0.112	0.112
22/04/25 15:00	0.244	0.258	0.241	0.134	0.101	0.284	0.101	0.156	0.104	0.120	0.120
22/04/25 16:00	0.253	0.260	0.244	0.170	0.116	0.290	0.136	0.210	0.104	0.120	0.145
22/04/25 17:00	0.258	0.262	0.253	0.213	0.136	0.296	0.175	0.290	0.120	0.120	0.145
22/04/25 18:00	0.256	0.264	0.251	0.256	0.165	0.314	0.216	0.363	0.228	0.145	0.145
22/04/25 19:00	0.257	0.265	0.255	0.292	0.216	0.363	0.265	0.428	0.228	0.145	0.145
22/04/25 20:00	0.257	0.271	0.257	0.311	0.246	0.386	0.300	0.439	0.228	0.141	0.141
22/04/25 21:00	0.255	0.265	0.251	0.321	0.231	0.379	0.323	0.433	0.203	0.191	0.145
22/04/25 22:00	0.251	0.260	0.249	0.325	0.203	0.362	0.335	0.436	0.120	0.120	0.120
22/04/25 23:00	0.248	0.259	0.249	0.337	0.188	0.346	0.344	0.440	0.120	0.120	0.120
23/04/25 00:00	0.247	0.258	0.249	0.341	0.182	0.327	0.356	0.446	0.112	0.120	0.120
23/04/25 01:00	0.246	0.258	0.248	0.345	0.174	0.323	0.365	0.449	0.112	0.120	0.120
23/04/25 02:00	0.245	0.258	0.249	0.349	0.161	0.314	0.372	0.451	0.112	0.120	0.120
23/04/25 03:00	0.247	0.258	0.249	0.349	0.151	0.301	0.376	0.451	0.112	0.120	0.120
23/04/25 04:00	0.250	0.258	0.250	0.348	0.150	0.284	0.378	0.448	0.112	0.120	0.141
23/04/25 05:00	0.258	0.258	0.256	0.347	0.152	0.285	0.375	0.437	0.112	0.120	0.141
23/04/25 06:00	0.263	0.262	0.259	0.335	0.155	0.254	0.329	0.418	0.112	0.141	0.141
23/04/25 07:00	0.266	0.263	0.257	0.309	0.129	0.191	0.256	0.369	0.112	0.120	0.120
23/04/25 08:00	0.270	0.266	0.251	0.268	0.102	0.134	0.189	0.318	0.094	0.114	0.114
23/04/25 09:00	0.266	0.260	0.248	0.221	0.086	0.100	0.132	0.275	0.072	0.107	0.114
23/04/25 10:00	0.263	0.261	0.248	0.186	0.070	0.084	0.114	0.259	0.072	0.107	0.114
23/04/25 11:00	0.258	0.259	0.248	0.159	0.065	0.088	0.108	0.249	0.072	0.107	0.114
23/04/25 12:00	0.265	0.258	0.247	0.147	0.061	0.090	0.096	0.239	0.072	0.095	0.112
23/04/25 13:00	0.264	0.258	0.247	0.137	0.061	0.096	0.098	0.232	0.072	0.095	0.112
23/04/25 14:00	0.262	0.256	0.247	0.140	0.065	0.126	0.099	0.226	0.072	0.080	0.095
23/04/25 15:00	0.263	0.258	0.248	0.161	0.069	0.172	0.110	0.256	0.072	0.095	0.095
23/04/25 16:00	0.257	0.259	0.251	0.208	0.086	0.229	0.131	0.284	0.104	0.112	0.120
23/04/25 17:00	0.259	0.261	0.256	0.261	0.107	0.285	0.182	0.295	0.120	0.120	0.145
23/04/25 18:00	0.261	0.262	0.260	0.296	0.137	0.321	0.207	0.304	0.226	0.145	0.120
23/04/25 19:00	0.261	0.264	0.260	0.325	0.171	0.341	0.217	0.324	0.228	0.120	0.145
23/04/25 20:00	0.261	0.268	0.258	0.335	0.188	0.337	0.230	0.332	0.197	0.145	0.145
23/04/25 21:00	0.263	0.261	0.256	0.338	0.188	0.309	0.234	0.330	0.120	0.120	0.141
23/04/25 22:00	0.258	0.259	0.253	0.342	0.189	0.284	0.230	0.311	0.112	0.120	0.133
23/04/25 23:00	0.254	0.258	0.251	0.343	0.166	0.276	0.219	0.309	0.112	0.120	0.120
24/04/25 00:00	0.254	0.256	0.250	0.341	0.160	0.273	0.206	0.297	0.112	0.120	0.141
24/04/25 01:00	0.253	0.256	0.250	0.339	0.166	0.246	0.193	0.291	0.112	0.141	0.141
24/04/25 02:00	0.251	0.255	0.250	0.340	0.165	0.243	0.191	0.283	0.112	0.141	0.141
24/04/25 03:00	0.251	0.255	0.250	0.339	0.169	0.226	0.190	0.277	0.112	0.120	0.141
24/04/25 04:00	0.254	0.255	0.250	0.339	0.170	0.214	0.200	0.275	0.112	0.120	0.141
24/04/25 05:00	0.257	0.259	0.252	0.338	0.168	0.220	0.215	0.285	0.112	0.141	0.141
24/04/25 06:00	0.259	0.260	0.257	0.323	0.159	0.226	0.208	0.283	0.112	0.120	0.120
24/04/25 07:00	0.263	0.264	0.254	0.285	0.132	0.214	0.184	0.274	0.112	0.120	0.120
24/04/25 08:00	0.267	0.260	0.250	0.229	0.105	0.204	0.149	0.256	0.104	0.120	0.112
24/04/25 09:00	0.269	0.259	0.249	0.171	0.087	0.190	0.116	0.239	0.072	0.072	0.072
24/04/25 10:00	0.271	0.258	0.248	0.138	0.069	0.164	0.089	0.214	0.072	0.072	0.072
24/04/25 11:00	0.261	0.255	0.247	0.118	0.061	0.146	0.070	0.198	0.072	0.072	0.112
24/04/25 12:00	0.259	0.255	0.247	0.110	0.059	0.127	0.063	0.200	0.072	0.072	0.112
24/04/25 13:00	0.265	0.255	0.245	0.111	0.060	0.126	0.067	0.188	0.072	0.072	0.112
24/04/25 14:00	0.258	0.255	0.244	0.108	0.072	0.130	0.073	0.185	0.072	0.112	0.120
24/04/25 15:00	0.262	0.256	0.245	0.118	0.077	0.134	0.079	0.198	0.072	0.114	0.120
24/04/25 16:00	0.259	0.259	0.247	0.139	0.090	0.143	0.112	0.216	0.094	0.120	0.141
24/04/25 17:00	0.259	0.261	0.249	0.179	0.119	0.170	0.152	0.247	0.120	0.120	0.145
24/04/25 18:00	0.262	0.262	0.250	0.214	0.157	0.207	0.191	0.278	0.230	0.120	0.145
24/04/25 19:00	0.263	0.261	0.250	0.242	0.187	0.235	0.244	0.306	0.228	0.120	0.120
24/04/25 20:00	0.262	0.260	0.253	0.261	0.207	0.256	0.260	0.318	0.112	0.120	0.145
24/04/25 21:00	0.261	0.258	0.251	0.266	0.219	0.267	0.265	0.328	0.112	0.120	0.142
24/04/25 22:00	0.259	0.257	0.250	0.270	0.232	0.263	0.275	0.330	0.112	0.120	0.141
24/04/25 23:00	0.253	0.258	0.251	0.255	0.252	0.262	0.293	0.350	0.112	0.120	0.120
25/04/25 00:00	0.251	0.257	0.255	0.239	0.261	0.276	0.312	0.372	0.112	0.120	0.120
25/04/25 01:00	0.249	0.256	0.253	0.243	0.288	0.284	0.321	0.387	0.112	0.120	0.120
25/04/25 02:00	0.250	0.256	0.246	0.245	0.290	0.279	0.336	0.398	0.112	0.120	0.120
25/04/25 03:00	0.248	0.254	0.246	0.240	0.287	0.287	0.339	0.394	0.112	0.120	0.120
25/04/25 04:00	0.251	0.257	0.246	0.244	0.311	0.279	0.351	0.384	0.112	0.145	0.120
25/04/25 05:00	0.255	0.260	0.247	0.238	0.324	0.294	0.360	0.371	0.120	0.145	0.120
25/04/25 06:00	0.257	0.264	0.247	0.233	0.321	0.279	0.335	0.358	0.120	0.120	0.120
25/04/25 07:00	0.264	0.262	0.248	0.226	0.300	0.233	0.288	0.329	0.120	0.120	0.120
25/04/25 08:00	0.272	0.261	0.247	0.207	0.283	0.173	0.235	0.298	0.112	0.120	0.120
25/04/25 09:00	0.271	0.259	0.247	0.171	0.269	0.130	0.184	0.258	0.094	0.120	0.120
25/04/25 10:00	0.263	0.258	0.247	0.149	0.263	0.113	0.161	0.203	0.094	0.120	0.120
25/04/25 11:00	0.263	0.257	0.247	0.136	0.255	0.103	0.146	0.149	0.094	0.120	0.120
25/04/25 12:00	0.256	0.256	0.245	0.123	0.240	0.092	0.127	0.130	0.094	0.120	0.120
25/04/25 13:00	0.255	0.255	0.243	0.116	0.234	0.089	0.110	0.123	0.094	0.120	0.120
25/04/25 14:00	0.253	0.258	0.243	0.112	0.234	0.094	0.110	0.132	0.104	0.114	0.120
25/04/25 15:00	0.252	0.256	0.244	0.117	0.241	0.103	0.137	0.152	0.112	0.120	0.120
25/04/25 16:00	0.267	0.259	0.247	0.135	0.259	0.130	0.174	0.198	0.112	0.120	0.141
25/04/25 17:00	0.265	0.262	0.251	0.182	0.270	0.177	0.238	0.249	0.226	0.145	0.141
25/04/25 18:00	0.260	0.268	0.252	0.227	0.291	0.231	0.281	0.304	0.233	0.141	0.141
25/04/25 19:00	0.263	0.268	0.255	0.258	0.315	0.295	0.323	0.376	0.233	0.155	0.145
25/04/25 20:00	0.260	0.263	0.254	0.270	0.316	0.340	0.348	0.404	0.228	0.145	0.142
25/04/25 21:00	0.258	0.260	0.252	0.278	0.309	0.353	0.356	0.408	0.226	0.142	0.141
25/04/25 22:00	0.255	0.258	0.250	0.284	0.303	0.355	0.352	0.424	0.120	0.145	0.145
25/04/25 23:00	0.252	0.257	0.250	0.295	0.296	0.353	0.350	0.435	0.120	0.145	0.145
26/04/25 00:00	0.251	0.256	0.249	0.304	0.294	0.350	0.342	0.424	0.120	0.145	0.142
26/04/25 01:00	0.250	0.256	0.249	0.308	0.295	0.351	0.328	0.421	0.120	0.145	0.141
26/04/25 02:00	0.252	0.256	0.249	0.310	0.301	0.353	0.321	0.421	0.120	0.141	0.141
26/04/25 03:00	0.253	0.257	0.250	0.321	0.308	0.353	0.313	0.423	0.120	0.120	0.120
26/04/25 04:00	0.250	0.258	0.249	0.330	0.320	0.360	0.319	0.426	0.120	0.120	0.120
26/04/25 05:00	0.257	0.261	0.248	0.334	0.322	0.364	0.341	0.425	0.112	0.114	0.120
26/04/25 06:00	0.261	0.265	0.248	0.318	0.325	0.338	0.328	0.362	0.112	0.114	0.114
26/04/25 07:00	0.261	0.267	0.247	0.286	0.303	0.294	0.273	0.247	0.072	0.072	0.072
26/04/25 08:00	0.260	0.265	0.247	0.242	0.264	0.253	0.203	0.147	0.072	0.072	0.072
26/04/25 09:00	0.258	0.263	0.246	0.200	0.217	0.227	0.161	0.086	0.072	0.072	0.072
26/04/25 10:00	0.258	0.262	0.246	0.165	0.187	0.213	0.129	0.053	0.072	0.072	0.072
26/04/25 11:00	0.259	0.261	0.247	0.141	0.172	0.192	0.106	0.043	0.072	0.072	0.072
26/04/25 12:00	0.255	0.260	0.245	0.130	0.173	0.176	0.099	0.039	0.072	0.072	0.072
26/04/25 13:00	0.254	0.259	0.242	0.124	0.169	0.176	0.099	0.040	0.072	0.072	0.072
26/04/25 14:00	0.254	0.259	0.243	0.126	0.174	0.186	0.113	0.043	0.072	0.072	0.072
26/04/25 15:00	0.254	0.259	0.245	0.146	0.198	0.200	0.152	0.046	0.072	0.072	0.072
26/04/25 16:00	0.256	0.261	0.247	0.182	0.232	0.230	0.205	0.056	0.072	0.072	0.072
26/04/25 17:00	0.257	0.261	0.251	0.233	0.271	0.268	0.270	0.113	0.072	0.072	0.072
26/04/25 18:00	0.259	0.263	0.252	0.270	0.303	0.307	0.334	0.209	0.072	0.072	0.072
26/04/25 19:00	0.260	0.263	0.254	0.293	0.346	0.350	0.381	0.282	0.072	0.072	0.072
26/04/25 20:00	0.259	0.262	0.253	0.306	0.374	0.379	0.398	0.310	0.072	0.072	0.072
26/04/25 21:00	0.263	0.260	0.252	0.309	0.384	0.385	0.395	0.323	0.094	0.072	0.072
26/04/25 22:00	0.259	0.257	0.251	0.313	0.386	0.386	0.389	0.331	0.072	0.072	0.072
26/04/25 23:00	0.257	0.255	0.249	0.315	0.387	0.386	0.381	0.341	0.072	0.072	0.072
27/04/25 00:00	0.256	0.254	0.248	0.324	0.386	0.386	0.375	0.352	0.072	0.072	0.072
27/04/25 01:00	0.256	0.253	0.248	0.330	0.383	0.387	0.361	0.345	0.072	0.072	0.072
27/04/25 02:00	0.255	0.253	0.247	0.335	0.381	0.384	0.352	0.338	0.072	0.072	0.072
27/04/25 03:00	0.255	0.254	0.247	0.343	0.385	0.379	0.339	0.325	0.072	0.072	0.072
27/04/25 04:00	0.257	0.254	0.248	0.347	0.386	0.378	0.329	0.310	0.072	0.072	0.072
27/04/25 05:00	0.261	0.253	0.250	0.348	0.385	0.376	0.304	0.318	0.072	0.072	0.072
27/04/25 06:00	0.263	0.256	0.253	0.331	0.368	0.337	0.252	0.209	0.072	0.072	0.072
27/04/25 07:00	0.265	0.259	0.251	0.299	0.334	0.273	0.199	0.109	0.072	0.072	0.072
27/04/25 08:00	0.261	0.259	0.250	0.247	0.298	0.203	0.156	0.070	0.072	0.072	0.072
27/04/25 09:00	0.265	0.256	0.248	0.187	0.264	0.149	0.121	0.052	0.072	0.072	0.072
27/04/25 10:00	0.259	0.257	0.249	0.149	0.238	0.123	0.096	0.042	0.072	0.072	0.072
27/04/25 11:00	0.258	0.254	0.249	0.128	0.215	0.121	0.099	0.029	0.072	0.072	0.072
27/04/25 12:00	0.256	0.254	0.249	0.122	0.211	0.111	0.101	0.028	0.072	0.072	0.072
27/04/25 13:00	0.256	0.254	0.249	0.122	0.198	0.113	0.096	0.028	0.072	0.072	0.072
27/04/25 14:00	0.257	0.254	0.248	0.131	0.194	0.131	0.098	0.037	0.072	0.072	0.072
27/04/25 15:00	0.260	0.256	0.248	0.152	0.204	0.161	0.102	0.043	0.072	0.072	0.072
27/04/25 16:00	0.267	0.258	0.251	0.196	0.235	0.205	0.169	0.065	0.072	0.072	0.072
27/04/25 17:00	0.268	0.259	0.253	0.246	0.281	0.255	0.256	0.141	0.072	0.072	0.072
27/04/25 18:00	0.266	0.259	0.258	0.281	0.322	0.313	0.308	0.257	0.072	0.095	0.095
27/04/25 19:00	0.269	0.258	0.258	0.309	0.359	0.337	0.352	0.335	0.072	0.095	0.095
27/04/25 20:00	0.262	0.258	0.257	0.319	0.375	0.330	0.351	0.376	0.072	0.095	0.095
27/04/25 21:00	0.259	0.257	0.255	0.317	0.379	0.311	0.294	0.388	0.072	0.095	0.095
27/04/25 22:00	0.257	0.255	0.251	0.310	0.380	0.299	0.230	0.398	0.072	0.072	0.072
27/04/25 23:00	0.257	0.257	0.249	0.302	0.381	0.285	0.194	0.401	0.072	0.095	0.095
28/04/25 00:00	0.255	0.257	0.249	0.304	0.376	0.279	0.162	0.400	0.072	0.072	0.072
28/04/25 01:00	0.255	0.254	0.248	0.312	0.376	0.276	0.133	0.402	0.072	0.095	0.095
28/04/25 02:00	0.255	0.253	0.248	0.323	0.383	0.279	0.131	0.399	0.072	0.095	0.095
28/04/25 03:00	0.255	0.255	0.249	0.329	0.385	0.286	0.143	0.398	0.072	0.072	0.072
28/04/25 04:00	0.254	0.256	0.249	0.332	0.385	0.302	0.130	0.396	0.072	0.095	0.095
28/04/25 05:00	0.256	0.259	0.251	0.334	0.377	0.313	0.128	0.388	0.072	0.095	0.095
28/04/25 06:00	0.257	0.258	0.252	0.321	0.350	0.320	0.122	0.322	0.072	0.072	0.072
28/04/25 07:00	0.257	0.255	0.253	0.289	0.306	0.295	0.114	0.239	0.072	0.072	0.072
28/04/25 08:00	0.257	0.258	0.253	0.253	0.261	0.280	0.094	0.120	0.072	0.072	0.072
28/04/25 09:00	0.257	0.258	0.252	0.205	0.208	0.262	0.071	0.054	0.072	0.072	0.072
28/04/25 10:00	0.257	0.257	0.252	0.173	0.168	0.239	0.065	0.047	0.072	0.072	0.072
28/04/25 11:00	0.256	0.257	0.251	0.153	0.141	0.220	0.068	0.042	0.072	0.072	0.072
28/04/25 12:00	0.254	0.259	0.251	0.152	0.128	0.226	0.064	0.038	0.072	0.072	0.072
28/04/25 13:00	0.254	0.257	0.251	0.156	0.118	0.229	0.066	0.041	0.072	0.072	0.072
28/04/25 14:00	0.255	0.256	0.251	0.170	0.122	0.228	0.067	0.043	0.072	0.072	0.072
28/04/25 15:00	0.253	0.256	0.251	0.202	0.148	0.235	0.068	0.048	0.072	0.072	0.072
28/04/25 16:00	0.261	0.258	0.252	0.232	0.193	0.256	0.073	0.102	0.072	0.107	0.112
28/04/25 17:00	0.263	0.260	0.253	0.243	0.249	0.267	0.075	0.200	0.112	0.112	0.120
28/04/25 18:00	0.265	0.262	0.254	0.247	0.290	0.289	0.091	0.270	0.221	0.155	0.145
28/04/25 19:00	0.267	0.264	0.254	0.253	0.325	0.317	0.118	0.343	0.202	0.145	0.145
28/04/25 20:00	0.261	0.262	0.253	0.261	0.341	0.319	0.142	0.379	0.204	0.197	0.155
28/04/25 21:00	0.259	0.262	0.251	0.263	0.347	0.311	0.172	0.386	0.197	0.145	0.145
28/04/25 22:00	0.257	0.261	0.250	0.262	0.345	0.308	0.191	0.384	0.120	0.145	0.145
28/04/25 23:00	0.268	0.258	0.249	0.256	0.341	0.298	0.176	0.386	0.120	0.145	0.145
29/04/25 00:00	0.257	0.257	0.248	0.257	0.342	0.302	0.193	0.389	0.120	0.145	0.145
29/04/25 01:00	0.257	0.257	0.248	0.261	0.344	0.298	0.204	0.392	0.112	0.145	0.141
29/04/25 02:00	0.257	0.256	0.248	0.262	0.351	0.292	0.230	0.391	0.112	0.120	0.120
29/04/25 03:00	0.258	0.256	0.248	0.267	0.365	0.306	0.257	0.388	0.112	0.112	0.112
29/04/25 04:00	0.256	0.257	0.249	0.271	0.373	0.312	0.281	0.387	0.094	0.112	0.120
29/04/25 05:00	0.257	0.262	0.251	0.278	0.373	0.306	0.294	0.381	0.072	0.095	0.095
29/04/25 06:00	0.257	0.265	0.252	0.275	0.359	0.298	0.248	0.319	0.072	0.072	0.072
29/04/25 07:00	0.257	0.267	0.253	0.263	0.334	0.261	0.184	0.230	0.072	0.080	0.095
29/04/25 08:00	0.257	0.264	0.254	0.257	0.296	0.190	0.119	0.121	0.072	0.072	0.072
29/04/25 09:00	0.256	0.262	0.252	0.251	0.257	0.139	0.076	0.062	0.072	0.072	0.072
29/04/25 10:00	0.256	0.261	0.252	0.243	0.232	0.119	0.062	0.050	0.072	0.072	0.072
29/04/25 11:00	0.256	0.261	0.251	0.246	0.208	0.109	0.057	0.044	0.072	0.072	0.072
29/04/25 12:00	0.256	0.260	0.248	0.245	0.179	0.104	0.062	0.042	0.072	0.072	0.072
29/04/25 13:00	0.256	0.259	0.248	0.229	0.160	0.098	0.071	0.042	0.072	0.072	0.072
29/04/25 14:00	0.256	0.258	0.248	0.207	0.158	0.101	0.074	0.045	0.072	0.072	0.072
29/04/25 15:00	0.255	0.258	0.248	0.203	0.159	0.119	0.094	0.047	0.072	0.072	0.072
29/04/25 16:00	0.256	0.260	0.250	0.215	0.194	0.139	0.139	0.083	0.072	0.072	0.072
29/04/25 17:00	0.256	0.262	0.252	0.233	0.237	0.175	0.211	0.175	0.072	0.072	0.072
29/04/25 18:00	0.255	0.262	0.253	0.254	0.264	0.223	0.297	0.231	0.072	0.072	0.072
29/04/25 19:00	0.255	0.263	0.254	0.275	0.293	0.297	0.353	0.287	0.072	0.072	0.072
29/04/25 20:00	0.256	0.262	0.252	0.294	0.314	0.342	0.382	0.308	0.072	0.072	0.072
29/04/25 21:00	0.257	0.261	0.251	0.309	0.320	0.357	0.376	0.301	0.072	0.072	0.072
29/04/25 22:00	0.256	0.258	0.250	0.316	0.328	0.365	0.366	0.304	0.072	0.072	0.072
29/04/25 23:00	0.254	0.256	0.248	0.325	0.327	0.373	0.357	0.311	0.072	0.072	0.072
30/04/25 00:00	0.254	0.257	0.247	0.328	0.327	0.379	0.348	0.319	0.072	0.072	0.072
30/04/25 01:00	0.251	0.256	0.246	0.331	0.334	0.379	0.349	0.322	0.072	0.072	0.072
30/04/25 02:00	0.245	0.256	0.246	0.335	0.342	0.375	0.349	0.332	0.072	0.072	0.072
30/04/25 03:00	0.251	0.256	0.246	0.342	0.357	0.372	0.353	0.345	0.072	0.072	0.072
30/04/25 04:00	0.255	0.257	0.248	0.348	0.361	0.371	0.359	0.351	0.072	0.072	0.072
30/04/25 05:00	0.258	0.261	0.249	0.352	0.366	0.364	0.349	0.355	0.072	0.072	0.072
30/04/25 06:00	0.261	0.265	0.251	0.350	0.348	0.291	0.329	0.295	0.072	0.072	0.072
30/04/25 07:00	0.265	0.268	0.251	0.340	0.298	0.210	0.280	0.219	0.072	0.072	0.072
30/04/25 08:00	0.270	0.264	0.250	0.326	0.247	0.151	0.195	0.114	0.072	0.072	0.072
30/04/25 09:00	0.274	0.262	0.249	0.311	0.212	0.120	0.134	0.058	0.072	0.072	0.072
30/04/25 10:00	0.271	0.261	0.249	0.305	0.192	0.097	0.093	0.049	0.072	0.072	0.072
30/04/25 11:00	0.265	0.259	0.246	0.292	0.192	0.085	0.077	0.045	0.072	0.072	0.072
30/04/25 12:00	0.259	0.257	0.244	0.273	0.184	0.080	0.070	0.042	0.072	0.072	0.072
30/04/25 13:00	0.257	0.256	0.243	0.272	0.193	0.084	0.066	0.044	0.072	0.072	0.072
30/04/25 14:00	0.254	0.256	0.244	0.285	0.203	0.091	0.074	0.047	0.072	0.072	0.072
30/04/25 15:00	0.254	0.256	0.246	0.291	0.224	0.106	0.105	0.048	0.072	0.072	0.072
30/04/25 16:00	0.255	0.259	0.250	0.305	0.246	0.128	0.164	0.079	0.112	0.080	0.112
30/04/25 17:00	0.254	0.262	0.252	0.315	0.281	0.176	0.236	0.158	0.112	0.114	0.120
30/04/25 18:00	0.256	0.266	0.256	0.334	0.328	0.229	0.294	0.233	0.112	0.120	0.120
30/04/25 19:00	0.256	0.264	0.256	0.350	0.367	0.300	0.341	0.297	0.120	0.114	0.120
30/04/25 20:00	0.255	0.263	0.253	0.359	0.392	0.338	0.358	0.336	0.112	0.120	0.120
30/04/25 21:00	0.257	0.262	0.250	0.360	0.401	0.341	0.353	0.337	0.120	0.120	0.120
30/04/25 22:00	0.257	0.260	0.246	0.359	0.405	0.342	0.332	0.340	0.120	0.120	0.120
30/04/25 23:00	0.257	0.258	0.242	0.353	0.403	0.340	0.326	0.341	0.120	0.120	0.120
01/05/25 00:00	0.257	0.256	0.242	0.344	0.399	0.342	0.336	0.345	0.120	0.120	0.120
01/05/25 01:00	0.253	0.255	0.242	0.340	0.361	0.314	0.337	0.354	0.120	0.120	0.120
01/05/25 02:00	0.250	0.254	0.242	0.334	0.360	0.311	0.311	0.363	0.120	0.114	0.120
01/05/25 03:00	0.252	0.255	0.242	0.331	0.360	0.313	0.306	0.368	0.120	0.114	0.120
01/05/25 04:00	0.250	0.254	0.242	0.329	0.360	0.319	0.322	0.359	0.112	0.114	0.120
01/05/25 05:00	0.255	0.254	0.242	0.325	0.354	0.323	0.321	0.345	0.120	0.120	0.120
01/05/25 06:00	0.258	0.256	0.242	0.303	0.310	0.289	0.254	0.255	0.112	0.120	0.120
01/05/25 07:00	0.262	0.258	0.247	0.263	0.257	0.235	0.164	0.132	0.094	0.114	0.114
01/05/25 08:00	0.280	0.257	0.250	0.229	0.206	0.195	0.098	0.063	0.094	0.114	0.114
01/05/25 09:00	0.276	0.257	0.253	0.196	0.173	0.156	0.075	0.047	0.072	0.072	0.112
01/05/25 10:00	0.267	0.255	0.251	0.173	0.153	0.114	0.057	0.040	0.072	0.072	0.081
01/05/25 11:00	0.266	0.260	0.251	0.167	0.141	0.101	0.038	0.034	0.072	0.072	0.072
01/05/25 12:00	0.268	0.265	0.250	0.157	0.128	0.094	0.036	0.032	0.072	0.072	0.072
01/05/25 13:00	0.264	0.263	0.249	0.160	0.118	0.103	0.035	0.032	0.072	0.072	0.072
01/05/25 14:00	0.263	0.260	0.242	0.172	0.125	0.102	0.042	0.034	0.072	0.072	0.072
01/05/25 15:00	0.261	0.258	0.240	0.169	0.149	0.109	0.048	0.042	0.072	0.072	0.072
01/05/25 16:00	0.263	0.256	0.244	0.188	0.183	0.135	0.058	0.065	0.072	0.095	0.095
01/05/25 17:00	0.259	0.256	0.248	0.226	0.234	0.165	0.100	0.147	0.094	0.114	0.114
01/05/25 18:00	0.261	0.258	0.251	0.259	0.284	0.209	0.151	0.236	0.072	0.107	0.112
01/05/25 19:00	0.261	0.259	0.252	0.285	0.340	0.258	0.193	0.312	0.072	0.107	0.112
01/05/25 20:00	0.267	0.266	0.252	0.292	0.366	0.294	0.215	0.337	0.072	0.095	0.095
01/05/25 21:00	0.260	0.264	0.250	0.289	0.367	0.295	0.208	0.336	0.094	0.095	0.095
01/05/25 22:00	0.258	0.259	0.247	0.284	0.366	0.295	0.176	0.332	0.072	0.072	0.072
01/05/25 23:00	0.257	0.257	0.245	0.261	0.361	0.259	0.156	0.319	0.072	0.072	0.072
02/05/25 00:00	0.254	0.257	0.244	0.245	0.358	0.214	0.133	0.302	0.094	0.095	0.095
02/05/25 01:00	0.253	0.257	0.244	0.246	0.361	0.200	0.130	0.297	0.094	0.095	0.095
02/05/25 02:00	0.253	0.256	0.243	0.250	0.363	0.211	0.127	0.282	0.094	0.095	0.095
02/05/25 03:00	0.254	0.252	0.243	0.254	0.369	0.211	0.138	0.272	0.094	0.095	0.095
02/05/25 04:00	0.254	0.255	0.243	0.253	0.374	0.210	0.150	0.263	0.072	0.095	0.095
02/05/25 05:00	0.261	0.260	0.243	0.250	0.374	0.232	0.156	0.267	0.072	0.095	0.095
02/05/25 06:00	0.268	0.261	0.243	0.233	0.345	0.230	0.131	0.215	0.072	0.072	0.072
02/05/25 07:00	0.265	0.262	0.244	0.191	0.300	0.199	0.103	0.156	0.072	0.072	0.072
02/05/25 08:00	0.267	0.260	0.245	0.165	0.245	0.179	0.070	0.091	0.072	0.072	0.072
02/05/25 09:00	0.261	0.261	0.245	0.153	0.189	0.153	0.057	0.055	0.072	0.072	0.072
02/05/25 10:00	0.259	0.261	0.245	0.144	0.155	0.134	0.047	0.051	0.072	0.072	0.072
02/05/25 11:00	0.258	0.260	0.244	0.147	0.139	0.117	0.044	0.067	0.072	0.072	0.072
02/05/25 12:00	0.258	0.260	0.243	0.131	0.135	0.101	0.042	0.047	0.072	0.072	0.072
02/05/25 13:00	0.257	0.259	0.242	0.131	0.136	0.097	0.045	0.032	0.072	0.072	0.112
02/05/25 14:00	0.257	0.257	0.242	0.134	0.143	0.095	0.049	0.030	0.072	0.112	0.112
02/05/25 15:00	0.258	0.258	0.242	0.142	0.164	0.102	0.057	0.029	0.112	0.120	0.112
02/05/25 16:00	0.261	0.259	0.244	0.156	0.200	0.142	0.089	0.048	0.112	0.120	0.120
02/05/25 17:00	0.262	0.262	0.248	0.188	0.239	0.191	0.145	0.124	0.112	0.120	0.120
02/05/25 18:00	0.263	0.262	0.252	0.235	0.278	0.230	0.211	0.189	0.232	0.191	0.191
02/05/25 19:00	0.264	0.263	0.253	0.287	0.323	0.276	0.246	0.240	0.120	0.120	0.120
02/05/25 20:00	0.262	0.262	0.252	0.322	0.350	0.314	0.238	0.268	0.170	0.120	0.120
02/05/25 21:00	0.265	0.261	0.251	0.331	0.360	0.322	0.204	0.261	0.120	0.189	0.189
02/05/25 22:00	0.265	0.260	0.249	0.329	0.367	0.327	0.188	0.261	0.120	0.145	0.189
02/05/25 23:00	0.258	0.255	0.248	0.315	0.367	0.324	0.189	0.259	0.112	0.189	0.189
03/05/25 00:00	0.255	0.256	0.246	0.298	0.365	0.318	0.158	0.270	0.120	0.189	0.189
03/05/25 01:00	0.255	0.256	0.245	0.291	0.365	0.318	0.139	0.276	0.120	0.155	0.145
03/05/25 02:00	0.255	0.255	0.245	0.289	0.363	0.312	0.162	0.285	0.112	0.120	0.120
03/05/25 03:00	0.257	0.255	0.246	0.292	0.362	0.316	0.208	0.288	0.120	0.120	0.120
03/05/25 04:00	0.258	0.257	0.248	0.293	0.364	0.324	0.217	0.297	0.120	0.120	0.120
03/05/25 05:00	0.263	0.260	0.245	0.302	0.362	0.326	0.230	0.295	0.112	0.120	0.120
03/05/25 06:00	0.263	0.262	0.245	0.296	0.343	0.281	0.225	0.225	0.104	0.120	0.120
03/05/25 07:00	0.272	0.264	0.244	0.278	0.310	0.222	0.217	0.115	0.104	0.120	0.120
03/05/25 08:00	0.268	0.262	0.244	0.244	0.274	0.170	0.187	0.063	0.072	0.072	0.095
03/05/25 09:00	0.267	0.262	0.244	0.184	0.241	0.118	0.155	0.047	0.072	0.072	0.072
03/05/25 10:00	0.269	0.262	0.244	0.143	0.219	0.089	0.127	0.043	0.072	0.072	0.072
03/05/25 11:00	0.260	0.260	0.244	0.140	0.197	0.078	0.108	0.042	0.072	0.072	0.072
03/05/25 12:00	0.258	0.259	0.243	0.144	0.186	0.069	0.089	0.037	0.072	0.072	0.072
03/05/25 13:00	0.258	0.258	0.242	0.138	0.200	0.066	0.076	0.036	0.072	0.072	0.072
03/05/25 14:00	0.258	0.257	0.242	0.141	0.204	0.067	0.079	0.049	0.072	0.072	0.072
03/05/25 15:00	0.257	0.257	0.243	0.155	0.219	0.074	0.083	0.047	0.072	0.072	0.072
03/05/25 16:00	0.259	0.258	0.244	0.187	0.239	0.094	0.099	0.045	0.072	0.072	0.072
03/05/25 17:00	0.263	0.260	0.251	0.233	0.277	0.134	0.124	0.053	0.104	0.112	0.120
03/05/25 18:00	0.264	0.261	0.252	0.268	0.303	0.192	0.146	0.068	0.120	0.120	0.141
03/05/25 19:00	0.265	0.261	0.253	0.288	0.331	0.236	0.177	0.078	0.112	0.112	0.120
03/05/25 20:00	0.275	0.261	0.254	0.292	0.353	0.253	0.209	0.082	0.112	0.120	0.141
03/05/25 21:00	0.273	0.261	0.252	0.270	0.361	0.244	0.221	0.080	0.120	0.120	0.141
03/05/25 22:00	0.265	0.260	0.251	0.223	0.366	0.235	0.230	0.072	0.104	0.120	0.120
03/05/25 23:00	0.259	0.259	0.250	0.170	0.371	0.214	0.236	0.075	0.104	0.120	0.145
04/05/25 00:00	0.257	0.258	0.249	0.145	0.371	0.206	0.236	0.082	0.104	0.112	0.120
04/05/25 01:00	0.257	0.257	0.250	0.139	0.374	0.208	0.241	0.085	0.104	0.112	0.120
04/05/25 02:00	0.258	0.256	0.249	0.138	0.376	0.216	0.256	0.084	0.104	0.120	0.112
04/05/25 03:00	0.258	0.256	0.249	0.141	0.376	0.222	0.263	0.083	0.104	0.112	0.120
04/05/25 04:00	0.258	0.256	0.249	0.146	0.378	0.231	0.276	0.073	0.110	0.112	0.112
04/05/25 05:00	0.265	0.257	0.251	0.151	0.376	0.240	0.279	0.077	0.197	0.112	0.120
04/05/25 06:00	0.267	0.259	0.256	0.157	0.354	0.215	0.215	0.075	0.112	0.120	0.141
04/05/25 07:00	0.269	0.261	0.255	0.152	0.311	0.176	0.152	0.060	0.112	0.120	0.120
04/05/25 08:00	0.263	0.261	0.255	0.145	0.265	0.137	0.101	0.050	0.104	0.120	0.120
04/05/25 09:00	0.261	0.260	0.252	0.130	0.226	0.098	0.075	0.043	0.094	0.114	0.114
04/05/25 10:00	0.260	0.260	0.247	0.123	0.187	0.075	0.067	0.038	0.094	0.114	0.120
04/05/25 11:00	0.258	0.259	0.250	0.117	0.160	0.067	0.065	0.036	0.110	0.120	0.120
04/05/25 12:00	0.257	0.257	0.247	0.119	0.153	0.058	0.066	0.032	0.202	0.120	0.120
04/05/25 13:00	0.257	0.256	0.248	0.123	0.149	0.057	0.075	0.035	0.226	0.120	0.120
04/05/25 14:00	0.256	0.256	0.249	0.123	0.179	0.064	0.078	0.033	0.226	0.145	0.120
04/05/25 15:00	0.258	0.258	0.249	0.125	0.195	0.069	0.098	0.032	0.226	0.155	0.141
04/05/25 16:00	0.263	0.258	0.250	0.133	0.235	0.097	0.169	0.038	0.226	0.155	0.145
04/05/25 17:00	0.265	0.259	0.251	0.142	0.288	0.131	0.224	0.059	0.235	0.219	0.219
04/05/25 18:00	0.263	0.261	0.253	0.156	0.330	0.164	0.260	0.109	0.258	0.234	0.219
04/05/25 19:00	0.264	0.261	0.253	0.170	0.365	0.212	0.309	0.150	0.258	0.234	0.234
04/05/25 20:00	0.264	0.261	0.252	0.177	0.377	0.244	0.351	0.183	0.235	0.234	0.234
04/05/25 21:00	0.260	0.262	0.250	0.179	0.378	0.245	0.354	0.193	0.234	0.234	0.212
04/05/25 22:00	0.263	0.261	0.249	0.174	0.379	0.237	0.351	0.195	0.230	0.219	0.212
04/05/25 23:00	0.263	0.256	0.248	0.177	0.377	0.232	0.352	0.194	0.218	0.219	0.219
05/05/25 00:00	0.257	0.255	0.248	0.174	0.374	0.230	0.355	0.205	0.197	0.207	0.207
05/05/25 01:00	0.254	0.254	0.248	0.174	0.372	0.226	0.352	0.225	0.152	0.197	0.191
05/05/25 02:00	0.253	0.255	0.248	0.176	0.374	0.239	0.347	0.243	0.120	0.197	0.191
05/05/25 03:00	0.255	0.255	0.248	0.180	0.374	0.248	0.340	0.254	0.120	0.183	0.145
05/05/25 04:00	0.254	0.258	0.249	0.182	0.376	0.253	0.328	0.262	0.120	0.155	0.145
05/05/25 05:00	0.257	0.256	0.250	0.193	0.375	0.264	0.305	0.274	0.112	0.145	0.145
05/05/25 06:00	0.262	0.257	0.252	0.190	0.357	0.245	0.230	0.226	0.120	0.141	0.141
05/05/25 07:00	0.260	0.256	0.252	0.174	0.330	0.193	0.171	0.154	0.120	0.145	0.120
05/05/25 08:00	0.260	0.257	0.250	0.155	0.291	0.148	0.119	0.086	0.120	0.145	0.120
05/05/25 09:00	0.257	0.258	0.249	0.136	0.248	0.120	0.091	0.054	0.120	0.120	0.112
05/05/25 10:00	0.256	0.256	0.247	0.127	0.212	0.125	0.072	0.038	0.120	0.145	0.120
05/05/25 11:00	0.255	0.259	0.247	0.121	0.185	0.153	0.065	0.031	0.120	0.145	0.112
05/05/25 12:00	0.254	0.259	0.247	0.114	0.180	0.176	0.060	0.029	0.120	0.145	0.112
05/05/25 13:00	0.254	0.254	0.247	0.111	0.172	0.195	0.058	0.028	0.120	0.142	0.120
05/05/25 14:00	0.254	0.254	0.247	0.111	0.194	0.215	0.067	0.028	0.120	0.142	0.120
05/05/25 15:00	0.255	0.256	0.246	0.121	0.216	0.187	0.079	0.028	0.120	0.145	0.120
05/05/25 16:00	0.255	0.259	0.248	0.139	0.247	0.188	0.100	0.041	0.120	0.145	0.120
05/05/25 17:00	0.262	0.259	0.251	0.166	0.289	0.193	0.173	0.075	0.120	0.145	0.145
05/05/25 18:00	0.264	0.259	0.253	0.212	0.320	0.237	0.254	0.099	0.120	0.189	0.145
05/05/25 19:00	0.259	0.261	0.254	0.249	0.351	0.297	0.323	0.117	0.187	0.189	0.145
05/05/25 20:00	0.263	0.268	0.253	0.281	0.375	0.335	0.358	0.140	0.112	0.141	0.141
05/05/25 21:00	0.268	0.270	0.252	0.297	0.377	0.334	0.355	0.154	0.120	0.145	0.145
05/05/25 22:00	0.270	0.264	0.251	0.300	0.378	0.334	0.351	0.157	0.120	0.145	0.145
05/05/25 23:00	0.262	0.265	0.248	0.300	0.377	0.331	0.344	0.164	0.120	0.145	0.145
06/05/25 00:00	0.250	0.260	0.249	0.299	0.372	0.328	0.341	0.179	0.120	0.145	0.145
06/05/25 01:00	0.254	0.259	0.249	0.307	0.368	0.320	0.342	0.190	0.120	0.145	0.133
06/05/25 02:00	0.253	0.259	0.247	0.305	0.368	0.320	0.344	0.210	0.120	0.120	0.145
06/05/25 03:00	0.250	0.257	0.248	0.306	0.367	0.323	0.344	0.232	0.112	0.145	0.145
06/05/25 04:00	0.248	0.257	0.249	0.316	0.365	0.323	0.349	0.255	0.112	0.145	0.145
06/05/25 05:00	0.247	0.262	0.251	0.328	0.358	0.317	0.345	0.256	0.120	0.145	0.145
06/05/25 06:00	0.251	0.264	0.253	0.312	0.337	0.273	0.301	0.224	0.112	0.120	0.141
06/05/25 07:00	0.254	0.263	0.252	0.280	0.302	0.210	0.245	0.165	0.094	0.120	0.120
06/05/25 08:00	0.253	0.261	0.251	0.247	0.252	0.148	0.183	0.085	0.094	0.120	0.120
06/05/25 09:00	0.252	0.261	0.250	0.234	0.193	0.110	0.127	0.048	0.094	0.120	0.120
06/05/25 10:00	0.250	0.262	0.249	0.227	0.147	0.088	0.108	0.039	0.094	0.120	0.120
06/05/25 11:00	0.252	0.262	0.248	0.225	0.125	0.086	0.096	0.035	0.094	0.120	0.120
06/05/25 12:00	0.254	0.261	0.248	0.216	0.114	0.094	0.098	0.036	0.094	0.120	0.120
06/05/25 13:00	0.250	0.260	0.247	0.229	0.114	0.101	0.114	0.036	0.095	0.120	0.120
06/05/25 14:00	0.247	0.259	0.247	0.250	0.118	0.112	0.134	0.037	0.095	0.120	0.120
06/05/25 15:00	0.250	0.259	0.248	0.267	0.142	0.129	0.172	0.047	0.112	0.120	0.120
06/05/25 16:00	0.253	0.261	0.249	0.295	0.174	0.171	0.225	0.074	0.112	0.141	0.141
06/05/25 17:00	0.257	0.262	0.250	0.304	0.220	0.216	0.252	0.123	0.120	0.191	0.165
06/05/25 18:00	0.259	0.266	0.252	0.325	0.265	0.259	0.274	0.162	0.226	0.207	0.207
06/05/25 19:00	0.262	0.266	0.252	0.339	0.316	0.287	0.290	0.188	0.226	0.197	0.155
06/05/25 20:00	0.272	0.266	0.252	0.350	0.341	0.305	0.307	0.205	0.220	0.197	0.155
06/05/25 21:00	0.269	0.266	0.251	0.354	0.348	0.304	0.310	0.213	0.214	0.191	0.155
06/05/25 22:00	0.264	0.261	0.250	0.355	0.349	0.295	0.314	0.214	0.197	0.191	0.145
06/05/25 23:00	0.268	0.260	0.249	0.354	0.352	0.290	0.320	0.223	0.201	0.191	0.155
07/05/25 00:00	0.260	0.259	0.249	0.347	0.347	0.280	0.326	0.243	0.207	0.191	0.155
07/05/25 01:00	0.260	0.259	0.248	0.333	0.343	0.277	0.332	0.266	0.170	0.191	0.155
07/05/25 02:00	0.254	0.259	0.247	0.325	0.339	0.269	0.334	0.269	0.170	0.191	0.155
07/05/25 03:00	0.252	0.259	0.247	0.331	0.346	0.265	0.337	0.268	0.170	0.191	0.191
07/05/25 04:00	0.252	0.260	0.247	0.336	0.349	0.260	0.341	0.276	0.228	0.191	0.155
07/05/25 05:00	0.259	0.264	0.249	0.335	0.347	0.249	0.336	0.272	0.228	0.189	0.189
07/05/25 06:00	0.263	0.268	0.251	0.328	0.319	0.224	0.285	0.248	0.226	0.191	0.191
07/05/25 07:00	0.263	0.270	0.251	0.306	0.258	0.189	0.225	0.202	0.170	0.189	0.189
07/05/25 08:00	0.263	0.267	0.250	0.266	0.199	0.154	0.158	0.154	0.167	0.145	0.145
07/05/25 09:00	0.262	0.268	0.249	0.233	0.161	0.114	0.088	0.118	0.110	0.120	0.112
07/05/25 10:00	0.266	0.267	0.248	0.198	0.132	0.095	0.066	0.088	0.104	0.120	0.145
07/05/25 11:00	0.262	0.265	0.247	0.175	0.124	0.089	0.060	0.087	0.104	0.112	0.120
07/05/25 12:00	0.262	0.263	0.247	0.161	0.134	0.085	0.060	0.059	0.104	0.145	0.120
07/05/25 13:00	0.262	0.263	0.247	0.152	0.132	0.092	0.060	0.055	0.112	0.145	0.145
07/05/25 14:00	0.259	0.262	0.247	0.148	0.125	0.109	0.065	0.060	0.191	0.145	0.145
07/05/25 15:00	0.261	0.262	0.247	0.155	0.136	0.134	0.078	0.060	0.215	0.145	0.145
07/05/25 16:00	0.262	0.263	0.249	0.182	0.145	0.165	0.115	0.079	0.228	0.197	0.145
07/05/25 17:00	0.266	0.268	0.249	0.222	0.160	0.201	0.158	0.121	0.228	0.219	0.219
07/05/25 18:00	0.268	0.271	0.251	0.270	0.187	0.247	0.209	0.161	0.267	0.234	0.234
07/05/25 19:00	0.263	0.272	0.253	0.309	0.221	0.286	0.246	0.192	0.245	0.264	0.234
07/05/25 20:00	0.264	0.266	0.255	0.338	0.249	0.314	0.269	0.217	0.241	0.241	0.234
07/05/25 21:00	0.273	0.264	0.251	0.345	0.257	0.313	0.272	0.216	0.235	0.241	0.234
07/05/25 22:00	0.267	0.261	0.251	0.347	0.248	0.305	0.278	0.211	0.235	0.234	0.234
07/05/25 23:00	0.264	0.261	0.251	0.344	0.247	0.298	0.298	0.221	0.228	0.234	0.234
08/05/25 00:00	0.261	0.258	0.249	0.338	0.239	0.296	0.312	0.228	0.228	0.219	0.219
08/05/25 01:00	0.258	0.257	0.247	0.332	0.230	0.300	0.325	0.241	0.228	0.219	0.234
08/05/25 02:00	0.257	0.257	0.247	0.316	0.234	0.302	0.327	0.252	0.230	0.234	0.234
08/05/25 03:00	0.254	0.256	0.247	0.308	0.235	0.299	0.315	0.263	0.230	0.234	0.234
08/05/25 04:00	0.253	0.257	0.250	0.303	0.243	0.304	0.316	0.269	0.235	0.234	0.234
08/05/25 05:00	0.258	0.260	0.252	0.285	0.242	0.303	0.323	0.267	0.232	0.207	0.207
08/05/25 06:00	0.262	0.263	0.253	0.253	0.213	0.275	0.306	0.223	0.226	0.191	0.145
08/05/25 07:00	0.263	0.263	0.252	0.220	0.161	0.228	0.264	0.176	0.110	0.120	0.141
08/05/25 08:00	0.259	0.262	0.250	0.187	0.122	0.194	0.228	0.109	0.095	0.120	0.141
08/05/25 09:00	0.257	0.261	0.249	0.152	0.089	0.150	0.192	0.053	0.094	0.120	0.145
08/05/25 10:00	0.260	0.260	0.248	0.128	0.075	0.123	0.158	0.031	0.094	0.120	0.145
08/05/25 11:00	0.263	0.260	0.248	0.124	0.070	0.109	0.140	0.030	0.094	0.120	0.145
08/05/25 12:00	0.262	0.258	0.247	0.125	0.066	0.103	0.137	0.034	0.094	0.120	0.120
08/05/25 13:00	0.258	0.257	0.247	0.136	0.065	0.101	0.122	0.032	0.094	0.120	0.120
08/05/25 14:00	0.259	0.256	0.247	0.134	0.067	0.112	0.107	0.040	0.095	0.120	0.145
08/05/25 15:00	0.262	0.256	0.248	0.140	0.070	0.134	0.124	0.054	0.104	0.120	0.145
08/05/25 16:00	0.266	0.257	0.250	0.139	0.096	0.170	0.165	0.084	0.120	0.120	0.145
08/05/25 17:00	0.264	0.257	0.252	0.146	0.147	0.211	0.198	0.132	0.120	0.112	0.120
08/05/25 18:00	0.264	0.258	0.255	0.159	0.210	0.262	0.246	0.175	0.120	0.112	0.120
08/05/25 19:00	0.266	0.259	0.256	0.176	0.259	0.296	0.300	0.214	0.197	0.112	0.120
08/05/25 20:00	0.271	0.258	0.253	0.190	0.299	0.320	0.341	0.245	0.120	0.112	0.120
08/05/25 21:00	0.275	0.261	0.253	0.207	0.314	0.321	0.353	0.265	0.120	0.112	0.120
08/05/25 22:00	0.259	0.259	0.251	0.211	0.322	0.320	0.360	0.252	0.104	0.112	0.120
08/05/25 23:00	0.262	0.256	0.250	0.204	0.321	0.314	0.363	0.261	0.112	0.112	0.120
09/05/25 00:00	0.258	0.255	0.249	0.210	0.323	0.304	0.359	0.266	0.112	0.120	0.120
09/05/25 01:00	0.255	0.254	0.250	0.212	0.328	0.296	0.358	0.274	0.112	0.120	0.120
09/05/25 02:00	0.250	0.254	0.249	0.209	0.332	0.289	0.356	0.275	0.112	0.112	0.120
09/05/25 03:00	0.252	0.255	0.250	0.208	0.337	0.289	0.352	0.280	0.112	0.112	0.120
09/05/25 04:00	0.256	0.257	0.250	0.208	0.342	0.293	0.351	0.301	0.104	0.112	0.120
09/05/25 05:00	0.258	0.262	0.250	0.204	0.340	0.301	0.339	0.303	0.104	0.112	0.120
09/05/25 06:00	0.267	0.263	0.250	0.183	0.303	0.285	0.253	0.244	0.094	0.112	0.114
09/05/25 07:00	0.270	0.266	0.250	0.162	0.256	0.258	0.164	0.168	0.072	0.114	0.114
09/05/25 08:00	0.271	0.265	0.249	0.148	0.215	0.233	0.113	0.065	0.094	0.107	0.072
09/05/25 09:00	0.267	0.264	0.247	0.127	0.165	0.207	0.082	0.035	0.072	0.072	0.072
09/05/25 10:00	0.263	0.263	0.245	0.115	0.130	0.188	0.077	0.028	0.072	0.072	0.112
09/05/25 11:00	0.259	0.263	0.247	0.111	0.118	0.195	0.077	0.027	0.072	0.072	0.072
09/05/25 12:00	0.259	0.262	0.248	0.113	0.115	0.194	0.081	0.025	0.094	0.072	0.072
09/05/25 13:00	0.260	0.261	0.247	0.121	0.116	0.197	0.085	0.027	0.104	0.095	0.112
09/05/25 14:00	0.260	0.261	0.247	0.110	0.120	0.210	0.092	0.029	0.104	0.120	0.112
09/05/25 15:00	0.257	0.261	0.247	0.111	0.143	0.232	0.110	0.028	0.104	0.120	0.120
09/05/25 16:00	0.261	0.264	0.249	0.130	0.193	0.251	0.117	0.039	0.104	0.120	0.120
09/05/25 17:00	0.261	0.264	0.252	0.171	0.246	0.268	0.163	0.091	0.211	0.141	0.141
09/05/25 18:00	0.265	0.267	0.256	0.223	0.300	0.288	0.244	0.137	0.228	0.120	0.141
09/05/25 19:00	0.265	0.266	0.255	0.286	0.341	0.309	0.318	0.172	0.170	0.141	0.141
09/05/25 20:00	0.268	0.263	0.253	0.297	0.355	0.318	0.364	0.207	0.120	0.120	0.120
09/05/25 21:00	0.266	0.263	0.252	0.305	0.351	0.313	0.367	0.221	0.226	0.197	0.219
09/05/25 22:00	0.265	0.261	0.250	0.296	0.340	0.306	0.367	0.211	0.120	0.120	0.120
09/05/25 23:00	0.267	0.259	0.249	0.290	0.322	0.302	0.368	0.203	0.120	0.145	0.120
10/05/25 00:00	0.264	0.258	0.249	0.295	0.300	0.311	0.367	0.210	0.112	0.145	0.145
10/05/25 01:00	0.257	0.258	0.249	0.290	0.286	0.315	0.365	0.218	0.112	0.145	0.145
10/05/25 02:00	0.256	0.257	0.249	0.268	0.273	0.307	0.364	0.237	0.120	0.120	0.120
10/05/25 03:00	0.256	0.257	0.248	0.244	0.268	0.303	0.365	0.257	0.120	0.120	0.120
10/05/25 04:00	0.255	0.258	0.247	0.224	0.254	0.299	0.367	0.269	0.120	0.120	0.120
10/05/25 05:00	0.252	0.262	0.246	0.223	0.256	0.307	0.352	0.261	0.120	0.155	0.120
10/05/25 06:00	0.261	0.266	0.245	0.202	0.241	0.305	0.275	0.185	0.120	0.145	0.145
10/05/25 07:00	0.258	0.266	0.246	0.174	0.215	0.282	0.190	0.105	0.112	0.120	0.120
10/05/25 08:00	0.258	0.265	0.246	0.151	0.177	0.251	0.110	0.056	0.112	0.120	0.120
10/05/25 09:00	0.256	0.264	0.246	0.155	0.105	0.230	0.080	0.041	0.094	0.112	0.120
10/05/25 10:00	0.255	0.262	0.246	0.163	0.076	0.219	0.070	0.036	0.094	0.112	0.114
10/05/25 11:00	0.255	0.261	0.245	0.171	0.059	0.210	0.063	0.033	0.094	0.112	0.114
10/05/25 12:00	0.255	0.260	0.242	0.134	0.055	0.199	0.060	0.030	0.094	0.112	0.114
10/05/25 13:00	0.253	0.259	0.241	0.121	0.071	0.201	0.063	0.029	0.094	0.080	0.112
10/05/25 14:00	0.252	0.258	0.240	0.126	0.076	0.204	0.069	0.030	0.094	0.114	0.114
10/05/25 15:00	0.259	0.257	0.241	0.141	0.086	0.219	0.077	0.030	0.094	0.114	0.114
10/05/25 16:00	0.251	0.260	0.242	0.183	0.130	0.246	0.104	0.035	0.094	0.114	0.114
10/05/25 17:00	0.256	0.263	0.245	0.234	0.175	0.274	0.155	0.071	0.104	0.112	0.112
10/05/25 18:00	0.263	0.264	0.246	0.283	0.210	0.297	0.214	0.132	0.120	0.112	0.112
10/05/25 19:00	0.266	0.264	0.247	0.322	0.229	0.330	0.265	0.172	0.120	0.112	0.112
10/05/25 20:00	0.278	0.264	0.247	0.339	0.272	0.349	0.298	0.205	0.112	0.112	0.120
10/05/25 21:00	0.277	0.264	0.247	0.354	0.301	0.353	0.301	0.204	0.112	0.120	0.120
10/05/25 22:00	0.267	0.263	0.244	0.357	0.303	0.352	0.304	0.188	0.104	0.107	0.114
10/05/25 23:00	0.260	0.261	0.242	0.354	0.300	0.349	0.286	0.172	0.095	0.107	0.114
11/05/25 00:00	0.267	0.259	0.240	0.353	0.289	0.351	0.255	0.156	0.094	0.112	0.112
11/05/25 01:00	0.258	0.258	0.240	0.353	0.267	0.352	0.229	0.138	0.094	0.114	0.114
11/05/25 02:00	0.255	0.259	0.240	0.353	0.247	0.352	0.249	0.146	0.072	0.114	0.114
11/05/25 03:00	0.256	0.257	0.240	0.354	0.240	0.351	0.267	0.165	0.072	0.114	0.114
11/05/25 04:00	0.258	0.257	0.241	0.355	0.242	0.352	0.265	0.176	0.072	0.114	0.114
11/05/25 05:00	0.263	0.257	0.248	0.355	0.249	0.349	0.245	0.154	0.072	0.072	0.072
11/05/25 06:00	0.264	0.258	0.248	0.349	0.226	0.334	0.199	0.091	0.072	0.072	0.072
11/05/25 07:00	0.264	0.259	0.251	0.330	0.185	0.313	0.147	0.060	0.072	0.072	0.072
11/05/25 08:00	0.264	0.260	0.251	0.292	0.127	0.278	0.105	0.046	0.072	0.072	0.072
11/05/25 09:00	0.266	0.262	0.248	0.276	0.073	0.242	0.084	0.037	0.072	0.072	0.072
11/05/25 10:00	0.260	0.261	0.248	0.276	0.050	0.222	0.073	0.032	0.072	0.072	0.072
11/05/25 11:00	0.260	0.259	0.247	0.264	0.045	0.198	0.062	0.029	0.072	0.072	0.072
11/05/25 12:00	0.258	0.257	0.246	0.259	0.044	0.185	0.055	0.026	0.072	0.072	0.072
11/05/25 13:00	0.257	0.255	0.244	0.291	0.043	0.178	0.052	0.027	0.072	0.072	0.072
11/05/25 14:00	0.258	0.255	0.243	0.309	0.046	0.196	0.055	0.029	0.072	0.072	0.072
11/05/25 15:00	0.259	0.255	0.243	0.309	0.057	0.210	0.059	0.031	0.072	0.072	0.072
11/05/25 16:00	0.263	0.256	0.246	0.311	0.075	0.236	0.065	0.040	0.072	0.072	0.072
11/05/25 17:00	0.265	0.257	0.249	0.326	0.119	0.255	0.093	0.067	0.080	0.072	0.072
11/05/25 18:00	0.268	0.259	0.250	0.332	0.147	0.282	0.133	0.145	0.094	0.072	0.072
11/05/25 19:00	0.267	0.258	0.251	0.339	0.156	0.303	0.178	0.196	0.094	0.072	0.072
11/05/25 20:00	0.266	0.261	0.252	0.347	0.154	0.314	0.203	0.226	0.094	0.072	0.072
11/05/25 21:00	0.266	0.267	0.250	0.352	0.160	0.307	0.185	0.213	0.072	0.072	0.072
11/05/25 22:00	0.268	0.265	0.249	0.353	0.158	0.302	0.170	0.185	0.072	0.072	0.072
11/05/25 23:00	0.259	0.261	0.250	0.348	0.158	0.282	0.159	0.146	0.072	0.072	0.072
12/05/25 00:00	0.257	0.259	0.249	0.330	0.168	0.273	0.139	0.143	0.072	0.072	0.072
12/05/25 01:00	0.254	0.259	0.248	0.326	0.194	0.261	0.136	0.153	0.072	0.072	0.072
12/05/25 02:00	0.255	0.259	0.248	0.320	0.231	0.242	0.135	0.167	0.072	0.072	0.072
12/05/25 03:00	0.256	0.259	0.248	0.322	0.257	0.232	0.132	0.179	0.072	0.072	0.072
12/05/25 04:00	0.255	0.257	0.249	0.327	0.276	0.231	0.131	0.198	0.072	0.072	0.072
12/05/25 05:00	0.255	0.253	0.252	0.329	0.282	0.244	0.125	0.196	0.072	0.072	0.072
12/05/25 06:00	0.257	0.259	0.255	0.311	0.253	0.239	0.102	0.158	0.072	0.072	0.072
12/05/25 07:00	0.259	0.259	0.252	0.273	0.202	0.224	0.080	0.105	0.072	0.072	0.072
12/05/25 08:00	0.259	0.259	0.251	0.234	0.148	0.194	0.067	0.048	0.072	0.072	0.072
12/05/25 09:00	0.259	0.258	0.250	0.213	0.103	0.148	0.055	0.032	0.072	0.072	0.072
12/05/25 10:00	0.259	0.258	0.250	0.208	0.089	0.103	0.045	0.023	0.072	0.072	0.072
12/05/25 11:00	0.257	0.258	0.249	0.211	0.075	0.085	0.037	0.021	0.072	0.072	0.072
12/05/25 12:00	0.254	0.257	0.248	0.213	0.064	0.074	0.035	0.020	0.072	0.072	0.072
12/05/25 13:00	0.254	0.256	0.248	0.216	0.064	0.077	0.035	0.020	0.072	0.072	0.072
12/05/25 14:00	0.254	0.256	0.248	0.215	0.065	0.083	0.040	0.022	0.072	0.072	0.072
12/05/25 15:00	0.254	0.259	0.248	0.233	0.074	0.100	0.049	0.028	0.072	0.072	0.072
12/05/25 16:00	0.256	0.255	0.250	0.262	0.105	0.118	0.059	0.052	0.072	0.072	0.072
12/05/25 17:00	0.258	0.259	0.252	0.288	0.161	0.149	0.072	0.098	0.072	0.072	0.072
12/05/25 18:00	0.259	0.258	0.253	0.321	0.207	0.185	0.101	0.144	0.094	0.080	0.112
12/05/25 19:00	0.259	0.259	0.253	0.342	0.252	0.218	0.144	0.182	0.112	0.107	0.112
12/05/25 20:00	0.259	0.259	0.252	0.357	0.287	0.247	0.152	0.225	0.112	0.112	0.112
12/05/25 21:00	0.260	0.261	0.252	0.358	0.294	0.267	0.140	0.225	0.095	0.112	0.112
12/05/25 22:00	0.268	0.261	0.251	0.353	0.289	0.266	0.151	0.187	0.095	0.112	0.112
12/05/25 23:00	0.258	0.261	0.251	0.349	0.260	0.284	0.150	0.159	0.094	0.112	0.112
13/05/25 00:00	0.250	0.260	0.250	0.342	0.220	0.285	0.158	0.174	0.094	0.120	0.112
13/05/25 01:00	0.248	0.259	0.249	0.339	0.193	0.291	0.169	0.185	0.094	0.107	0.112
13/05/25 02:00	0.247	0.257	0.249	0.332	0.188	0.288	0.173	0.181	0.094	0.107	0.112
13/05/25 03:00	0.249	0.254	0.249	0.331	0.186	0.243	0.188	0.186	0.112	0.107	0.112
13/05/25 04:00	0.253	0.257	0.249	0.346	0.193	0.242	0.205	0.220	0.112	0.112	0.112
13/05/25 05:00	0.255	0.262	0.251	0.346	0.207	0.243	0.216	0.238	0.094	0.112	0.112
13/05/25 06:00	0.248	0.265	0.255	0.309	0.187	0.215	0.173	0.194	0.094	0.107	0.112
13/05/25 07:00	0.252	0.265	0.255	0.254	0.160	0.170	0.120	0.126	0.072	0.072	0.072
13/05/25 08:00	0.256	0.262	0.254	0.209	0.121	0.114	0.081	0.056	0.072	0.072	0.072
13/05/25 09:00	0.255	0.259	0.249	0.179	0.080	0.086	0.068	0.035	0.072	0.072	0.072
13/05/25 10:00	0.255	0.257	0.248	0.157	0.063	0.074	0.061	0.029	0.072	0.072	0.072
13/05/25 11:00	0.258	0.256	0.247	0.144	0.059	0.064	0.055	0.027	0.072	0.072	0.072
13/05/25 12:00	0.255	0.255	0.248	0.147	0.055	0.062	0.057	0.026	0.072	0.072	0.072
13/05/25 13:00	0.257	0.255	0.247	0.145	0.050	0.066	0.060	0.027	0.072	0.072	0.072
13/05/25 14:00	0.254	0.254	0.248	0.155	0.051	0.071	0.071	0.030	0.072	0.072	0.072
13/05/25 15:00	0.258	0.255	0.247	0.174	0.050	0.072	0.082	0.030	0.072	0.072	0.072
13/05/25 16:00	0.255	0.258	0.247	0.190	0.057	0.083	0.112	0.044	0.072	0.072	0.072
13/05/25 17:00	0.259	0.260	0.249	0.217	0.076	0.101	0.175	0.092	0.094	0.080	0.112
13/05/25 18:00	0.259	0.263	0.249	0.254	0.108	0.144	0.237	0.153	0.112	0.120	0.112
13/05/25 19:00	0.260	0.264	0.254	0.291	0.140	0.193	0.295	0.191	0.120	0.120	0.120
13/05/25 20:00	0.261	0.262	0.253	0.321	0.174	0.239	0.327	0.216	0.120	0.120	0.112
13/05/25 21:00	0.263	0.262	0.251	0.332	0.194	0.258	0.311	0.226	0.120	0.120	0.120
13/05/25 22:00	0.259	0.259	0.249	0.334	0.200	0.270	0.276	0.230	0.120	0.120	0.120
13/05/25 23:00	0.265	0.258	0.248	0.335	0.223	0.291	0.267	0.239	0.112	0.120	0.120
14/05/25 00:00	0.258	0.257	0.248	0.336	0.226	0.288	0.249	0.259	0.120	0.120	0.120
14/05/25 01:00	0.255	0.256	0.248	0.336	0.246	0.291	0.225	0.276	0.112	0.120	0.120
14/05/25 02:00	0.257	0.256	0.247	0.337	0.270	0.295	0.208	0.293	0.120	0.145	0.120
14/05/25 03:00	0.254	0.257	0.248	0.340	0.278	0.297	0.182	0.309	0.120	0.120	0.120
14/05/25 04:00	0.253	0.258	0.248	0.346	0.286	0.293	0.166	0.316	0.120	0.120	0.120
14/05/25 05:00	0.260	0.263	0.250	0.348	0.274	0.274	0.147	0.303	0.112	0.120	0.120
14/05/25 06:00	0.265	0.266	0.253	0.335	0.232	0.225	0.106	0.245	0.094	0.114	0.114
14/05/25 07:00	0.267	0.266	0.253	0.316	0.164	0.172	0.079	0.159	0.094	0.114	0.114
14/05/25 08:00	0.266	0.262	0.252	0.294	0.116	0.130	0.058	0.063	0.094	0.072	0.081
14/05/25 09:00	0.264	0.259	0.251	0.270	0.094	0.104	0.049	0.039	0.094	0.072	0.072
14/05/25 10:00	0.263	0.257	0.251	0.243	0.090	0.086	0.041	0.034	0.072	0.072	0.072
14/05/25 11:00	0.272	0.256	0.250	0.234	0.087	0.076	0.032	0.028	0.072	0.072	0.072
14/05/25 12:00	0.264	0.256	0.249	0.215	0.078	0.074	0.030	0.026	0.072	0.072	0.072
14/05/25 13:00	0.259	0.256	0.247	0.209	0.078	0.086	0.033	0.026	0.072	0.072	0.081
14/05/25 14:00	0.258	0.256	0.248	0.205	0.084	0.099	0.045	0.025	0.072	0.072	0.072
14/05/25 15:00	0.258	0.256	0.249	0.212	0.087	0.106	0.064	0.026	0.072	0.072	0.072
14/05/25 16:00	0.258	0.257	0.249	0.240	0.107	0.127	0.084	0.028	0.072	0.112	0.114
14/05/25 17:00	0.259	0.261	0.252	0.278	0.160	0.169	0.119	0.059	0.104	0.114	0.114
14/05/25 18:00	0.260	0.262	0.253	0.313	0.230	0.217	0.172	0.126	0.104	0.114	0.114
14/05/25 19:00	0.260	0.263	0.253	0.336	0.295	0.270	0.231	0.164	0.104	0.114	0.114
14/05/25 20:00	0.260	0.263	0.252	0.354	0.333	0.313	0.282	0.190	0.104	0.114	0.114
14/05/25 21:00	0.259	0.261	0.252	0.357	0.339	0.333	0.292	0.193	0.104	0.114	0.114
14/05/25 22:00	0.259	0.259	0.250	0.358	0.335	0.342	0.300	0.175	0.104	0.114	0.114
14/05/25 23:00	0.256	0.257	0.249	0.351	0.323	0.341	0.306	0.169	0.104	0.114	0.114
15/05/25 00:00	0.254	0.257	0.248	0.339	0.302	0.342	0.316	0.164	0.104	0.114	0.114
15/05/25 01:00	0.254	0.257	0.248	0.334	0.290	0.338	0.318	0.173	0.094	0.114	0.114
15/05/25 02:00	0.253	0.256	0.247	0.333	0.288	0.335	0.321	0.166	0.094	0.114	0.114
15/05/25 03:00	0.254	0.256	0.247	0.333	0.286	0.333	0.322	0.166	0.094	0.114	0.114
15/05/25 04:00	0.255	0.257	0.248	0.333	0.281	0.333	0.314	0.176	0.104	0.112	0.114
15/05/25 05:00	0.259	0.261	0.251	0.324	0.261	0.324	0.285	0.168	0.094	0.114	0.114
15/05/25 06:00	0.266	0.264	0.252	0.309	0.196	0.300	0.207	0.151	0.072	0.072	0.072
15/05/25 07:00	0.268	0.266	0.252	0.286	0.142	0.258	0.139	0.120	0.072	0.072	0.072
15/05/25 08:00	0.272	0.262	0.251	0.247	0.108	0.208	0.089	0.065	0.072	0.072	0.072
15/05/25 09:00	0.264	0.261	0.250	0.219	0.090	0.164	0.080	0.033	0.072	0.072	0.072
15/05/25 10:00	0.263	0.259	0.250	0.206	0.078	0.146	0.071	0.030	0.072	0.072	0.072
15/05/25 11:00	0.260	0.258	0.249	0.186	0.070	0.137	0.078	0.024	0.072	0.072	0.072
15/05/25 12:00	0.260	0.257	0.248	0.177	0.063	0.132	0.075	0.022	0.072	0.072	0.072
15/05/25 13:00	0.259	0.257	0.248	0.188	0.062	0.141	0.085	0.022	0.072	0.072	0.072
15/05/25 14:00	0.259	0.256	0.248	0.201	0.067	0.124	0.097	0.022	0.072	0.072	0.072
15/05/25 15:00	0.261	0.257	0.248	0.190	0.074	0.129	0.126	0.024	0.072	0.072	0.072
15/05/25 16:00	0.261	0.259	0.249	0.230	0.086	0.156	0.181	0.027	0.072	0.107	0.112
15/05/25 17:00	0.262	0.261	0.250	0.273	0.105	0.181	0.213	0.039	0.104	0.112	0.120
15/05/25 18:00	0.264	0.261	0.251	0.302	0.142	0.182	0.250	0.089	0.202	0.112	0.120
15/05/25 19:00	0.264	0.261	0.252	0.317	0.170	0.188	0.286	0.145	0.190	0.120	0.120
15/05/25 20:00	0.262	0.260	0.251	0.334	0.191	0.188	0.313	0.175	0.170	0.120	0.120
15/05/25 21:00	0.270	0.260	0.250	0.334	0.196	0.184	0.323	0.185	0.112	0.112	0.120
15/05/25 22:00	0.264	0.258	0.249	0.324	0.194	0.179	0.320	0.180	0.112	0.120	0.145
15/05/25 23:00	0.259	0.256	0.249	0.299	0.182	0.175	0.312	0.178	0.112	0.120	0.120
16/05/25 00:00	0.258	0.256	0.248	0.291	0.173	0.183	0.308	0.200	0.112	0.120	0.120
16/05/25 01:00	0.256	0.256	0.248	0.280	0.191	0.195	0.304	0.225	0.112	0.120	0.120
16/05/25 02:00	0.255	0.255	0.247	0.286	0.204	0.207	0.294	0.241	0.112	0.120	0.145
16/05/25 03:00	0.255	0.255	0.247	0.274	0.216	0.214	0.290	0.254	0.120	0.142	0.142
16/05/25 04:00	0.256	0.256	0.246	0.267	0.252	0.220	0.289	0.261	0.112	0.120	0.141
16/05/25 05:00	0.262	0.260	0.247	0.260	0.277	0.227	0.273	0.243	0.112	0.112	0.112
16/05/25 06:00	0.270	0.262	0.247	0.240	0.261	0.199	0.221	0.187	0.104	0.114	0.114
16/05/25 07:00	0.276	0.263	0.247	0.220	0.244	0.154	0.174	0.132	0.094	0.114	0.114
16/05/25 08:00	0.276	0.261	0.246	0.191	0.208	0.119	0.127	0.064	0.072	0.072	0.081
16/05/25 09:00	0.272	0.261	0.247	0.166	0.159	0.097	0.101	0.035	0.072	0.072	0.081
16/05/25 10:00	0.274	0.261	0.247	0.150	0.115	0.077	0.080	0.029	0.072	0.072	0.072
16/05/25 11:00	0.267	0.260	0.246	0.133	0.117	0.069	0.064	0.026	0.072	0.072	0.072
16/05/25 12:00	0.265	0.259	0.247	0.133	0.127	0.063	0.058	0.024	0.072	0.072	0.072
16/05/25 13:00	0.259	0.258	0.246	0.141	0.129	0.067	0.057	0.024	0.072	0.072	0.072
16/05/25 14:00	0.258	0.258	0.245	0.139	0.130	0.077	0.068	0.028	0.072	0.072	0.072
16/05/25 15:00	0.257	0.257	0.245	0.164	0.153	0.097	0.105	0.032	0.072	0.080	0.095
16/05/25 16:00	0.258	0.258	0.246	0.192	0.187	0.118	0.157	0.047	0.072	0.114	0.114
16/05/25 17:00	0.259	0.259	0.249	0.206	0.220	0.160	0.216	0.092	0.094	0.114	0.114
16/05/25 18:00	0.260	0.260	0.252	0.255	0.240	0.201	0.243	0.149	0.104	0.107	0.112
16/05/25 19:00	0.260	0.259	0.254	0.299	0.267	0.239	0.310	0.179	0.104	0.107	0.112
16/05/25 20:00	0.261	0.259	0.255	0.324	0.298	0.277	0.350	0.206	0.094	0.107	0.112
16/05/25 21:00	0.258	0.259	0.253	0.329	0.308	0.289	0.365	0.221	0.094	0.107	0.112
16/05/25 22:00	0.264	0.257	0.251	0.322	0.316	0.292	0.359	0.204	0.094	0.107	0.112
16/05/25 23:00	0.256	0.257	0.249	0.311	0.317	0.265	0.356	0.170	0.072	0.107	0.112
17/05/25 00:00	0.252	0.256	0.248	0.302	0.318	0.248	0.353	0.169	0.094	0.107	0.112
17/05/25 01:00	0.250	0.256	0.247	0.296	0.319	0.247	0.345	0.178	0.094	0.114	0.114
17/05/25 02:00	0.249	0.256	0.246	0.289	0.321	0.239	0.337	0.195	0.094	0.107	0.112
17/05/25 03:00	0.250	0.256	0.248	0.291	0.324	0.243	0.335	0.194	0.094	0.107	0.112
17/05/25 04:00	0.255	0.257	0.246	0.308	0.333	0.255	0.330	0.187	0.094	0.114	0.120
17/05/25 05:00	0.256	0.259	0.245	0.330	0.336	0.262	0.316	0.165	0.072	0.072	0.112
17/05/25 06:00	0.260	0.262	0.245	0.332	0.323	0.228	0.275	0.094	0.072	0.072	0.072
17/05/25 07:00	0.269	0.264	0.245	0.312	0.300	0.176	0.227	0.056	0.072	0.072	0.072
17/05/25 08:00	0.268	0.263	0.243	0.289	0.274	0.125	0.163	0.039	0.072	0.072	0.072
17/05/25 09:00	0.270	0.262	0.240	0.267	0.241	0.090	0.106	0.033	0.072	0.072	0.072
17/05/25 10:00	0.265	0.262	0.242	0.240	0.203	0.075	0.080	0.029	0.072	0.072	0.072
17/05/25 11:00	0.261	0.261	0.244	0.233	0.175	0.064	0.076	0.027	0.072	0.072	0.072
17/05/25 12:00	0.263	0.259	0.243	0.221	0.152	0.058	0.078	0.025	0.072	0.072	0.072
17/05/25 13:00	0.263	0.258	0.242	0.213	0.121	0.056	0.093	0.024	0.072	0.072	0.072
17/05/25 14:00	0.260	0.258	0.242	0.228	0.139	0.058	0.120	0.025	0.072	0.072	0.072
17/05/25 15:00	0.263	0.258	0.243	0.220	0.178	0.066	0.148	0.027	0.072	0.072	0.072
17/05/25 16:00	0.263	0.260	0.243	0.247	0.210	0.092	0.167	0.032	0.072	0.072	0.072
17/05/25 17:00	0.260	0.263	0.247	0.262	0.258	0.136	0.211	0.054	0.094	0.107	0.112
17/05/25 18:00	0.262	0.265	0.249	0.292	0.288	0.202	0.240	0.121	0.120	0.120	0.112
17/05/25 19:00	0.261	0.265	0.250	0.318	0.323	0.256	0.266	0.189	0.170	0.120	0.120
17/05/25 20:00	0.263	0.263	0.251	0.344	0.339	0.307	0.281	0.221	0.211	0.112	0.112
17/05/25 21:00	0.261	0.263	0.251	0.350	0.338	0.324	0.287	0.229	0.120	0.112	0.120
17/05/25 22:00	0.259	0.260	0.249	0.350	0.327	0.331	0.281	0.222	0.112	0.120	0.120
17/05/25 23:00	0.255	0.257	0.248	0.344	0.299	0.329	0.291	0.202	0.112	0.120	0.112
18/05/25 00:00	0.264	0.256	0.247	0.335	0.268	0.322	0.286	0.209	0.112	0.120	0.120
18/05/25 01:00	0.264	0.256	0.246	0.329	0.257	0.321	0.292	0.221	0.120	0.120	0.120
18/05/25 02:00	0.259	0.256	0.246	0.326	0.271	0.322	0.291	0.229	0.120	0.120	0.112
18/05/25 03:00	0.259	0.256	0.246	0.330	0.261	0.324	0.296	0.231	0.112	0.120	0.112
18/05/25 04:00	0.263	0.256	0.246	0.339	0.276	0.324	0.301	0.226	0.112	0.120	0.112
18/05/25 05:00	0.263	0.256	0.248	0.341	0.281	0.306	0.293	0.206	0.112	0.120	0.112
18/05/25 06:00	0.265	0.257	0.251	0.332	0.245	0.252	0.243	0.170	0.112	0.120	0.112
18/05/25 07:00	0.268	0.258	0.252	0.312	0.210	0.191	0.198	0.119	0.104	0.120	0.120
18/05/25 08:00	0.277	0.258	0.251	0.290	0.159	0.136	0.150	0.086	0.094	0.120	0.112
18/05/25 09:00	0.275	0.256	0.249	0.263	0.116	0.108	0.107	0.070	0.094	0.112	0.112
18/05/25 10:00	0.269	0.256	0.246	0.245	0.098	0.088	0.080	0.061	0.095	0.120	0.112
18/05/25 11:00	0.263	0.256	0.246	0.220	0.095	0.073	0.075	0.046	0.094	0.112	0.120
18/05/25 12:00	0.263	0.255	0.246	0.215	0.091	0.066	0.071	0.042	0.094	0.107	0.120
18/05/25 13:00	0.260	0.255	0.246	0.190	0.100	0.066	0.076	0.037	0.094	0.120	0.120
18/05/25 14:00	0.259	0.255	0.246	0.189	0.113	0.072	0.090	0.033	0.104	0.120	0.112
18/05/25 15:00	0.259	0.256	0.246	0.199	0.143	0.080	0.100	0.040	0.104	0.120	0.120
18/05/25 16:00	0.262	0.256	0.248	0.226	0.193	0.105	0.122	0.044	0.112	0.120	0.120
18/05/25 17:00	0.265	0.260	0.250	0.254	0.249	0.154	0.168	0.084	0.112	0.120	0.120
18/05/25 18:00	0.265	0.261	0.252	0.283	0.290	0.196	0.216	0.144	0.228	0.141	0.141
18/05/25 19:00	0.266	0.261	0.254	0.317	0.327	0.235	0.286	0.213	0.228	0.120	0.145
18/05/25 20:00	0.266	0.261	0.252	0.350	0.349	0.268	0.334	0.280	0.197	0.141	0.120
18/05/25 21:00	0.266	0.261	0.251	0.356	0.349	0.284	0.344	0.306	0.112	0.120	0.120
18/05/25 22:00	0.268	0.260	0.250	0.356	0.337	0.293	0.341	0.323	0.112	0.112	0.120
18/05/25 23:00	0.274	0.259	0.248	0.350	0.305	0.280	0.333	0.343	0.112	0.112	0.112
19/05/25 00:00	0.263	0.257	0.247	0.348	0.279	0.269	0.328	0.353	0.112	0.114	0.114
19/05/25 01:00	0.263	0.256	0.247	0.344	0.268	0.275	0.328	0.354	0.112	0.114	0.114
19/05/25 02:00	0.260	0.256	0.247	0.341	0.258	0.280	0.327	0.352	0.112	0.112	0.114
19/05/25 03:00	0.262	0.256	0.247	0.342	0.258	0.295	0.327	0.350	0.112	0.114	0.114
19/05/25 04:00	0.260	0.256	0.248	0.347	0.279	0.312	0.323	0.347	0.112	0.114	0.114
19/05/25 05:00	0.260	0.256	0.250	0.347	0.280	0.298	0.304	0.319	0.094	0.114	0.114
19/05/25 06:00	0.262	0.256	0.252	0.334	0.283	0.240	0.243	0.249	0.094	0.095	0.095
19/05/25 07:00	0.265	0.256	0.253	0.314	0.274	0.186	0.193	0.182	0.072	0.072	0.095
19/05/25 08:00	0.273	0.256	0.251	0.298	0.260	0.138	0.140	0.096	0.072	0.072	0.072
19/05/25 09:00	0.276	0.256	0.249	0.274	0.205	0.091	0.105	0.048	0.072	0.072	0.072
19/05/25 10:00	0.273	0.256	0.249	0.274	0.138	0.071	0.080	0.039	0.072	0.072	0.081
19/05/25 11:00	0.266	0.256	0.249	0.271	0.125	0.066	0.066	0.035	0.072	0.072	0.072
19/05/25 12:00	0.264	0.254	0.248	0.264	0.155	0.061	0.073	0.033	0.072	0.072	0.081
19/05/25 13:00	0.261	0.253	0.248	0.261	0.218	0.061	0.067	0.034	0.072	0.072	0.112
19/05/25 14:00	0.259	0.253	0.248	0.244	0.209	0.062	0.066	0.039	0.072	0.072	0.072
19/05/25 15:00	0.260	0.254	0.249	0.253	0.204	0.067	0.072	0.045	0.072	0.120	0.112
19/05/25 16:00	0.263	0.256	0.250	0.268	0.209	0.083	0.092	0.067	0.095	0.120	0.112
19/05/25 17:00	0.267	0.258	0.253	0.292	0.231	0.107	0.101	0.114	0.112	0.120	0.120
19/05/25 18:00	0.267	0.260	0.257	0.310	0.254	0.128	0.129	0.171	0.120	0.120	0.120
19/05/25 19:00	0.267	0.260	0.257	0.334	0.290	0.149	0.181	0.219	0.112	0.120	0.120
19/05/25 20:00	0.266	0.260	0.256	0.351	0.318	0.163	0.228	0.266	0.120	0.120	0.120
19/05/25 21:00	0.273	0.260	0.253	0.359	0.330	0.171	0.244	0.290	0.120	0.120	0.120
19/05/25 22:00	0.268	0.258	0.251	0.360	0.329	0.174	0.246	0.294	0.120	0.120	0.120
19/05/25 23:00	0.261	0.257	0.250	0.357	0.324	0.176	0.244	0.304	0.112	0.120	0.120
20/05/25 00:00	0.260	0.256	0.249	0.353	0.323	0.177	0.248	0.310	0.112	0.120	0.120
20/05/25 01:00	0.261	0.256	0.247	0.354	0.325	0.179	0.260	0.315	0.112	0.120	0.120
20/05/25 02:00	0.259	0.256	0.247	0.353	0.332	0.194	0.260	0.324	0.112	0.120	0.112
20/05/25 03:00	0.254	0.256	0.248	0.354	0.336	0.211	0.253	0.332	0.112	0.120	0.112
20/05/25 04:00	0.253	0.257	0.248	0.356	0.341	0.211	0.242	0.338	0.112	0.120	0.112
20/05/25 05:00	0.258	0.262	0.250	0.349	0.341	0.194	0.234	0.319	0.094	0.120	0.120
20/05/25 06:00	0.260	0.268	0.254	0.328	0.308	0.149	0.204	0.253	0.094	0.120	0.120
20/05/25 07:00	0.261	0.270	0.256	0.306	0.264	0.104	0.170	0.180	0.094	0.114	0.120
20/05/25 08:00	0.259	0.267	0.254	0.274	0.224	0.080	0.149	0.096	0.072	0.114	0.120
20/05/25 09:00	0.256	0.267	0.251	0.231	0.194	0.063	0.129	0.054	0.072	0.080	0.112
20/05/25 10:00	0.256	0.266	0.247	0.195	0.178	0.056	0.114	0.046	0.072	0.072	0.112
20/05/25 11:00	0.255	0.264	0.247	0.180	0.160	0.052	0.099	0.039	0.072	0.080	0.112
20/05/25 12:00	0.253	0.264	0.247	0.158	0.165	0.049	0.081	0.032	0.072	0.080	0.112
20/05/25 13:00	0.251	0.262	0.248	0.162	0.211	0.053	0.087	0.031	0.072	0.107	0.112
20/05/25 14:00	0.249	0.261	0.247	0.175	0.250	0.057	0.099	0.032	0.080	0.112	0.120
20/05/25 15:00	0.253	0.261	0.248	0.198	0.248	0.061	0.103	0.037	0.095	0.120	0.120
20/05/25 16:00	0.259	0.262	0.251	0.217	0.257	0.070	0.126	0.063	0.104	0.120	0.120
20/05/25 17:00	0.259	0.262	0.253	0.235	0.251	0.082	0.170	0.119	0.112	0.155	0.120
20/05/25 18:00	0.260	0.263	0.257	0.252	0.253	0.100	0.209	0.188	0.228	0.197	0.120
20/05/25 19:00	0.264	0.262	0.259	0.258	0.239	0.128	0.245	0.243	0.228	0.197	0.155
20/05/25 20:00	0.264	0.261	0.256	0.263	0.235	0.161	0.301	0.300	0.120	0.234	0.234
20/05/25 21:00	0.264	0.261	0.254	0.257	0.212	0.180	0.326	0.326	0.112	0.180	0.120
20/05/25 22:00	0.275	0.258	0.250	0.234	0.176	0.191	0.334	0.334	0.112	0.155	0.120
20/05/25 23:00	0.255	0.256	0.250	0.184	0.168	0.194	0.338	0.342	0.120	0.189	0.145
21/05/25 00:00	0.252	0.256	0.249	0.145	0.142	0.198	0.330	0.341	0.120	0.145	0.145
21/05/25 01:00	0.253	0.255	0.248	0.130	0.126	0.217	0.326	0.338	0.112	0.145	0.145
21/05/25 02:00	0.247	0.255	0.248	0.131	0.123	0.233	0.333	0.329	0.112	0.145	0.145
21/05/25 03:00	0.248	0.255	0.247	0.142	0.120	0.237	0.335	0.308	0.112	0.141	0.141
21/05/25 04:00	0.249	0.256	0.247	0.147	0.120	0.234	0.328	0.297	0.112	0.141	0.141
21/05/25 05:00	0.260	0.259	0.248	0.148	0.126	0.222	0.303	0.272	0.112	0.142	0.142
21/05/25 06:00	0.253	0.263	0.249	0.140	0.130	0.185	0.242	0.225	0.104	0.120	0.120
21/05/25 07:00	0.256	0.267	0.249	0.122	0.102	0.149	0.166	0.154	0.072	0.114	0.114
21/05/25 08:00	0.256	0.266	0.247	0.111	0.089	0.117	0.112	0.074	0.072	0.072	0.072
21/05/25 09:00	0.258	0.265	0.247	0.104	0.082	0.086	0.070	0.039	0.072	0.072	0.112
21/05/25 10:00	0.258	0.264	0.247	0.096	0.079	0.069	0.056	0.031	0.072	0.072	0.112
21/05/25 11:00	0.260	0.263	0.247	0.089	0.079	0.061	0.058	0.029	0.072	0.072	0.112
21/05/25 12:00	0.266	0.262	0.246	0.086	0.067	0.055	0.067	0.026	0.072	0.072	0.112
21/05/25 13:00	0.266	0.261	0.245	0.079	0.064	0.054	0.075	0.027	0.072	0.072	0.072
21/05/25 14:00	0.257	0.259	0.246	0.083	0.086	0.057	0.095	0.027	0.072	0.072	0.072
21/05/25 15:00	0.256	0.259	0.247	0.092	0.097	0.062	0.104	0.030	0.072	0.095	0.112
21/05/25 16:00	0.259	0.260	0.248	0.098	0.118	0.073	0.146	0.038	0.094	0.114	0.114
21/05/25 17:00	0.262	0.262	0.250	0.125	0.145	0.096	0.203	0.066	0.112	0.120	0.120
21/05/25 18:00	0.261	0.262	0.253	0.145	0.194	0.142	0.243	0.116	0.120	0.120	0.120
21/05/25 19:00	0.260	0.261	0.258	0.159	0.257	0.189	0.269	0.160	0.120	0.120	0.120
21/05/25 20:00	0.266	0.261	0.254	0.172	0.317	0.228	0.290	0.199	0.120	0.120	0.120
21/05/25 21:00	0.261	0.259	0.251	0.164	0.331	0.239	0.290	0.229	0.112	0.120	0.120
21/05/25 22:00	0.264	0.256	0.250	0.149	0.329	0.241	0.280	0.238	0.120	0.120	0.120
21/05/25 23:00	0.268	0.255	0.249	0.143	0.328	0.252	0.284	0.240	0.112	0.120	0.120
22/05/25 00:00	0.266	0.255	0.248	0.138	0.323	0.263	0.268	0.232	0.112	0.120	0.120
22/05/25 01:00	0.264	0.254	0.247	0.137	0.314	0.275	0.249	0.214	0.112	0.120	0.120
22/05/25 02:00	0.254	0.253	0.246	0.136	0.307	0.290	0.239	0.177	0.120	0.120	0.120
22/05/25 03:00	0.255	0.254	0.246	0.144	0.307	0.295	0.209	0.160	0.112	0.120	0.120
22/05/25 04:00	0.259	0.255	0.246	0.147	0.310	0.296	0.190	0.158	0.112	0.120	0.120
22/05/25 05:00	0.262	0.258	0.248	0.148	0.283	0.293	0.175	0.152	0.112	0.120	0.120
22/05/25 06:00	0.266	0.262	0.248	0.141	0.215	0.259	0.143	0.123	0.072	0.107	0.114
22/05/25 07:00	0.268	0.264	0.249	0.139	0.141	0.228	0.117	0.088	0.072	0.095	0.095
22/05/25 08:00	0.273	0.263	0.249	0.141	0.111	0.176	0.097	0.057	0.072	0.072	0.072
22/05/25 09:00	0.269	0.261	0.247	0.138	0.097	0.123	0.094	0.038	0.072	0.072	0.072
22/05/25 10:00	0.267	0.260	0.246	0.140	0.096	0.081	0.100	0.028	0.072	0.072	0.072
22/05/25 11:00	0.267	0.259	0.246	0.126	0.092	0.061	0.091	0.024	0.072	0.072	0.072
22/05/25 12:00	0.271	0.258	0.247	0.121	0.084	0.054	0.079	0.022	0.072	0.072	0.072
22/05/25 13:00	0.268	0.257	0.244	0.122	0.089	0.056	0.078	0.022	0.072	0.072	0.072
22/05/25 14:00	0.268	0.257	0.244	0.126	0.093	0.060	0.069	0.023	0.072	0.072	0.072
22/05/25 15:00	0.268	0.257	0.245	0.131	0.104	0.072	0.069	0.026	0.072	0.072	0.072
22/05/25 16:00	0.270	0.258	0.248	0.161	0.132	0.093	0.088	0.034	0.072	0.095	0.095
22/05/25 17:00	0.267	0.260	0.250	0.200	0.189	0.129	0.125	0.055	0.094	0.114	0.114
22/05/25 18:00	0.268	0.262	0.251	0.240	0.252	0.157	0.151	0.096	0.104	0.072	0.081
22/05/25 19:00	0.264	0.263	0.250	0.265	0.304	0.210	0.191	0.146	0.104	0.114	0.114
22/05/25 20:00	0.262	0.263	0.250	0.287	0.335	0.222	0.222	0.189	0.104	0.072	0.081
22/05/25 21:00	0.268	0.263	0.250	0.302	0.328	0.198	0.230	0.209	0.104	0.095	0.095
22/05/25 22:00	0.265	0.259	0.249	0.311	0.312	0.180	0.209	0.211	0.104	0.095	0.095
22/05/25 23:00	0.259	0.257	0.246	0.312	0.279	0.167	0.173	0.193	0.095	0.095	0.095
23/05/25 00:00	0.259	0.255	0.245	0.304	0.245	0.151	0.150	0.163	0.094	0.107	0.112
23/05/25 01:00	0.258	0.255	0.245	0.297	0.234	0.135	0.152	0.148	0.095	0.095	0.095
23/05/25 02:00	0.259	0.254	0.244	0.290	0.237	0.139	0.143	0.143	0.085	0.095	0.095
23/05/25 03:00	0.260	0.254	0.244	0.278	0.249	0.134	0.144	0.142	0.078	0.095	0.095
23/05/25 04:00	0.261	0.256	0.244	0.277	0.278	0.138	0.155	0.136	0.072	0.114	0.114
23/05/25 05:00	0.264	0.258	0.245	0.271	0.302	0.138	0.167	0.135	0.072	0.112	0.112
23/05/25 06:00	0.267	0.262	0.247	0.237	0.291	0.139	0.167	0.114	0.072	0.095	0.095
23/05/25 07:00	0.271	0.262	0.247	0.198	0.265	0.138	0.144	0.079	0.072	0.095	0.081
23/05/25 08:00	0.280	0.259	0.248	0.174	0.243	0.119	0.114	0.046	0.072	0.072	0.072
23/05/25 09:00	0.273	0.257	0.244	0.147	0.215	0.084	0.092	0.038	0.072	0.072	0.072
23/05/25 10:00	0.268	0.257	0.242	0.130	0.195	0.062	0.082	0.034	0.072	0.072	0.072
23/05/25 11:00	0.265	0.257	0.230	0.110	0.167	0.053	0.068	0.027	0.072	0.072	0.072
23/05/25 12:00	0.265	0.257	0.236	0.104	0.159	0.049	0.062	0.028	0.072	0.072	0.072
23/05/25 13:00	0.265	0.257	0.230	0.107	0.198	0.049	0.063	0.026	0.072	0.072	0.072
23/05/25 14:00	0.264	0.257	0.228	0.100	0.238	0.050	0.071	0.028	0.072	0.072	0.072
23/05/25 15:00	0.263	0.258	0.232	0.108	0.257	0.054	0.080	0.029	0.072	0.072	0.095
23/05/25 16:00	0.264	0.260	0.238	0.122	0.271	0.068	0.121	0.053	0.072	0.107	0.112
23/05/25 17:00	0.267	0.263	0.243	0.160	0.279	0.091	0.182	0.087	0.104	0.112	0.114
23/05/25 18:00	0.266	0.265	0.245	0.216	0.279	0.133	0.252	0.154	0.112	0.114	0.114
23/05/25 19:00	0.267	0.266	0.246	0.255	0.273	0.174	0.299	0.223	0.112	0.114	0.120
23/05/25 20:00	0.265	0.264	0.246	0.266	0.280	0.232	0.345	0.289	0.112	0.114	0.120
23/05/25 21:00	0.267	0.263	0.247	0.251	0.285	0.268	0.359	0.306	0.112	0.114	0.114
23/05/25 22:00	0.263	0.261	0.246	0.245	0.269	0.288	0.359	0.304	0.112	0.120	0.120
23/05/25 23:00	0.260	0.259	0.240	0.232	0.228	0.296	0.359	0.270	0.112	0.120	0.120
24/05/25 00:00	0.256	0.256	0.240	0.217	0.186	0.300	0.356	0.216	0.112	0.120	0.120
24/05/25 01:00	0.256	0.256	0.240	0.209	0.178	0.299	0.354	0.169	0.112	0.120	0.120
24/05/25 02:00	0.255	0.256	0.237	0.194	0.177	0.295	0.360	0.132	0.112	0.120	0.120
24/05/25 03:00	0.256	0.256	0.237	0.186	0.183	0.298	0.366	0.120	0.112	0.120	0.120
24/05/25 04:00	0.258	0.256	0.237	0.186	0.205	0.311	0.373	0.117	0.112	0.120	0.120
24/05/25 05:00	0.260	0.259	0.234	0.183	0.224	0.310	0.355	0.106	0.112	0.114	0.114
24/05/25 06:00	0.262	0.263	0.228	0.174	0.212	0.273	0.311	0.079	0.094	0.112	0.114
24/05/25 07:00	0.264	0.264	0.228	0.166	0.178	0.224	0.280	0.066	0.072	0.095	0.095
24/05/25 08:00	0.266	0.262	0.237	0.165	0.144	0.194	0.226	0.058	0.072	0.072	0.072
24/05/25 09:00	0.269	0.261	0.238	0.159	0.127	0.152	0.198	0.052	0.072	0.072	0.072
24/05/25 10:00	0.267	0.258	0.240	0.162	0.109	0.133	0.180	0.051	0.072	0.072	0.072
24/05/25 11:00	0.265	0.258	0.240	0.167	0.103	0.134	0.186	0.050	0.072	0.072	0.072
24/05/25 12:00	0.266	0.257	0.240	0.161	0.092	0.140	0.195	0.052	0.072	0.072	0.072
24/05/25 13:00	0.266	0.256	0.238	0.163	0.086	0.137	0.204	0.055	0.072	0.072	0.072
24/05/25 14:00	0.266	0.256	0.237	0.170	0.090	0.135	0.225	0.061	0.072	0.072	0.072
24/05/25 15:00	0.265	0.256	0.240	0.154	0.103	0.153	0.215	0.062	0.072	0.072	0.081
24/05/25 16:00	0.271	0.257	0.251	0.183	0.125	0.182	0.258	0.070	0.072	0.072	0.072
24/05/25 17:00	0.268	0.259	0.257	0.232	0.169	0.207	0.281	0.093	0.094	0.107	0.112
24/05/25 18:00	0.273	0.261	0.256	0.267	0.211	0.232	0.295	0.104	0.148	0.120	0.120
24/05/25 19:00	0.266	0.261	0.250	0.307	0.263	0.264	0.308	0.107	0.120	0.120	0.120
24/05/25 20:00	0.261	0.261	0.249	0.341	0.307	0.306	0.314	0.101	0.112	0.120	0.120
24/05/25 21:00	0.269	0.261	0.250	0.346	0.320	0.318	0.319	0.095	0.120	0.120	0.120
24/05/25 22:00	0.266	0.260	0.260	0.333	0.319	0.318	0.304	0.081	0.120	0.120	0.219
24/05/25 23:00	0.263	0.260	0.249	0.319	0.307	0.314	0.304	0.075	0.202	0.189	0.219
25/05/25 00:00	0.262	0.257	0.246	0.315	0.293	0.315	0.301	0.066	0.112	0.120	0.120
25/05/25 01:00	0.259	0.256	0.246	0.315	0.293	0.321	0.300	0.064	0.112	0.120	0.120
25/05/25 02:00	0.261	0.256	0.245	0.300	0.292	0.323	0.292	0.063	0.120	0.112	0.120
25/05/25 03:00	0.260	0.256	0.244	0.285	0.290	0.325	0.272	0.064	0.120	0.120	0.120
25/05/25 04:00	0.258	0.255	0.244	0.279	0.301	0.324	0.256	0.064	0.112	0.120	0.120
25/05/25 05:00	0.260	0.256	0.247	0.293	0.286	0.301	0.255	0.066	0.104	0.107	0.112
25/05/25 06:00	0.262	0.256	0.249	0.283	0.236	0.254	0.239	0.061	0.112	0.072	0.081
25/05/25 07:00	0.270	0.258	0.250	0.257	0.182	0.201	0.207	0.057	0.072	0.072	0.081
25/05/25 08:00	0.277	0.258	0.250	0.234	0.134	0.140	0.179	0.056	0.072	0.072	0.072
25/05/25 09:00	0.268	0.257	0.249	0.209	0.076	0.102	0.151	0.053	0.072	0.072	0.072
25/05/25 10:00	0.274	0.256	0.249	0.184	0.060	0.103	0.135	0.046	0.072	0.072	0.072
25/05/25 11:00	0.273	0.256	0.248	0.150	0.061	0.089	0.115	0.036	0.072	0.072	0.072
25/05/25 12:00	0.270	0.255	0.247	0.140	0.056	0.073	0.112	0.034	0.072	0.072	0.072
25/05/25 13:00	0.266	0.255	0.246	0.131	0.058	0.064	0.105	0.036	0.072	0.072	0.072
25/05/25 14:00	0.265	0.255	0.246	0.133	0.065	0.059	0.090	0.037	0.072	0.072	0.072
25/05/25 15:00	0.264	0.255	0.247	0.142	0.074	0.060	0.088	0.043	0.072	0.072	0.072
25/05/25 16:00	0.266	0.256	0.248	0.172	0.099	0.067	0.106	0.052	0.072	0.072	0.072
25/05/25 17:00	0.267	0.258	0.251	0.214	0.127	0.100	0.153	0.080	0.072	0.095	0.095
25/05/25 18:00	0.267	0.259	0.252	0.252	0.144	0.145	0.231	0.145	0.080	0.112	0.112
25/05/25 19:00	0.264	0.261	0.257	0.273	0.153	0.182	0.297	0.216	0.094	0.112	0.112
25/05/25 20:00	0.263	0.261	0.256	0.300	0.152	0.211	0.345	0.246	0.094	0.095	0.095
25/05/25 21:00	0.261	0.261	0.252	0.312	0.150	0.228	0.360	0.249	0.094	0.095	0.095
25/05/25 22:00	0.268	0.259	0.251	0.300	0.137	0.230	0.359	0.216	0.094	0.095	0.095
25/05/25 23:00	0.259	0.257	0.250	0.288	0.144	0.220	0.352	0.172	0.094	0.095	0.095
26/05/25 00:00	0.260	0.255	0.250	0.282	0.160	0.215	0.332	0.134	0.072	0.112	0.114
26/05/25 01:00	0.258	0.254	0.249	0.291	0.181	0.219	0.313	0.119	0.072	0.112	0.114
26/05/25 02:00	0.259	0.253	0.249	0.294	0.181	0.222	0.277	0.108	0.072	0.112	0.114
26/05/25 03:00	0.258	0.251	0.250	0.299	0.196	0.218	0.236	0.120	0.072	0.072	0.072
26/05/25 04:00	0.256	0.248	0.250	0.307	0.214	0.228	0.208	0.143	0.072	0.114	0.112
26/05/25 05:00	0.258	0.247	0.253	0.311	0.213	0.227	0.182	0.166	0.072	0.095	0.095
26/05/25 06:00	0.262	0.248	0.255	0.298	0.190	0.190	0.149	0.137	0.072	0.072	0.072
26/05/25 07:00	0.263	0.251	0.254	0.267	0.141	0.136	0.112	0.094	0.072	0.072	0.072
26/05/25 08:00	0.261	0.253	0.251	0.238	0.116	0.087	0.089	0.046	0.072	0.072	0.072
26/05/25 09:00	0.260	0.248	0.250	0.209	0.093	0.062	0.084	0.033	0.072	0.072	0.072
26/05/25 10:00	0.259	0.253	0.249	0.180	0.082	0.053	0.086	0.030	0.072	0.072	0.072
26/05/25 11:00	0.259	0.253	0.249	0.163	0.077	0.044	0.084	0.024	0.072	0.072	0.072
26/05/25 12:00	0.258	0.253	0.249	0.154	0.074	0.041	0.088	0.021	0.072	0.072	0.072
26/05/25 13:00	0.257	0.247	0.248	0.147	0.072	0.040	0.082	0.021	0.072	0.072	0.072
26/05/25 14:00	0.258	0.242	0.248	0.143	0.076	0.039	0.091	0.020	0.072	0.072	0.072
26/05/25 15:00	0.258	0.242	0.248	0.157	0.082	0.042	0.095	0.025	0.072	0.072	0.072
26/05/25 16:00	0.259	0.255	0.251	0.181	0.088	0.047	0.113	0.029	0.072	0.072	0.072
26/05/25 17:00	0.262	0.255	0.254	0.212	0.100	0.074	0.151	0.049	0.072	0.072	0.072
26/05/25 18:00	0.263	0.257	0.258	0.244	0.115	0.120	0.177	0.086	0.072	0.114	0.114
26/05/25 19:00	0.262	0.257	0.259	0.260	0.118	0.171	0.206	0.118	0.072	0.107	0.112
26/05/25 20:00	0.261	0.257	0.256	0.273	0.124	0.214	0.236	0.137	0.072	0.112	0.112
26/05/25 21:00	0.268	0.257	0.255	0.279	0.125	0.233	0.221	0.124	0.072	0.112	0.112
26/05/25 22:00	0.264	0.255	0.251	0.269	0.128	0.244	0.207	0.088	0.072	0.112	0.081
26/05/25 23:00	0.260	0.255	0.251	0.256	0.134	0.256	0.183	0.071	0.072	0.114	0.112
27/05/25 00:00	0.256	0.253	0.250	0.248	0.133	0.264	0.169	0.058	0.072	0.114	0.112
27/05/25 01:00	0.255	0.252	0.250	0.240	0.144	0.263	0.159	0.046	0.072	0.114	0.112
27/05/25 02:00	0.254	0.251	0.249	0.237	0.159	0.251	0.157	0.043	0.072	0.114	0.114
27/05/25 03:00	0.257	0.251	0.249	0.235	0.183	0.255	0.161	0.042	0.072	0.107	0.114
27/05/25 04:00	0.253	0.253	0.249	0.249	0.195	0.257	0.171	0.044	0.072	0.072	0.112
27/05/25 05:00	0.252	0.257	0.252	0.279	0.186	0.241	0.191	0.048	0.072	0.107	0.112
27/05/25 06:00	0.254	0.262	0.254	0.281	0.163	0.190	0.184	0.047	0.072	0.112	0.112
27/05/25 07:00	0.255	0.260	0.252	0.278	0.128	0.128	0.138	0.044	0.072	0.072	0.072
27/05/25 08:00	0.258	0.260	0.251	0.269	0.096	0.090	0.100	0.041	0.072	0.072	0.072
27/05/25 09:00	0.256	0.259	0.250	0.256	0.079	0.074	0.076	0.038	0.072	0.072	0.072
27/05/25 10:00	0.255	0.258	0.250	0.245	0.072	0.062	0.068	0.035	0.072	0.072	0.072
27/05/25 11:00	0.256	0.258	0.250	0.231	0.067	0.054	0.064	0.031	0.072	0.072	0.072
27/05/25 12:00	0.254	0.258	0.249	0.224	0.066	0.052	0.070	0.027	0.072	0.072	0.072
27/05/25 13:00	0.256	0.257	0.249	0.208	0.069	0.051	0.077	0.026	0.072	0.072	0.072
27/05/25 14:00	0.257	0.257	0.249	0.227	0.071	0.052	0.088	0.029	0.072	0.072	0.072
27/05/25 15:00	0.255	0.257	0.248	0.226	0.078	0.060	0.112	0.056	0.072	0.072	0.072
27/05/25 16:00	0.259	0.257	0.249	0.245	0.092	0.074	0.174	0.087	0.072	0.072	0.072
27/05/25 17:00	0.273	0.259	0.250	0.269	0.107	0.125	0.240	0.115	0.072	0.112	0.120
27/05/25 18:00	0.266	0.261	0.251	0.287	0.148	0.189	0.265	0.124	0.104	0.120	0.145
27/05/25 19:00	0.271	0.263	0.251	0.311	0.194	0.236	0.293	0.107	0.104	0.112	0.120
27/05/25 20:00	0.271	0.261	0.251	0.337	0.230	0.272	0.314	0.109	0.104	0.112	0.120
27/05/25 21:00	0.276	0.260	0.250	0.351	0.247	0.292	0.324	0.091	0.104	0.112	0.120
27/05/25 22:00	0.275	0.258	0.249	0.358	0.240	0.304	0.329	0.080	0.104	0.112	0.145
27/05/25 23:00	0.265	0.256	0.248	0.361	0.243	0.299	0.315	0.057	0.104	0.120	0.145
28/05/25 00:00	0.259	0.255	0.247	0.360	0.208	0.290	0.288	0.056	0.104	0.112	0.120
28/05/25 01:00	0.259	0.255	0.247	0.364	0.175	0.296	0.259	0.052	0.104	0.112	0.120
28/05/25 02:00	0.261	0.255	0.247	0.368	0.162	0.291	0.243	0.056	0.104	0.112	0.120
28/05/25 03:00	0.261	0.255	0.247	0.369	0.171	0.283	0.239	0.057	0.104	0.112	0.120
28/05/25 04:00	0.258	0.256	0.248	0.369	0.194	0.284	0.253	0.072	0.112	0.112	0.120
28/05/25 05:00	0.267	0.262	0.250	0.360	0.183	0.259	0.241	0.087	0.112	0.112	0.120
28/05/25 06:00	0.280	0.264	0.251	0.342	0.143	0.202	0.195	0.087	0.104	0.112	0.120
28/05/25 07:00	0.268	0.267	0.251	0.318	0.112	0.138	0.140	0.082	0.104	0.120	0.141
28/05/25 08:00	0.277	0.267	0.250	0.287	0.098	0.098	0.105	0.080	0.094	0.120	0.120
28/05/25 09:00	0.276	0.264	0.249	0.246	0.090	0.083	0.079	0.060	0.072	0.112	0.114
28/05/25 10:00	0.278	0.263	0.249	0.203	0.085	0.073	0.068	0.047	0.094	0.114	0.120
28/05/25 11:00	0.274	0.261	0.248	0.201	0.082	0.064	0.064	0.046	0.080	0.112	0.120
28/05/25 12:00	0.272	0.261	0.247	0.186	0.081	0.061	0.066	0.037	0.094	0.112	0.120
28/05/25 13:00	0.273	0.259	0.246	0.175	0.080	0.057	0.066	0.046	0.094	0.112	0.120
28/05/25 14:00	0.271	0.259	0.245	0.176	0.078	0.058	0.075	0.050	0.094	0.114	0.120
28/05/25 15:00	0.272	0.259	0.247	0.199	0.079	0.063	0.106	0.058	0.094	0.120	0.141
28/05/25 16:00	0.275	0.260	0.248	0.232	0.090	0.069	0.115	0.068	0.112	0.145	0.145
28/05/25 17:00	0.277	0.260	0.250	0.269	0.107	0.077	0.141	0.102	0.228	0.197	0.207
28/05/25 18:00	0.278	0.260	0.252	0.298	0.130	0.098	0.169	0.160	0.267	0.212	0.212
28/05/25 19:00	0.274	0.260	0.252	0.330	0.173	0.121	0.170	0.238	0.258	0.212	0.212
28/05/25 20:00	0.271	0.260	0.252	0.354	0.215	0.132	0.165	0.301	0.235	0.212	0.212
28/05/25 21:00	0.272	0.258	0.251	0.360	0.239	0.150	0.146	0.324	0.235	0.212	0.212
28/05/25 22:00	0.265	0.256	0.250	0.357	0.243	0.154	0.132	0.323	0.235	0.212	0.183
28/05/25 23:00	0.259	0.256	0.249	0.351	0.245	0.137	0.119	0.323	0.232	0.212	0.219
29/05/25 00:00	0.259	0.255	0.248	0.339	0.251	0.119	0.115	0.316	0.232	0.212	0.212
29/05/25 01:00	0.258	0.254	0.248	0.340	0.243	0.124	0.110	0.312	0.232	0.212	0.212
29/05/25 02:00	0.258	0.254	0.248	0.348	0.230	0.124	0.110	0.317	0.230	0.207	0.207
29/05/25 03:00	0.260	0.255	0.248	0.342	0.223	0.129	0.108	0.308	0.230	0.207	0.207
29/05/25 04:00	0.259	0.255	0.250	0.337	0.231	0.143	0.111	0.290	0.232	0.194	0.194
29/05/25 05:00	0.261	0.259	0.250	0.324	0.219	0.142	0.115	0.253	0.232	0.191	0.189
29/05/25 06:00	0.265	0.262	0.254	0.288	0.213	0.114	0.115	0.168	0.228	0.145	0.145
29/05/25 07:00	0.267	0.264	0.253	0.244	0.179	0.083	0.107	0.127	0.104	0.141	0.141
29/05/25 08:00	0.277	0.262	0.251	0.204	0.144	0.064	0.100	0.098	0.094	0.114	0.112
29/05/25 09:00	0.278	0.262	0.250	0.186	0.126	0.056	0.088	0.072	0.080	0.114	0.120
29/05/25 10:00	0.275	0.261	0.249	0.158	0.120	0.050	0.073	0.056	0.094	0.114	0.120
29/05/25 11:00	0.271	0.259	0.247	0.140	0.114	0.046	0.066	0.050	0.080	0.112	0.114
29/05/25 12:00	0.271	0.259	0.245	0.130	0.126	0.044	0.071	0.052	0.072	0.112	0.114
29/05/25 13:00	0.268	0.259	0.246	0.121	0.121	0.045	0.064	0.048	0.072	0.112	0.114
29/05/25 14:00	0.266	0.258	0.246	0.121	0.123	0.046	0.067	0.044	0.104	0.107	0.112
29/05/25 15:00	0.268	0.259	0.247	0.123	0.136	0.050	0.073	0.041	0.104	0.120	0.120
29/05/25 16:00	0.271	0.261	0.250	0.134	0.148	0.055	0.090	0.043	0.104	0.142	0.142
29/05/25 17:00	0.273	0.263	0.251	0.169	0.184	0.062	0.118	0.045	0.226	0.145	0.145
29/05/25 18:00	0.272	0.264	0.252	0.215	0.229	0.081	0.174	0.053	0.233	0.176	0.145
29/05/25 19:00	0.272	0.264	0.252	0.256	0.262	0.107	0.240	0.058	0.235	0.189	0.189
29/05/25 20:00	0.267	0.262	0.251	0.296	0.298	0.128	0.303	0.068	0.228	0.189	0.189
29/05/25 21:00	0.271	0.259	0.251	0.317	0.317	0.146	0.326	0.068	0.228	0.189	0.155
29/05/25 22:00	0.265	0.256	0.250	0.323	0.332	0.148	0.344	0.062	0.228	0.180	0.141
29/05/25 23:00	0.261	0.255	0.248	0.321	0.338	0.138	0.342	0.059	0.228	0.189	0.155
30/05/25 00:00	0.259	0.254	0.247	0.318	0.345	0.139	0.342	0.061	0.228	0.191	0.155
30/05/25 01:00	0.259	0.254	0.247	0.317	0.346	0.156	0.338	0.064	0.226	0.155	0.120
30/05/25 02:00	0.259	0.252	0.247	0.319	0.344	0.159	0.335	0.070	0.226	0.155	0.120
30/05/25 03:00	0.259	0.251	0.246	0.317	0.347	0.181	0.334	0.079	0.226	0.155	0.120
30/05/25 04:00	0.262	0.249	0.247	0.319	0.353	0.222	0.333	0.085	0.157	0.155	0.120
30/05/25 05:00	0.266	0.251	0.246	0.300	0.345	0.238	0.309	0.080	0.226	0.180	0.120
30/05/25 06:00	0.271	0.255	0.247	0.253	0.314	0.226	0.267	0.067	0.197	0.155	0.120
30/05/25 07:00	0.268	0.255	0.246	0.207	0.268	0.195	0.212	0.053	0.170	0.120	0.145
30/05/25 08:00	0.278	0.255	0.245	0.167	0.248	0.150	0.136	0.045	0.112	0.107	0.120
30/05/25 09:00	0.275	0.257	0.244	0.139	0.243	0.107	0.091	0.041	0.095	0.114	0.120
30/05/25 10:00	0.275	0.257	0.243	0.123	0.227	0.079	0.080	0.036	0.095	0.114	0.120
30/05/25 11:00	0.275	0.257	0.244	0.114	0.219	0.073	0.085	0.031	0.072	0.107	0.120
30/05/25 12:00	0.278	0.257	0.242	0.107	0.217	0.068	0.091	0.029	0.072	0.112	0.120
30/05/25 13:00	0.274	0.256	0.241	0.102	0.218	0.072	0.087	0.029	0.072	0.107	0.120
30/05/25 14:00	0.273	0.255	0.241	0.107	0.220	0.075	0.088	0.029	0.072	0.107	0.120
30/05/25 15:00	0.274	0.254	0.242	0.109	0.235	0.088	0.095	0.033	0.094	0.120	0.120
30/05/25 16:00	0.281	0.253	0.244	0.127	0.265	0.125	0.097	0.039	0.112	0.120	0.145
30/05/25 17:00	0.280	0.256	0.247	0.158	0.297	0.167	0.135	0.067	0.226	0.155	0.145
30/05/25 18:00	0.279	0.257	0.248	0.197	0.317	0.196	0.202	0.136	0.260	0.155	0.145
30/05/25 19:00	0.275	0.257	0.248	0.238	0.345	0.216	0.255	0.216	0.267	0.207	0.207
30/05/25 20:00	0.273	0.258	0.248	0.277	0.363	0.234	0.277	0.281	0.241	0.191	0.191
30/05/25 21:00	0.275	0.259	0.248	0.290	0.371	0.250	0.262	0.306	0.237	0.207	0.207
30/05/25 22:00	0.268	0.257	0.248	0.293	0.370	0.257	0.240	0.316	0.235	0.189	0.155
30/05/25 23:00	0.265	0.255	0.245	0.277	0.368	0.268	0.237	0.325	0.234	0.207	0.207
31/05/25 00:00	0.261	0.254	0.245	0.272	0.365	0.277	0.215	0.328	0.230	0.207	0.207
31/05/25 01:00	0.259	0.253	0.245	0.277	0.361	0.287	0.193	0.319	0.230	0.207	0.207
31/05/25 02:00	0.262	0.253	0.245	0.290	0.359	0.290	0.205	0.312	0.230	0.197	0.207
31/05/25 03:00	0.262	0.253	0.244	0.306	0.358	0.292	0.221	0.310	0.230	0.197	0.212
31/05/25 04:00	0.262	0.253	0.243	0.327	0.360	0.290	0.240	0.307	0.229	0.197	0.212
31/05/25 05:00	0.262	0.256	0.242	0.334	0.355	0.267	0.261	0.266	0.226	0.180	0.145
31/05/25 06:00	0.270	0.259	0.242	0.315	0.334	0.219	0.229	0.170	0.226	0.197	0.145
31/05/25 07:00	0.269	0.259	0.241	0.290	0.300	0.167	0.193	0.088	0.197	0.189	0.145
31/05/25 08:00	0.279	0.259	0.241	0.260	0.258	0.120	0.167	0.059	0.226	0.145	0.145
31/05/25 09:00	0.281	0.257	0.240	0.218	0.214	0.078	0.155	0.052	0.226	0.145	0.145
31/05/25 10:00	0.280	0.257	0.240	0.178	0.195	0.058	0.127	0.047	0.226	0.145	0.145
31/05/25 11:00	0.280	0.256	0.240	0.154	0.209	0.047	0.094	0.047	0.226	0.120	0.145
31/05/25 12:00	0.279	0.254	0.236	0.140	0.205	0.040	0.082	0.044	0.226	0.145	0.145
31/05/25 13:00	0.276	0.254	0.232	0.135	0.201	0.037	0.076	0.040	0.226	0.145	0.145
31/05/25 14:00	0.271	0.253	0.235	0.136	0.218	0.038	0.082	0.042	0.197	0.145	0.145
31/05/25 15:00	0.276	0.256	0.237	0.150	0.232	0.045	0.087	0.052	0.226	0.145	0.145
31/05/25 16:00	0.278	0.257	0.240	0.187	0.265	0.058	0.094	0.071	0.112	0.145	0.145
31/05/25 17:00	0.280	0.259	0.242	0.227	0.302	0.094	0.111	0.137	0.226	0.155	0.145
31/05/25 18:00	0.279	0.261	0.246	0.262	0.323	0.147	0.136	0.235	0.235	0.180	0.145
31/05/25 19:00	0.278	0.262	0.246	0.293	0.338	0.184	0.152	0.291	0.286	0.234	0.219
31/05/25 20:00	0.271	0.261	0.246	0.319	0.357	0.206	0.165	0.331	0.235	0.234	0.219
31/05/25 21:00	0.269	0.261	0.250	0.330	0.365	0.215	0.166	0.323	0.235	0.219	0.219
31/05/25 22:00	0.266	0.259	0.247	0.334	0.365	0.214	0.159	0.307	0.235	0.219	0.219
31/05/25 23:00	0.261	0.256	0.246	0.328	0.358	0.206	0.140	0.299	0.228	0.207	0.219
01/06/25 00:00	0.264	0.254	0.244	0.318	0.355	0.201	0.121	0.245	0.234	0.219	0.219
01/06/25 01:00	0.261	0.253	0.244	0.333	0.361	0.204	0.114	0.182	0.230	0.212	0.219
01/06/25 02:00	0.263	0.253	0.242	0.340	0.359	0.205	0.100	0.161	0.230	0.191	0.191
01/06/25 03:00	0.264	0.253	0.241	0.352	0.354	0.209	0.092	0.153	0.230	0.191	0.191
01/06/25 04:00	0.262	0.252	0.242	0.374	0.359	0.222	0.091	0.134	0.228	0.191	0.189
01/06/25 05:00	0.267	0.253	0.243	0.368	0.350	0.225	0.086	0.110	0.234	0.145	0.145
01/06/25 06:00	0.270	0.255	0.244	0.332	0.317	0.208	0.087	0.081	0.233	0.169	0.169
01/06/25 07:00	0.270	0.255	0.245	0.290	0.278	0.177	0.086	0.064	0.226	0.145	0.145
01/06/25 08:00	0.277	0.256	0.244	0.254	0.245	0.134	0.081	0.059	0.120	0.145	0.145
01/06/25 09:00	0.281	0.256	0.241	0.223	0.209	0.082	0.081	0.050	0.120	0.145	0.145
01/06/25 10:00	0.279	0.255	0.240	0.190	0.173	0.064	0.073	0.048	0.120	0.145	0.145
01/06/25 11:00	0.275	0.255	0.241	0.157	0.159	0.052	0.073	0.044	0.120	0.145	0.145
01/06/25 12:00	0.273	0.254	0.240	0.145	0.154	0.048	0.065	0.044	0.120	0.120	0.120
01/06/25 13:00	0.269	0.254	0.240	0.144	0.140	0.055	0.062	0.042	0.112	0.120	0.120
01/06/25 14:00	0.266	0.254	0.240	0.150	0.143	0.068	0.064	0.039	0.112	0.120	0.120
01/06/25 15:00	0.266	0.253	0.240	0.169	0.175	0.083	0.067	0.036	0.112	0.141	0.142
01/06/25 16:00	0.273	0.253	0.245	0.202	0.211	0.096	0.074	0.036	0.120	0.145	0.145
01/06/25 17:00	0.274	0.257	0.247	0.232	0.246	0.134	0.075	0.042	0.228	0.145	0.145
01/06/25 18:00	0.272	0.259	0.250	0.260	0.278	0.167	0.077	0.063	0.223	0.141	0.142
01/06/25 19:00	0.277	0.260	0.250	0.301	0.313	0.190	0.078	0.108	0.120	0.145	0.145
01/06/25 20:00	0.270	0.259	0.250	0.339	0.354	0.202	0.077	0.150	0.120	0.141	0.142
01/06/25 21:00	0.271	0.259	0.251	0.348	0.369	0.205	0.078	0.163	0.202	0.142	0.142
01/06/25 22:00	0.268	0.258	0.250	0.344	0.371	0.205	0.088	0.150	0.226	0.120	0.120
01/06/25 23:00	0.260	0.253	0.248	0.329	0.369	0.209	0.095	0.144	0.120	0.120	0.120
02/06/25 00:00	0.258	0.253	0.247	0.310	0.361	0.213	0.097	0.129	0.120	0.120	0.120
02/06/25 01:00	0.261	0.255	0.247	0.307	0.356	0.219	0.102	0.129	0.120	0.120	0.120
02/06/25 02:00	0.263	0.255	0.247	0.315	0.354	0.221	0.110	0.151	0.120	0.120	0.120
02/06/25 03:00	0.264	0.253	0.247	0.333	0.349	0.227	0.111	0.173	0.120	0.120	0.120
02/06/25 04:00	0.261	0.251	0.249	0.358	0.352	0.238	0.117	0.210	0.112	0.120	0.120
02/06/25 05:00	0.263	0.251	0.252	0.350	0.338	0.247	0.116	0.229	0.120	0.120	0.120
02/06/25 06:00	0.264	0.250	0.255	0.315	0.304	0.241	0.107	0.187	0.120	0.120	0.112
02/06/25 07:00	0.264	0.253	0.255	0.268	0.262	0.220	0.104	0.134	0.120	0.120	0.120
02/06/25 08:00	0.266	0.253	0.251	0.231	0.211	0.184	0.113	0.081	0.104	0.120	0.112
02/06/25 09:00	0.268	0.245	0.250	0.180	0.168	0.125	0.097	0.054	0.094	0.112	0.112
02/06/25 10:00	0.264	0.245	0.250	0.143	0.131	0.081	0.085	0.041	0.094	0.072	0.072
02/06/25 11:00	0.261	0.244	0.250	0.125	0.113	0.064	0.072	0.041	0.072	0.072	0.112
02/06/25 12:00	0.260	0.241	0.249	0.119	0.107	0.054	0.060	0.039	0.094	0.120	0.112
02/06/25 13:00	0.260	0.235	0.249	0.120	0.107	0.046	0.059	0.035	0.094	0.112	0.120
02/06/25 14:00	0.260	0.239	0.248	0.130	0.112	0.048	0.057	0.036	0.094	0.107	0.112
02/06/25 15:00	0.260	0.241	0.249	0.146	0.138	0.052	0.060	0.045	0.094	0.107	0.112
02/06/25 16:00	0.263	0.254	0.252	0.184	0.188	0.083	0.075	0.074	0.094	0.120	0.112
02/06/25 17:00	0.268	0.255	0.256	0.228	0.239	0.119	0.095	0.138	0.191	0.120	0.112
02/06/25 18:00	0.271	0.257	0.260	0.273	0.278	0.148	0.125	0.213	0.226	0.120	0.120
02/06/25 19:00	0.272	0.258	0.262	0.322	0.310	0.177	0.163	0.289	0.226	0.120	0.120
02/06/25 20:00	0.272	0.257	0.259	0.359	0.337	0.205	0.223	0.353	0.226	0.120	0.120
02/06/25 21:00	0.262	0.257	0.257	0.376	0.343	0.221	0.259	0.369	0.223	0.120	0.120
02/06/25 22:00	0.262	0.254	0.252	0.381	0.341	0.230	0.297	0.362	0.226	0.155	0.120
02/06/25 23:00	0.261	0.252	0.252	0.373	0.328	0.231	0.321	0.343	0.224	0.120	0.120
03/06/25 00:00	0.261	0.251	0.251	0.381	0.322	0.233	0.319	0.315	0.120	0.120	0.120
03/06/25 01:00	0.261	0.249	0.250	0.371	0.319	0.245	0.310	0.300	0.120	0.120	0.120
03/06/25 02:00	0.261	0.249	0.250	0.369	0.322	0.254	0.301	0.280	0.120	0.120	0.120
03/06/25 03:00	0.261	0.249	0.249	0.372	0.331	0.269	0.298	0.263	0.120	0.120	0.120
03/06/25 04:00	0.261	0.251	0.249	0.370	0.338	0.268	0.319	0.250	0.120	0.120	0.120
03/06/25 05:00	0.260	0.258	0.253	0.366	0.322	0.239	0.321	0.221	0.120	0.120	0.120
03/06/25 06:00	0.260	0.261	0.260	0.345	0.277	0.180	0.298	0.164	0.112	0.120	0.120
03/06/25 07:00	0.261	0.261	0.257	0.314	0.230	0.123	0.265	0.106	0.104	0.120	0.120
03/06/25 08:00	0.260	0.260	0.254	0.267	0.175	0.070	0.221	0.069	0.094	0.120	0.120
03/06/25 09:00	0.260	0.258	0.253	0.246	0.125	0.055	0.189	0.032	0.072	0.107	0.112
03/06/25 10:00	0.260	0.258	0.253	0.210	0.095	0.043	0.144	0.026	0.072	0.112	0.120
03/06/25 11:00	0.261	0.257	0.253	0.190	0.089	0.038	0.108	0.026	0.072	0.112	0.112
03/06/25 12:00	0.265	0.257	0.252	0.179	0.089	0.034	0.095	0.024	0.072	0.072	0.112
03/06/25 13:00	0.256	0.256	0.252	0.166	0.098	0.033	0.101	0.025	0.072	0.072	0.112
03/06/25 14:00	0.259	0.257	0.252	0.166	0.105	0.034	0.111	0.026	0.072	0.112	0.112
03/06/25 15:00	0.259	0.257	0.252	0.196	0.115	0.036	0.145	0.030	0.072	0.112	0.112
03/06/25 16:00	0.261	0.260	0.252	0.224	0.145	0.047	0.194	0.037	0.094	0.120	0.120
03/06/25 17:00	0.263	0.261	0.254	0.258	0.166	0.080	0.247	0.060	0.120	0.120	0.120
03/06/25 18:00	0.266	0.264	0.258	0.302	0.182	0.121	0.286	0.103	0.197	0.141	0.141
03/06/25 19:00	0.268	0.263	0.258	0.344	0.211	0.149	0.327	0.130	0.226	0.141	0.141
03/06/25 20:00	0.270	0.263	0.255	0.383	0.231	0.180	0.358	0.140	0.197	0.141	0.141
03/06/25 21:00	0.271	0.262	0.253	0.398	0.243	0.205	0.365	0.146	0.120	0.141	0.141
03/06/25 22:00	0.263	0.259	0.251	0.401	0.236	0.216	0.366	0.118	0.112	0.141	0.141
03/06/25 23:00	0.272	0.256	0.250	0.400	0.227	0.206	0.365	0.095	0.120	0.141	0.141
04/06/25 00:00	0.260	0.255	0.250	0.389	0.223	0.206	0.363	0.096	0.120	0.141	0.141
04/06/25 01:00	0.260	0.255	0.249	0.384	0.223	0.223	0.359	0.096	0.112	0.141	0.141
04/06/25 02:00	0.262	0.254	0.248	0.386	0.219	0.237	0.354	0.103	0.112	0.141	0.141
04/06/25 03:00	0.260	0.255	0.248	0.388	0.222	0.245	0.353	0.108	0.112	0.141	0.141
04/06/25 04:00	0.262	0.255	0.248	0.400	0.229	0.240	0.354	0.130	0.146	0.141	0.141
04/06/25 05:00	0.267	0.260	0.250	0.392	0.220	0.179	0.344	0.152	0.170	0.141	0.141
04/06/25 06:00	0.271	0.260	0.256	0.361	0.202	0.121	0.316	0.150	0.196	0.141	0.141
04/06/25 07:00	0.271	0.266	0.261	0.326	0.180	0.082	0.278	0.128	0.112	0.120	0.120
04/06/25 08:00	0.272	0.262	0.255	0.291	0.164	0.059	0.199	0.104	0.112	0.120	0.120
04/06/25 09:00	0.276	0.260	0.255	0.257	0.143	0.048	0.120	0.061	0.112	0.120	0.120
04/06/25 10:00	0.279	0.259	0.255	0.226	0.109	0.041	0.076	0.040	0.120	0.120	0.120
04/06/25 11:00	0.278	0.258	0.254	0.215	0.102	0.037	0.060	0.037	0.112	0.120	0.120
04/06/25 12:00	0.276	0.257	0.253	0.197	0.094	0.036	0.064	0.034	0.112	0.145	0.120
04/06/25 13:00	0.270	0.256	0.252	0.199	0.077	0.035	0.061	0.030	0.112	0.120	0.120
04/06/25 14:00	0.265	0.256	0.252	0.212	0.076	0.037	0.060	0.026	0.112	0.120	0.120
04/06/25 15:00	0.265	0.257	0.252	0.231	0.083	0.038	0.063	0.029	0.112	0.141	0.141
04/06/25 16:00	0.276	0.260	0.252	0.255	0.104	0.047	0.071	0.047	0.226	0.142	0.142
04/06/25 17:00	0.273	0.261	0.253	0.294	0.137	0.086	0.107	0.082	0.230	0.145	0.145
04/06/25 18:00	0.272	0.262	0.252	0.323	0.173	0.130	0.145	0.133	0.235	0.145	0.145
04/06/25 19:00	0.269	0.261	0.252	0.344	0.210	0.164	0.164	0.167	0.233	0.145	0.142
04/06/25 20:00	0.265	0.258	0.251	0.349	0.240	0.196	0.165	0.195	0.233	0.155	0.142
04/06/25 21:00	0.264	0.256	0.250	0.347	0.248	0.221	0.155	0.210	0.230	0.197	0.219
04/06/25 22:00	0.261	0.253	0.248	0.342	0.239	0.236	0.139	0.192	0.224	0.142	0.142
04/06/25 23:00	0.261	0.253	0.248	0.332	0.211	0.252	0.130	0.143	0.226	0.142	0.142
05/06/25 00:00	0.260	0.252	0.248	0.332	0.200	0.268	0.124	0.119	0.205	0.169	0.145
05/06/25 01:00	0.258	0.251	0.248	0.320	0.203	0.279	0.148	0.112	0.213	0.145	0.145
05/06/25 02:00	0.259	0.251	0.247	0.311	0.194	0.284	0.144	0.114	0.197	0.145	0.142
05/06/25 03:00	0.260	0.252	0.247	0.305	0.194	0.289	0.163	0.111	0.188	0.142	0.142
05/06/25 04:00	0.260	0.253	0.247	0.289	0.202	0.291	0.195	0.112	0.197	0.142	0.142
05/06/25 05:00	0.264	0.257	0.248	0.283	0.202	0.274	0.206	0.128	0.120	0.142	0.142
05/06/25 06:00	0.272	0.261	0.251	0.279	0.193	0.232	0.177	0.122	0.120	0.141	0.141
05/06/25 07:00	0.271	0.261	0.256	0.268	0.189	0.186	0.143	0.092	0.120	0.141	0.141
05/06/25 08:00	0.274	0.261	0.255	0.255	0.172	0.152	0.106	0.059	0.120	0.141	0.141
05/06/25 09:00	0.278	0.259	0.253	0.244	0.135	0.107	0.082	0.036	0.112	0.120	0.120
05/06/25 10:00	0.277	0.259	0.254	0.229	0.133	0.083	0.071	0.030	0.112	0.120	0.120
05/06/25 11:00	0.273	0.258	0.252	0.217	0.165	0.073	0.063	0.034	0.120	0.120	0.120
05/06/25 12:00	0.271	0.257	0.251	0.196	0.185	0.068	0.052	0.034	0.120	0.120	0.120
05/06/25 13:00	0.268	0.257	0.250	0.193	0.207	0.067	0.051	0.031	0.120	0.120	0.120
05/06/25 14:00	0.265	0.258	0.249	0.204	0.224	0.070	0.056	0.029	0.112	0.120	0.120
05/06/25 15:00	0.265	0.258	0.250	0.210	0.248	0.078	0.053	0.034	0.112	0.120	0.120
05/06/25 16:00	0.266	0.260	0.251	0.228	0.267	0.107	0.060	0.053	0.112	0.120	0.120
05/06/25 17:00	0.271	0.263	0.252	0.263	0.271	0.139	0.098	0.098	0.112	0.141	0.141
05/06/25 18:00	0.272	0.267	0.253	0.285	0.283	0.170	0.163	0.159	0.211	0.141	0.141
05/06/25 19:00	0.270	0.263	0.252	0.310	0.287	0.206	0.233	0.183	0.120	0.141	0.141
05/06/25 20:00	0.265	0.260	0.252	0.328	0.270	0.241	0.284	0.193	0.120	0.141	0.141
05/06/25 21:00	0.271	0.259	0.252	0.335	0.257	0.257	0.312	0.161	0.120	0.120	0.120
05/06/25 22:00	0.265	0.255	0.249	0.334	0.259	0.265	0.317	0.122	0.183	0.120	0.120
05/06/25 23:00	0.261	0.253	0.245	0.334	0.258	0.261	0.313	0.108	0.146	0.120	0.120
06/06/25 00:00	0.259	0.252	0.242	0.334	0.254	0.268	0.291	0.081	0.120	0.120	0.120
06/06/25 01:00	0.259	0.251	0.240	0.330	0.242	0.279	0.271	0.068	0.202	0.120	0.120
06/06/25 02:00	0.260	0.251	0.240	0.323	0.205	0.282	0.268	0.064	0.202	0.145	0.120
06/06/25 03:00	0.261	0.251	0.240	0.325	0.175	0.285	0.270	0.064	0.112	0.120	0.120
06/06/25 04:00	0.260	0.253	0.240	0.319	0.175	0.285	0.285	0.065	0.112	0.120	0.120
06/06/25 05:00	0.264	0.255	0.240	0.294	0.171	0.266	0.274	0.062	0.120	0.120	0.120
06/06/25 06:00	0.269	0.259	0.241	0.258	0.150	0.222	0.232	0.056	0.120	0.120	0.120
06/06/25 07:00	0.271	0.260	0.242	0.229	0.139	0.173	0.175	0.039	0.112	0.120	0.112
06/06/25 08:00	0.278	0.259	0.242	0.198	0.120	0.141	0.109	0.029	0.112	0.120	0.120
06/06/25 09:00	0.278	0.256	0.242	0.171	0.107	0.106	0.072	0.026	0.104	0.120	0.112
06/06/25 10:00	0.274	0.256	0.241	0.150	0.104	0.079	0.069	0.023	0.104	0.120	0.120
06/06/25 11:00	0.269	0.255	0.240	0.143	0.099	0.060	0.083	0.022	0.104	0.120	0.120
06/06/25 12:00	0.269	0.255	0.239	0.139	0.098	0.052	0.082	0.021	0.104	0.112	0.112
06/06/25 13:00	0.267	0.255	0.238	0.126	0.114	0.051	0.077	0.020	0.104	0.120	0.112
06/06/25 14:00	0.266	0.255	0.239	0.123	0.134	0.055	0.071	0.023	0.104	0.120	0.120
06/06/25 15:00	0.268	0.256	0.240	0.129	0.140	0.062	0.080	0.025	0.104	0.120	0.120
06/06/25 16:00	0.273	0.257	0.244	0.147	0.162	0.092	0.098	0.031	0.104	0.120	0.120
06/06/25 17:00	0.269	0.260	0.247	0.193	0.193	0.132	0.147	0.053	0.224	0.120	0.142
06/06/25 18:00	0.270	0.264	0.250	0.245	0.235	0.160	0.231	0.095	0.228	0.120	0.145
06/06/25 19:00	0.268	0.268	0.251	0.289	0.265	0.192	0.290	0.160	0.228	0.120	0.145
06/06/25 20:00	0.267	0.266	0.251	0.334	0.283	0.226	0.342	0.211	0.228	0.120	0.142
06/06/25 21:00	0.269	0.262	0.251	0.359	0.296	0.252	0.367	0.228	0.226	0.120	0.145
06/06/25 22:00	0.265	0.259	0.250	0.366	0.291	0.261	0.368	0.222	0.226	0.120	0.141
06/06/25 23:00	0.261	0.259	0.250	0.369	0.268	0.266	0.366	0.194	0.170	0.120	0.120
07/06/25 00:00	0.260	0.256	0.250	0.368	0.249	0.272	0.361	0.181	0.155	0.120	0.120
07/06/25 01:00	0.259	0.255	0.247	0.372	0.234	0.278	0.344	0.191	0.112	0.120	0.120
07/06/25 02:00	0.260	0.255	0.246	0.374	0.225	0.285	0.322	0.193	0.104	0.112	0.120
07/06/25 03:00	0.259	0.255	0.245	0.375	0.226	0.284	0.306	0.193	0.104	0.112	0.120
07/06/25 04:00	0.259	0.255	0.245	0.377	0.232	0.282	0.298	0.189	0.112	0.112	0.120
07/06/25 05:00	0.264	0.257	0.245	0.360	0.256	0.273	0.276	0.201	0.112	0.112	0.120
07/06/25 06:00	0.268	0.260	0.246	0.327	0.260	0.246	0.237	0.195	0.112	0.112	0.120
07/06/25 07:00	0.269	0.264	0.247	0.286	0.237	0.213	0.170	0.164	0.104	0.114	0.114
07/06/25 08:00	0.273	0.261	0.247	0.255	0.219	0.176	0.102	0.139	0.112	0.120	0.120
07/06/25 09:00	0.272	0.257	0.247	0.231	0.200	0.148	0.069	0.096	0.112	0.120	0.120
07/06/25 10:00	0.272	0.256	0.247	0.213	0.181	0.115	0.059	0.064	0.094	0.114	0.114
07/06/25 11:00	0.270	0.254	0.248	0.202	0.170	0.105	0.067	0.054	0.094	0.114	0.114
07/06/25 12:00	0.270	0.253	0.246	0.198	0.162	0.099	0.057	0.051	0.094	0.114	0.114
07/06/25 13:00	0.267	0.253	0.245	0.199	0.153	0.095	0.054	0.046	0.094	0.114	0.114
07/06/25 14:00	0.267	0.253	0.245	0.206	0.154	0.090	0.056	0.043	0.104	0.114	0.114
07/06/25 15:00	0.266	0.253	0.246	0.212	0.173	0.097	0.056	0.049	0.104	0.114	0.114
07/06/25 16:00	0.270	0.255	0.248	0.223	0.215	0.113	0.065	0.048	0.104	0.114	0.114
07/06/25 17:00	0.275	0.258	0.250	0.248	0.257	0.150	0.103	0.062	0.112	0.112	0.120
07/06/25 18:00	0.273	0.259	0.252	0.279	0.290	0.174	0.166	0.114	0.148	0.112	0.120
07/06/25 19:00	0.271	0.259	0.254	0.309	0.333	0.200	0.231	0.166	0.155	0.120	0.120
07/06/25 20:00	0.271	0.255	0.254	0.346	0.362	0.235	0.278	0.219	0.197	0.120	0.120
07/06/25 21:00	0.272	0.254	0.255	0.365	0.365	0.254	0.285	0.237	0.120	0.120	0.120
07/06/25 22:00	0.265	0.253	0.253	0.369	0.361	0.259	0.273	0.222	0.120	0.120	0.120
07/06/25 23:00	0.264	0.260	0.252	0.368	0.361	0.263	0.243	0.213	0.120	0.145	0.120
08/06/25 00:00	0.261	0.256	0.250	0.373	0.356	0.265	0.221	0.147	0.112	0.120	0.120
08/06/25 01:00	0.260	0.253	0.250	0.374	0.351	0.272	0.213	0.113	0.112	0.120	0.145
08/06/25 02:00	0.262	0.253	0.250	0.376	0.353	0.276	0.208	0.097	0.112	0.120	0.120
08/06/25 03:00	0.264	0.253	0.250	0.379	0.363	0.277	0.213	0.085	0.112	0.120	0.120
08/06/25 04:00	0.261	0.252	0.251	0.380	0.368	0.277	0.208	0.087	0.148	0.120	0.120
08/06/25 05:00	0.265	0.251	0.255	0.367	0.352	0.267	0.154	0.090	0.120	0.120	0.120
08/06/25 06:00	0.268	0.253	0.258	0.337	0.332	0.230	0.106	0.087	0.104	0.112	0.120
08/06/25 07:00	0.271	0.253	0.258	0.301	0.295	0.190	0.081	0.073	0.110	0.112	0.120
08/06/25 08:00	0.276	0.254	0.256	0.265	0.250	0.138	0.063	0.062	0.104	0.114	0.120
08/06/25 09:00	0.277	0.253	0.256	0.234	0.231	0.082	0.055	0.056	0.094	0.114	0.120
08/06/25 10:00	0.277	0.252	0.256	0.216	0.222	0.065	0.045	0.048	0.094	0.114	0.120
08/06/25 11:00	0.276	0.250	0.255	0.208	0.230	0.056	0.047	0.042	0.094	0.107	0.095
08/06/25 12:00	0.274	0.251	0.255	0.201	0.238	0.049	0.047	0.042	0.094	0.112	0.112
08/06/25 13:00	0.270	0.249	0.254	0.204	0.257	0.047	0.042	0.041	0.094	0.112	0.112
08/06/25 14:00	0.265	0.247	0.254	0.212	0.264	0.051	0.044	0.041	0.094	0.107	0.095
08/06/25 15:00	0.264	0.247	0.253	0.221	0.277	0.057	0.049	0.043	0.104	0.114	0.114
08/06/25 16:00	0.267	0.252	0.255	0.243	0.291	0.086	0.060	0.046	0.104	0.120	0.112
08/06/25 17:00	0.269	0.252	0.257	0.267	0.300	0.121	0.080	0.047	0.112	0.120	0.112
08/06/25 18:00	0.268	0.252	0.258	0.301	0.300	0.142	0.120	0.057	0.112	0.120	0.112
08/06/25 19:00	0.267	0.256	0.256	0.335	0.299	0.169	0.183	0.081	0.104	0.120	0.112
08/06/25 20:00	0.264	0.258	0.256	0.366	0.316	0.199	0.246	0.121	0.104	0.112	0.114
08/06/25 21:00	0.264	0.263	0.255	0.380	0.328	0.213	0.290	0.160	0.094	0.114	0.114
08/06/25 22:00	0.263	0.259	0.254	0.382	0.327	0.215	0.285	0.150	0.094	0.112	0.114
08/06/25 23:00	0.262	0.253	0.253	0.382	0.330	0.220	0.250	0.147	0.094	0.114	0.114
09/06/25 00:00	0.260	0.255	0.252	0.381	0.332	0.226	0.224	0.154	0.094	0.114	0.114
09/06/25 01:00	0.260	0.257	0.251	0.382	0.335	0.231	0.203	0.153	0.094	0.114	0.114
09/06/25 02:00	0.260	0.258	0.251	0.382	0.346	0.232	0.184	0.164	0.072	0.114	0.114
09/06/25 03:00	0.260	0.254	0.251	0.383	0.348	0.233	0.163	0.166	0.072	0.080	0.112
09/06/25 04:00	0.260	0.253	0.252	0.381	0.350	0.242	0.151	0.179	0.072	0.112	0.081
09/06/25 05:00	0.261	0.249	0.255	0.361	0.332	0.234	0.132	0.171	0.072	0.072	0.081
09/06/25 06:00	0.264	0.252	0.260	0.324	0.305	0.197	0.099	0.126	0.072	0.072	0.072
09/06/25 07:00	0.263	0.252	0.264	0.284	0.270	0.162	0.070	0.086	0.072	0.072	0.072
09/06/25 08:00	0.267	0.254	0.260	0.246	0.225	0.130	0.050	0.066	0.072	0.072	0.072
09/06/25 09:00	0.263	0.254	0.261	0.218	0.176	0.086	0.042	0.053	0.072	0.072	0.072
09/06/25 10:00	0.263	0.253	0.261	0.198	0.146	0.053	0.039	0.045	0.072	0.072	0.072
09/06/25 11:00	0.263	0.254	0.260	0.188	0.123	0.045	0.036	0.045	0.072	0.072	0.072
09/06/25 12:00	0.261	0.251	0.258	0.181	0.102	0.041	0.037	0.042	0.072	0.072	0.072
09/06/25 13:00	0.261	0.248	0.257	0.186	0.098	0.040	0.038	0.045	0.072	0.072	0.072
09/06/25 14:00	0.261	0.248	0.255	0.190	0.103	0.039	0.040	0.046	0.072	0.072	0.072
09/06/25 15:00	0.260	0.253	0.255	0.198	0.123	0.045	0.047	0.051	0.072	0.072	0.072
09/06/25 16:00	0.264	0.258	0.259	0.217	0.156	0.078	0.064	0.055	0.072	0.072	0.072
09/06/25 17:00	0.264	0.261	0.261	0.251	0.197	0.113	0.079	0.076	0.072	0.072	0.072
09/06/25 18:00	0.264	0.263	0.263	0.286	0.245	0.134	0.124	0.142	0.072	0.072	0.112
09/06/25 19:00	0.273	0.267	0.260	0.326	0.286	0.161	0.183	0.216	0.072	0.072	0.072
09/06/25 20:00	0.268	0.267	0.257	0.364	0.326	0.199	0.234	0.251	0.072	0.072	0.072
09/06/25 21:00	0.272	0.259	0.255	0.372	0.337	0.214	0.255	0.265	0.072	0.072	0.072
09/06/25 22:00	0.266	0.257	0.253	0.367	0.337	0.213	0.257	0.243	0.072	0.072	0.072
09/06/25 23:00	0.272	0.255	0.252	0.365	0.325	0.199	0.259	0.207	0.072	0.072	0.072
10/06/25 00:00	0.261	0.253	0.251	0.367	0.315	0.172	0.262	0.153	0.072	0.072	0.072
10/06/25 01:00	0.261	0.253	0.250	0.370	0.306	0.156	0.279	0.114	0.072	0.072	0.072
10/06/25 02:00	0.260	0.252	0.250	0.373	0.309	0.166	0.280	0.096	0.072	0.072	0.072
10/06/25 03:00	0.262	0.252	0.250	0.375	0.302	0.171	0.297	0.083	0.072	0.072	0.072
10/06/25 04:00	0.262	0.252	0.251	0.373	0.305	0.164	0.328	0.079	0.072	0.072	0.072
10/06/25 05:00	0.261	0.252	0.254	0.352	0.313	0.141	0.313	0.077	0.072	0.072	0.072
10/06/25 06:00	0.262	0.254	0.256	0.316	0.296	0.111	0.267	0.067	0.072	0.072	0.072
10/06/25 07:00	0.261	0.256	0.259	0.277	0.281	0.082	0.226	0.051	0.072	0.072	0.072
10/06/25 08:00	0.261	0.254	0.259	0.242	0.245	0.057	0.176	0.043	0.072	0.072	0.072
10/06/25 09:00	0.261	0.254	0.259	0.217	0.181	0.044	0.146	0.039	0.072	0.072	0.072
10/06/25 10:00	0.263	0.254	0.257	0.192	0.129	0.038	0.134	0.039	0.072	0.072	0.072
10/06/25 11:00	0.263	0.253	0.256	0.194	0.113	0.034	0.110	0.036	0.072	0.072	0.072
10/06/25 12:00	0.262	0.253	0.256	0.182	0.116	0.032	0.090	0.034	0.072	0.072	0.072
10/06/25 13:00	0.261	0.253	0.255	0.179	0.117	0.032	0.083	0.032	0.072	0.072	0.072
10/06/25 14:00	0.256	0.253	0.255	0.188	0.131	0.032	0.072	0.029	0.072	0.072	0.072
10/06/25 15:00	0.259	0.253	0.254	0.205	0.161	0.036	0.076	0.030	0.072	0.072	0.072
10/06/25 16:00	0.259	0.254	0.255	0.232	0.208	0.047	0.087	0.037	0.072	0.072	0.072
10/06/25 17:00	0.265	0.257	0.256	0.257	0.235	0.074	0.109	0.059	0.072	0.107	0.112
10/06/25 18:00	0.264	0.259	0.256	0.290	0.267	0.117	0.114	0.099	0.094	0.112	0.120
10/06/25 19:00	0.266	0.259	0.255	0.321	0.290	0.164	0.124	0.162	0.104	0.112	0.120
10/06/25 20:00	0.265	0.259	0.255	0.350	0.318	0.206	0.136	0.221	0.104	0.112	0.120
10/06/25 21:00	0.275	0.259	0.255	0.370	0.329	0.221	0.140	0.272	0.104	0.112	0.120
10/06/25 22:00	0.268	0.256	0.253	0.374	0.322	0.218	0.146	0.296	0.104	0.112	0.120
10/06/25 23:00	0.270	0.260	0.252	0.372	0.299	0.190	0.133	0.312	0.104	0.112	0.120
11/06/25 00:00	0.261	0.254	0.250	0.372	0.288	0.186	0.133	0.328	0.104	0.112	0.120
11/06/25 01:00	0.260	0.253	0.250	0.370	0.281	0.171	0.125	0.339	0.104	0.112	0.120
11/06/25 02:00	0.264	0.253	0.249	0.367	0.272	0.180	0.125	0.348	0.104	0.112	0.120
11/06/25 03:00	0.264	0.252	0.249	0.359	0.274	0.190	0.128	0.354	0.104	0.112	0.120
11/06/25 04:00	0.262	0.253	0.249	0.358	0.279	0.187	0.143	0.356	0.104	0.114	0.120
11/06/25 05:00	0.267	0.260	0.250	0.337	0.263	0.155	0.132	0.319	0.104	0.114	0.120
11/06/25 06:00	0.267	0.262	0.252	0.306	0.206	0.113	0.114	0.248	0.104	0.112	0.120
11/06/25 07:00	0.270	0.265	0.254	0.272	0.142	0.085	0.082	0.169	0.104	0.114	0.120
11/06/25 08:00	0.276	0.264	0.253	0.235	0.104	0.064	0.062	0.092	0.094	0.112	0.120
11/06/25 09:00	0.276	0.265	0.252	0.205	0.089	0.054	0.058	0.052	0.072	0.114	0.114
11/06/25 10:00	0.273	0.265	0.252	0.182	0.082	0.046	0.052	0.040	0.072	0.114	0.114
11/06/25 11:00	0.268	0.262	0.251	0.177	0.073	0.040	0.045	0.038	0.072	0.114	0.114
11/06/25 12:00	0.268	0.261	0.250	0.163	0.065	0.038	0.043	0.032	0.104	0.114	0.114
11/06/25 13:00	0.265	0.261	0.249	0.161	0.066	0.039	0.043	0.029	0.104	0.120	0.120
11/06/25 14:00	0.264	0.262	0.249	0.159	0.067	0.041	0.047	0.029	0.112	0.120	0.120
11/06/25 15:00	0.263	0.263	0.249	0.171	0.072	0.045	0.048	0.029	0.104	0.112	0.120
11/06/25 16:00	0.264	0.266	0.251	0.212	0.089	0.062	0.060	0.047	0.110	0.112	0.120
11/06/25 17:00	0.265	0.268	0.252	0.236	0.118	0.108	0.085	0.119	0.228	0.197	0.145
11/06/25 18:00	0.266	0.268	0.254	0.266	0.173	0.165	0.149	0.192	0.297	0.219	0.234
11/06/25 19:00	0.266	0.265	0.254	0.297	0.224	0.206	0.196	0.237	0.310	0.219	0.234
11/06/25 20:00	0.264	0.264	0.253	0.325	0.270	0.253	0.232	0.269	0.281	0.219	0.234
11/06/25 21:00	0.263	0.262	0.252	0.347	0.293	0.273	0.251	0.269	0.248	0.315	0.219
11/06/25 22:00	0.262	0.259	0.251	0.352	0.302	0.257	0.254	0.233	0.235	0.234	0.155
11/06/25 23:00	0.259	0.258	0.249	0.345	0.301	0.243	0.240	0.202	0.235	0.240	0.234
12/06/25 00:00	0.258	0.257	0.248	0.341	0.306	0.240	0.228	0.186	0.235	0.234	0.234
12/06/25 01:00	0.258	0.256	0.248	0.332	0.306	0.241	0.224	0.166	0.228	0.234	0.234
12/06/25 02:00	0.260	0.255	0.247	0.327	0.310	0.248	0.224	0.171	0.228	0.234	0.234
12/06/25 03:00	0.261	0.255	0.247	0.327	0.302	0.264	0.224	0.180	0.228	0.191	0.155
12/06/25 04:00	0.260	0.256	0.248	0.322	0.287	0.277	0.232	0.188	0.226	0.197	0.145
12/06/25 05:00	0.263	0.262	0.249	0.315	0.265	0.269	0.225	0.167	0.197	0.145	0.120
12/06/25 06:00	0.266	0.266	0.251	0.284	0.200	0.231	0.170	0.118	0.197	0.145	0.145
12/06/25 07:00	0.268	0.270	0.252	0.235	0.148	0.185	0.121	0.066	0.155	0.145	0.145
12/06/25 08:00	0.268	0.267	0.251	0.185	0.118	0.149	0.074	0.034	0.104	0.112	0.120
12/06/25 09:00	0.267	0.265	0.250	0.147	0.101	0.093	0.062	0.025	0.104	0.112	0.112
12/06/25 10:00	0.268	0.264	0.249	0.117	0.085	0.058	0.058	0.022	0.104	0.112	0.120
12/06/25 11:00	0.267	0.262	0.249	0.107	0.073	0.048	0.052	0.020	0.104	0.112	0.120
12/06/25 12:00	0.267	0.260	0.247	0.086	0.060	0.049	0.054	0.019	0.104	0.072	0.112
12/06/25 13:00	0.265	0.258	0.247	0.083	0.058	0.056	0.055	0.020	0.104	0.072	0.112
12/06/25 14:00	0.264	0.256	0.247	0.084	0.064	0.062	0.058	0.021	0.104	0.112	0.120
12/06/25 15:00	0.264	0.256	0.248	0.089	0.077	0.068	0.065	0.023	0.072	0.112	0.120
12/06/25 16:00	0.264	0.260	0.249	0.117	0.101	0.105	0.084	0.029	0.112	0.112	0.120
12/06/25 17:00	0.265	0.263	0.251	0.153	0.147	0.139	0.134	0.052	0.155	0.145	0.120
12/06/25 18:00	0.265	0.264	0.253	0.205	0.216	0.167	0.201	0.107	0.226	0.112	0.120
12/06/25 19:00	0.265	0.264	0.252	0.250	0.273	0.196	0.249	0.157	0.226	0.112	0.120
12/06/25 20:00	0.263	0.262	0.251	0.300	0.329	0.235	0.301	0.196	0.226	0.112	0.120
12/06/25 21:00	0.264	0.261	0.252	0.340	0.356	0.253	0.322	0.206	0.228	0.180	0.145
12/06/25 22:00	0.262	0.258	0.251	0.350	0.358	0.251	0.328	0.195	0.226	0.112	0.120
12/06/25 23:00	0.260	0.254	0.250	0.352	0.354	0.247	0.320	0.209	0.224	0.112	0.120
13/06/25 00:00	0.260	0.253	0.249	0.349	0.358	0.257	0.314	0.213	0.120	0.112	0.120
13/06/25 01:00	0.258	0.253	0.248	0.347	0.357	0.260	0.296	0.229	0.120	0.112	0.120
13/06/25 02:00	0.259	0.253	0.249	0.344	0.342	0.252	0.280	0.242	0.146	0.112	0.112
13/06/25 03:00	0.259	0.253	0.249	0.343	0.315	0.252	0.267	0.252	0.155	0.112	0.120
13/06/25 04:00	0.258	0.253	0.249	0.338	0.316	0.257	0.267	0.265	0.120	0.145	0.145
13/06/25 05:00	0.261	0.257	0.249	0.300	0.305	0.246	0.237	0.237	0.120	0.145	0.145
13/06/25 06:00	0.265	0.261	0.249	0.228	0.273	0.213	0.208	0.184	0.112	0.112	0.120
13/06/25 07:00	0.266	0.261	0.249	0.168	0.221	0.173	0.145	0.136	0.104	0.112	0.145
13/06/25 08:00	0.266	0.257	0.249	0.140	0.177	0.136	0.095	0.079	0.094	0.112	0.120
13/06/25 09:00	0.266	0.255	0.248	0.120	0.147	0.076	0.061	0.047	0.094	0.072	0.120
13/06/25 10:00	0.266	0.254	0.248	0.106	0.124	0.045	0.052	0.038	0.094	0.112	0.145
13/06/25 11:00	0.265	0.253	0.247	0.099	0.098	0.037	0.057	0.036	0.094	0.072	0.081
13/06/25 12:00	0.264	0.253	0.247	0.091	0.091	0.037	0.051	0.034	0.094	0.072	0.081
13/06/25 13:00	0.263	0.253	0.247	0.089	0.088	0.037	0.050	0.032	0.094	0.112	0.081
13/06/25 14:00	0.263	0.254	0.247	0.095	0.091	0.040	0.058	0.034	0.104	0.112	0.072
13/06/25 15:00	0.262	0.254	0.248	0.105	0.108	0.048	0.068	0.036	0.072	0.112	0.120
13/06/25 16:00	0.263	0.256	0.248	0.123	0.160	0.077	0.097	0.055	0.094	0.112	0.120
13/06/25 17:00	0.265	0.263	0.250	0.175	0.215	0.112	0.160	0.104	0.148	0.112	0.120
13/06/25 18:00	0.268	0.269	0.251	0.245	0.277	0.142	0.252	0.166	0.226	0.112	0.120
13/06/25 19:00	0.269	0.274	0.252	0.308	0.323	0.173	0.306	0.209	0.228	0.120	0.112
13/06/25 20:00	0.265	0.268	0.251	0.358	0.368	0.210	0.344	0.231	0.228	0.120	0.120
13/06/25 21:00	0.268	0.262	0.251	0.377	0.386	0.226	0.349	0.215	0.228	0.120	0.141
13/06/25 22:00	0.264	0.259	0.253	0.377	0.386	0.231	0.329	0.152	0.223	0.145	0.145
13/06/25 23:00	0.262	0.256	0.258	0.374	0.384	0.242	0.283	0.106	0.224	0.145	0.145
14/06/25 00:00	0.259	0.254	0.255	0.365	0.382	0.241	0.244	0.092	0.199	0.145	0.142
14/06/25 01:00	0.259	0.253	0.255	0.363	0.380	0.240	0.187	0.103	0.193	0.145	0.145
14/06/25 02:00	0.259	0.253	0.251	0.351	0.379	0.247	0.168	0.114	0.146	0.145	0.145
14/06/25 03:00	0.260	0.253	0.248	0.356	0.383	0.265	0.156	0.157	0.155	0.145	0.145
14/06/25 04:00	0.259	0.254	0.249	0.356	0.383	0.274	0.144	0.203	0.112	0.145	0.145
14/06/25 05:00	0.260	0.258	0.247	0.337	0.366	0.263	0.139	0.185	0.220	0.145	0.120
14/06/25 06:00	0.264	0.264	0.247	0.292	0.326	0.226	0.133	0.118	0.197	0.142	0.142
14/06/25 07:00	0.268	0.268	0.247	0.242	0.279	0.183	0.121	0.081	0.110	0.112	0.120
14/06/25 08:00	0.271	0.263	0.248	0.204	0.231	0.139	0.097	0.062	0.104	0.112	0.120
14/06/25 09:00	0.268	0.260	0.249	0.169	0.191	0.089	0.071	0.048	0.104	0.114	0.120
14/06/25 10:00	0.268	0.259	0.249	0.139	0.152	0.065	0.084	0.043	0.104	0.120	0.120
14/06/25 11:00	0.266	0.256	0.249	0.123	0.146	0.054	0.074	0.044	0.094	0.120	0.120
14/06/25 12:00	0.263	0.255	0.248	0.122	0.134	0.055	0.069	0.046	0.104	0.114	0.120
14/06/25 13:00	0.262	0.255	0.247	0.127	0.133	0.055	0.077	0.053	0.094	0.120	0.120
14/06/25 14:00	0.261	0.256	0.246	0.134	0.136	0.059	0.078	0.059	0.094	0.120	0.120
14/06/25 15:00	0.261	0.257	0.247	0.158	0.167	0.080	0.076	0.060	0.104	0.120	0.120
14/06/25 16:00	0.265	0.262	0.248	0.191	0.208	0.121	0.083	0.053	0.112	0.120	0.141
14/06/25 17:00	0.271	0.267	0.250	0.216	0.254	0.147	0.108	0.070	0.219	0.145	0.145
14/06/25 18:00	0.271	0.270	0.251	0.265	0.287	0.172	0.164	0.109	0.234	0.155	0.145
14/06/25 19:00	0.269	0.267	0.252	0.309	0.326	0.203	0.209	0.138	0.241	0.197	0.207
14/06/25 20:00	0.267	0.263	0.252	0.340	0.359	0.245	0.253	0.164	0.234	0.145	0.145
14/06/25 21:00	0.277	0.260	0.253	0.352	0.371	0.269	0.287	0.184	0.233	0.197	0.207
14/06/25 22:00	0.272	0.258	0.257	0.360	0.367	0.285	0.283	0.201	0.233	0.145	0.145
14/06/25 23:00	0.263	0.255	0.251	0.365	0.369	0.286	0.286	0.206	0.233	0.145	0.145
15/06/25 00:00	0.259	0.255	0.249	0.368	0.370	0.291	0.282	0.192	0.228	0.145	0.145
15/06/25 01:00	0.258	0.254	0.249	0.368	0.370	0.307	0.275	0.187	0.230	0.191	0.191
15/06/25 02:00	0.260	0.253	0.248	0.366	0.376	0.317	0.235	0.188	0.230	0.191	0.191
15/06/25 03:00	0.260	0.253	0.248	0.369	0.379	0.320	0.183	0.184	0.229	0.183	0.155
15/06/25 04:00	0.260	0.252	0.250	0.367	0.383	0.321	0.150	0.170	0.230	0.169	0.155
15/06/25 05:00	0.267	0.252	0.254	0.361	0.369	0.299	0.114	0.166	0.228	0.145	0.145
15/06/25 06:00	0.268	0.254	0.256	0.343	0.335	0.258	0.082	0.121	0.112	0.120	0.145
15/06/25 07:00	0.269	0.255	0.257	0.304	0.293	0.211	0.064	0.085	0.110	0.120	0.141
15/06/25 08:00	0.270	0.259	0.257	0.265	0.249	0.174	0.051	0.061	0.104	0.120	0.141
15/06/25 09:00	0.271	0.258	0.256	0.231	0.197	0.140	0.049	0.054	0.094	0.114	0.114
15/06/25 10:00	0.271	0.262	0.256	0.211	0.159	0.111	0.041	0.044	0.094	0.114	0.114
15/06/25 11:00	0.268	0.259	0.256	0.188	0.139	0.111	0.038	0.037	0.094	0.114	0.114
15/06/25 12:00	0.270	0.252	0.255	0.181	0.133	0.101	0.036	0.035	0.094	0.114	0.114
15/06/25 13:00	0.268	0.251	0.255	0.183	0.133	0.100	0.037	0.033	0.094	0.114	0.114
15/06/25 14:00	0.266	0.251	0.254	0.200	0.141	0.102	0.044	0.036	0.094	0.114	0.114
15/06/25 15:00	0.265	0.251	0.254	0.211	0.162	0.105	0.048	0.037	0.094	0.120	0.141
15/06/25 16:00	0.271	0.255	0.255	0.230	0.210	0.128	0.049	0.043	0.104	0.120	0.145
15/06/25 17:00	0.268	0.256	0.258	0.259	0.251	0.154	0.054	0.073	0.120	0.120	0.142
15/06/25 18:00	0.267	0.259	0.260	0.288	0.289	0.184	0.059	0.143	0.202	0.120	0.145
15/06/25 19:00	0.266	0.264	0.259	0.323	0.323	0.228	0.064	0.221	0.226	0.145	0.145
15/06/25 20:00	0.268	0.264	0.257	0.354	0.352	0.282	0.069	0.293	0.155	0.112	0.112
15/06/25 21:00	0.270	0.260	0.257	0.369	0.364	0.314	0.075	0.340	0.155	0.120	0.112
15/06/25 22:00	0.267	0.256	0.255	0.370	0.368	0.326	0.076	0.348	0.170	0.120	0.112
15/06/25 23:00	0.261	0.254	0.254	0.369	0.368	0.332	0.078	0.339	0.120	0.120	0.112
16/06/25 00:00	0.260	0.253	0.252	0.366	0.368	0.335	0.078	0.322	0.112	0.120	0.120
16/06/25 01:00	0.260	0.254	0.252	0.365	0.375	0.338	0.081	0.312	0.104	0.120	0.112
16/06/25 02:00	0.260	0.253	0.251	0.365	0.380	0.337	0.082	0.313	0.104	0.120	0.120
16/06/25 03:00	0.259	0.253	0.251	0.364	0.387	0.338	0.087	0.323	0.104	0.120	0.120
16/06/25 04:00	0.260	0.253	0.252	0.362	0.392	0.336	0.087	0.337	0.104	0.120	0.120
16/06/25 05:00	0.260	0.253	0.254	0.344	0.374	0.313	0.078	0.285	0.072	0.120	0.112
16/06/25 06:00	0.260	0.256	0.258	0.311	0.333	0.263	0.067	0.215	0.072	0.095	0.095
16/06/25 07:00	0.261	0.255	0.261	0.278	0.278	0.214	0.060	0.156	0.072	0.072	0.072
16/06/25 08:00	0.261	0.255	0.259	0.246	0.221	0.167	0.054	0.092	0.072	0.072	0.072
16/06/25 09:00	0.260	0.253	0.258	0.221	0.167	0.103	0.048	0.059	0.072	0.072	0.072
16/06/25 10:00	0.260	0.253	0.259	0.202	0.142	0.082	0.046	0.052	0.072	0.072	0.072
16/06/25 11:00	0.260	0.253	0.258	0.188	0.128	0.074	0.045	0.048	0.072	0.072	0.072
16/06/25 12:00	0.260	0.251	0.256	0.190	0.122	0.066	0.043	0.047	0.072	0.072	0.072
16/06/25 13:00	0.260	0.252	0.255	0.200	0.124	0.065	0.046	0.038	0.072	0.072	0.072
16/06/25 14:00	0.260	0.253	0.254	0.211	0.129	0.071	0.046	0.037	0.072	0.072	0.072
16/06/25 15:00	0.260	0.254	0.254	0.222	0.154	0.075	0.044	0.040	0.072	0.072	0.072
16/06/25 16:00	0.260	0.256	0.256	0.240	0.203	0.099	0.046	0.063	0.072	0.072	0.072
16/06/25 17:00	0.262	0.258	0.258	0.268	0.286	0.145	0.060	0.130	0.072	0.072	0.072
16/06/25 18:00	0.262	0.261	0.260	0.298	0.323	0.184	0.091	0.210	0.072	0.072	0.112
16/06/25 19:00	0.262	0.263	0.259	0.333	0.344	0.228	0.138	0.284	0.072	0.072	0.072
16/06/25 20:00	0.262	0.265	0.258	0.362	0.386	0.280	0.190	0.344	0.072	0.072	0.072
16/06/25 21:00	0.262	0.262	0.256	0.371	0.393	0.312	0.223	0.375	0.072	0.072	0.072
16/06/25 22:00	0.264	0.259	0.254	0.368	0.392	0.319	0.220	0.375	0.094	0.112	0.112
16/06/25 23:00	0.259	0.255	0.255	0.361	0.392	0.324	0.196	0.373	0.094	0.112	0.112
17/06/25 00:00	0.258	0.254	0.254	0.341	0.392	0.331	0.157	0.371	0.094	0.112	0.072
17/06/25 01:00	0.256	0.254	0.253	0.332	0.389	0.333	0.144	0.369	0.072	0.095	0.095
17/06/25 02:00	0.253	0.254	0.252	0.346	0.386	0.334	0.149	0.364	0.072	0.107	0.112
17/06/25 03:00	0.253	0.254	0.252	0.358	0.381	0.335	0.164	0.363	0.072	0.107	0.112
17/06/25 04:00	0.248	0.254	0.253	0.359	0.373	0.331	0.192	0.356	0.072	0.107	0.112
17/06/25 05:00	0.247	0.261	0.256	0.338	0.349	0.303	0.204	0.297	0.072	0.095	0.095
17/06/25 06:00	0.253	0.264	0.263	0.306	0.321	0.248	0.191	0.226	0.072	0.072	0.072
17/06/25 07:00	0.253	0.263	0.266	0.251	0.283	0.177	0.150	0.142	0.072	0.072	0.072
17/06/25 08:00	0.258	0.258	0.260	0.245	0.220	0.117	0.095	0.060	0.072	0.072	0.072
17/06/25 09:00	0.256	0.256	0.258	0.213	0.162	0.077	0.063	0.034	0.072	0.072	0.072
17/06/25 10:00	0.254	0.256	0.258	0.206	0.137	0.059	0.050	0.032	0.072	0.072	0.072
17/06/25 11:00	0.257	0.256	0.257	0.184	0.126	0.054	0.046	0.029	0.072	0.072	0.072
17/06/25 12:00	0.256	0.256	0.257	0.161	0.124	0.051	0.044	0.029	0.072	0.072	0.072
17/06/25 13:00	0.259	0.256	0.256	0.154	0.117	0.050	0.044	0.029	0.072	0.072	0.072
17/06/25 14:00	0.256	0.257	0.256	0.155	0.125	0.054	0.053	0.032	0.072	0.072	0.072
17/06/25 15:00	0.255	0.258	0.255	0.172	0.140	0.074	0.059	0.037	0.072	0.072	0.072
17/06/25 16:00	0.259	0.261	0.259	0.199	0.172	0.118	0.083	0.068	0.072	0.072	0.072
17/06/25 17:00	0.260	0.266	0.261	0.237	0.206	0.178	0.135	0.137	0.072	0.072	0.072
17/06/25 18:00	0.262	0.273	0.262	0.280	0.244	0.225	0.201	0.215	0.072	0.072	0.095
17/06/25 19:00	0.264	0.273	0.260	0.320	0.277	0.273	0.259	0.278	0.072	0.072	0.072
17/06/25 20:00	0.264	0.267	0.259	0.346	0.308	0.311	0.304	0.332	0.072	0.072	0.072
17/06/25 21:00	0.263	0.262	0.257	0.360	0.319	0.322	0.333	0.363	0.072	0.095	0.081
17/06/25 22:00	0.262	0.258	0.255	0.366	0.309	0.322	0.331	0.360	0.072	0.072	0.095
17/06/25 23:00	0.263	0.255	0.253	0.371	0.312	0.318	0.327	0.356	0.072	0.072	0.072
18/06/25 00:00	0.257	0.255	0.252	0.371	0.316	0.312	0.328	0.350	0.072	0.080	0.072
18/06/25 01:00	0.258	0.255	0.251	0.373	0.331	0.307	0.328	0.346	0.072	0.072	0.072
18/06/25 02:00	0.257	0.255	0.250	0.371	0.347	0.294	0.328	0.347	0.072	0.072	0.072
18/06/25 03:00	0.257	0.255	0.250	0.368	0.363	0.288	0.332	0.347	0.072	0.072	0.072
18/06/25 04:00	0.257	0.255	0.251	0.368	0.366	0.281	0.331	0.354	0.072	0.095	0.095
18/06/25 05:00	0.262	0.259	0.253	0.355	0.344	0.255	0.306	0.316	0.072	0.095	0.095
18/06/25 06:00	0.265	0.264	0.256	0.334	0.295	0.205	0.273	0.254	0.072	0.072	0.072
18/06/25 07:00	0.270	0.263	0.257	0.312	0.237	0.145	0.240	0.171	0.072	0.072	0.072
18/06/25 08:00	0.277	0.261	0.257	0.277	0.187	0.125	0.196	0.077	0.072	0.072	0.072
18/06/25 09:00	0.273	0.259	0.257	0.243	0.142	0.099	0.182	0.044	0.072	0.072	0.072
18/06/25 10:00	0.273	0.258	0.257	0.206	0.109	0.091	0.181	0.036	0.072	0.072	0.072
18/06/25 11:00	0.270	0.257	0.257	0.191	0.095	0.100	0.180	0.036	0.072	0.072	0.072
18/06/25 12:00	0.266	0.257	0.256	0.174	0.099	0.094	0.183	0.035	0.072	0.072	0.072
18/06/25 13:00	0.265	0.257	0.255	0.169	0.095	0.100	0.187	0.036	0.072	0.072	0.072
18/06/25 14:00	0.264	0.258	0.255	0.176	0.097	0.108	0.206	0.035	0.072	0.072	0.072
18/06/25 15:00	0.264	0.260	0.254	0.198	0.110	0.150	0.225	0.036	0.072	0.072	0.072
18/06/25 16:00	0.265	0.265	0.255	0.226	0.138	0.186	0.251	0.056	0.072	0.072	0.072
18/06/25 17:00	0.264	0.268	0.256	0.262	0.167	0.203	0.263	0.108	0.110	0.112	0.120
18/06/25 18:00	0.265	0.271	0.257	0.298	0.207	0.244	0.277	0.182	0.232	0.145	0.145
18/06/25 19:00	0.264	0.272	0.257	0.318	0.249	0.264	0.295	0.256	0.241	0.155	0.145
18/06/25 20:00	0.264	0.265	0.257	0.338	0.271	0.291	0.308	0.322	0.230	0.197	0.212
18/06/25 21:00	0.263	0.262	0.256	0.339	0.271	0.294	0.316	0.362	0.238	0.197	0.207
18/06/25 22:00	0.261	0.257	0.254	0.349	0.261	0.286	0.309	0.371	0.230	0.207	0.207
18/06/25 23:00	0.259	0.256	0.253	0.343	0.245	0.276	0.301	0.374	0.232	0.191	0.191
19/06/25 00:00	0.259	0.256	0.251	0.333	0.229	0.252	0.292	0.373	0.230	0.189	0.155
19/06/25 01:00	0.258	0.256	0.251	0.324	0.216	0.238	0.285	0.374	0.229	0.189	0.155
19/06/25 02:00	0.258	0.256	0.250	0.309	0.190	0.218	0.283	0.368	0.223	0.145	0.145
19/06/25 03:00	0.259	0.256	0.250	0.286	0.178	0.203	0.287	0.368	0.197	0.189	0.145
19/06/25 04:00	0.257	0.255	0.251	0.282	0.182	0.199	0.284	0.365	0.120	0.180	0.145
19/06/25 05:00	0.260	0.259	0.254	0.263	0.188	0.199	0.248	0.310	0.120	0.155	0.207
19/06/25 06:00	0.264	0.265	0.256	0.240	0.202	0.192	0.208	0.214	0.226	0.207	0.207
19/06/25 07:00	0.266	0.268	0.258	0.216	0.219	0.198	0.161	0.109	0.228	0.155	0.207
19/06/25 08:00	0.271	0.263	0.257	0.205	0.242	0.180	0.101	0.057	0.226	0.145	0.145
19/06/25 09:00	0.273	0.260	0.256	0.192	0.238	0.157	0.064	0.048	0.223	0.145	0.145
19/06/25 10:00	0.276	0.259	0.255	0.193	0.160	0.130	0.050	0.042	0.112	0.120	0.145
19/06/25 11:00	0.273	0.257	0.254	0.194	0.116	0.101	0.044	0.040	0.120	0.120	0.145
19/06/25 12:00	0.271	0.257	0.253	0.202	0.121	0.086	0.043	0.036	0.104	0.120	0.112
19/06/25 13:00	0.270	0.257	0.252	0.201	0.132	0.079	0.040	0.035	0.094	0.120	0.112
19/06/25 14:00	0.266	0.257	0.252	0.220	0.154	0.086	0.040	0.039	0.094	0.112	0.112
19/06/25 15:00	0.265	0.256	0.251	0.240	0.165	0.106	0.045	0.040	0.094	0.112	0.112
19/06/25 16:00	0.266	0.260	0.253	0.251	0.224	0.140	0.055	0.047	0.112	0.120	0.120
19/06/25 17:00	0.266	0.263	0.255	0.273	0.244	0.186	0.086	0.083	0.226	0.155	0.145
19/06/25 18:00	0.268	0.265	0.256	0.295	0.285	0.244	0.146	0.162	0.226	0.155	0.145
19/06/25 19:00	0.267	0.264	0.256	0.317	0.321	0.309	0.198	0.238	0.228	0.155	0.145
19/06/25 20:00	0.266	0.261	0.256	0.338	0.345	0.354	0.249	0.292	0.228	0.197	0.155
19/06/25 21:00	0.266	0.259	0.256	0.339	0.353	0.369	0.294	0.318	0.228	0.197	0.155
19/06/25 22:00	0.263	0.256	0.255	0.331	0.348	0.369	0.308	0.317	0.235	0.197	0.191
19/06/25 23:00	0.262	0.254	0.252	0.287	0.332	0.363	0.301	0.316	0.228	0.197	0.191
20/06/25 00:00	0.259	0.254	0.251	0.224	0.330	0.353	0.303	0.312	0.230	0.207	0.145
20/06/25 01:00	0.259	0.254	0.250	0.216	0.338	0.338	0.309	0.316	0.228	0.189	0.189
20/06/25 02:00	0.260	0.254	0.250	0.231	0.337	0.327	0.307	0.315	0.230	0.189	0.189
20/06/25 03:00	0.259	0.255	0.249	0.246	0.345	0.324	0.314	0.312	0.230	0.207	0.207
20/06/25 04:00	0.260	0.254	0.249	0.249	0.354	0.324	0.307	0.310	0.230	0.191	0.191
20/06/25 05:00	0.263	0.255	0.250	0.272	0.347	0.309	0.265	0.276	0.228	0.155	0.142
20/06/25 06:00	0.267	0.257	0.250	0.251	0.312	0.277	0.223	0.224	0.226	0.145	0.145
20/06/25 07:00	0.265	0.260	0.251	0.216	0.258	0.233	0.183	0.150	0.197	0.145	0.145
20/06/25 08:00	0.268	0.264	0.251	0.166	0.230	0.189	0.135	0.067	0.112	0.145	0.145
20/06/25 09:00	0.269	0.261	0.250	0.148	0.198	0.149	0.098	0.042	0.104	0.141	0.141
20/06/25 10:00	0.267	0.258	0.250	0.136	0.166	0.110	0.065	0.035	0.104	0.120	0.141
20/06/25 11:00	0.267	0.257	0.249	0.137	0.128	0.093	0.076	0.032	0.104	0.141	0.141
20/06/25 12:00	0.267	0.256	0.248	0.148	0.117	0.097	0.085	0.034	0.104	0.120	0.141
20/06/25 13:00	0.262	0.255	0.247	0.135	0.112	0.112	0.095	0.034	0.104	0.145	0.145
20/06/25 14:00	0.261	0.256	0.247	0.143	0.103	0.140	0.096	0.033	0.110	0.145	0.145
20/06/25 15:00	0.260	0.256	0.249	0.157	0.111	0.177	0.119	0.036	0.226	0.145	0.120
20/06/25 16:00	0.265	0.257	0.251	0.180	0.146	0.237	0.153	0.054	0.226	0.155	0.120
20/06/25 17:00	0.265	0.259	0.253	0.220	0.201	0.264	0.200	0.116	0.228	0.219	0.219
20/06/25 18:00	0.268	0.261	0.254	0.266	0.253	0.284	0.251	0.201	0.235	0.212	0.212
20/06/25 19:00	0.265	0.264	0.255	0.295	0.300	0.308	0.274	0.259	0.235	0.219	0.219
20/06/25 20:00	0.268	0.264	0.256	0.310	0.351	0.322	0.292	0.316	0.235	0.212	0.212
20/06/25 21:00	0.266	0.262	0.256	0.312	0.381	0.326	0.307	0.341	0.235	0.219	0.219
20/06/25 22:00	0.265	0.258	0.255	0.277	0.388	0.316	0.309	0.330	0.235	0.212	0.212
20/06/25 23:00	0.274	0.256	0.254	0.231	0.390	0.312	0.309	0.324	0.233	0.219	0.212
21/06/25 00:00	0.260	0.255	0.252	0.202	0.392	0.308	0.316	0.307	0.232	0.212	0.219
21/06/25 01:00	0.260	0.255	0.250	0.193	0.392	0.295	0.324	0.297	0.228	0.212	0.212
21/06/25 02:00	0.259	0.255	0.249	0.191	0.395	0.292	0.328	0.303	0.228	0.212	0.212
21/06/25 03:00	0.258	0.255	0.247	0.198	0.395	0.307	0.330	0.311	0.228	0.207	0.207
21/06/25 04:00	0.256	0.255	0.246	0.228	0.392	0.308	0.329	0.318	0.228	0.207	0.207
21/06/25 05:00	0.261	0.258	0.245	0.254	0.367	0.299	0.313	0.264	0.226	0.197	0.207
21/06/25 06:00	0.267	0.261	0.245	0.266	0.326	0.268	0.292	0.159	0.197	0.155	0.145
21/06/25 07:00	0.267	0.262	0.246	0.264	0.282	0.216	0.270	0.086	0.155	0.112	0.120
21/06/25 08:00	0.271	0.261	0.246	0.253	0.236	0.170	0.225	0.060	0.112	0.112	0.120
21/06/25 09:00	0.262	0.261	0.247	0.245	0.185	0.133	0.207	0.048	0.094	0.112	0.120
21/06/25 10:00	0.265	0.259	0.248	0.240	0.159	0.103	0.193	0.045	0.094	0.112	0.120
21/06/25 11:00	0.265	0.257	0.248	0.232	0.147	0.091	0.158	0.042	0.094	0.112	0.120
21/06/25 12:00	0.261	0.256	0.246	0.223	0.151	0.096	0.159	0.041	0.094	0.112	0.120
21/06/25 13:00	0.261	0.255	0.243	0.221	0.163	0.097	0.182	0.041	0.094	0.112	0.120
21/06/25 14:00	0.261	0.255	0.244	0.223	0.180	0.095	0.200	0.041	0.094	0.112	0.120
21/06/25 15:00	0.260	0.255	0.245	0.234	0.213	0.110	0.216	0.043	0.104	0.112	0.120
21/06/25 16:00	0.260	0.256	0.249	0.246	0.258	0.150	0.245	0.061	0.112	0.112	0.120
21/06/25 17:00	0.261	0.259	0.251	0.255	0.287	0.185	0.259	0.124	0.155	0.112	0.120
21/06/25 18:00	0.262	0.261	0.254	0.267	0.307	0.228	0.268	0.216	0.155	0.112	0.120
21/06/25 19:00	0.262	0.262	0.254	0.279	0.340	0.286	0.272	0.292	0.226	0.112	0.120
21/06/25 20:00	0.260	0.263	0.254	0.296	0.371	0.343	0.271	0.337	0.202	0.145	0.120
21/06/25 21:00	0.263	0.261	0.255	0.304	0.389	0.367	0.286	0.346	0.197	0.120	0.120
21/06/25 22:00	0.265	0.257	0.254	0.310	0.391	0.372	0.278	0.331	0.112	0.112	0.120
21/06/25 23:00	0.259	0.257	0.251	0.309	0.391	0.373	0.228	0.302	0.112	0.112	0.120
22/06/25 00:00	0.258	0.255	0.250	0.308	0.384	0.374	0.176	0.266	0.104	0.112	0.120
22/06/25 01:00	0.258	0.254	0.249	0.307	0.383	0.373	0.131	0.230	0.104	0.112	0.120
22/06/25 02:00	0.258	0.254	0.250	0.305	0.383	0.373	0.119	0.204	0.112	0.112	0.120
22/06/25 03:00	0.258	0.253	0.250	0.292	0.381	0.374	0.114	0.155	0.104	0.112	0.120
22/06/25 04:00	0.258	0.253	0.251	0.297	0.382	0.372	0.116	0.126	0.104	0.112	0.120
22/06/25 05:00	0.258	0.254	0.254	0.301	0.363	0.349	0.111	0.107	0.104	0.112	0.120
22/06/25 06:00	0.259	0.255	0.256	0.294	0.325	0.301	0.088	0.087	0.095	0.107	0.112
22/06/25 07:00	0.264	0.256	0.258	0.267	0.280	0.258	0.072	0.071	0.094	0.107	0.112
22/06/25 08:00	0.271	0.255	0.256	0.243	0.228	0.219	0.066	0.056	0.072	0.107	0.112
22/06/25 09:00	0.261	0.254	0.255	0.231	0.181	0.185	0.054	0.048	0.072	0.107	0.112
22/06/25 10:00	0.260	0.254	0.255	0.216	0.148	0.182	0.044	0.044	0.072	0.072	0.072
22/06/25 11:00	0.263	0.254	0.254	0.212	0.131	0.193	0.039	0.055	0.072	0.072	0.072
22/06/25 12:00	0.264	0.253	0.249	0.203	0.124	0.213	0.035	0.059	0.072	0.072	0.072
22/06/25 13:00	0.264	0.253	0.250	0.198	0.123	0.219	0.041	0.060	0.072	0.095	0.095
22/06/25 14:00	0.263	0.253	0.249	0.208	0.133	0.240	0.043	0.050	0.072	0.095	0.095
22/06/25 15:00	0.264	0.254	0.250	0.223	0.151	0.249	0.047	0.039	0.072	0.095	0.095
22/06/25 16:00	0.269	0.255	0.255	0.229	0.191	0.255	0.057	0.037	0.072	0.095	0.095
22/06/25 17:00	0.265	0.256	0.256	0.253	0.234	0.262	0.098	0.042	0.072	0.107	0.114
22/06/25 18:00	0.261	0.258	0.257	0.269	0.268	0.265	0.173	0.054	0.100	0.095	0.095
22/06/25 19:00	0.261	0.256	0.258	0.282	0.300	0.281	0.227	0.076	0.094	0.095	0.095
22/06/25 20:00	0.259	0.255	0.257	0.300	0.331	0.285	0.277	0.090	0.095	0.095	0.095
22/06/25 21:00	0.266	0.256	0.257	0.322	0.355	0.285	0.309	0.093	0.094	0.072	0.072
22/06/25 22:00	0.262	0.254	0.255	0.330	0.365	0.296	0.308	0.078	0.072	0.072	0.072
22/06/25 23:00	0.260	0.253	0.254	0.335	0.369	0.287	0.292	0.064	0.072	0.072	0.072
23/06/25 00:00	0.258	0.252	0.253	0.343	0.369	0.286	0.280	0.057	0.072	0.072	0.072
23/06/25 01:00	0.259	0.255	0.252	0.346	0.367	0.297	0.268	0.054	0.072	0.072	0.072
23/06/25 02:00	0.258	0.257	0.251	0.343	0.366	0.312	0.271	0.057	0.072	0.072	0.072
23/06/25 03:00	0.258	0.258	0.251	0.353	0.365	0.318	0.273	0.058	0.072	0.072	0.072
23/06/25 04:00	0.257	0.255	0.252	0.356	0.364	0.341	0.269	0.059	0.072	0.072	0.072
23/06/25 05:00	0.256	0.255	0.256	0.356	0.353	0.333	0.210	0.060	0.072	0.072	0.072
23/06/25 06:00	0.256	0.256	0.257	0.347	0.322	0.285	0.140	0.053	0.072	0.072	0.072
23/06/25 07:00	0.258	0.255	0.257	0.325	0.286	0.229	0.095	0.051	0.072	0.072	0.072
23/06/25 08:00	0.260	0.255	0.256	0.295	0.238	0.178	0.069	0.043	0.072	0.072	0.072
23/06/25 09:00	0.262	0.251	0.255	0.283	0.194	0.137	0.060	0.036	0.072	0.072	0.072
23/06/25 10:00	0.268	0.251	0.254	0.277	0.160	0.092	0.052	0.034	0.072	0.072	0.072
23/06/25 11:00	0.266	0.249	0.253	0.268	0.148	0.077	0.053	0.030	0.072	0.072	0.072
23/06/25 12:00	0.263	0.247	0.253	0.252	0.144	0.071	0.053	0.026	0.072	0.072	0.072
23/06/25 13:00	0.262	0.248	0.253	0.251	0.141	0.069	0.050	0.024	0.072	0.072	0.072
23/06/25 14:00	0.260	0.250	0.253	0.268	0.151	0.072	0.051	0.025	0.072	0.072	0.072
23/06/25 15:00	0.260	0.251	0.254	0.281	0.179	0.081	0.055	0.028	0.072	0.072	0.072
23/06/25 16:00	0.260	0.255	0.255	0.290	0.227	0.118	0.056	0.032	0.072	0.072	0.072
23/06/25 17:00	0.260	0.255	0.257	0.300	0.263	0.178	0.087	0.038	0.072	0.072	0.072
23/06/25 18:00	0.261	0.259	0.261	0.317	0.307	0.236	0.166	0.057	0.072	0.072	0.072
23/06/25 19:00	0.261	0.262	0.262	0.339	0.343	0.297	0.247	0.085	0.072	0.072	0.072
23/06/25 20:00	0.261	0.255	0.259	0.359	0.372	0.342	0.305	0.108	0.072	0.072	0.072
23/06/25 21:00	0.267	0.256	0.258	0.368	0.379	0.355	0.337	0.127	0.072	0.072	0.072
23/06/25 22:00	0.270	0.256	0.256	0.369	0.375	0.356	0.337	0.127	0.072	0.072	0.072
23/06/25 23:00	0.260	0.252	0.255	0.371	0.371	0.350	0.336	0.111	0.072	0.072	0.072
24/06/25 00:00	0.258	0.252	0.255	0.375	0.370	0.338	0.335	0.111	0.072	0.072	0.072
24/06/25 01:00	0.258	0.251	0.253	0.379	0.373	0.319	0.332	0.112	0.072	0.095	0.072
24/06/25 02:00	0.257	0.251	0.252	0.380	0.382	0.315	0.333	0.110	0.072	0.095	0.072
24/06/25 03:00	0.256	0.253	0.252	0.380	0.376	0.307	0.334	0.111	0.072	0.072	0.072
24/06/25 04:00	0.256	0.252	0.253	0.379	0.369	0.303	0.334	0.113	0.072	0.107	0.112
24/06/25 05:00	0.257	0.256	0.257	0.371	0.358	0.270	0.299	0.104	0.072	0.072	0.072
24/06/25 06:00	0.256	0.263	0.259	0.353	0.353	0.212	0.243	0.092	0.072	0.072	0.072
24/06/25 07:00	0.257	0.260	0.258	0.329	0.353	0.153	0.171	0.077	0.072	0.072	0.072
24/06/25 08:00	0.259	0.257	0.258	0.299	0.335	0.104	0.086	0.055	0.072	0.072	0.072
24/06/25 09:00	0.260	0.255	0.257	0.288	0.293	0.074	0.060	0.042	0.072	0.072	0.072
24/06/25 10:00	0.260	0.255	0.256	0.277	0.248	0.059	0.051	0.036	0.072	0.072	0.072
24/06/25 11:00	0.260	0.256	0.256	0.268	0.226	0.053	0.049	0.035	0.072	0.072	0.072
24/06/25 12:00	0.260	0.256	0.255	0.262	0.210	0.051	0.048	0.036	0.072	0.072	0.072
24/06/25 13:00	0.261	0.256	0.255	0.255	0.172	0.051	0.048	0.041	0.072	0.072	0.072
24/06/25 14:00	0.260	0.255	0.255	0.251	0.175	0.060	0.050	0.042	0.072	0.072	0.072
24/06/25 15:00	0.260	0.256	0.256	0.257	0.194	0.069	0.059	0.042	0.072	0.072	0.072
24/06/25 16:00	0.260	0.257	0.257	0.271	0.234	0.093	0.096	0.042	0.072	0.072	0.072
24/06/25 17:00	0.261	0.263	0.259	0.291	0.277	0.153	0.153	0.048	0.072	0.072	0.072
24/06/25 18:00	0.263	0.267	0.262	0.317	0.324	0.205	0.215	0.061	0.104	0.112	0.112
24/06/25 19:00	0.264	0.268	0.261	0.342	0.352	0.255	0.262	0.088	0.104	0.114	0.114
24/06/25 20:00	0.265	0.261	0.259	0.367	0.375	0.314	0.299	0.103	0.104	0.107	0.112
24/06/25 21:00	0.264	0.256	0.258	0.381	0.388	0.338	0.317	0.105	0.104	0.105	0.112
24/06/25 22:00	0.261	0.253	0.256	0.380	0.387	0.338	0.306	0.106	0.104	0.072	0.081
24/06/25 23:00	0.261	0.254	0.254	0.377	0.383	0.337	0.295	0.102	0.104	0.072	0.072
25/06/25 00:00	0.260	0.252	0.253	0.373	0.373	0.332	0.289	0.104	0.095	0.072	0.081
25/06/25 01:00	0.260	0.251	0.252	0.371	0.357	0.322	0.282	0.109	0.104	0.107	0.112
25/06/25 02:00	0.260	0.252	0.252	0.371	0.323	0.308	0.293	0.116	0.104	0.107	0.112
25/06/25 03:00	0.260	0.252	0.252	0.366	0.319	0.301	0.301	0.117	0.104	0.107	0.112
25/06/25 04:00	0.261	0.253	0.253	0.360	0.319	0.294	0.302	0.141	0.104	0.112	0.112
25/06/25 05:00	0.263	0.255	0.256	0.347	0.299	0.261	0.278	0.154	0.104	0.107	0.112
25/06/25 06:00	0.266	0.261	0.259	0.328	0.262	0.198	0.218	0.132	0.072	0.112	0.114
25/06/25 07:00	0.268	0.263	0.260	0.303	0.224	0.137	0.147	0.105	0.072	0.095	0.095
25/06/25 08:00	0.270	0.259	0.259	0.281	0.206	0.099	0.079	0.089	0.094	0.072	0.072
25/06/25 09:00	0.270	0.258	0.258	0.259	0.190	0.083	0.048	0.065	0.095	0.072	0.072
25/06/25 10:00	0.267	0.257	0.256	0.232	0.183	0.068	0.040	0.053	0.094	0.072	0.095
25/06/25 11:00	0.266	0.256	0.253	0.235	0.179	0.061	0.037	0.048	0.094	0.072	0.095
25/06/25 12:00	0.264	0.256	0.253	0.236	0.172	0.054	0.036	0.041	0.094	0.072	0.072
25/06/25 13:00	0.263	0.256	0.251	0.249	0.172	0.054	0.035	0.041	0.094	0.072	0.072
25/06/25 14:00	0.262	0.256	0.252	0.258	0.175	0.059	0.034	0.040	0.072	0.072	0.072
25/06/25 15:00	0.262	0.257	0.254	0.281	0.215	0.068	0.037	0.052	0.072	0.072	0.072
25/06/25 16:00	0.273	0.266	0.257	0.304	0.268	0.092	0.050	0.093	0.072	0.072	0.072
25/06/25 17:00	0.268	0.274	0.259	0.319	0.308	0.144	0.096	0.170	0.094	0.112	0.114
25/06/25 18:00	0.270	0.280	0.261	0.343	0.344	0.195	0.160	0.246	0.094	0.095	0.112
25/06/25 19:00	0.273	0.278	0.259	0.358	0.368	0.249	0.205	0.301	0.094	0.095	0.095
25/06/25 20:00	0.263	0.272	0.259	0.373	0.383	0.297	0.238	0.349	0.094	0.095	0.112
25/06/25 21:00	0.271	0.262	0.258	0.385	0.389	0.307	0.260	0.371	0.094	0.112	0.112
25/06/25 22:00	0.267	0.257	0.256	0.388	0.385	0.293	0.259	0.367	0.094	0.095	0.095
25/06/25 23:00	0.261	0.259	0.255	0.391	0.381	0.263	0.267	0.356	0.094	0.114	0.114
26/06/25 00:00	0.260	0.256	0.253	0.395	0.380	0.228	0.266	0.341	0.094	0.072	0.081
26/06/25 01:00	0.260	0.256	0.252	0.397	0.365	0.205	0.273	0.334	0.094	0.112	0.114
26/06/25 02:00	0.260	0.257	0.252	0.399	0.360	0.188	0.274	0.343	0.094	0.072	0.081
26/06/25 03:00	0.263	0.256	0.252	0.401	0.350	0.191	0.289	0.356	0.094	0.072	0.081
26/06/25 04:00	0.261	0.256	0.252	0.400	0.355	0.206	0.287	0.346	0.094	0.072	0.081
26/06/25 05:00	0.264	0.261	0.256	0.387	0.343	0.187	0.255	0.328	0.094	0.112	0.112
26/06/25 06:00	0.270	0.268	0.258	0.351	0.294	0.154	0.203	0.302	0.072	0.080	0.112
26/06/25 07:00	0.272	0.268	0.259	0.293	0.231	0.118	0.155	0.268	0.072	0.072	0.072
26/06/25 08:00	0.274	0.264	0.258	0.234	0.191	0.092	0.104	0.224	0.072	0.072	0.072
26/06/25 09:00	0.270	0.258	0.257	0.190	0.158	0.068	0.074	0.147	0.072	0.072	0.072
26/06/25 10:00	0.268	0.257	0.256	0.169	0.153	0.047	0.059	0.076	0.072	0.072	0.072
26/06/25 11:00	0.264	0.256	0.255	0.167	0.150	0.041	0.048	0.044	0.072	0.072	0.072
26/06/25 12:00	0.264	0.255	0.255	0.148	0.146	0.037	0.046	0.037	0.072	0.072	0.072
26/06/25 13:00	0.263	0.255	0.255	0.149	0.154	0.038	0.047	0.035	0.072	0.072	0.072
26/06/25 14:00	0.263	0.254	0.255	0.158	0.165	0.041	0.053	0.036	0.072	0.072	0.072
26/06/25 15:00	0.263	0.255	0.255	0.165	0.197	0.050	0.066	0.035	0.072	0.072	0.072
26/06/25 16:00	0.264	0.256	0.257	0.197	0.251	0.071	0.098	0.040	0.072	0.072	0.072
26/06/25 17:00	0.265	0.258	0.259	0.249	0.292	0.108	0.156	0.054	0.112	0.107	0.081
26/06/25 18:00	0.268	0.263	0.262	0.287	0.326	0.151	0.208	0.078	0.112	0.112	0.112
26/06/25 19:00	0.265	0.264	0.260	0.314	0.355	0.193	0.256	0.092	0.120	0.120	0.120
26/06/25 20:00	0.264	0.260	0.259	0.344	0.384	0.249	0.301	0.110	0.112	0.120	0.120
26/06/25 21:00	0.265	0.257	0.259	0.366	0.394	0.281	0.326	0.140	0.112	0.120	0.112
26/06/25 22:00	0.265	0.254	0.257	0.369	0.395	0.279	0.332	0.155	0.226	0.112	0.120
26/06/25 23:00	0.260	0.253	0.257	0.366	0.396	0.268	0.330	0.174	0.226	0.120	0.120
27/06/25 00:00	0.260	0.252	0.254	0.344	0.396	0.270	0.321	0.203	0.202	0.120	0.120
27/06/25 01:00	0.259	0.253	0.253	0.318	0.396	0.266	0.320	0.226	0.112	0.120	0.112
27/06/25 02:00	0.259	0.253	0.253	0.307	0.396	0.276	0.317	0.224	0.112	0.120	0.112
27/06/25 03:00	0.259	0.254	0.253	0.310	0.395	0.276	0.310	0.220	0.112	0.120	0.112
27/06/25 04:00	0.260	0.254	0.252	0.297	0.395	0.282	0.302	0.234	0.112	0.120	0.120
27/06/25 05:00	0.264	0.256	0.252	0.258	0.384	0.266	0.279	0.267	0.112	0.120	0.112
27/06/25 06:00	0.267	0.260	0.253	0.225	0.370	0.225	0.227	0.283	0.112	0.120	0.112
27/06/25 07:00	0.269	0.260	0.253	0.198	0.361	0.168	0.186	0.220	0.112	0.120	0.112
27/06/25 08:00	0.271	0.257	0.253	0.170	0.351	0.134	0.126	0.154	0.104	0.120	0.112
27/06/25 09:00	0.271	0.256	0.252	0.146	0.332	0.116	0.058	0.102	0.104	0.120	0.112
27/06/25 10:00	0.269	0.256	0.252	0.122	0.319	0.098	0.050	0.053	0.104	0.120	0.112
27/06/25 11:00	0.268	0.255	0.251	0.109	0.313	0.075	0.041	0.053	0.094	0.120	0.112
27/06/25 12:00	0.269	0.255	0.250	0.100	0.301	0.064	0.038	0.043	0.094	0.120	0.112
27/06/25 13:00	0.267	0.254	0.248	0.098	0.310	0.066	0.039	0.037	0.094	0.120	0.112
27/06/25 14:00	0.266	0.255	0.248	0.092	0.325	0.072	0.038	0.037	0.094	0.120	0.112
27/06/25 15:00	0.266	0.255	0.248	0.103	0.310	0.081	0.040	0.039	0.094	0.120	0.112
27/06/25 16:00	0.268	0.257	0.251	0.142	0.284	0.114	0.054	0.049	0.112	0.107	0.112
27/06/25 17:00	0.264	0.260	0.253	0.211	0.278	0.179	0.086	0.085	0.112	0.120	0.120
27/06/25 18:00	0.266	0.265	0.254	0.247	0.294	0.231	0.136	0.135	0.228	0.155	0.145
27/06/25 19:00	0.265	0.265	0.255	0.288	0.312	0.278	0.175	0.167	0.228	0.145	0.145
27/06/25 20:00	0.264	0.261	0.255	0.324	0.349	0.317	0.200	0.189	0.228	0.189	0.165
27/06/25 21:00	0.267	0.259	0.255	0.354	0.362	0.327	0.210	0.199	0.228	0.165	0.155
27/06/25 22:00	0.263	0.257	0.253	0.345	0.367	0.324	0.199	0.183	0.226	0.145	0.145
27/06/25 23:00	0.259	0.255	0.251	0.355	0.364	0.323	0.202	0.157	0.202	0.120	0.145
28/06/25 00:00	0.259	0.255	0.250	0.353	0.364	0.325	0.181	0.121	0.120	0.145	0.133
28/06/25 01:00	0.259	0.255	0.248	0.353	0.363	0.328	0.153	0.091	0.112	0.120	0.145
28/06/25 02:00	0.258	0.256	0.246	0.344	0.362	0.328	0.132	0.078	0.112	0.120	0.145
28/06/25 03:00	0.258	0.255	0.247	0.345	0.368	0.321	0.143	0.081	0.112	0.120	0.145
28/06/25 04:00	0.258	0.255	0.246	0.362	0.377	0.321	0.147	0.093	0.112	0.120	0.142
28/06/25 05:00	0.266	0.261	0.246	0.362	0.365	0.318	0.130	0.092	0.120	0.112	0.120
28/06/25 06:00	0.268	0.267	0.246	0.342	0.328	0.303	0.104	0.068	0.120	0.145	0.145
28/06/25 07:00	0.268	0.268	0.246	0.306	0.285	0.280	0.063	0.050	0.112	0.112	0.120
28/06/25 08:00	0.269	0.263	0.246	0.271	0.250	0.253	0.047	0.041	0.104	0.114	0.114
28/06/25 09:00	0.273	0.261	0.246	0.255	0.202	0.231	0.043	0.038	0.104	0.120	0.114
28/06/25 10:00	0.270	0.258	0.247	0.262	0.162	0.206	0.038	0.038	0.104	0.114	0.114
28/06/25 11:00	0.267	0.257	0.245	0.283	0.144	0.186	0.036	0.039	0.072	0.107	0.120
28/06/25 12:00	0.265	0.256	0.240	0.296	0.142	0.162	0.033	0.038	0.094	0.112	0.120
28/06/25 13:00	0.265	0.256	0.240	0.297	0.145	0.170	0.033	0.037	0.072	0.112	0.120
28/06/25 14:00	0.265	0.256	0.238	0.291	0.157	0.180	0.035	0.037	0.104	0.112	0.120
28/06/25 15:00	0.265	0.256	0.241	0.299	0.198	0.196	0.038	0.039	0.112	0.112	0.120
28/06/25 16:00	0.263	0.258	0.248	0.308	0.244	0.217	0.043	0.040	0.112	0.112	0.120
28/06/25 17:00	0.263	0.265	0.252	0.316	0.272	0.236	0.057	0.051	0.226	0.145	0.145
28/06/25 18:00	0.265	0.271	0.254	0.326	0.309	0.264	0.118	0.092	0.228	0.197	0.207
28/06/25 19:00	0.263	0.271	0.255	0.352	0.343	0.295	0.210	0.149	0.281	0.207	0.207
28/06/25 20:00	0.262	0.266	0.256	0.368	0.372	0.315	0.263	0.182	0.235	0.207	0.207
28/06/25 21:00	0.262	0.263	0.257	0.374	0.382	0.320	0.296	0.196	0.235	0.207	0.207
28/06/25 22:00	0.261	0.258	0.254	0.376	0.379	0.320	0.303	0.180	0.235	0.169	0.207
28/06/25 23:00	0.260	0.256	0.251	0.378	0.367	0.318	0.309	0.173	0.235	0.207	0.219
29/06/25 00:00	0.259	0.255	0.248	0.371	0.356	0.316	0.315	0.177	0.235	0.207	0.219
29/06/25 01:00	0.259	0.254	0.248	0.366	0.351	0.316	0.327	0.171	0.228	0.197	0.165
29/06/25 02:00	0.259	0.254	0.248	0.366	0.350	0.306	0.336	0.181	0.228	0.197	0.165
29/06/25 03:00	0.259	0.254	0.248	0.367	0.354	0.301	0.337	0.211	0.235	0.197	0.207
29/06/25 04:00	0.258	0.253	0.249	0.368	0.360	0.299	0.333	0.223	0.235	0.207	0.207
29/06/25 05:00	0.261	0.254	0.252	0.367	0.356	0.293	0.287	0.190	0.228	0.197	0.207
29/06/25 06:00	0.266	0.255	0.255	0.363	0.327	0.279	0.191	0.117	0.120	0.120	0.145
29/06/25 07:00	0.270	0.254	0.255	0.354	0.288	0.258	0.109	0.074	0.110	0.112	0.120
29/06/25 08:00	0.267	0.254	0.257	0.334	0.246	0.221	0.070	0.054	0.094	0.095	0.112
29/06/25 09:00	0.265	0.253	0.256	0.310	0.205	0.197	0.054	0.049	0.072	0.107	0.114
29/06/25 10:00	0.268	0.253	0.255	0.296	0.185	0.179	0.046	0.042	0.072	0.107	0.112
29/06/25 11:00	0.268	0.253	0.248	0.278	0.165	0.167	0.048	0.040	0.072	0.072	0.095
29/06/25 12:00	0.265	0.252	0.247	0.274	0.164	0.168	0.044	0.038	0.072	0.095	0.095
29/06/25 13:00	0.263	0.252	0.247	0.256	0.158	0.160	0.046	0.037	0.072	0.072	0.081
29/06/25 14:00	0.263	0.252	0.247	0.260	0.168	0.154	0.045	0.038	0.072	0.072	0.081
29/06/25 15:00	0.264	0.252	0.247	0.270	0.201	0.178	0.055	0.039	0.072	0.112	0.112
29/06/25 16:00	0.264	0.254	0.249	0.284	0.244	0.174	0.087	0.046	0.072	0.112	0.112
29/06/25 17:00	0.273	0.259	0.255	0.294	0.277	0.209	0.176	0.095	0.094	0.112	0.112
29/06/25 18:00	0.267	0.265	0.256	0.310	0.304	0.229	0.237	0.173	0.104	0.112	0.112
29/06/25 19:00	0.264	0.266	0.256	0.323	0.346	0.258	0.263	0.248	0.104	0.112	0.112
29/06/25 20:00	0.263	0.263	0.256	0.321	0.375	0.288	0.275	0.313	0.104	0.112	0.112
29/06/25 21:00	0.268	0.259	0.256	0.315	0.387	0.314	0.283	0.348	0.094	0.112	0.112
29/06/25 22:00	0.265	0.257	0.248	0.322	0.390	0.324	0.263	0.352	0.094	0.107	0.112
29/06/25 23:00	0.263	0.254	0.248	0.330	0.388	0.331	0.264	0.359	0.072	0.080	0.112
30/06/25 00:00	0.262	0.252	0.247	0.317	0.385	0.332	0.271	0.361	0.072	0.080	0.112
30/06/25 01:00	0.262	0.253	0.247	0.319	0.383	0.329	0.253	0.364	0.094	0.095	0.095
30/06/25 02:00	0.260	0.251	0.247	0.318	0.376	0.326	0.230	0.368	0.094	0.072	0.072
30/06/25 03:00	0.259	0.249	0.247	0.320	0.375	0.325	0.202	0.370	0.094	0.107	0.112
30/06/25 04:00	0.260	0.244	0.247	0.324	0.374	0.327	0.195	0.366	0.072	0.095	0.095
30/06/25 05:00	0.260	0.245	0.250	0.329	0.360	0.310	0.190	0.325	0.072	0.072	0.072
30/06/25 06:00	0.262	0.247	0.254	0.338	0.329	0.262	0.162	0.265	0.072	0.072	0.072
30/06/25 07:00	0.263	0.249	0.252	0.340	0.291	0.209	0.127	0.204	0.072	0.072	0.072
30/06/25 08:00	0.263	0.248	0.248	0.333	0.244	0.161	0.094	0.126	0.072	0.072	0.072
30/06/25 09:00	0.263	0.248	0.246	0.323	0.205	0.124	0.066	0.056	0.072	0.072	0.072
30/06/25 10:00	0.263	0.249	0.247	0.311	0.180	0.107	0.053	0.036	0.072	0.072	0.072
30/06/25 11:00	0.263	0.255	0.245	0.297	0.177	0.097	0.053	0.033	0.072	0.072	0.072
30/06/25 12:00	0.261	0.251	0.250	0.291	0.197	0.087	0.054	0.036	0.072	0.072	0.072
30/06/25 13:00	0.261	0.250	0.247	0.296	0.199	0.083	0.053	0.033	0.072	0.072	0.072
30/06/25 14:00	0.261	0.252	0.249	0.310	0.208	0.079	0.058	0.037	0.072	0.072	0.072
30/06/25 15:00	0.260	0.250	0.252	0.312	0.240	0.087	0.085	0.054	0.072	0.072	0.072
30/06/25 16:00	0.261	0.249	0.257	0.317	0.264	0.104	0.103	0.108	0.072	0.072	0.072
30/06/25 17:00	0.263	0.253	0.254	0.324	0.284	0.143	0.167	0.167	0.072	0.072	0.072
30/06/25 18:00	0.264	0.257	0.256	0.331	0.301	0.164	0.225	0.221	0.104	0.072	0.112
30/06/25 19:00	0.263	0.258	0.257	0.335	0.316	0.178	0.246	0.275	0.094	0.095	0.081
30/06/25 20:00	0.262	0.257	0.257	0.346	0.325	0.200	0.270	0.314	0.094	0.072	0.081
30/06/25 21:00	0.263	0.260	0.256	0.353	0.328	0.208	0.269	0.327	0.094	0.072	0.081
30/06/25 22:00	0.262	0.257	0.255	0.355	0.331	0.198	0.258	0.319	0.094	0.095	0.095
30/06/25 23:00	0.261	0.253	0.251	0.348	0.317	0.174	0.254	0.297	0.104	0.095	0.095
01/07/25 00:00	0.258	0.252	0.250	0.344	0.305	0.146	0.254	0.286	0.104	0.095	0.095
01/07/25 01:00	0.254	0.252	0.251	0.337	0.321	0.101	0.245	0.281	0.094	0.080	0.081
01/07/25 02:00	0.250	0.251	0.252	0.328	0.324	0.086	0.228	0.284	0.104	0.095	0.081
01/07/25 03:00	0.251	0.252	0.251	0.322	0.320	0.085	0.232	0.296	0.104	0.107	0.081
01/07/25 04:00	0.250	0.252	0.252	0.324	0.310	0.082	0.251	0.313	0.104	0.095	0.112
01/07/25 05:00	0.256	0.258	0.256	0.331	0.315	0.084	0.268	0.299	0.072	0.095	0.112
01/07/25 06:00	0.257	0.264	0.258	0.336	0.298	0.085	0.229	0.250	0.072	0.095	0.095
01/07/25 07:00	0.255	0.265	0.259	0.332	0.271	0.087	0.179	0.204	0.072	0.072	0.072
01/07/25 08:00	0.258	0.259	0.258	0.318	0.228	0.083	0.141	0.158	0.072	0.072	0.072
01/07/25 09:00	0.255	0.258	0.257	0.309	0.176	0.077	0.090	0.097	0.072	0.072	0.072
01/07/25 10:00	0.257	0.255	0.257	0.299	0.145	0.076	0.066	0.046	0.072	0.072	0.072
01/07/25 11:00	0.258	0.254	0.253	0.283	0.135	0.073	0.051	0.033	0.072	0.072	0.072
01/07/25 12:00	0.256	0.253	0.251	0.281	0.130	0.066	0.047	0.030	0.072	0.072	0.072
01/07/25 13:00	0.258	0.253	0.252	0.280	0.127	0.063	0.052	0.032	0.072	0.072	0.072
01/07/25 14:00	0.254	0.252	0.252	0.274	0.122	0.063	0.058	0.047	0.072	0.072	0.072
01/07/25 15:00	0.257	0.253	0.252	0.281	0.133	0.063	0.060	0.075	0.072	0.072	0.072
01/07/25 16:00	0.261	0.253	0.255	0.298	0.154	0.064	0.074	0.126	0.072	0.072	0.072
01/07/25 17:00	0.261	0.254	0.257	0.312	0.179	0.080	0.105	0.158	0.094	0.095	0.095
01/07/25 18:00	0.263	0.257	0.260	0.334	0.204	0.098	0.168	0.203	0.100	0.112	0.112
01/07/25 19:00	0.264	0.257	0.259	0.355	0.240	0.124	0.204	0.253	0.104	0.107	0.112
01/07/25 20:00	0.263	0.256	0.259	0.370	0.284	0.145	0.236	0.279	0.104	0.112	0.112
01/07/25 21:00	0.267	0.258	0.259	0.377	0.313	0.156	0.246	0.300	0.104	0.107	0.112
01/07/25 22:00	0.264	0.255	0.258	0.379	0.325	0.147	0.244	0.322	0.104	0.112	0.112
01/07/25 23:00	0.263	0.253	0.256	0.381	0.320	0.130	0.200	0.340	0.104	0.107	0.112
02/07/25 00:00	0.259	0.252	0.254	0.382	0.317	0.121	0.177	0.349	0.104	0.112	0.112
02/07/25 01:00	0.258	0.252	0.253	0.380	0.308	0.118	0.179	0.364	0.104	0.112	0.112
02/07/25 02:00	0.258	0.251	0.253	0.380	0.302	0.121	0.169	0.359	0.104	0.112	0.112
02/07/25 03:00	0.258	0.251	0.253	0.380	0.301	0.125	0.190	0.349	0.094	0.114	0.112
02/07/25 04:00	0.258	0.252	0.254	0.380	0.295	0.118	0.195	0.347	0.094	0.112	0.112
02/07/25 05:00	0.263	0.254	0.256	0.374	0.271	0.104	0.200	0.321	0.104	0.114	0.114
02/07/25 06:00	0.266	0.257	0.260	0.362	0.233	0.085	0.186	0.268	0.072	0.107	0.112
02/07/25 07:00	0.266	0.257	0.256	0.347	0.186	0.066	0.162	0.210	0.072	0.072	0.072
02/07/25 08:00	0.268	0.259	0.259	0.331	0.142	0.055	0.139	0.144	0.072	0.072	0.072
02/07/25 09:00	0.270	0.259	0.259	0.313	0.111	0.047	0.113	0.100	0.072	0.072	0.081
02/07/25 10:00	0.271	0.259	0.258	0.310	0.093	0.046	0.083	0.070	0.072	0.072	0.072
02/07/25 11:00	0.271	0.259	0.256	0.296	0.094	0.040	0.071	0.054	0.072	0.072	0.072
02/07/25 12:00	0.269	0.259	0.256	0.265	0.106	0.038	0.069	0.046	0.072	0.072	0.072
02/07/25 13:00	0.269	0.258	0.255	0.242	0.115	0.038	0.064	0.046	0.072	0.072	0.072
02/07/25 14:00	0.270	0.255	0.253	0.235	0.132	0.039	0.062	0.054	0.072	0.072	0.072
02/07/25 15:00	0.271	0.254	0.255	0.243	0.151	0.042	0.061	0.088	0.072	0.072	0.072
02/07/25 16:00	0.270	0.255	0.258	0.260	0.179	0.046	0.071	0.112	0.072	0.072	0.072
02/07/25 17:00	0.269	0.258	0.262	0.277	0.231	0.058	0.105	0.155	0.094	0.072	0.072
02/07/25 18:00	0.269	0.261	0.264	0.305	0.298	0.069	0.153	0.181	0.104	0.112	0.120
02/07/25 19:00	0.268	0.265	0.262	0.337	0.355	0.088	0.208	0.196	0.112	0.120	0.120
02/07/25 20:00	0.266	0.262	0.261	0.367	0.391	0.110	0.257	0.226	0.104	0.112	0.120
02/07/25 21:00	0.266	0.260	0.262	0.375	0.405	0.129	0.284	0.236	0.104	0.112	0.120
02/07/25 22:00	0.264	0.257	0.259	0.374	0.406	0.133	0.275	0.215	0.104	0.112	0.120
02/07/25 23:00	0.260	0.254	0.259	0.373	0.403	0.122	0.279	0.200	0.112	0.112	0.120
03/07/25 00:00	0.259	0.253	0.256	0.368	0.399	0.108	0.258	0.165	0.104	0.112	0.120
03/07/25 01:00	0.260	0.253	0.255	0.360	0.393	0.109	0.246	0.161	0.104	0.120	0.112
03/07/25 02:00	0.260	0.253	0.255	0.351	0.383	0.108	0.239	0.168	0.104	0.120	0.112
03/07/25 03:00	0.260	0.253	0.254	0.348	0.390	0.105	0.224	0.183	0.112	0.112	0.120
03/07/25 04:00	0.261	0.253	0.254	0.349	0.392	0.106	0.214	0.202	0.112	0.141	0.141
03/07/25 05:00	0.264	0.258	0.259	0.335	0.368	0.113	0.196	0.205	0.104	0.112	0.120
03/07/25 06:00	0.267	0.262	0.262	0.300	0.311	0.120	0.169	0.180	0.110	0.112	0.141
03/07/25 07:00	0.269	0.263	0.264	0.254	0.237	0.099	0.152	0.143	0.094	0.112	0.114
03/07/25 08:00	0.270	0.258	0.260	0.220	0.171	0.068	0.148	0.104	0.072	0.107	0.112
03/07/25 09:00	0.270	0.256	0.258	0.182	0.133	0.062	0.150	0.062	0.072	0.095	0.095
03/07/25 10:00	0.270	0.256	0.257	0.187	0.121	0.059	0.148	0.040	0.072	0.107	0.114
03/07/25 11:00	0.270	0.254	0.255	0.187	0.124	0.052	0.133	0.034	0.072	0.107	0.114
03/07/25 12:00	0.269	0.254	0.251	0.179	0.119	0.045	0.112	0.031	0.072	0.112	0.114
03/07/25 13:00	0.270	0.254	0.249	0.181	0.115	0.052	0.084	0.033	0.072	0.112	0.114
03/07/25 14:00	0.271	0.254	0.249	0.201	0.121	0.056	0.074	0.033	0.094	0.112	0.120
03/07/25 15:00	0.272	0.254	0.249	0.219	0.132	0.056	0.083	0.038	0.094	0.112	0.120
03/07/25 16:00	0.276	0.255	0.254	0.255	0.161	0.055	0.101	0.066	0.112	0.145	0.120
03/07/25 17:00	0.276	0.257	0.257	0.295	0.209	0.068	0.139	0.126	0.226	0.145	0.145
03/07/25 18:00	0.271	0.260	0.258	0.328	0.266	0.101	0.174	0.190	0.241	0.191	0.155
03/07/25 19:00	0.270	0.264	0.257	0.344	0.320	0.119	0.200	0.255	0.235	0.145	0.145
03/07/25 20:00	0.270	0.259	0.256	0.350	0.376	0.113	0.207	0.321	0.228	0.142	0.142
03/07/25 21:00	0.270	0.258	0.256	0.359	0.404	0.115	0.170	0.346	0.226	0.145	0.145
03/07/25 22:00	0.268	0.256	0.253	0.359	0.406	0.124	0.123	0.352	0.226	0.120	0.141
03/07/25 23:00	0.263	0.254	0.252	0.358	0.407	0.118	0.088	0.354	0.226	0.120	0.141
04/07/25 00:00	0.262	0.253	0.251	0.354	0.407	0.110	0.066	0.349	0.226	0.145	0.145
04/07/25 01:00	0.261	0.253	0.250	0.351	0.411	0.121	0.060	0.341	0.226	0.145	0.145
04/07/25 02:00	0.261	0.253	0.247	0.349	0.409	0.119	0.058	0.336	0.226	0.120	0.141
04/07/25 03:00	0.261	0.254	0.247	0.354	0.403	0.119	0.063	0.333	0.226	0.145	0.145
04/07/25 04:00	0.262	0.254	0.247	0.352	0.403	0.131	0.064	0.328	0.226	0.120	0.142
04/07/25 05:00	0.265	0.257	0.246	0.347	0.377	0.142	0.077	0.289	0.226	0.120	0.120
04/07/25 06:00	0.268	0.261	0.248	0.313	0.333	0.126	0.073	0.229	0.226	0.145	0.133
04/07/25 07:00	0.270	0.259	0.249	0.273	0.283	0.098	0.055	0.167	0.190	0.120	0.120
04/07/25 08:00	0.273	0.256	0.252	0.232	0.239	0.071	0.038	0.090	0.110	0.112	0.120
04/07/25 09:00	0.275	0.255	0.248	0.193	0.202	0.059	0.032	0.038	0.094	0.112	0.120
04/07/25 10:00	0.273	0.254	0.248	0.173	0.175	0.049	0.030	0.030	0.094	0.112	0.120
04/07/25 11:00	0.274	0.254	0.249	0.151	0.137	0.042	0.027	0.030	0.094	0.112	0.120
04/07/25 12:00	0.274	0.254	0.245	0.151	0.118	0.042	0.025	0.031	0.094	0.112	0.120
04/07/25 13:00	0.274	0.254	0.247	0.159	0.101	0.045	0.025	0.032	0.094	0.112	0.120
04/07/25 14:00	0.272	0.254	0.248	0.200	0.100	0.053	0.026	0.033	0.104	0.112	0.120
04/07/25 15:00	0.273	0.254	0.248	0.241	0.122	0.073	0.031	0.033	0.112	0.120	0.120
04/07/25 16:00	0.278	0.255	0.250	0.275	0.160	0.113	0.032	0.041	0.197	0.120	0.145
04/07/25 17:00	0.270	0.257	0.252	0.314	0.208	0.176	0.040	0.082	0.226	0.145	0.145
04/07/25 18:00	0.268	0.260	0.253	0.330	0.255	0.245	0.048	0.133	0.241	0.145	0.145
04/07/25 19:00	0.268	0.261	0.253	0.343	0.312	0.300	0.068	0.172	0.235	0.180	0.145
04/07/25 20:00	0.268	0.259	0.252	0.355	0.369	0.331	0.087	0.198	0.235	0.145	0.145
04/07/25 21:00	0.269	0.258	0.255	0.356	0.400	0.322	0.098	0.207	0.228	0.142	0.142
04/07/25 22:00	0.267	0.256	0.253	0.347	0.407	0.285	0.097	0.201	0.226	0.141	0.141
04/07/25 23:00	0.265	0.254	0.250	0.338	0.409	0.240	0.085	0.168	0.228	0.189	0.189
05/07/25 00:00	0.261	0.253	0.246	0.322	0.411	0.206	0.075	0.144	0.228	0.145	0.145
05/07/25 01:00	0.261	0.253	0.240	0.301	0.412	0.149	0.074	0.123	0.228	0.145	0.145
05/07/25 02:00	0.260	0.253	0.239	0.281	0.410	0.134	0.071	0.125	0.226	0.145	0.145
05/07/25 03:00	0.260	0.253	0.238	0.281	0.409	0.116	0.073	0.117	0.226	0.155	0.145
05/07/25 04:00	0.261	0.253	0.233	0.303	0.407	0.106	0.076	0.106	0.226	0.145	0.145
05/07/25 05:00	0.264	0.256	0.232	0.316	0.385	0.101	0.084	0.092	0.200	0.120	0.142
05/07/25 06:00	0.267	0.260	0.233	0.313	0.346	0.107	0.084	0.067	0.148	0.120	0.120
05/07/25 07:00	0.269	0.262	0.233	0.300	0.295	0.103	0.076	0.054	0.120	0.120	0.141
05/07/25 08:00	0.269	0.260	0.233	0.279	0.242	0.090	0.062	0.051	0.104	0.120	0.120
05/07/25 09:00	0.269	0.258	0.237	0.254	0.195	0.090	0.047	0.045	0.104	0.120	0.120
05/07/25 10:00	0.269	0.257	0.240	0.234	0.170	0.070	0.045	0.035	0.094	0.120	0.120
05/07/25 11:00	0.268	0.255	0.240	0.231	0.163	0.063	0.044	0.032	0.094	0.120	0.120
05/07/25 12:00	0.269	0.254	0.238	0.218	0.140	0.055	0.044	0.036	0.094	0.120	0.120
05/07/25 13:00	0.268	0.254	0.235	0.221	0.135	0.062	0.043	0.035	0.094	0.120	0.120
05/07/25 14:00	0.266	0.254	0.230	0.222	0.140	0.056	0.043	0.033	0.104	0.120	0.120
05/07/25 15:00	0.266	0.254	0.233	0.237	0.153	0.056	0.048	0.036	0.104	0.120	0.120
05/07/25 16:00	0.275	0.255	0.237	0.265	0.185	0.060	0.055	0.037	0.120	0.120	0.120
05/07/25 17:00	0.272	0.256	0.248	0.289	0.218	0.087	0.088	0.052	0.226	0.145	0.120
05/07/25 18:00	0.272	0.259	0.250	0.321	0.258	0.129	0.129	0.077	0.228	0.145	0.145
05/07/25 19:00	0.271	0.262	0.252	0.353	0.302	0.181	0.165	0.102	0.228	0.145	0.145
05/07/25 20:00	0.265	0.261	0.252	0.372	0.358	0.224	0.188	0.113	0.228	0.145	0.145
05/07/25 21:00	0.270	0.260	0.254	0.370	0.388	0.263	0.203	0.114	0.226	0.155	0.133
05/07/25 22:00	0.269	0.258	0.253	0.364	0.397	0.263	0.196	0.113	0.226	0.155	0.120
05/07/25 23:00	0.263	0.258	0.247	0.341	0.400	0.259	0.162	0.108	0.120	0.145	0.145
06/07/25 00:00	0.260	0.256	0.240	0.312	0.399	0.253	0.125	0.099	0.112	0.145	0.133
06/07/25 01:00	0.260	0.254	0.240	0.280	0.397	0.251	0.109	0.089	0.112	0.145	0.145
06/07/25 02:00	0.260	0.254	0.240	0.272	0.397	0.259	0.103	0.103	0.120	0.145	0.120
06/07/25 03:00	0.260	0.254	0.239	0.250	0.397	0.276	0.097	0.111	0.146	0.145	0.120
06/07/25 04:00	0.260	0.254	0.240	0.231	0.400	0.293	0.098	0.131	0.170	0.145	0.133
06/07/25 05:00	0.264	0.254	0.249	0.234	0.378	0.286	0.088	0.134	0.120	0.145	0.145
06/07/25 06:00	0.266	0.254	0.253	0.233	0.331	0.250	0.071	0.119	0.120	0.120	0.141
06/07/25 07:00	0.267	0.254	0.253	0.218	0.272	0.200	0.058	0.101	0.120	0.120	0.120
06/07/25 08:00	0.271	0.255	0.253	0.196	0.227	0.149	0.054	0.089	0.110	0.120	0.120
06/07/25 09:00	0.270	0.254	0.248	0.159	0.194	0.106	0.047	0.092	0.094	0.112	0.120
06/07/25 10:00	0.269	0.254	0.248	0.130	0.185	0.090	0.042	0.104	0.092	0.112	0.120
06/07/25 11:00	0.268	0.253	0.247	0.124	0.156	0.080	0.040	0.121	0.094	0.107	0.120
06/07/25 12:00	0.266	0.253	0.245	0.128	0.130	0.072	0.035	0.156	0.094	0.120	0.120
06/07/25 13:00	0.267	0.253	0.246	0.136	0.121	0.073	0.033	0.143	0.094	0.120	0.120
06/07/25 14:00	0.266	0.253	0.246	0.144	0.144	0.080	0.031	0.150	0.104	0.120	0.120
06/07/25 15:00	0.265	0.253	0.249	0.142	0.175	0.088	0.033	0.172	0.112	0.120	0.120
06/07/25 16:00	0.268	0.254	0.249	0.165	0.211	0.119	0.037	0.198	0.197	0.145	0.145
06/07/25 17:00	0.272	0.254	0.252	0.184	0.256	0.161	0.041	0.218	0.226	0.145	0.120
06/07/25 18:00	0.271	0.256	0.256	0.195	0.284	0.209	0.047	0.248	0.228	0.145	0.145
06/07/25 19:00	0.265	0.259	0.256	0.213	0.307	0.271	0.055	0.278	0.228	0.145	0.145
06/07/25 20:00	0.264	0.257	0.256	0.240	0.316	0.328	0.066	0.315	0.228	0.145	0.145
06/07/25 21:00	0.271	0.263	0.259	0.263	0.322	0.348	0.084	0.335	0.199	0.145	0.145
06/07/25 22:00	0.268	0.259	0.257	0.272	0.317	0.346	0.092	0.329	0.120	0.145	0.145
06/07/25 23:00	0.262	0.262	0.255	0.275	0.292	0.342	0.097	0.318	0.112	0.145	0.145
07/07/25 00:00	0.261	0.257	0.253	0.270	0.272	0.341	0.100	0.315	0.112	0.155	0.155
07/07/25 01:00	0.259	0.253	0.253	0.275	0.249	0.339	0.097	0.316	0.112	0.145	0.145
07/07/25 02:00	0.259	0.251	0.253	0.291	0.218	0.330	0.099	0.301	0.112	0.145	0.145
07/07/25 03:00	0.261	0.251	0.253	0.298	0.214	0.324	0.105	0.278	0.112	0.145	0.120
07/07/25 04:00	0.261	0.252	0.253	0.311	0.222	0.319	0.112	0.251	0.112	0.145	0.120
07/07/25 05:00	0.259	0.252	0.256	0.320	0.229	0.282	0.102	0.237	0.112	0.145	0.120
07/07/25 06:00	0.259	0.252	0.258	0.307	0.219	0.232	0.083	0.187	0.095	0.120	0.120
07/07/25 07:00	0.260	0.253	0.257	0.280	0.203	0.177	0.066	0.153	0.094	0.114	0.120
07/07/25 08:00	0.262	0.253	0.256	0.251	0.176	0.123	0.049	0.129	0.072	0.112	0.112
07/07/25 09:00	0.267	0.254	0.254	0.231	0.162	0.082	0.044	0.092	0.072	0.107	0.112
07/07/25 10:00	0.263	0.253	0.250	0.212	0.153	0.065	0.041	0.055	0.072	0.112	0.072
07/07/25 11:00	0.264	0.253	0.249	0.205	0.147	0.056	0.043	0.040	0.072	0.107	0.114
07/07/25 12:00	0.264	0.252	0.248	0.206	0.139	0.053	0.044	0.036	0.072	0.107	0.112
07/07/25 13:00	0.265	0.252	0.248	0.203	0.117	0.056	0.051	0.031	0.072	0.095	0.095
07/07/25 14:00	0.263	0.252	0.248	0.212	0.111	0.059	0.056	0.027	0.072	0.107	0.114
07/07/25 15:00	0.264	0.252	0.250	0.229	0.129	0.070	0.063	0.030	0.072	0.112	0.114
07/07/25 16:00	0.265	0.253	0.253	0.250	0.158	0.098	0.065	0.036	0.104	0.112	0.120
07/07/25 17:00	0.266	0.254	0.258	0.275	0.186	0.145	0.071	0.061	0.195	0.145	0.145
07/07/25 18:00	0.273	0.255	0.259	0.303	0.226	0.190	0.115	0.105	0.226	0.189	0.145
07/07/25 19:00	0.271	0.255	0.259	0.340	0.266	0.231	0.158	0.141	0.226	0.180	0.145
07/07/25 20:00	0.262	0.255	0.259	0.368	0.302	0.266	0.180	0.183	0.228	0.155	0.145
07/07/25 21:00	0.269	0.257	0.259	0.382	0.330	0.274	0.185	0.226	0.228	0.234	0.234
07/07/25 22:00	0.269	0.255	0.257	0.382	0.348	0.259	0.179	0.243	0.228	0.180	0.145
07/07/25 23:00	0.263	0.256	0.257	0.381	0.367	0.229	0.171	0.253	0.228	0.207	0.207
08/07/25 00:00	0.259	0.254	0.254	0.379	0.380	0.183	0.168	0.229	0.228	0.197	0.145
08/07/25 01:00	0.260	0.254	0.254	0.382	0.396	0.160	0.179	0.195	0.226	0.145	0.145
08/07/25 02:00	0.258	0.254	0.254	0.383	0.402	0.161	0.197	0.231	0.215	0.145	0.145
08/07/25 03:00	0.258	0.254	0.254	0.382	0.405	0.171	0.218	0.250	0.170	0.145	0.145
08/07/25 04:00	0.258	0.254	0.254	0.381	0.400	0.188	0.241	0.239	0.212	0.145	0.120
08/07/25 05:00	0.254	0.256	0.257	0.375	0.377	0.185	0.243	0.207	0.170	0.120	0.142
08/07/25 06:00	0.255	0.258	0.260	0.358	0.336	0.149	0.210	0.178	0.112	0.141	0.141
08/07/25 07:00	0.256	0.259	0.262	0.332	0.291	0.111	0.154	0.153	0.095	0.112	0.145
08/07/25 08:00	0.256	0.258	0.262	0.295	0.247	0.080	0.085	0.107	0.072	0.120	0.145
08/07/25 09:00	0.259	0.257	0.261	0.271	0.202	0.063	0.052	0.064	0.072	0.112	0.141
08/07/25 10:00	0.256	0.259	0.261	0.251	0.170	0.055	0.043	0.043	0.072	0.120	0.141
08/07/25 11:00	0.259	0.258	0.260	0.243	0.151	0.051	0.041	0.039	0.094	0.120	0.112
08/07/25 12:00	0.257	0.256	0.259	0.245	0.135	0.047	0.044	0.036	0.072	0.112	0.120
08/07/25 13:00	0.256	0.256	0.259	0.243	0.128	0.047	0.050	0.034	0.072	0.112	0.120
08/07/25 14:00	0.255	0.256	0.259	0.257	0.140	0.051	0.069	0.038	0.072	0.112	0.141
08/07/25 15:00	0.254	0.256	0.259	0.266	0.159	0.077	0.100	0.042	0.072	0.112	0.141
08/07/25 16:00	0.257	0.256	0.261	0.278	0.183	0.123	0.157	0.064	0.094	0.120	0.145
08/07/25 17:00	0.260	0.258	0.265	0.299	0.218	0.175	0.230	0.108	0.197	0.145	0.145
08/07/25 18:00	0.264	0.260	0.266	0.332	0.283	0.218	0.276	0.154	0.226	0.145	0.145
08/07/25 19:00	0.264	0.258	0.265	0.357	0.339	0.275	0.309	0.189	0.226	0.155	0.145
08/07/25 20:00	0.264	0.258	0.262	0.377	0.394	0.319	0.330	0.231	0.226	0.155	0.145
08/07/25 21:00	0.274	0.258	0.261	0.388	0.419	0.336	0.329	0.259	0.228	0.145	0.145
08/07/25 22:00	0.273	0.256	0.259	0.386	0.419	0.336	0.317	0.275	0.226	0.155	0.145
08/07/25 23:00	0.274	0.255	0.259	0.384	0.420	0.336	0.296	0.274	0.170	0.145	0.145
09/07/25 00:00	0.263	0.254	0.256	0.386	0.419	0.336	0.274	0.283	0.228	0.189	0.145
09/07/25 01:00	0.261	0.254	0.255	0.388	0.415	0.331	0.266	0.300	0.190	0.145	0.145
09/07/25 02:00	0.260	0.254	0.254	0.390	0.404	0.320	0.271	0.314	0.170	0.145	0.145
09/07/25 03:00	0.260	0.254	0.252	0.390	0.400	0.314	0.266	0.323	0.170	0.145	0.145
09/07/25 04:00	0.260	0.254	0.252	0.391	0.396	0.301	0.250	0.324	0.226	0.120	0.145
09/07/25 05:00	0.264	0.257	0.254	0.386	0.373	0.263	0.226	0.315	0.170	0.120	0.145
09/07/25 06:00	0.265	0.261	0.261	0.365	0.318	0.204	0.180	0.271	0.120	0.120	0.141
09/07/25 07:00	0.266	0.261	0.264	0.336	0.263	0.149	0.123	0.187	0.112	0.120	0.120
09/07/25 08:00	0.268	0.259	0.262	0.307	0.212	0.109	0.068	0.139	0.112	0.120	0.120
09/07/25 09:00	0.268	0.258	0.260	0.280	0.166	0.086	0.051	0.100	0.112	0.120	0.120
09/07/25 10:00	0.268	0.258	0.261	0.265	0.145	0.071	0.052	0.073	0.112	0.120	0.120
09/07/25 11:00	0.267	0.257	0.260	0.265	0.114	0.064	0.048	0.059	0.112	0.120	0.120
09/07/25 12:00	0.268	0.256	0.260	0.253	0.092	0.067	0.044	0.052	0.112	0.120	0.120
09/07/25 13:00	0.267	0.256	0.259	0.251	0.084	0.085	0.047	0.045	0.112	0.120	0.120
09/07/25 14:00	0.265	0.256	0.259	0.254	0.085	0.114	0.053	0.047	0.112	0.120	0.120
09/07/25 15:00	0.265	0.256	0.259	0.258	0.091	0.130	0.072	0.057	0.112	0.120	0.120
09/07/25 16:00	0.265	0.257	0.260	0.268	0.104	0.152	0.117	0.089	0.112	0.120	0.120
09/07/25 17:00	0.265	0.259	0.262	0.298	0.129	0.187	0.187	0.145	0.112	0.120	0.141
09/07/25 18:00	0.268	0.262	0.264	0.325	0.179	0.242	0.265	0.218	0.112	0.120	0.141
09/07/25 19:00	0.265	0.262	0.262	0.360	0.234	0.296	0.296	0.275	0.112	0.145	0.145
09/07/25 20:00	0.264	0.262	0.262	0.387	0.287	0.336	0.302	0.330	0.112	0.120	0.141
09/07/25 21:00	0.265	0.261	0.261	0.396	0.325	0.350	0.312	0.356	0.120	0.120	0.141
09/07/25 22:00	0.263	0.257	0.260	0.396	0.347	0.350	0.287	0.355	0.120	0.120	0.141
09/07/25 23:00	0.261	0.257	0.258	0.394	0.355	0.347	0.288	0.357	0.112	0.112	0.120
10/07/25 00:00	0.260	0.256	0.256	0.392	0.361	0.342	0.265	0.367	0.112	0.112	0.120
10/07/25 01:00	0.261	0.255	0.255	0.396	0.362	0.333	0.231	0.369	0.112	0.120	0.120
10/07/25 02:00	0.260	0.255	0.254	0.400	0.357	0.319	0.211	0.368	0.112	0.120	0.120
10/07/25 03:00	0.260	0.255	0.254	0.403	0.356	0.320	0.214	0.366	0.112	0.120	0.120
10/07/25 04:00	0.261	0.256	0.254	0.404	0.352	0.322	0.205	0.368	0.104	0.120	0.120
10/07/25 05:00	0.264	0.260	0.258	0.390	0.332	0.310	0.203	0.346	0.072	0.114	0.114
10/07/25 06:00	0.267	0.263	0.259	0.354	0.294	0.269	0.198	0.287	0.072	0.107	0.112
10/07/25 07:00	0.267	0.263	0.260	0.316	0.248	0.208	0.154	0.225	0.072	0.072	0.095
10/07/25 08:00	0.268	0.261	0.260	0.275	0.216	0.157	0.115	0.164	0.072	0.072	0.072
10/07/25 09:00	0.268	0.259	0.260	0.251	0.204	0.123	0.084	0.122	0.072	0.072	0.072
10/07/25 10:00	0.267	0.260	0.258	0.230	0.189	0.094	0.054	0.084	0.072	0.072	0.072
10/07/25 11:00	0.267	0.258	0.257	0.207	0.174	0.081	0.042	0.058	0.072	0.072	0.072
10/07/25 12:00	0.267	0.257	0.255	0.186	0.146	0.072	0.038	0.059	0.072	0.072	0.072
10/07/25 13:00	0.266	0.257	0.251	0.193	0.135	0.071	0.033	0.061	0.072	0.072	0.072
10/07/25 14:00	0.266	0.257	0.250	0.208	0.130	0.076	0.035	0.053	0.072	0.072	0.072
10/07/25 15:00	0.266	0.258	0.253	0.240	0.141	0.089	0.036	0.067	0.072	0.072	0.072
10/07/25 16:00	0.266	0.261	0.256	0.275	0.175	0.132	0.046	0.101	0.072	0.112	0.114
10/07/25 17:00	0.267	0.263	0.258	0.301	0.226	0.177	0.073	0.152	0.112	0.120	0.120
10/07/25 18:00	0.267	0.265	0.259	0.324	0.262	0.230	0.123	0.206	0.120	0.120	0.141
10/07/25 19:00	0.266	0.264	0.258	0.349	0.313	0.293	0.166	0.260	0.226	0.120	0.141
10/07/25 20:00	0.266	0.263	0.258	0.372	0.369	0.332	0.198	0.314	0.120	0.120	0.141
10/07/25 21:00	0.266	0.262	0.258	0.387	0.399	0.341	0.222	0.344	0.120	0.120	0.141
10/07/25 22:00	0.264	0.260	0.257	0.390	0.405	0.341	0.232	0.354	0.120	0.120	0.141
10/07/25 23:00	0.261	0.257	0.256	0.395	0.416	0.339	0.232	0.362	0.120	0.120	0.120
11/07/25 00:00	0.262	0.257	0.254	0.400	0.418	0.329	0.227	0.366	0.120	0.120	0.120
11/07/25 01:00	0.261	0.256	0.253	0.404	0.421	0.322	0.230	0.370	0.120	0.120	0.141
11/07/25 02:00	0.261	0.256	0.253	0.394	0.422	0.319	0.238	0.370	0.112	0.120	0.141
11/07/25 03:00	0.260	0.256	0.252	0.385	0.418	0.309	0.247	0.369	0.112	0.120	0.141
11/07/25 04:00	0.261	0.257	0.252	0.378	0.411	0.290	0.263	0.364	0.112	0.120	0.141
11/07/25 05:00	0.264	0.260	0.252	0.362	0.401	0.261	0.270	0.339	0.112	0.120	0.120
11/07/25 06:00	0.267	0.264	0.253	0.341	0.380	0.211	0.233	0.279	0.120	0.120	0.120
11/07/25 07:00	0.267	0.264	0.253	0.315	0.357	0.172	0.177	0.221	0.112	0.120	0.120
11/07/25 08:00	0.267	0.265	0.253	0.284	0.333	0.130	0.123	0.179	0.072	0.120	0.120
11/07/25 09:00	0.267	0.264	0.252	0.250	0.308	0.078	0.077	0.126	0.072	0.114	0.114
11/07/25 10:00	0.267	0.265	0.251	0.230	0.293	0.060	0.056	0.086	0.072	0.107	0.114
11/07/25 11:00	0.266	0.264	0.249	0.214	0.272	0.052	0.047	0.059	0.072	0.072	0.114
11/07/25 12:00	0.266	0.264	0.249	0.202	0.252	0.050	0.041	0.051	0.072	0.114	0.114
11/07/25 13:00	0.265	0.262	0.249	0.192	0.239	0.051	0.041	0.047	0.072	0.114	0.114
11/07/25 14:00	0.265	0.261	0.249	0.190	0.239	0.060	0.041	0.047	0.072	0.114	0.114
11/07/25 15:00	0.265	0.262	0.251	0.194	0.238	0.071	0.052	0.052	0.104	0.114	0.114
11/07/25 16:00	0.266	0.263	0.252	0.222	0.260	0.107	0.089	0.077	0.110	0.120	0.145
11/07/25 17:00	0.267	0.265	0.254	0.264	0.286	0.153	0.160	0.140	0.226	0.145	0.145
11/07/25 18:00	0.267	0.265	0.256	0.310	0.330	0.184	0.229	0.203	0.226	0.145	0.145
11/07/25 19:00	0.267	0.264	0.257	0.360	0.374	0.222	0.275	0.254	0.228	0.145	0.145
11/07/25 20:00	0.266	0.263	0.257	0.384	0.398	0.267	0.318	0.307	0.228	0.120	0.141
11/07/25 21:00	0.266	0.262	0.258	0.396	0.409	0.286	0.333	0.339	0.235	0.145	0.145
11/07/25 22:00	0.264	0.259	0.256	0.398	0.411	0.290	0.333	0.340	0.228	0.145	0.145
11/07/25 23:00	0.263	0.258	0.255	0.402	0.411	0.266	0.323	0.338	0.226	0.145	0.145
12/07/25 00:00	0.262	0.258	0.253	0.405	0.410	0.240	0.312	0.334	0.226	0.145	0.145
12/07/25 01:00	0.262	0.257	0.252	0.400	0.408	0.209	0.310	0.328	0.170	0.120	0.142
12/07/25 02:00	0.261	0.257	0.252	0.395	0.409	0.193	0.304	0.324	0.112	0.120	0.142
12/07/25 03:00	0.261	0.258	0.251	0.397	0.408	0.181	0.299	0.321	0.112	0.141	0.141
12/07/25 04:00	0.261	0.258	0.251	0.397	0.409	0.189	0.287	0.325	0.193	0.120	0.142
12/07/25 05:00	0.264	0.260	0.250	0.389	0.392	0.189	0.266	0.304	0.170	0.120	0.145
12/07/25 06:00	0.267	0.265	0.250	0.371	0.356	0.174	0.239	0.245	0.110	0.120	0.145
12/07/25 07:00	0.268	0.267	0.248	0.337	0.315	0.155	0.227	0.155	0.104	0.120	0.120
12/07/25 08:00	0.267	0.267	0.248	0.299	0.268	0.128	0.210	0.086	0.072	0.114	0.114
12/07/25 09:00	0.267	0.265	0.248	0.271	0.214	0.102	0.183	0.053	0.072	0.107	0.114
12/07/25 10:00	0.267	0.264	0.247	0.247	0.181	0.064	0.183	0.042	0.072	0.107	0.072
12/07/25 11:00	0.267	0.261	0.248	0.250	0.160	0.042	0.178	0.039	0.072	0.080	0.114
12/07/25 12:00	0.266	0.260	0.247	0.257	0.151	0.036	0.163	0.037	0.072	0.072	0.072
12/07/25 13:00	0.265	0.259	0.247	0.274	0.147	0.031	0.144	0.037	0.072	0.072	0.072
12/07/25 14:00	0.265	0.258	0.247	0.298	0.172	0.033	0.126	0.035	0.072	0.107	0.114
12/07/25 15:00	0.265	0.258	0.248	0.316	0.212	0.037	0.120	0.042	0.072	0.107	0.114
12/07/25 16:00	0.266	0.260	0.251	0.337	0.270	0.051	0.121	0.058	0.072	0.112	0.114
12/07/25 17:00	0.267	0.264	0.253	0.346	0.315	0.084	0.127	0.122	0.072	0.114	0.114
12/07/25 18:00	0.268	0.265	0.256	0.359	0.346	0.125	0.137	0.180	0.112	0.120	0.141
12/07/25 19:00	0.267	0.265	0.257	0.372	0.368	0.162	0.155	0.237	0.112	0.112	0.120
12/07/25 20:00	0.266	0.263	0.258	0.382	0.386	0.200	0.174	0.291	0.112	0.145	0.145
12/07/25 21:00	0.266	0.261	0.257	0.392	0.389	0.220	0.186	0.321	0.112	0.120	0.145
12/07/25 22:00	0.264	0.259	0.256	0.393	0.387	0.236	0.184	0.329	0.112	0.112	0.141
12/07/25 23:00	0.263	0.259	0.254	0.394	0.380	0.265	0.194	0.341	0.112	0.120	0.120
13/07/25 00:00	0.261	0.258	0.252	0.392	0.380	0.269	0.178	0.352	0.112	0.114	0.120
13/07/25 01:00	0.260	0.257	0.252	0.388	0.380	0.255	0.162	0.354	0.112	0.114	0.120
13/07/25 02:00	0.260	0.257	0.252	0.384	0.378	0.255	0.148	0.355	0.112	0.114	0.114
13/07/25 03:00	0.260	0.257	0.252	0.380	0.381	0.264	0.145	0.361	0.112	0.114	0.120
13/07/25 04:00	0.261	0.256	0.252	0.377	0.379	0.281	0.131	0.362	0.112	0.114	0.120
13/07/25 05:00	0.264	0.257	0.256	0.377	0.372	0.281	0.126	0.351	0.112	0.114	0.120
13/07/25 06:00	0.267	0.258	0.258	0.372	0.356	0.250	0.097	0.292	0.104	0.114	0.120
13/07/25 07:00	0.267	0.258	0.258	0.361	0.330	0.214	0.078	0.186	0.072	0.072	0.112
13/07/25 08:00	0.267	0.259	0.258	0.348	0.279	0.174	0.066	0.106	0.072	0.072	0.072
13/07/25 09:00	0.266	0.259	0.256	0.330	0.214	0.122	0.054	0.088	0.072	0.072	0.072
13/07/25 10:00	0.266	0.258	0.255	0.309	0.172	0.078	0.048	0.070	0.072	0.072	0.072
13/07/25 11:00	0.265	0.258	0.253	0.304	0.141	0.058	0.045	0.061	0.072	0.072	0.072
13/07/25 12:00	0.266	0.256	0.253	0.299	0.121	0.048	0.041	0.059	0.072	0.072	0.072
13/07/25 13:00	0.264	0.256	0.254	0.296	0.122	0.046	0.045	0.050	0.072	0.072	0.072
13/07/25 14:00	0.264	0.256	0.255	0.293	0.140	0.051	0.044	0.049	0.072	0.072	0.072
13/07/25 15:00	0.264	0.256	0.256	0.298	0.149	0.068	0.044	0.056	0.072	0.072	0.072
13/07/25 16:00	0.266	0.256	0.257	0.303	0.168	0.104	0.048	0.093	0.072	0.072	0.072
13/07/25 17:00	0.266	0.257	0.259	0.319	0.220	0.156	0.059	0.184	0.112	0.120	0.120
13/07/25 18:00	0.267	0.258	0.261	0.329	0.279	0.201	0.082	0.240	0.120	0.120	0.120
13/07/25 19:00	0.267	0.258	0.261	0.333	0.324	0.241	0.115	0.290	0.120	0.141	0.141
13/07/25 20:00	0.266	0.258	0.259	0.339	0.375	0.279	0.136	0.326	0.120	0.141	0.141
13/07/25 21:00	0.270	0.259	0.259	0.343	0.395	0.299	0.156	0.347	0.120	0.141	0.141
13/07/25 22:00	0.265	0.258	0.257	0.335	0.404	0.301	0.157	0.352	0.120	0.141	0.141
13/07/25 23:00	0.265	0.257	0.256	0.328	0.411	0.299	0.139	0.350	0.112	0.141	0.141
14/07/25 00:00	0.264	0.256	0.254	0.315	0.417	0.300	0.126	0.352	0.120	0.141	0.141
14/07/25 01:00	0.263	0.256	0.253	0.320	0.419	0.303	0.120	0.358	0.112	0.120	0.145
14/07/25 02:00	0.261	0.255	0.253	0.310	0.420	0.305	0.123	0.358	0.112	0.120	0.145
14/07/25 03:00	0.260	0.255	0.253	0.314	0.419	0.312	0.126	0.359	0.112	0.120	0.145
14/07/25 04:00	0.260	0.255	0.252	0.326	0.417	0.321	0.122	0.360	0.112	0.142	0.142
14/07/25 05:00	0.260	0.255	0.254	0.337	0.398	0.312	0.106	0.337	0.112	0.145	0.145
14/07/25 06:00	0.263	0.257	0.259	0.338	0.357	0.272	0.085	0.289	0.112	0.120	0.145
14/07/25 07:00	0.264	0.257	0.258	0.330	0.310	0.226	0.068	0.243	0.112	0.120	0.141
14/07/25 08:00	0.264	0.258	0.257	0.314	0.270	0.180	0.054	0.180	0.112	0.120	0.141
14/07/25 09:00	0.264	0.258	0.257	0.304	0.225	0.128	0.043	0.119	0.112	0.114	0.120
14/07/25 10:00	0.264	0.259	0.257	0.292	0.187	0.095	0.039	0.072	0.112	0.120	0.141
14/07/25 11:00	0.264	0.257	0.257	0.276	0.184	0.092	0.039	0.061	0.112	0.114	0.120
14/07/25 12:00	0.261	0.256	0.257	0.265	0.175	0.094	0.040	0.055	0.104	0.114	0.120
14/07/25 13:00	0.260	0.256	0.257	0.250	0.160	0.093	0.039	0.074	0.072	0.114	0.114
14/07/25 14:00	0.260	0.255	0.257	0.237	0.170	0.101	0.039	0.063	0.072	0.114	0.114
14/07/25 15:00	0.262	0.256	0.257	0.240	0.174	0.114	0.041	0.062	0.072	0.112	0.112
14/07/25 16:00	0.263	0.258	0.258	0.245	0.188	0.150	0.048	0.069	0.072	0.112	0.120
14/07/25 17:00	0.266	0.258	0.261	0.244	0.216	0.211	0.061	0.098	0.112	0.120	0.145
14/07/25 18:00	0.266	0.259	0.262	0.249	0.262	0.237	0.100	0.139	0.120	0.120	0.145
14/07/25 19:00	0.268	0.259	0.262	0.250	0.301	0.255	0.152	0.178	0.120	0.145	0.145
14/07/25 20:00	0.266	0.259	0.260	0.258	0.340	0.266	0.208	0.211	0.120	0.145	0.145
14/07/25 21:00	0.269	0.260	0.259	0.266	0.367	0.259	0.242	0.219	0.120	0.145	0.145
14/07/25 22:00	0.269	0.258	0.257	0.260	0.383	0.248	0.249	0.213	0.120	0.145	0.145
14/07/25 23:00	0.263	0.258	0.257	0.249	0.391	0.196	0.249	0.212	0.120	0.145	0.145
15/07/25 00:00	0.262	0.257	0.254	0.228	0.391	0.141	0.247	0.196	0.120	0.141	0.141
15/07/25 01:00	0.261	0.257	0.254	0.222	0.392	0.125	0.257	0.193	0.120	0.141	0.141
15/07/25 02:00	0.260	0.256	0.253	0.219	0.390	0.118	0.266	0.202	0.120	0.141	0.141
15/07/25 03:00	0.260	0.256	0.253	0.216	0.394	0.119	0.272	0.209	0.112	0.141	0.141
15/07/25 04:00	0.260	0.257	0.253	0.235	0.400	0.121	0.281	0.231	0.112	0.120	0.141
15/07/25 05:00	0.259	0.261	0.259	0.266	0.385	0.113	0.273	0.239	0.112	0.120	0.141
15/07/25 06:00	0.260	0.263	0.263	0.273	0.341	0.099	0.212	0.213	0.112	0.114	0.120
15/07/25 07:00	0.260	0.264	0.266	0.278	0.294	0.080	0.146	0.169	0.112	0.114	0.120
15/07/25 08:00	0.260	0.262	0.261	0.276	0.244	0.062	0.083	0.104	0.112	0.114	0.120
15/07/25 09:00	0.260	0.262	0.258	0.272	0.197	0.053	0.055	0.061	0.104	0.107	0.112
15/07/25 10:00	0.260	0.261	0.258	0.267	0.174	0.051	0.046	0.049	0.104	0.107	0.112
15/07/25 11:00	0.264	0.261	0.260	0.259	0.159	0.054	0.045	0.045	0.104	0.112	0.112
15/07/25 12:00	0.261	0.259	0.259	0.254	0.154	0.045	0.044	0.046	0.072	0.107	0.112
15/07/25 13:00	0.259	0.258	0.257	0.254	0.161	0.043	0.044	0.037	0.072	0.072	0.112
15/07/25 14:00	0.259	0.258	0.254	0.255	0.167	0.042	0.052	0.032	0.072	0.072	0.112
15/07/25 15:00	0.260	0.258	0.256	0.259	0.180	0.042	0.079	0.034	0.072	0.072	0.112
15/07/25 16:00	0.260	0.258	0.260	0.260	0.211	0.048	0.124	0.042	0.072	0.107	0.112
15/07/25 17:00	0.264	0.260	0.261	0.264	0.253	0.058	0.212	0.085	0.104	0.120	0.120
15/07/25 18:00	0.266	0.262	0.262	0.270	0.294	0.070	0.272	0.137	0.120	0.120	0.120
15/07/25 19:00	0.267	0.261	0.261	0.280	0.344	0.089	0.299	0.171	0.112	0.120	0.120
15/07/25 20:00	0.267	0.260	0.262	0.285	0.378	0.107	0.297	0.194	0.197	0.141	0.141
15/07/25 21:00	0.269	0.261	0.260	0.291	0.374	0.116	0.280	0.200	0.152	0.120	0.120
15/07/25 22:00	0.269	0.258	0.258	0.303	0.374	0.111	0.257	0.198	0.170	0.120	0.120
15/07/25 23:00	0.264	0.258	0.257	0.311	0.369	0.095	0.201	0.189	0.112	0.120	0.120
16/07/25 00:00	0.261	0.257	0.255	0.309	0.352	0.089	0.170	0.152	0.120	0.141	0.141
16/07/25 01:00	0.260	0.256	0.254	0.315	0.331	0.086	0.160	0.165	0.120	0.141	0.141
16/07/25 02:00	0.260	0.256	0.253	0.321	0.324	0.088	0.128	0.190	0.120	0.141	0.141
16/07/25 03:00	0.260	0.255	0.253	0.330	0.316	0.083	0.103	0.202	0.120	0.145	0.145
16/07/25 04:00	0.261	0.256	0.255	0.344	0.318	0.080	0.087	0.207	0.120	0.120	0.120
16/07/25 05:00	0.265	0.258	0.259	0.350	0.307	0.076	0.092	0.214	0.120	0.141	0.141
16/07/25 06:00	0.267	0.262	0.262	0.344	0.253	0.064	0.085	0.190	0.112	0.120	0.141
16/07/25 07:00	0.268	0.263	0.265	0.333	0.184	0.051	0.064	0.157	0.104	0.120	0.120
16/07/25 08:00	0.268	0.263	0.267	0.315	0.138	0.044	0.049	0.130	0.094	0.120	0.120
16/07/25 09:00	0.267	0.262	0.267	0.301	0.112	0.041	0.040	0.086	0.072	0.114	0.114
16/07/25 10:00	0.268	0.262	0.265	0.284	0.095	0.040	0.036	0.060	0.072	0.112	0.112
16/07/25 11:00	0.266	0.260	0.265	0.265	0.085	0.044	0.034	0.058	0.072	0.107	0.112
16/07/25 12:00	0.267	0.259	0.261	0.249	0.083	0.042	0.037	0.051	0.094	0.095	0.112
16/07/25 13:00	0.266	0.258	0.261	0.238	0.078	0.036	0.037	0.052	0.072	0.095	0.095
16/07/25 14:00	0.266	0.258	0.261	0.225	0.078	0.035	0.043	0.064	0.072	0.107	0.112
16/07/25 15:00	0.266	0.258	0.261	0.236	0.091	0.039	0.042	0.067	0.072	0.114	0.114
16/07/25 16:00	0.267	0.261	0.263	0.249	0.115	0.046	0.056	0.099	0.072	0.114	0.114
16/07/25 17:00	0.268	0.263	0.261	0.266	0.159	0.052	0.078	0.144	0.104	0.114	0.120
16/07/25 18:00	0.270	0.265	0.263	0.291	0.230	0.079	0.113	0.192	0.112	0.120	0.120
16/07/25 19:00	0.268	0.264	0.265	0.313	0.300	0.133	0.143	0.246	0.112	0.120	0.120
16/07/25 20:00	0.267	0.263	0.263	0.340	0.374	0.173	0.179	0.298	0.112	0.120	0.120
16/07/25 21:00	0.267	0.263	0.260	0.356	0.409	0.185	0.179	0.328	0.112	0.112	0.120
16/07/25 22:00	0.264	0.261	0.258	0.365	0.417	0.180	0.173	0.338	0.112	0.112	0.120
16/07/25 23:00	0.262	0.259	0.257	0.362	0.420	0.146	0.163	0.339	0.112	0.114	0.114
17/07/25 00:00	0.261	0.258	0.255	0.339	0.420	0.117	0.167	0.340	0.112	0.114	0.114
17/07/25 01:00	0.260	0.258	0.254	0.335	0.416	0.105	0.192	0.342	0.112	0.114	0.114
17/07/25 02:00	0.260	0.257	0.253	0.334	0.413	0.106	0.205	0.350	0.112	0.114	0.114
17/07/25 03:00	0.260	0.258	0.253	0.332	0.412	0.108	0.217	0.352	0.112	0.095	0.095
17/07/25 04:00	0.261	0.258	0.255	0.331	0.409	0.117	0.228	0.343	0.112	0.095	0.095
17/07/25 05:00	0.265	0.261	0.258	0.327	0.388	0.131	0.238	0.337	0.104	0.095	0.095
17/07/25 06:00	0.267	0.265	0.260	0.306	0.331	0.117	0.226	0.293	0.094	0.072	0.081
17/07/25 07:00	0.268	0.266	0.261	0.278	0.246	0.091	0.193	0.240	0.072	0.072	0.072
17/07/25 08:00	0.267	0.264	0.260	0.235	0.173	0.067	0.161	0.173	0.072	0.072	0.072
17/07/25 09:00	0.266	0.263	0.259	0.191	0.133	0.047	0.124	0.104	0.072	0.072	0.072
17/07/25 10:00	0.266	0.262	0.259	0.162	0.115	0.041	0.106	0.069	0.072	0.072	0.072
17/07/25 11:00	0.265	0.261	0.258	0.137	0.106	0.037	0.085	0.058	0.072	0.072	0.072
17/07/25 12:00	0.264	0.260	0.257	0.123	0.099	0.037	0.072	0.052	0.072	0.072	0.072
17/07/25 13:00	0.265	0.259	0.257	0.117	0.098	0.046	0.067	0.057	0.072	0.072	0.072
17/07/25 14:00	0.265	0.259	0.256	0.120	0.106	0.045	0.068	0.062	0.072	0.072	0.072
17/07/25 15:00	0.265	0.259	0.256	0.132	0.127	0.049	0.077	0.078	0.094	0.072	0.081
17/07/25 16:00	0.265	0.263	0.258	0.154	0.174	0.062	0.100	0.109	0.104	0.072	0.081
17/07/25 17:00	0.266	0.264	0.259	0.201	0.234	0.083	0.147	0.169	0.094	0.114	0.114
17/07/25 18:00	0.268	0.265	0.260	0.252	0.285	0.128	0.222	0.250	0.112	0.114	0.114
17/07/25 19:00	0.267	0.266	0.259	0.305	0.336	0.174	0.284	0.315	0.112	0.114	0.114
17/07/25 20:00	0.266	0.265	0.259	0.364	0.381	0.231	0.334	0.361	0.112	0.114	0.114
17/07/25 21:00	0.266	0.264	0.259	0.392	0.391	0.271	0.346	0.375	0.112	0.114	0.114
17/07/25 22:00	0.264	0.262	0.257	0.400	0.390	0.283	0.341	0.376	0.112	0.107	0.112
17/07/25 23:00	0.263	0.259	0.256	0.396	0.390	0.293	0.338	0.378	0.112	0.114	0.114
18/07/25 00:00	0.260	0.258	0.254	0.377	0.384	0.303	0.335	0.379	0.112	0.114	0.114
18/07/25 01:00	0.260	0.257	0.253	0.366	0.378	0.308	0.333	0.379	0.112	0.114	0.114
18/07/25 02:00	0.259	0.256	0.252	0.361	0.371	0.317	0.333	0.379	0.112	0.112	0.112
18/07/25 03:00	0.259	0.255	0.252	0.363	0.367	0.322	0.332	0.379	0.112	0.114	0.114
18/07/25 04:00	0.259	0.256	0.252	0.364	0.361	0.326	0.333	0.377	0.112	0.114	0.114
18/07/25 05:00	0.263	0.259	0.252	0.351	0.358	0.318	0.317	0.360	0.112	0.114	0.114
18/07/25 06:00	0.265	0.263	0.252	0.305	0.329	0.267	0.257	0.318	0.112	0.095	0.112
18/07/25 07:00	0.266	0.263	0.252	0.247	0.280	0.216	0.200	0.270	0.072	0.095	0.095
18/07/25 08:00	0.266	0.262	0.252	0.192	0.231	0.162	0.120	0.216	0.094	0.095	0.095
18/07/25 09:00	0.265	0.261	0.250	0.167	0.186	0.134	0.072	0.147	0.072	0.072	0.072
18/07/25 10:00	0.266	0.260	0.250	0.142	0.169	0.121	0.059	0.104	0.072	0.072	0.072
18/07/25 11:00	0.265	0.259	0.247	0.126	0.143	0.115	0.054	0.075	0.072	0.072	0.072
18/07/25 12:00	0.266	0.258	0.247	0.115	0.140	0.098	0.053	0.066	0.072	0.072	0.072
18/07/25 13:00	0.269	0.258	0.248	0.115	0.142	0.103	0.052	0.070	0.072	0.072	0.072
18/07/25 14:00	0.268	0.259	0.250	0.117	0.150	0.103	0.053	0.088	0.072	0.072	0.072
18/07/25 15:00	0.270	0.258	0.250	0.126	0.183	0.126	0.066	0.108	0.072	0.072	0.072
18/07/25 16:00	0.266	0.262	0.253	0.141	0.228	0.163	0.103	0.147	0.072	0.072	0.072
18/07/25 17:00	0.274	0.263	0.256	0.177	0.268	0.216	0.171	0.215	0.094	0.114	0.114
18/07/25 18:00	0.267	0.266	0.258	0.246	0.308	0.271	0.227	0.269	0.120	0.114	0.114
18/07/25 19:00	0.267	0.265	0.258	0.325	0.353	0.313	0.276	0.317	0.112	0.114	0.112
18/07/25 20:00	0.266	0.263	0.258	0.386	0.384	0.342	0.319	0.354	0.112	0.114	0.112
18/07/25 21:00	0.266	0.263	0.258	0.410	0.388	0.352	0.323	0.356	0.112	0.114	0.114
18/07/25 22:00	0.264	0.260	0.258	0.416	0.385	0.355	0.317	0.343	0.112	0.114	0.114
18/07/25 23:00	0.262	0.258	0.256	0.417	0.382	0.357	0.306	0.328	0.120	0.114	0.114
19/07/25 00:00	0.260	0.257	0.253	0.410	0.382	0.355	0.293	0.318	0.104	0.114	0.114
19/07/25 01:00	0.260	0.256	0.252	0.404	0.379	0.351	0.294	0.321	0.112	0.114	0.114
19/07/25 02:00	0.260	0.255	0.252	0.396	0.378	0.348	0.301	0.321	0.112	0.114	0.114
19/07/25 03:00	0.259	0.256	0.252	0.398	0.376	0.348	0.311	0.321	0.112	0.114	0.114
19/07/25 04:00	0.260	0.256	0.252	0.404	0.377	0.345	0.318	0.328	0.112	0.114	0.114
19/07/25 05:00	0.264	0.260	0.251	0.399	0.372	0.333	0.311	0.317	0.112	0.112	0.114
19/07/25 06:00	0.267	0.264	0.252	0.372	0.341	0.308	0.274	0.249	0.104	0.112	0.114
19/07/25 07:00	0.267	0.265	0.251	0.338	0.297	0.261	0.228	0.133	0.072	0.072	0.072
19/07/25 08:00	0.266	0.263	0.251	0.314	0.249	0.219	0.152	0.074	0.072	0.072	0.072
19/07/25 09:00	0.265	0.262	0.251	0.288	0.190	0.183	0.088	0.059	0.072	0.072	0.072
19/07/25 10:00	0.265	0.262	0.250	0.266	0.145	0.146	0.067	0.047	0.072	0.072	0.072
19/07/25 11:00	0.265	0.261	0.249	0.243	0.126	0.136	0.065	0.044	0.072	0.072	0.072
19/07/25 12:00	0.264	0.259	0.248	0.237	0.121	0.115	0.053	0.042	0.072	0.072	0.072
19/07/25 13:00	0.264	0.258	0.249	0.224	0.117	0.115	0.052	0.042	0.072	0.072	0.072
19/07/25 14:00	0.265	0.258	0.250	0.227	0.125	0.127	0.061	0.043	0.072	0.072	0.072
19/07/25 15:00	0.265	0.258	0.251	0.247	0.151	0.137	0.071	0.060	0.072	0.072	0.072
19/07/25 16:00	0.266	0.262	0.252	0.264	0.197	0.168	0.107	0.109	0.094	0.072	0.072
19/07/25 17:00	0.267	0.264	0.254	0.286	0.242	0.217	0.169	0.183	0.094	0.095	0.095
19/07/25 18:00	0.268	0.264	0.257	0.310	0.281	0.263	0.220	0.210	0.094	0.114	0.114
19/07/25 19:00	0.268	0.264	0.258	0.341	0.325	0.301	0.274	0.231	0.094	0.112	0.114
19/07/25 20:00	0.267	0.263	0.258	0.371	0.360	0.321	0.312	0.254	0.094	0.112	0.114
19/07/25 21:00	0.266	0.264	0.259	0.383	0.362	0.329	0.309	0.280	0.072	0.112	0.114
19/07/25 22:00	0.264	0.261	0.257	0.382	0.347	0.326	0.287	0.294	0.072	0.112	0.114
19/07/25 23:00	0.263	0.259	0.255	0.384	0.330	0.331	0.270	0.297	0.094	0.112	0.114
20/07/25 00:00	0.261	0.258	0.253	0.387	0.313	0.334	0.252	0.310	0.072	0.112	0.114
20/07/25 01:00	0.261	0.257	0.252	0.387	0.278	0.334	0.223	0.323	0.072	0.107	0.114
20/07/25 02:00	0.261	0.257	0.252	0.386	0.284	0.338	0.222	0.345	0.072	0.095	0.095
20/07/25 03:00	0.261	0.256	0.252	0.388	0.287	0.340	0.234	0.366	0.072	0.095	0.095
20/07/25 04:00	0.261	0.256	0.252	0.391	0.281	0.341	0.237	0.369	0.072	0.107	0.112
20/07/25 05:00	0.265	0.256	0.256	0.384	0.279	0.334	0.232	0.368	0.072	0.095	0.095
20/07/25 06:00	0.267	0.257	0.258	0.359	0.250	0.296	0.179	0.333	0.072	0.095	0.095
20/07/25 07:00	0.267	0.257	0.258	0.325	0.210	0.242	0.113	0.226	0.072	0.072	0.072
20/07/25 08:00	0.267	0.257	0.258	0.292	0.173	0.197	0.074	0.124	0.072	0.072	0.072
20/07/25 09:00	0.267	0.256	0.257	0.258	0.137	0.154	0.056	0.072	0.072	0.072	0.072
20/07/25 10:00	0.267	0.255	0.253	0.246	0.114	0.122	0.051	0.056	0.072	0.072	0.072
20/07/25 11:00	0.266	0.255	0.249	0.232	0.106	0.105	0.046	0.054	0.072	0.072	0.072
20/07/25 12:00	0.265	0.253	0.249	0.217	0.095	0.098	0.044	0.051	0.072	0.072	0.072
20/07/25 13:00	0.265	0.253	0.249	0.211	0.114	0.102	0.046	0.060	0.072	0.072	0.072
20/07/25 14:00	0.266	0.253	0.248	0.221	0.137	0.113	0.049	0.068	0.072	0.072	0.072
20/07/25 15:00	0.266	0.255	0.251	0.240	0.164	0.130	0.053	0.099	0.072	0.072	0.072
20/07/25 16:00	0.267	0.257	0.256	0.272	0.203	0.183	0.069	0.159	0.072	0.072	0.072
20/07/25 17:00	0.268	0.257	0.258	0.303	0.249	0.233	0.137	0.215	0.094	0.107	0.112
20/07/25 18:00	0.268	0.258	0.260	0.335	0.293	0.276	0.211	0.273	0.120	0.120	0.120
20/07/25 19:00	0.267	0.258	0.261	0.370	0.334	0.317	0.268	0.304	0.112	0.120	0.120
20/07/25 20:00	0.266	0.258	0.259	0.394	0.359	0.345	0.311	0.324	0.120	0.120	0.120
20/07/25 21:00	0.266	0.258	0.259	0.401	0.372	0.357	0.329	0.341	0.112	0.120	0.120
20/07/25 22:00	0.265	0.257	0.258	0.404	0.364	0.357	0.332	0.342	0.112	0.120	0.120
20/07/25 23:00	0.264	0.256	0.254	0.407	0.358	0.355	0.328	0.336	0.112	0.120	0.120
21/07/25 00:00	0.263	0.255	0.253	0.408	0.356	0.352	0.324	0.343	0.112	0.120	0.120
21/07/25 01:00	0.261	0.255	0.252	0.407	0.361	0.352	0.316	0.342	0.112	0.120	0.120
21/07/25 02:00	0.261	0.254	0.252	0.406	0.367	0.352	0.314	0.328	0.112	0.120	0.120
21/07/25 03:00	0.261	0.254	0.252	0.406	0.361	0.352	0.311	0.308	0.112	0.120	0.120
21/07/25 04:00	0.261	0.254	0.252	0.407	0.365	0.352	0.299	0.288	0.112	0.120	0.120
21/07/25 05:00	0.261	0.254	0.253	0.403	0.365	0.340	0.253	0.275	0.112	0.120	0.120
21/07/25 06:00	0.262	0.254	0.258	0.379	0.352	0.301	0.174	0.236	0.112	0.120	0.120
21/07/25 07:00	0.265	0.254	0.257	0.346	0.338	0.255	0.111	0.186	0.094	0.114	0.114
21/07/25 08:00	0.266	0.254	0.256	0.313	0.325	0.215	0.087	0.119	0.072	0.107	0.112
21/07/25 09:00	0.266	0.254	0.250	0.288	0.315	0.169	0.102	0.066	0.072	0.112	0.112
21/07/25 10:00	0.266	0.254	0.248	0.257	0.289	0.134	0.094	0.064	0.072	0.095	0.095
21/07/25 11:00	0.266	0.254	0.247	0.232	0.279	0.144	0.117	0.065	0.072	0.095	0.095
21/07/25 12:00	0.264	0.252	0.248	0.223	0.280	0.127	0.099	0.066	0.072	0.072	0.112
21/07/25 13:00	0.261	0.252	0.247	0.236	0.261	0.118	0.075	0.080	0.072	0.095	0.112
21/07/25 14:00	0.261	0.250	0.249	0.250	0.250	0.130	0.079	0.108	0.072	0.114	0.114
21/07/25 15:00	0.262	0.253	0.248	0.280	0.256	0.120	0.095	0.135	0.072	0.112	0.114
21/07/25 16:00	0.265	0.255	0.250	0.301	0.264	0.124	0.135	0.205	0.072	0.112	0.114
21/07/25 17:00	0.266	0.257	0.257	0.321	0.284	0.153	0.184	0.224	0.112	0.120	0.141
21/07/25 18:00	0.266	0.260	0.260	0.348	0.292	0.196	0.213	0.275	0.120	0.141	0.141
21/07/25 19:00	0.266	0.260	0.259	0.375	0.308	0.244	0.248	0.336	0.120	0.141	0.141
21/07/25 20:00	0.266	0.261	0.259	0.395	0.324	0.292	0.277	0.364	0.120	0.141	0.141
21/07/25 21:00	0.274	0.262	0.258	0.399	0.332	0.309	0.291	0.376	0.120	0.142	0.142
21/07/25 22:00	0.266	0.259	0.257	0.403	0.346	0.310	0.289	0.369	0.120	0.155	0.142
21/07/25 23:00	0.269	0.258	0.255	0.407	0.352	0.310	0.294	0.363	0.120	0.155	0.142
22/07/25 00:00	0.263	0.256	0.253	0.408	0.355	0.312	0.300	0.352	0.120	0.155	0.142
22/07/25 01:00	0.261	0.255	0.253	0.407	0.364	0.309	0.304	0.353	0.120	0.142	0.142
22/07/25 02:00	0.261	0.254	0.252	0.407	0.371	0.288	0.311	0.351	0.120	0.141	0.141
22/07/25 03:00	0.260	0.253	0.252	0.409	0.375	0.283	0.310	0.353	0.120	0.141	0.141
22/07/25 04:00	0.260	0.254	0.252	0.407	0.378	0.279	0.312	0.352	0.112	0.141	0.141
22/07/25 05:00	0.260	0.258	0.255	0.399	0.380	0.255	0.308	0.347	0.112	0.120	0.120
22/07/25 06:00	0.260	0.262	0.258	0.375	0.367	0.216	0.250	0.319	0.112	0.141	0.141
22/07/25 07:00	0.260	0.263	0.257	0.338	0.343	0.155	0.193	0.275	0.095	0.120	0.120
22/07/25 08:00	0.261	0.261	0.257	0.300	0.308	0.103	0.137	0.213	0.094	0.114	0.120
22/07/25 09:00	0.261	0.260	0.254	0.281	0.274	0.083	0.083	0.134	0.094	0.114	0.114
22/07/25 10:00	0.261	0.259	0.252	0.263	0.241	0.072	0.061	0.087	0.080	0.114	0.114
22/07/25 11:00	0.262	0.256	0.250	0.240	0.210	0.069	0.049	0.056	0.072	0.114	0.114
22/07/25 12:00	0.260	0.257	0.250	0.228	0.191	0.069	0.049	0.049	0.072	0.114	0.114
22/07/25 13:00	0.259	0.257	0.249	0.210	0.197	0.070	0.048	0.056	0.072	0.107	0.114
22/07/25 14:00	0.259	0.257	0.250	0.214	0.205	0.069	0.047	0.052	0.072	0.112	0.114
22/07/25 15:00	0.260	0.258	0.252	0.228	0.233	0.073	0.053	0.057	0.072	0.112	0.114
22/07/25 16:00	0.263	0.261	0.258	0.251	0.273	0.086	0.074	0.084	0.095	0.114	0.120
22/07/25 17:00	0.263	0.263	0.260	0.275	0.309	0.114	0.114	0.143	0.112	0.145	0.145
22/07/25 18:00	0.266	0.265	0.261	0.305	0.335	0.153	0.174	0.211	0.120	0.155	0.145
22/07/25 19:00	0.267	0.265	0.260	0.340	0.362	0.166	0.204	0.256	0.120	0.189	0.189
22/07/25 20:00	0.268	0.264	0.260	0.374	0.381	0.171	0.212	0.284	0.120	0.145	0.189
22/07/25 21:00	0.270	0.264	0.259	0.387	0.393	0.172	0.210	0.301	0.120	0.145	0.145
22/07/25 22:00	0.270	0.260	0.257	0.390	0.394	0.172	0.200	0.319	0.120	0.145	0.145
22/07/25 23:00	0.265	0.258	0.257	0.395	0.397	0.150	0.166	0.307	0.150	0.145	0.145
23/07/25 00:00	0.263	0.258	0.253	0.400	0.400	0.116	0.140	0.286	0.120	0.145	0.145
23/07/25 01:00	0.261	0.257	0.253	0.405	0.403	0.108	0.146	0.276	0.120	0.145	0.145
23/07/25 02:00	0.261	0.257	0.250	0.407	0.407	0.104	0.157	0.281	0.120	0.197	0.189
23/07/25 03:00	0.261	0.256	0.249	0.408	0.408	0.098	0.173	0.314	0.120	0.145	0.145
23/07/25 04:00	0.262	0.258	0.252	0.407	0.408	0.100	0.210	0.342	0.186	0.145	0.145
23/07/25 05:00	0.265	0.261	0.252	0.395	0.397	0.099	0.237	0.346	0.152	0.142	0.142
23/07/25 06:00	0.268	0.263	0.254	0.379	0.352	0.087	0.232	0.302	0.112	0.145	0.145
23/07/25 07:00	0.268	0.264	0.257	0.356	0.300	0.080	0.217	0.232	0.112	0.120	0.141
23/07/25 08:00	0.268	0.263	0.256	0.334	0.253	0.070	0.167	0.194	0.072	0.112	0.114
23/07/25 09:00	0.267	0.262	0.253	0.310	0.215	0.065	0.139	0.168	0.072	0.072	0.112
23/07/25 10:00	0.267	0.260	0.250	0.286	0.182	0.059	0.098	0.115	0.072	0.072	0.072
23/07/25 11:00	0.267	0.259	0.248	0.266	0.147	0.061	0.074	0.097	0.072	0.072	0.112
23/07/25 12:00	0.267	0.259	0.248	0.241	0.135	0.052	0.066	0.075	0.072	0.072	0.112
23/07/25 13:00	0.266	0.259	0.248	0.216	0.133	0.044	0.062	0.065	0.072	0.072	0.112
23/07/25 14:00	0.266	0.259	0.250	0.208	0.153	0.041	0.062	0.066	0.072	0.072	0.072
23/07/25 15:00	0.266	0.261	0.251	0.223	0.183	0.040	0.063	0.080	0.072	0.095	0.112
23/07/25 16:00	0.267	0.265	0.257	0.238	0.221	0.042	0.075	0.121	0.094	0.114	0.114
23/07/25 17:00	0.268	0.267	0.260	0.263	0.258	0.051	0.116	0.204	0.112	0.114	0.120
23/07/25 18:00	0.269	0.270	0.261	0.289	0.309	0.069	0.173	0.266	0.112	0.120	0.141
23/07/25 19:00	0.268	0.269	0.260	0.316	0.365	0.104	0.219	0.323	0.191	0.120	0.141
23/07/25 20:00	0.268	0.268	0.260	0.340	0.399	0.125	0.255	0.355	0.112	0.120	0.120
23/07/25 21:00	0.267	0.266	0.260	0.345	0.398	0.133	0.279	0.372	0.112	0.112	0.120
23/07/25 22:00	0.266	0.261	0.256	0.346	0.388	0.136	0.275	0.371	0.112	0.114	0.114
23/07/25 23:00	0.264	0.260	0.254	0.347	0.382	0.131	0.265	0.373	0.112	0.120	0.120
24/07/25 00:00	0.262	0.259	0.250	0.352	0.375	0.134	0.252	0.378	0.120	0.120	0.120
24/07/25 01:00	0.262	0.258	0.249	0.345	0.368	0.135	0.256	0.378	0.112	0.120	0.120
24/07/25 02:00	0.261	0.257	0.249	0.325	0.367	0.155	0.267	0.369	0.112	0.120	0.120
24/07/25 03:00	0.261	0.257	0.250	0.305	0.356	0.178	0.269	0.373	0.112	0.120	0.120
24/07/25 04:00	0.262	0.258	0.250	0.287	0.354	0.224	0.270	0.371	0.104	0.114	0.114
24/07/25 05:00	0.265	0.261	0.254	0.288	0.340	0.254	0.284	0.359	0.112	0.120	0.120
24/07/25 06:00	0.269	0.265	0.257	0.274	0.294	0.250	0.256	0.317	0.094	0.072	0.112
24/07/25 07:00	0.270	0.267	0.259	0.251	0.223	0.209	0.196	0.270	0.072	0.072	0.072
24/07/25 08:00	0.269	0.267	0.258	0.229	0.168	0.164	0.134	0.227	0.072	0.072	0.072
24/07/25 09:00	0.268	0.264	0.259	0.209	0.113	0.141	0.101	0.193	0.072	0.072	0.072
24/07/25 10:00	0.271	0.260	0.255	0.200	0.090	0.125	0.070	0.152	0.072	0.072	0.072
24/07/25 11:00	0.270	0.259	0.249	0.192	0.079	0.109	0.062	0.126	0.072	0.072	0.072
24/07/25 12:00	0.271	0.259	0.248	0.201	0.077	0.094	0.059	0.111	0.072	0.072	0.072
24/07/25 13:00	0.270	0.259	0.247	0.223	0.081	0.087	0.057	0.116	0.072	0.072	0.072
24/07/25 14:00	0.267	0.260	0.247	0.239	0.087	0.093	0.057	0.119	0.072	0.072	0.072
24/07/25 15:00	0.267	0.263	0.248	0.263	0.107	0.117	0.065	0.131	0.072	0.072	0.072
24/07/25 16:00	0.271	0.267	0.251	0.295	0.152	0.125	0.078	0.158	0.072	0.072	0.072
24/07/25 17:00	0.270	0.272	0.256	0.320	0.216	0.150	0.123	0.200	0.112	0.114	0.114
24/07/25 18:00	0.271	0.275	0.257	0.341	0.277	0.191	0.209	0.251	0.202	0.120	0.120
24/07/25 19:00	0.270	0.272	0.257	0.366	0.340	0.220	0.289	0.299	0.226	0.141	0.141
24/07/25 20:00	0.270	0.268	0.257	0.378	0.389	0.249	0.347	0.340	0.197	0.120	0.120
24/07/25 21:00	0.269	0.267	0.257	0.382	0.403	0.276	0.353	0.350	0.197	0.120	0.120
24/07/25 22:00	0.267	0.263	0.256	0.378	0.399	0.298	0.346	0.357	0.170	0.120	0.120
24/07/25 23:00	0.265	0.261	0.256	0.386	0.399	0.302	0.338	0.357	0.120	0.120	0.120
25/07/25 00:00	0.264	0.260	0.254	0.378	0.404	0.289	0.326	0.355	0.112	0.120	0.120
25/07/25 01:00	0.263	0.259	0.253	0.361	0.411	0.292	0.320	0.355	0.120	0.120	0.120
25/07/25 02:00	0.263	0.258	0.252	0.356	0.406	0.282	0.305	0.354	0.170	0.120	0.120
25/07/25 03:00	0.263	0.258	0.252	0.348	0.397	0.286	0.291	0.339	0.226	0.120	0.120
25/07/25 04:00	0.263	0.259	0.252	0.327	0.388	0.288	0.274	0.341	0.200	0.120	0.120
25/07/25 05:00	0.266	0.262	0.252	0.318	0.374	0.282	0.259	0.341	0.187	0.142	0.142
25/07/25 06:00	0.270	0.268	0.252	0.297	0.329	0.252	0.233	0.326	0.120	0.120	0.120
25/07/25 07:00	0.271	0.266	0.252	0.241	0.284	0.199	0.185	0.299	0.104	0.120	0.120
25/07/25 08:00	0.271	0.267	0.250	0.204	0.246	0.148	0.113	0.277	0.094	0.114	0.120
25/07/25 09:00	0.272	0.265	0.247	0.184	0.198	0.111	0.077	0.233	0.094	0.114	0.120
25/07/25 10:00	0.271	0.264	0.247	0.162	0.160	0.090	0.065	0.200	0.094	0.114	0.120
25/07/25 11:00	0.269	0.262	0.247	0.154	0.146	0.080	0.052	0.192	0.094	0.112	0.120
25/07/25 12:00	0.270	0.262	0.246	0.154	0.145	0.070	0.049	0.175	0.094	0.112	0.112
25/07/25 13:00	0.268	0.260	0.247	0.165	0.133	0.068	0.050	0.160	0.094	0.112	0.112
25/07/25 14:00	0.268	0.262	0.247	0.164	0.125	0.068	0.054	0.158	0.094	0.114	0.120
25/07/25 15:00	0.272	0.264	0.248	0.182	0.131	0.081	0.077	0.159	0.104	0.114	0.120
25/07/25 16:00	0.275	0.267	0.252	0.214	0.145	0.110	0.134	0.180	0.112	0.120	0.141
25/07/25 17:00	0.271	0.269	0.253	0.254	0.180	0.147	0.204	0.226	0.226	0.145	0.145
25/07/25 18:00	0.272	0.273	0.255	0.311	0.202	0.197	0.235	0.267	0.228	0.191	0.155
25/07/25 19:00	0.271	0.269	0.255	0.355	0.226	0.252	0.257	0.326	0.235	0.207	0.207
25/07/25 20:00	0.270	0.267	0.255	0.387	0.259	0.295	0.264	0.373	0.233	0.145	0.145
25/07/25 21:00	0.269	0.264	0.255	0.398	0.282	0.307	0.256	0.387	0.233	0.207	0.191
25/07/25 22:00	0.266	0.260	0.250	0.399	0.309	0.300	0.240	0.384	0.228	0.145	0.155
25/07/25 23:00	0.264	0.258	0.251	0.400	0.324	0.299	0.226	0.381	0.228	0.197	0.155
26/07/25 00:00	0.263	0.258	0.250	0.400	0.300	0.289	0.209	0.377	0.230	0.197	0.155
26/07/25 01:00	0.262	0.257	0.249	0.400	0.299	0.291	0.188	0.374	0.233	0.197	0.207
26/07/25 02:00	0.262	0.257	0.248	0.394	0.321	0.300	0.178	0.371	0.235	0.219	0.219
26/07/25 03:00	0.262	0.257	0.248	0.394	0.333	0.302	0.174	0.367	0.232	0.219	0.219
26/07/25 04:00	0.262	0.258	0.247	0.392	0.345	0.300	0.193	0.362	0.235	0.219	0.219
26/07/25 05:00	0.265	0.260	0.245	0.386	0.351	0.298	0.215	0.342	0.235	0.191	0.191
26/07/25 06:00	0.269	0.263	0.245	0.361	0.322	0.281	0.210	0.286	0.228	0.145	0.145
26/07/25 07:00	0.270	0.266	0.247	0.323	0.284	0.254	0.191	0.207	0.197	0.142	0.142
26/07/25 08:00	0.271	0.266	0.248	0.294	0.255	0.220	0.172	0.117	0.112	0.120	0.141
26/07/25 09:00	0.274	0.265	0.244	0.276	0.219	0.136	0.103	0.066	0.104	0.114	0.120
26/07/25 10:00	0.274	0.263	0.240	0.250	0.201	0.080	0.068	0.056	0.104	0.114	0.120
26/07/25 11:00	0.276	0.260	0.240	0.238	0.189	0.060	0.054	0.054	0.104	0.114	0.120
26/07/25 12:00	0.274	0.260	0.237	0.234	0.174	0.052	0.052	0.054	0.104	0.127	0.127
26/07/25 13:00	0.274	0.259	0.235	0.226	0.178	0.053	0.050	0.061	0.104	0.114	0.120
26/07/25 14:00	0.272	0.259	0.230	0.239	0.180	0.051	0.053	0.080	0.094	0.114	0.120
26/07/25 15:00	0.275	0.260	0.238	0.252	0.174	0.057	0.068	0.114	0.104	0.120	0.141
26/07/25 16:00	0.278	0.263	0.243	0.285	0.196	0.087	0.117	0.146	0.112	0.145	0.145
26/07/25 17:00	0.275	0.265	0.249	0.307	0.246	0.143	0.196	0.219	0.226	0.145	0.145
26/07/25 18:00	0.277	0.265	0.251	0.333	0.283	0.202	0.259	0.269	0.226	0.145	0.145
26/07/25 19:00	0.276	0.265	0.255	0.364	0.323	0.251	0.307	0.307	0.232	0.141	0.141
26/07/25 20:00	0.274	0.263	0.257	0.387	0.360	0.285	0.336	0.347	0.228	0.145	0.145
26/07/25 21:00	0.280	0.264	0.256	0.392	0.382	0.288	0.349	0.356	0.228	0.145	0.145
26/07/25 22:00	0.272	0.259	0.252	0.391	0.390	0.282	0.352	0.355	0.228	0.145	0.145
26/07/25 23:00	0.266	0.258	0.255	0.379	0.394	0.271	0.355	0.352	0.228	0.145	0.145
27/07/25 00:00	0.262	0.258	0.252	0.373	0.398	0.244	0.357	0.346	0.226	0.141	0.141
27/07/25 01:00	0.261	0.257	0.252	0.357	0.401	0.223	0.357	0.346	0.226	0.141	0.141
27/07/25 02:00	0.261	0.257	0.251	0.342	0.398	0.207	0.352	0.352	0.226	0.145	0.145
27/07/25 03:00	0.261	0.256	0.251	0.348	0.393	0.206	0.344	0.342	0.226	0.145	0.145
27/07/25 04:00	0.262	0.256	0.252	0.359	0.392	0.206	0.338	0.343	0.226	0.145	0.145
27/07/25 05:00	0.265	0.256	0.256	0.358	0.382	0.210	0.329	0.341	0.228	0.145	0.145
27/07/25 06:00	0.269	0.256	0.258	0.334	0.350	0.201	0.271	0.301	0.226	0.145	0.145
27/07/25 07:00	0.269	0.257	0.258	0.309	0.308	0.191	0.178	0.225	0.112	0.112	0.120
27/07/25 08:00	0.269	0.258	0.258	0.283	0.248	0.165	0.106	0.132	0.104	0.112	0.114
27/07/25 09:00	0.277	0.258	0.256	0.257	0.211	0.151	0.074	0.080	0.094	0.112	0.114
27/07/25 10:00	0.276	0.257	0.254	0.257	0.192	0.143	0.066	0.065	0.094	0.114	0.120
27/07/25 11:00	0.274	0.256	0.249	0.257	0.170	0.135	0.068	0.062	0.072	0.080	0.112
27/07/25 12:00	0.271	0.256	0.248	0.227	0.165	0.133	0.067	0.059	0.094	0.114	0.120
27/07/25 13:00	0.270	0.255	0.251	0.208	0.165	0.123	0.068	0.058	0.072	0.080	0.112
27/07/25 14:00	0.268	0.255	0.252	0.224	0.176	0.123	0.080	0.061	0.104	0.080	0.112
27/07/25 15:00	0.270	0.256	0.254	0.237	0.172	0.134	0.111	0.067	0.104	0.112	0.141
27/07/25 16:00	0.275	0.257	0.257	0.262	0.204	0.152	0.150	0.112	0.104	0.120	0.145
27/07/25 17:00	0.274	0.258	0.258	0.297	0.242	0.173	0.220	0.190	0.120	0.145	0.145
27/07/25 18:00	0.271	0.258	0.258	0.323	0.284	0.191	0.259	0.236	0.226	0.145	0.145
27/07/25 19:00	0.274	0.258	0.258	0.350	0.321	0.203	0.290	0.272	0.235	0.145	0.145
27/07/25 20:00	0.270	0.257	0.256	0.366	0.363	0.215	0.326	0.305	0.228	0.191	0.155
27/07/25 21:00	0.275	0.257	0.252	0.365	0.383	0.221	0.341	0.329	0.228	0.145	0.145
27/07/25 22:00	0.268	0.256	0.247	0.363	0.385	0.218	0.347	0.327	0.228	0.145	0.145
27/07/25 23:00	0.274	0.254	0.246	0.340	0.381	0.218	0.343	0.328	0.226	0.191	0.155
28/07/25 00:00	0.268	0.254	0.247	0.317	0.375	0.225	0.320	0.316	0.226	0.141	0.141
28/07/25 01:00	0.263	0.253	0.246	0.291	0.373	0.233	0.303	0.297	0.226	0.155	0.145
28/07/25 02:00	0.262	0.252	0.246	0.275	0.371	0.242	0.274	0.291	0.226	0.176	0.145
28/07/25 03:00	0.262	0.253	0.247	0.271	0.376	0.257	0.254	0.293	0.228	0.165	0.165
28/07/25 04:00	0.260	0.252	0.248	0.276	0.379	0.283	0.251	0.301	0.228	0.169	0.169
28/07/25 05:00	0.261	0.252	0.249	0.280	0.373	0.308	0.232	0.307	0.209	0.141	0.141
28/07/25 06:00	0.263	0.253	0.254	0.253	0.344	0.300	0.172	0.274	0.120	0.145	0.145
28/07/25 07:00	0.264	0.254	0.253	0.234	0.302	0.276	0.111	0.236	0.104	0.120	0.141
28/07/25 08:00	0.271	0.254	0.248	0.199	0.247	0.244	0.077	0.185	0.094	0.120	0.120
28/07/25 09:00	0.274	0.255	0.247	0.167	0.194	0.220	0.064	0.123	0.094	0.120	0.120
28/07/25 10:00	0.268	0.255	0.246	0.131	0.155	0.186	0.054	0.069	0.094	0.120	0.120
28/07/25 11:00	0.266	0.255	0.243	0.117	0.138	0.154	0.048	0.054	0.094	0.120	0.120
28/07/25 12:00	0.262	0.254	0.241	0.118	0.126	0.125	0.046	0.046	0.094	0.120	0.120
28/07/25 13:00	0.260	0.253	0.242	0.110	0.128	0.136	0.046	0.045	0.094	0.120	0.120
28/07/25 14:00	0.260	0.253	0.244	0.107	0.149	0.136	0.049	0.045	0.094	0.120	0.120
28/07/25 15:00	0.260	0.255	0.247	0.124	0.182	0.146	0.057	0.045	0.094	0.112	0.141
28/07/25 16:00	0.261	0.259	0.249	0.139	0.224	0.175	0.067	0.066	0.110	0.120	0.145
28/07/25 17:00	0.264	0.259	0.251	0.176	0.255	0.211	0.094	0.122	0.210	0.145	0.145
28/07/25 18:00	0.265	0.259	0.255	0.196	0.289	0.240	0.194	0.199	0.170	0.145	0.145
28/07/25 19:00	0.265	0.259	0.257	0.210	0.325	0.281	0.289	0.266	0.213	0.191	0.155
28/07/25 20:00	0.265	0.259	0.257	0.230	0.346	0.307	0.340	0.325	0.200	0.142	0.145
28/07/25 21:00	0.266	0.259	0.253	0.237	0.347	0.307	0.350	0.345	0.213	0.141	0.142
28/07/25 22:00	0.264	0.258	0.248	0.214	0.346	0.302	0.341	0.331	0.197	0.142	0.142
28/07/25 23:00	0.262	0.257	0.247	0.196	0.345	0.298	0.326	0.302	0.120	0.142	0.142
29/07/25 00:00	0.260	0.256	0.247	0.181	0.349	0.285	0.312	0.285	0.120	0.145	0.145
29/07/25 01:00	0.259	0.255	0.248	0.168	0.352	0.274	0.295	0.294	0.120	0.145	0.145
29/07/25 02:00	0.260	0.255	0.248	0.161	0.360	0.254	0.293	0.300	0.170	0.141	0.141
29/07/25 03:00	0.260	0.256	0.248	0.175	0.366	0.233	0.297	0.315	0.120	0.145	0.145
29/07/25 04:00	0.260	0.256	0.247	0.182	0.375	0.222	0.308	0.328	0.120	0.145	0.145
29/07/25 05:00	0.260	0.259	0.252	0.185	0.377	0.201	0.306	0.326	0.120	0.145	0.145
29/07/25 06:00	0.259	0.262	0.253	0.174	0.359	0.187	0.246	0.270	0.120	0.145	0.145
29/07/25 07:00	0.259	0.263	0.250	0.153	0.332	0.145	0.171	0.205	0.120	0.145	0.145
29/07/25 08:00	0.259	0.263	0.246	0.134	0.290	0.098	0.096	0.110	0.120	0.120	0.145
29/07/25 09:00	0.259	0.262	0.247	0.120	0.246	0.078	0.062	0.061	0.095	0.120	0.120
29/07/25 10:00	0.259	0.261	0.247	0.102	0.211	0.066	0.053	0.047	0.094	0.120	0.120
29/07/25 11:00	0.259	0.261	0.244	0.094	0.180	0.061	0.048	0.041	0.094	0.120	0.120
29/07/25 12:00	0.259	0.259	0.243	0.090	0.166	0.060	0.046	0.038	0.080	0.120	0.120
29/07/25 13:00	0.257	0.258	0.242	0.084	0.148	0.053	0.046	0.040	0.072	0.120	0.120
29/07/25 14:00	0.257	0.258	0.245	0.084	0.159	0.049	0.048	0.041	0.072	0.120	0.120
29/07/25 15:00	0.259	0.259	0.247	0.089	0.185	0.045	0.050	0.057	0.094	0.112	0.141
29/07/25 16:00	0.260	0.261	0.247	0.107	0.229	0.056	0.073	0.093	0.104	0.145	0.145
29/07/25 17:00	0.264	0.263	0.248	0.136	0.261	0.079	0.140	0.153	0.226	0.155	0.145
29/07/25 18:00	0.266	0.268	0.250	0.172	0.293	0.109	0.212	0.241	0.232	0.207	0.207
29/07/25 19:00	0.267	0.268	0.253	0.210	0.333	0.136	0.266	0.291	0.235	0.197	0.155
29/07/25 20:00	0.267	0.265	0.257	0.252	0.376	0.174	0.307	0.332	0.235	0.197	0.165
29/07/25 21:00	0.267	0.263	0.253	0.279	0.390	0.194	0.316	0.350	0.228	0.197	0.169
29/07/25 22:00	0.265	0.260	0.252	0.288	0.399	0.194	0.316	0.353	0.228	0.197	0.155
29/07/25 23:00	0.263	0.256	0.256	0.280	0.403	0.190	0.300	0.345	0.231	0.197	0.191
30/07/25 00:00	0.262	0.257	0.255	0.284	0.409	0.168	0.295	0.330	0.231	0.234	0.234
30/07/25 01:00	0.261	0.256	0.253	0.298	0.414	0.144	0.305	0.323	0.231	0.197	0.191
30/07/25 02:00	0.261	0.256	0.252	0.312	0.417	0.135	0.315	0.308	0.228	0.180	0.155
30/07/25 03:00	0.261	0.255	0.252	0.327	0.416	0.136	0.322	0.298	0.228	0.191	0.191
30/07/25 04:00	0.261	0.255	0.254	0.339	0.417	0.131	0.325	0.293	0.228	0.191	0.191
30/07/25 05:00	0.265	0.262	0.255	0.349	0.409	0.120	0.320	0.285	0.228	0.141	0.141
30/07/25 06:00	0.268	0.265	0.258	0.309	0.365	0.098	0.266	0.227	0.183	0.141	0.142
30/07/25 07:00	0.269	0.266	0.258	0.263	0.304	0.082	0.192	0.170	0.112	0.145	0.145
30/07/25 08:00	0.269	0.265	0.253	0.235	0.246	0.070	0.097	0.104	0.098	0.112	0.120
30/07/25 09:00	0.267	0.264	0.248	0.189	0.195	0.053	0.063	0.049	0.094	0.112	0.120
30/07/25 10:00	0.267	0.262	0.248	0.163	0.167	0.044	0.053	0.036	0.072	0.107	0.120
30/07/25 11:00	0.266	0.260	0.247	0.155	0.148	0.040	0.047	0.032	0.072	0.112	0.120
30/07/25 12:00	0.266	0.259	0.246	0.164	0.157	0.037	0.049	0.031	0.072	0.114	0.120
30/07/25 13:00	0.265	0.259	0.247	0.194	0.163	0.036	0.049	0.029	0.072	0.112	0.120
30/07/25 14:00	0.266	0.259	0.247	0.201	0.177	0.035	0.048	0.029	0.072	0.114	0.114
30/07/25 15:00	0.266	0.259	0.250	0.203	0.197	0.039	0.056	0.034	0.072	0.114	0.114
30/07/25 16:00	0.269	0.260	0.256	0.214	0.240	0.045	0.085	0.044	0.104	0.112	0.142
30/07/25 17:00	0.270	0.262	0.261	0.227	0.296	0.060	0.162	0.086	0.202	0.145	0.145
30/07/25 18:00	0.271	0.265	0.264	0.243	0.343	0.089	0.232	0.148	0.228	0.145	0.145
30/07/25 19:00	0.270	0.264	0.265	0.259	0.380	0.124	0.285	0.179	0.228	0.145	0.145
30/07/25 20:00	0.269	0.262	0.262	0.271	0.396	0.130	0.318	0.212	0.228	0.142	0.142
30/07/25 21:00	0.268	0.260	0.261	0.253	0.395	0.131	0.318	0.217	0.235	0.145	0.145
30/07/25 22:00	0.264	0.258	0.256	0.219	0.396	0.116	0.312	0.214	0.228	0.141	0.142
30/07/25 23:00	0.262	0.257	0.258	0.197	0.402	0.097	0.295	0.184	0.224	0.120	0.141
31/07/25 00:00	0.262	0.255	0.256	0.174	0.405	0.092	0.289	0.169	0.223	0.141	0.141
31/07/25 01:00	0.261	0.254	0.253	0.157	0.398	0.090	0.290	0.177	0.141	0.145	0.145
31/07/25 02:00	0.261	0.253	0.249	0.154	0.390	0.093	0.292	0.191	0.170	0.145	0.145
31/07/25 03:00	0.261	0.252	0.249	0.152	0.382	0.100	0.304	0.220	0.228	0.145	0.145
31/07/25 04:00	0.262	0.254	0.249	0.159	0.382	0.098	0.306	0.249	0.226	0.145	0.145
31/07/25 05:00	0.264	0.256	0.253	0.157	0.371	0.111	0.287	0.268	0.228	0.145	0.145
31/07/25 06:00	0.270	0.261	0.254	0.155	0.341	0.118	0.245	0.248	0.197	0.145	0.145
31/07/25 07:00	0.271	0.261	0.257	0.147	0.311	0.106	0.188	0.197	0.104	0.112	0.120
31/07/25 08:00	0.271	0.261	0.259	0.133	0.263	0.091	0.121	0.118	0.080	0.107	0.112
31/07/25 09:00	0.269	0.259	0.256	0.130	0.222	0.080	0.071	0.060	0.072	0.112	0.114
31/07/25 10:00	0.269	0.259	0.252	0.124	0.209	0.075	0.066	0.048	0.072	0.107	0.114
31/07/25 11:00	0.267	0.259	0.249	0.119	0.199	0.074	0.059	0.038	0.072	0.072	0.095
31/07/25 12:00	0.266	0.258	0.249	0.105	0.182	0.066	0.058	0.040	0.072	0.072	0.095
31/07/25 13:00	0.265	0.258	0.250	0.104	0.175	0.066	0.059	0.052	0.072	0.095	0.112
31/07/25 14:00	0.265	0.258	0.251	0.105	0.178	0.070	0.057	0.081	0.072	0.095	0.095
31/07/25 15:00	0.265	0.258	0.252	0.110	0.185	0.080	0.060	0.095	0.072	0.072	0.114
31/07/25 16:00	0.269	0.259	0.256	0.125	0.201	0.105	0.092	0.120	0.094	0.112	0.112
31/07/25 17:00	0.271	0.264	0.262	0.144	0.237	0.148	0.147	0.168	0.120	0.120	0.120
31/07/25 18:00	0.271	0.266	0.263	0.191	0.272	0.160	0.194	0.218	0.228	0.145	0.145
31/07/25 19:00	0.271	0.269	0.263	0.256	0.302	0.174	0.234	0.254	0.235	0.145	0.145
31/07/25 20:00	0.271	0.266	0.262	0.304	0.339	0.178	0.266	0.293	0.233	0.145	0.145
31/07/25 21:00	0.270	0.263	0.261	0.324	0.358	0.198	0.279	0.320	0.232	0.145	0.145
31/07/25 22:00	0.265	0.260	0.256	0.333	0.366	0.202	0.266	0.332	0.228	0.145	0.145
31/07/25 23:00	0.262	0.258	0.253	0.330	0.372	0.180	0.249	0.338	0.207	0.145	0.145
01/08/25 00:00	0.262	0.257	0.248	0.330	0.374	0.163	0.246	0.336	0.208	0.142	0.142
01/08/25 01:00	0.261	0.257	0.248	0.313	0.378	0.161	0.243	0.330	0.120	0.145	0.145
01/08/25 02:00	0.261	0.256	0.249	0.312	0.380	0.151	0.245	0.324	0.120	0.145	0.145
01/08/25 03:00	0.261	0.256	0.249	0.310	0.379	0.151	0.256	0.320	0.120	0.145	0.145
01/08/25 04:00	0.262	0.257	0.250	0.312	0.382	0.152	0.258	0.313	0.197	0.145	0.145
01/08/25 05:00	0.263	0.259	0.251	0.308	0.381	0.158	0.252	0.295	0.202	0.145	0.145
01/08/25 06:00	0.268	0.261	0.252	0.285	0.367	0.143	0.217	0.247	0.209	0.145	0.145
01/08/25 07:00	0.269	0.261	0.250	0.266	0.334	0.117	0.198	0.206	0.120	0.145	0.145
01/08/25 08:00	0.269	0.260	0.249	0.256	0.297	0.089	0.161	0.159	0.112	0.120	0.120
01/08/25 09:00	0.268	0.259	0.248	0.242	0.241	0.070	0.136	0.101	0.094	0.120	0.120
01/08/25 10:00	0.268	0.258	0.248	0.228	0.208	0.058	0.128	0.066	0.112	0.120	0.120
01/08/25 11:00	0.267	0.258	0.245	0.194	0.181	0.044	0.134	0.054	0.197	0.120	0.145
01/08/25 12:00	0.267	0.258	0.247	0.185	0.172	0.041	0.125	0.052	0.226	0.120	0.120
01/08/25 13:00	0.267	0.258	0.248	0.181	0.167	0.040	0.154	0.051	0.120	0.120	0.120
01/08/25 14:00	0.267	0.259	0.248	0.169	0.172	0.043	0.164	0.049	0.120	0.141	0.141
01/08/25 15:00	0.267	0.259	0.250	0.172	0.183	0.048	0.172	0.052	0.197	0.145	0.145
01/08/25 16:00	0.270	0.261	0.255	0.191	0.214	0.061	0.183	0.064	0.232	0.145	0.145
01/08/25 17:00	0.271	0.266	0.258	0.212	0.259	0.091	0.214	0.095	0.232	0.197	0.145
01/08/25 18:00	0.271	0.270	0.258	0.246	0.312	0.127	0.229	0.137	0.235	0.197	0.145
01/08/25 19:00	0.270	0.271	0.258	0.285	0.365	0.161	0.253	0.179	0.241	0.212	0.212
01/08/25 20:00	0.270	0.268	0.258	0.330	0.403	0.180	0.289	0.212	0.235	0.212	0.212
01/08/25 21:00	0.270	0.264	0.257	0.346	0.405	0.203	0.313	0.221	0.235	0.197	0.155
01/08/25 22:00	0.265	0.261	0.255	0.342	0.402	0.209	0.321	0.222	0.234	0.212	0.212
01/08/25 23:00	0.262	0.259	0.254	0.337	0.397	0.213	0.312	0.234	0.228	0.207	0.207
02/08/25 00:00	0.262	0.258	0.253	0.328	0.390	0.210	0.308	0.212	0.228	0.197	0.145
02/08/25 01:00	0.262	0.257	0.252	0.321	0.383	0.205	0.312	0.175	0.228	0.197	0.145
02/08/25 02:00	0.261	0.256	0.252	0.327	0.384	0.205	0.317	0.145	0.228	0.197	0.145
02/08/25 03:00	0.261	0.256	0.252	0.338	0.372	0.207	0.325	0.126	0.228	0.197	0.145
02/08/25 04:00	0.262	0.257	0.252	0.346	0.359	0.189	0.327	0.129	0.228	0.197	0.145
02/08/25 05:00	0.265	0.260	0.251	0.340	0.345	0.182	0.324	0.127	0.228	0.141	0.141
02/08/25 06:00	0.269	0.261	0.249	0.328	0.310	0.162	0.284	0.111	0.205	0.145	0.145
02/08/25 07:00	0.271	0.263	0.252	0.289	0.259	0.136	0.222	0.080	0.104	0.120	0.120
02/08/25 08:00	0.271	0.264	0.253	0.247	0.197	0.127	0.158	0.064	0.094	0.107	0.114
02/08/25 09:00	0.271	0.263	0.253	0.217	0.145	0.098	0.089	0.053	0.072	0.072	0.072
02/08/25 10:00	0.271	0.261	0.253	0.213	0.109	0.074	0.070	0.047	0.072	0.072	0.072
02/08/25 11:00	0.270	0.260	0.247	0.196	0.091	0.051	0.069	0.041	0.072	0.072	0.072
02/08/25 12:00	0.270	0.259	0.247	0.186	0.083	0.041	0.058	0.037	0.072	0.072	0.072
02/08/25 13:00	0.270	0.259	0.249	0.191	0.084	0.035	0.061	0.037	0.072	0.072	0.072
02/08/25 14:00	0.269	0.259	0.248	0.186	0.092	0.034	0.061	0.042	0.072	0.072	0.081
02/08/25 15:00	0.270	0.258	0.248	0.197	0.111	0.037	0.073	0.044	0.072	0.114	0.114
02/08/25 16:00	0.271	0.260	0.250	0.219	0.132	0.047	0.110	0.052	0.110	0.112	0.120
02/08/25 17:00	0.272	0.262	0.253	0.265	0.162	0.060	0.185	0.089	0.202	0.145	0.145
02/08/25 18:00	0.273	0.263	0.255	0.297	0.201	0.072	0.248	0.118	0.228	0.145	0.145
02/08/25 19:00	0.272	0.263	0.256	0.345	0.249	0.100	0.303	0.158	0.197	0.142	0.142
02/08/25 20:00	0.272	0.262	0.257	0.378	0.292	0.109	0.338	0.196	0.146	0.141	0.141
02/08/25 21:00	0.271	0.261	0.258	0.384	0.318	0.101	0.337	0.208	0.226	0.176	0.219
02/08/25 22:00	0.266	0.259	0.256	0.385	0.331	0.105	0.327	0.204	0.120	0.141	0.145
02/08/25 23:00	0.265	0.258	0.253	0.383	0.324	0.100	0.312	0.159	0.120	0.145	0.145
03/08/25 00:00	0.264	0.257	0.252	0.378	0.324	0.090	0.288	0.116	0.120	0.145	0.145
03/08/25 01:00	0.263	0.257	0.252	0.380	0.328	0.093	0.273	0.094	0.120	0.141	0.141
03/08/25 02:00	0.263	0.257	0.252	0.384	0.339	0.099	0.267	0.085	0.120	0.141	0.141
03/08/25 03:00	0.263	0.255	0.252	0.386	0.339	0.094	0.268	0.082	0.112	0.141	0.141
03/08/25 04:00	0.264	0.257	0.253	0.389	0.338	0.091	0.267	0.080	0.112	0.141	0.141
03/08/25 05:00	0.268	0.257	0.256	0.387	0.338	0.095	0.249	0.092	0.120	0.141	0.141
03/08/25 06:00	0.273	0.258	0.258	0.368	0.304	0.097	0.201	0.105	0.112	0.120	0.120
03/08/25 07:00	0.273	0.258	0.259	0.330	0.249	0.086	0.124	0.081	0.104	0.114	0.120
03/08/25 08:00	0.273	0.258	0.260	0.285	0.191	0.075	0.082	0.059	0.072	0.072	0.072
03/08/25 09:00	0.273	0.257	0.259	0.264	0.141	0.058	0.064	0.042	0.072	0.072	0.081
03/08/25 10:00	0.273	0.257	0.259	0.276	0.106	0.048	0.053	0.035	0.072	0.072	0.072
03/08/25 11:00	0.273	0.256	0.259	0.270	0.085	0.044	0.049	0.033	0.072	0.072	0.072
03/08/25 12:00	0.273	0.255	0.259	0.256	0.079	0.044	0.048	0.032	0.072	0.072	0.081
03/08/25 13:00	0.273	0.254	0.258	0.259	0.086	0.044	0.046	0.031	0.072	0.072	0.112
03/08/25 14:00	0.270	0.254	0.257	0.270	0.099	0.044	0.049	0.033	0.072	0.072	0.112
03/08/25 15:00	0.271	0.254	0.258	0.270	0.114	0.051	0.052	0.036	0.072	0.107	0.114
03/08/25 16:00	0.273	0.256	0.259	0.280	0.153	0.070	0.078	0.032	0.104	0.112	0.120
03/08/25 17:00	0.273	0.258	0.260	0.300	0.213	0.108	0.130	0.040	0.183	0.120	0.145
03/08/25 18:00	0.276	0.259	0.261	0.336	0.282	0.157	0.182	0.067	0.228	0.142	0.142
03/08/25 19:00	0.273	0.259	0.260	0.362	0.347	0.192	0.197	0.084	0.228	0.112	0.145
03/08/25 20:00	0.273	0.259	0.260	0.385	0.389	0.234	0.229	0.096	0.228	0.145	0.145
03/08/25 21:00	0.272	0.260	0.259	0.390	0.397	0.256	0.256	0.107	0.228	0.145	0.145
03/08/25 22:00	0.268	0.258	0.256	0.391	0.400	0.257	0.257	0.111	0.226	0.120	0.120
03/08/25 23:00	0.266	0.258	0.255	0.391	0.401	0.259	0.268	0.121	0.221	0.120	0.145
04/08/25 00:00	0.264	0.256	0.253	0.390	0.402	0.250	0.260	0.124	0.223	0.141	0.141
04/08/25 01:00	0.263	0.256	0.252	0.392	0.401	0.256	0.240	0.126	0.226	0.120	0.141
04/08/25 02:00	0.263	0.257	0.251	0.393	0.405	0.263	0.216	0.146	0.170	0.120	0.141
04/08/25 03:00	0.263	0.257	0.251	0.394	0.401	0.265	0.196	0.185	0.120	0.141	0.141
04/08/25 04:00	0.263	0.256	0.253	0.393	0.395	0.266	0.194	0.230	0.120	0.145	0.145
04/08/25 05:00	0.264	0.257	0.254	0.389	0.393	0.266	0.184	0.260	0.112	0.120	0.145
04/08/25 06:00	0.264	0.256	0.257	0.368	0.377	0.255	0.146	0.216	0.112	0.112	0.120
04/08/25 07:00	0.266	0.255	0.258	0.320	0.337	0.232	0.103	0.169	0.104	0.112	0.120
04/08/25 08:00	0.267	0.254	0.258	0.271	0.282	0.189	0.075	0.122	0.072	0.114	0.120
04/08/25 09:00	0.265	0.253	0.256	0.229	0.228	0.166	0.061	0.063	0.072	0.120	0.114
04/08/25 10:00	0.264	0.253	0.255	0.215	0.197	0.134	0.058	0.037	0.072	0.095	0.112
04/08/25 11:00	0.264	0.253	0.254	0.209	0.200	0.104	0.058	0.031	0.072	0.112	0.114
04/08/25 12:00	0.263	0.253	0.255	0.219	0.212	0.090	0.069	0.026	0.072	0.107	0.114
04/08/25 13:00	0.262	0.253	0.253	0.224	0.190	0.091	0.063	0.025	0.072	0.112	0.114
04/08/25 14:00	0.261	0.253	0.253	0.237	0.177	0.088	0.063	0.027	0.072	0.112	0.120
04/08/25 15:00	0.261	0.254	0.253	0.261	0.176	0.101	0.064	0.031	0.094	0.112	0.120
04/08/25 16:00	0.263	0.256	0.258	0.286	0.205	0.127	0.081	0.034	0.112	0.120	0.120
04/08/25 17:00	0.265	0.258	0.259	0.305	0.249	0.164	0.114	0.040	0.226	0.155	0.145
04/08/25 18:00	0.267	0.260	0.259	0.334	0.296	0.209	0.188	0.050	0.228	0.155	0.145
04/08/25 19:00	0.266	0.261	0.259	0.361	0.339	0.269	0.288	0.052	0.232	0.180	0.145
04/08/25 20:00	0.265	0.262	0.259	0.385	0.375	0.327	0.327	0.054	0.232	0.180	0.145
04/08/25 21:00	0.271	0.262	0.259	0.390	0.386	0.339	0.330	0.069	0.228	0.155	0.145
04/08/25 22:00	0.263	0.260	0.254	0.387	0.392	0.340	0.319	0.083	0.228	0.155	0.145
04/08/25 23:00	0.264	0.258	0.254	0.387	0.399	0.342	0.311	0.089	0.226	0.155	0.145
05/08/25 00:00	0.264	0.255	0.251	0.391	0.404	0.342	0.299	0.083	0.228	0.197	0.155
05/08/25 01:00	0.263	0.255	0.249	0.391	0.405	0.341	0.299	0.076	0.228	0.197	0.155
05/08/25 02:00	0.262	0.254	0.249	0.389	0.402	0.340	0.294	0.074	0.226	0.155	0.145
05/08/25 03:00	0.262	0.254	0.249	0.392	0.401	0.331	0.297	0.074	0.226	0.155	0.145
05/08/25 04:00	0.261	0.255	0.250	0.392	0.404	0.320	0.309	0.077	0.215	0.155	0.145
05/08/25 05:00	0.261	0.259	0.253	0.391	0.404	0.314	0.322	0.079	0.202	0.141	0.141
05/08/25 06:00	0.262	0.263	0.255	0.375	0.381	0.277	0.290	0.071	0.120	0.145	0.145
05/08/25 07:00	0.263	0.263	0.255	0.347	0.314	0.208	0.241	0.049	0.104	0.112	0.120
05/08/25 08:00	0.263	0.264	0.249	0.304	0.263	0.138	0.160	0.033	0.072	0.112	0.120
05/08/25 09:00	0.262	0.264	0.249	0.253	0.226	0.087	0.090	0.029	0.072	0.112	0.120
05/08/25 10:00	0.261	0.263	0.248	0.230	0.206	0.068	0.064	0.027	0.072	0.107	0.120
05/08/25 11:00	0.262	0.261	0.248	0.209	0.182	0.067	0.055	0.027	0.072	0.107	0.114
05/08/25 12:00	0.262	0.261	0.248	0.200	0.149	0.077	0.049	0.027	0.072	0.107	0.114
05/08/25 13:00	0.262	0.258	0.248	0.205	0.134	0.102	0.049	0.033	0.072	0.112	0.120
05/08/25 14:00	0.262	0.258	0.249	0.214	0.125	0.110	0.050	0.036	0.072	0.112	0.120
05/08/25 15:00	0.262	0.258	0.250	0.226	0.138	0.131	0.063	0.038	0.094	0.120	0.120
05/08/25 16:00	0.263	0.259	0.254	0.252	0.160	0.179	0.108	0.042	0.104	0.145	0.145
05/08/25 17:00	0.265	0.260	0.259	0.279	0.182	0.202	0.179	0.053	0.228	0.197	0.207
05/08/25 18:00	0.269	0.264	0.260	0.317	0.224	0.249	0.254	0.081	0.232	0.219	0.219
05/08/25 19:00	0.271	0.265	0.260	0.343	0.291	0.274	0.318	0.116	0.235	0.219	0.219
05/08/25 20:00	0.271	0.263	0.260	0.353	0.365	0.281	0.355	0.140	0.235	0.219	0.219
05/08/25 21:00	0.272	0.261	0.260	0.318	0.390	0.287	0.356	0.139	0.234	0.219	0.219
05/08/25 22:00	0.270	0.259	0.257	0.302	0.400	0.270	0.356	0.126	0.235	0.234	0.234
05/08/25 23:00	0.264	0.258	0.251	0.255	0.404	0.245	0.355	0.109	0.228	0.234	0.234
06/08/25 00:00	0.263	0.257	0.250	0.231	0.408	0.220	0.350	0.109	0.228	0.234	0.155
06/08/25 01:00	0.262	0.256	0.250	0.231	0.409	0.208	0.334	0.117	0.226	0.219	0.219
06/08/25 02:00	0.262	0.256	0.250	0.227	0.408	0.192	0.312	0.115	0.228	0.219	0.219
06/08/25 03:00	0.261	0.256	0.251	0.223	0.404	0.180	0.306	0.126	0.226	0.197	0.219
06/08/25 04:00	0.262	0.257	0.253	0.230	0.408	0.170	0.315	0.156	0.228	0.219	0.219
06/08/25 05:00	0.266	0.258	0.255	0.234	0.401	0.163	0.317	0.188	0.232	0.219	0.219
06/08/25 06:00	0.271	0.260	0.257	0.229	0.353	0.155	0.273	0.156	0.228	0.219	0.219
06/08/25 07:00	0.272	0.261	0.258	0.221	0.278	0.140	0.185	0.110	0.226	0.197	0.219
06/08/25 08:00	0.272	0.261	0.258	0.190	0.213	0.123	0.101	0.063	0.170	0.197	0.145
06/08/25 09:00	0.271	0.260	0.251	0.148	0.181	0.116	0.066	0.052	0.112	0.145	0.145
06/08/25 10:00	0.270	0.259	0.249	0.124	0.163	0.098	0.055	0.049	0.112	0.145	0.145
06/08/25 11:00	0.269	0.259	0.249	0.118	0.134	0.090	0.049	0.049	0.112	0.120	0.141
06/08/25 12:00	0.268	0.258	0.249	0.111	0.128	0.089	0.049	0.044	0.110	0.145	0.145
06/08/25 13:00	0.268	0.258	0.249	0.114	0.121	0.080	0.050	0.047	0.110	0.145	0.145
06/08/25 14:00	0.270	0.258	0.250	0.115	0.128	0.079	0.055	0.049	0.120	0.145	0.145
06/08/25 15:00	0.272	0.259	0.256	0.118	0.156	0.078	0.068	0.052	0.223	0.191	0.145
06/08/25 16:00	0.274	0.261	0.259	0.126	0.187	0.075	0.108	0.092	0.228	0.197	0.219
06/08/25 17:00	0.277	0.263	0.260	0.142	0.226	0.079	0.184	0.170	0.241	0.219	0.219
06/08/25 18:00	0.283	0.266	0.265	0.176	0.279	0.090	0.251	0.265	0.281	0.219	0.219
06/08/25 19:00	0.279	0.265	0.263	0.204	0.350	0.112	0.289	0.354	0.250	0.234	0.219
06/08/25 20:00	0.275	0.265	0.260	0.225	0.404	0.124	0.319	0.397	0.241	0.234	0.219
06/08/25 21:00	0.274	0.263	0.259	0.226	0.415	0.122	0.328	0.398	0.241	0.315	0.315
06/08/25 22:00	0.271	0.259	0.257	0.222	0.419	0.119	0.333	0.395	0.234	0.234	0.234
06/08/25 23:00	0.267	0.257	0.256	0.215	0.422	0.098	0.332	0.390	0.230	0.234	0.234
07/08/25 00:00	0.265	0.255	0.254	0.210	0.424	0.088	0.326	0.381	0.228	0.219	0.234
07/08/25 01:00	0.264	0.255	0.254	0.207	0.425	0.086	0.325	0.368	0.197	0.234	0.207
07/08/25 02:00	0.263	0.254	0.253	0.211	0.426	0.082	0.324	0.353	0.197	0.207	0.207
07/08/25 03:00	0.263	0.254	0.253	0.219	0.426	0.081	0.336	0.350	0.120	0.219	0.219
07/08/25 04:00	0.264	0.255	0.254	0.225	0.425	0.084	0.341	0.355	0.197	0.191	0.155
07/08/25 05:00	0.267	0.257	0.256	0.237	0.419	0.094	0.349	0.355	0.187	0.145	0.145
07/08/25 06:00	0.274	0.260	0.258	0.231	0.360	0.094	0.326	0.314	0.120	0.145	0.145
07/08/25 07:00	0.276	0.261	0.258	0.199	0.261	0.079	0.291	0.228	0.120	0.120	0.120
07/08/25 08:00	0.274	0.261	0.258	0.166	0.179	0.059	0.210	0.123	0.104	0.114	0.114
07/08/25 09:00	0.273	0.261	0.257	0.136	0.139	0.044	0.147	0.055	0.072	0.095	0.120
07/08/25 10:00	0.272	0.261	0.253	0.122	0.119	0.039	0.149	0.042	0.072	0.114	0.120
07/08/25 11:00	0.272	0.260	0.250	0.117	0.109	0.037	0.103	0.039	0.072	0.072	0.095
07/08/25 12:00	0.271	0.259	0.249	0.114	0.102	0.036	0.082	0.036	0.072	0.072	0.095
07/08/25 13:00	0.271	0.258	0.250	0.131	0.101	0.037	0.068	0.039	0.072	0.095	0.112
07/08/25 14:00	0.272	0.257	0.254	0.148	0.107	0.036	0.056	0.042	0.072	0.095	0.112
07/08/25 15:00	0.273	0.257	0.256	0.164	0.126	0.042	0.058	0.044	0.072	0.112	0.114
07/08/25 16:00	0.276	0.258	0.259	0.203	0.165	0.051	0.069	0.067	0.104	0.114	0.114
07/08/25 17:00	0.278	0.260	0.261	0.233	0.213	0.067	0.124	0.147	0.120	0.120	0.120
07/08/25 18:00	0.278	0.260	0.264	0.254	0.267	0.100	0.193	0.216	0.120	0.112	0.120
07/08/25 19:00	0.278	0.260	0.262	0.258	0.334	0.152	0.247	0.252	0.120	0.112	0.120
07/08/25 20:00	0.274	0.260	0.261	0.264	0.402	0.189	0.277	0.272	0.120	0.112	0.120
07/08/25 21:00	0.272	0.259	0.260	0.249	0.417	0.194	0.287	0.279	0.120	0.114	0.114
07/08/25 22:00	0.267	0.258	0.257	0.237	0.420	0.190	0.292	0.277	0.112	0.114	0.120
07/08/25 23:00	0.262	0.255	0.258	0.207	0.421	0.170	0.302	0.266	0.104	0.114	0.114
08/08/25 00:00	0.262	0.255	0.255	0.195	0.420	0.150	0.312	0.262	0.112	0.114	0.120
08/08/25 01:00	0.261	0.253	0.254	0.189	0.421	0.154	0.316	0.259	0.112	0.120	0.120
08/08/25 02:00	0.261	0.252	0.254	0.187	0.421	0.159	0.306	0.259	0.112	0.120	0.114
08/08/25 03:00	0.261	0.253	0.253	0.185	0.421	0.155	0.300	0.274	0.104	0.114	0.114
08/08/25 04:00	0.262	0.254	0.254	0.177	0.420	0.159	0.309	0.276	0.104	0.114	0.114
08/08/25 05:00	0.264	0.256	0.254	0.175	0.411	0.165	0.317	0.291	0.104	0.114	0.114
08/08/25 06:00	0.268	0.259	0.255	0.156	0.370	0.145	0.304	0.291	0.112	0.120	0.120
08/08/25 07:00	0.271	0.259	0.255	0.143	0.299	0.091	0.245	0.248	0.072	0.095	0.095
08/08/25 08:00	0.271	0.258	0.255	0.121	0.237	0.064	0.170	0.165	0.072	0.072	0.072
08/08/25 09:00	0.268	0.255	0.254	0.112	0.197	0.054	0.103	0.079	0.072	0.072	0.072
08/08/25 10:00	0.266	0.254	0.253	0.093	0.185	0.049	0.081	0.057	0.072	0.072	0.072
08/08/25 11:00	0.266	0.253	0.250	0.090	0.176	0.046	0.056	0.046	0.072	0.072	0.072
08/08/25 12:00	0.265	0.253	0.249	0.084	0.171	0.040	0.051	0.042	0.072	0.072	0.072
08/08/25 13:00	0.263	0.253	0.250	0.083	0.169	0.039	0.047	0.042	0.072	0.072	0.072
08/08/25 14:00	0.264	0.253	0.253	0.084	0.166	0.040	0.048	0.048	0.072	0.072	0.072
08/08/25 15:00	0.266	0.254	0.253	0.083	0.186	0.045	0.052	0.061	0.072	0.072	0.072
08/08/25 16:00	0.270	0.257	0.255	0.091	0.211	0.068	0.086	0.108	0.072	0.072	0.072
08/08/25 17:00	0.271	0.258	0.258	0.105	0.236	0.105	0.165	0.204	0.120	0.141	0.120
08/08/25 18:00	0.272	0.260	0.259	0.135	0.275	0.154	0.214	0.289	0.226	0.141	0.141
08/08/25 19:00	0.272	0.260	0.259	0.149	0.328	0.205	0.254	0.357	0.226	0.141	0.141
08/08/25 20:00	0.272	0.260	0.259	0.149	0.369	0.241	0.258	0.402	0.197	0.141	0.141
08/08/25 21:00	0.272	0.260	0.258	0.153	0.376	0.257	0.233	0.406	0.226	0.141	0.141
08/08/25 22:00	0.271	0.258	0.255	0.158	0.385	0.266	0.206	0.407	0.226	0.141	0.141
08/08/25 23:00	0.264	0.256	0.255	0.169	0.393	0.259	0.158	0.406	0.226	0.141	0.141
09/08/25 00:00	0.262	0.256	0.254	0.176	0.394	0.258	0.097	0.407	0.202	0.141	0.141
09/08/25 01:00	0.262	0.254	0.253	0.183	0.402	0.259	0.075	0.408	0.197	0.141	0.141
09/08/25 02:00	0.261	0.253	0.252	0.193	0.405	0.259	0.062	0.407	0.148	0.141	0.141
09/08/25 03:00	0.261	0.252	0.252	0.203	0.408	0.263	0.060	0.397	0.197	0.141	0.141
09/08/25 04:00	0.263	0.253	0.252	0.213	0.412	0.272	0.061	0.383	0.197	0.141	0.141
09/08/25 05:00	0.267	0.260	0.251	0.231	0.407	0.278	0.058	0.366	0.197	0.141	0.141
09/08/25 06:00	0.271	0.263	0.251	0.243	0.361	0.240	0.057	0.279	0.226	0.141	0.141
09/08/25 07:00	0.271	0.263	0.252	0.207	0.290	0.190	0.056	0.148	0.120	0.120	0.120
09/08/25 08:00	0.271	0.260	0.251	0.160	0.230	0.133	0.053	0.066	0.112	0.120	0.120
09/08/25 09:00	0.271	0.259	0.252	0.134	0.185	0.088	0.050	0.043	0.072	0.120	0.120
09/08/25 10:00	0.271	0.259	0.251	0.122	0.157	0.072	0.048	0.035	0.110	0.120	0.120
09/08/25 11:00	0.270	0.258	0.249	0.123	0.139	0.065	0.045	0.033	0.104	0.120	0.120
09/08/25 12:00	0.268	0.258	0.249	0.122	0.129	0.056	0.040	0.030	0.104	0.120	0.120
09/08/25 13:00	0.267	0.259	0.250	0.126	0.126	0.049	0.036	0.029	0.072	0.120	0.120
09/08/25 14:00	0.266	0.258	0.251	0.135	0.133	0.049	0.034	0.029	0.104	0.120	0.120
09/08/25 15:00	0.266	0.257	0.253	0.142	0.143	0.060	0.037	0.032	0.104	0.120	0.120
09/08/25 16:00	0.267	0.258	0.254	0.158	0.168	0.090	0.047	0.034	0.194	0.141	0.142
09/08/25 17:00	0.268	0.260	0.256	0.197	0.199	0.156	0.064	0.071	0.228	0.155	0.145
09/08/25 18:00	0.267	0.261	0.259	0.230	0.231	0.231	0.119	0.150	0.245	0.207	0.207
09/08/25 19:00	0.265	0.258	0.259	0.262	0.284	0.301	0.218	0.217	0.241	0.155	0.145
09/08/25 20:00	0.264	0.257	0.258	0.287	0.337	0.344	0.265	0.276	0.235	0.155	0.145
09/08/25 21:00	0.263	0.256	0.256	0.291	0.346	0.348	0.273	0.278	0.237	0.155	0.145
09/08/25 22:00	0.261	0.255	0.252	0.297	0.346	0.347	0.259	0.278	0.233	0.155	0.145
09/08/25 23:00	0.260	0.256	0.254	0.285	0.353	0.348	0.236	0.280	0.233	0.207	0.207
10/08/25 00:00	0.260	0.256	0.253	0.270	0.354	0.339	0.226	0.272	0.235	0.207	0.207
10/08/25 01:00	0.260	0.253	0.253	0.271	0.367	0.334	0.226	0.274	0.233	0.207	0.207
10/08/25 02:00	0.258	0.251	0.252	0.268	0.375	0.336	0.215	0.272	0.231	0.197	0.207
10/08/25 03:00	0.259	0.248	0.252	0.269	0.378	0.335	0.201	0.264	0.230	0.197	0.207
10/08/25 04:00	0.259	0.248	0.253	0.289	0.384	0.336	0.206	0.261	0.233	0.197	0.212
10/08/25 05:00	0.263	0.249	0.257	0.301	0.388	0.337	0.215	0.266	0.228	0.155	0.145
10/08/25 06:00	0.264	0.252	0.259	0.304	0.350	0.304	0.162	0.176	0.228	0.155	0.145
10/08/25 07:00	0.266	0.256	0.259	0.290	0.282	0.240	0.107	0.087	0.197	0.141	0.142
10/08/25 08:00	0.265	0.256	0.259	0.266	0.226	0.184	0.069	0.059	0.120	0.120	0.120
10/08/25 09:00	0.265	0.253	0.259	0.239	0.185	0.146	0.054	0.044	0.072	0.120	0.120
10/08/25 10:00	0.264	0.253	0.258	0.217	0.158	0.120	0.040	0.037	0.072	0.120	0.120
10/08/25 11:00	0.263	0.252	0.251	0.200	0.140	0.095	0.035	0.033	0.072	0.114	0.145
10/08/25 12:00	0.261	0.251	0.250	0.196	0.132	0.085	0.030	0.032	0.104	0.114	0.120
10/08/25 13:00	0.261	0.249	0.251	0.184	0.134	0.080	0.030	0.032	0.072	0.120	0.120
10/08/25 14:00	0.261	0.247	0.256	0.194	0.137	0.091	0.033	0.033	0.110	0.112	0.141
10/08/25 15:00	0.263	0.251	0.258	0.203	0.150	0.110	0.041	0.039	0.112	0.141	0.142
10/08/25 16:00	0.265	0.254	0.260	0.232	0.179	0.145	0.055	0.056	0.202	0.145	0.145
10/08/25 17:00	0.268	0.253	0.262	0.267	0.214	0.202	0.089	0.136	0.228	0.145	0.145
10/08/25 18:00	0.269	0.255	0.265	0.311	0.252	0.267	0.165	0.238	0.235	0.155	0.145
10/08/25 19:00	0.269	0.256	0.262	0.357	0.306	0.320	0.241	0.313	0.233	0.155	0.145
10/08/25 20:00	0.268	0.255	0.260	0.384	0.343	0.347	0.287	0.362	0.233	0.155	0.145
10/08/25 21:00	0.267	0.255	0.259	0.385	0.346	0.342	0.306	0.369	0.231	0.155	0.145
10/08/25 22:00	0.265	0.255	0.254	0.386	0.351	0.334	0.313	0.368	0.226	0.155	0.145
10/08/25 23:00	0.263	0.252	0.256	0.387	0.350	0.326	0.315	0.371	0.228	0.189	0.145
11/08/25 00:00	0.261	0.250	0.255	0.389	0.359	0.317	0.318	0.369	0.197	0.189	0.155
11/08/25 01:00	0.261	0.247	0.254	0.389	0.369	0.313	0.321	0.366	0.170	0.189	0.155
11/08/25 02:00	0.259	0.246	0.253	0.384	0.378	0.314	0.323	0.367	0.197	0.189	0.155
11/08/25 03:00	0.259	0.246	0.254	0.380	0.383	0.311	0.326	0.370	0.197	0.189	0.155
11/08/25 04:00	0.259	0.246	0.255	0.380	0.393	0.308	0.324	0.372	0.213	0.189	0.155
11/08/25 05:00	0.259	0.246	0.257	0.380	0.395	0.303	0.317	0.373	0.211	0.155	0.145
11/08/25 06:00	0.261	0.249	0.259	0.358	0.359	0.274	0.231	0.332	0.120	0.189	0.145
11/08/25 07:00	0.263	0.253	0.259	0.322	0.289	0.223	0.128	0.257	0.104	0.120	0.120
11/08/25 08:00	0.262	0.254	0.259	0.281	0.232	0.151	0.086	0.151	0.072	0.120	0.114
11/08/25 09:00	0.261	0.253	0.257	0.259	0.194	0.092	0.068	0.065	0.095	0.112	0.120
11/08/25 10:00	0.262	0.253	0.252	0.221	0.165	0.066	0.055	0.039	0.072	0.120	0.120
11/08/25 11:00	0.263	0.254	0.249	0.196	0.148	0.055	0.047	0.034	0.072	0.112	0.120
11/08/25 12:00	0.262	0.254	0.250	0.185	0.136	0.052	0.046	0.033	0.072	0.120	0.120
11/08/25 13:00	0.261	0.254	0.250	0.185	0.132	0.053	0.047	0.034	0.072	0.114	0.120
11/08/25 14:00	0.260	0.255	0.250	0.202	0.140	0.062	0.050	0.038	0.072	0.120	0.120
11/08/25 15:00	0.261	0.254	0.258	0.217	0.158	0.086	0.054	0.069	0.072	0.114	0.120
11/08/25 16:00	0.266	0.255	0.259	0.246	0.192	0.137	0.062	0.138	0.112	0.145	0.145
11/08/25 17:00	0.264	0.256	0.259	0.289	0.230	0.196	0.106	0.224	0.226	0.145	0.145
11/08/25 18:00	0.267	0.258	0.262	0.330	0.270	0.245	0.178	0.281	0.228	0.155	0.145
11/08/25 19:00	0.268	0.259	0.259	0.370	0.316	0.276	0.229	0.333	0.228	0.155	0.145
11/08/25 20:00	0.269	0.260	0.259	0.390	0.346	0.296	0.256	0.352	0.228	0.145	0.145
11/08/25 21:00	0.269	0.259	0.256	0.392	0.349	0.305	0.254	0.353	0.226	0.155	0.145
11/08/25 22:00	0.268	0.257	0.251	0.390	0.352	0.309	0.231	0.349	0.202	0.165	0.145
11/08/25 23:00	0.263	0.253	0.251	0.389	0.361	0.309	0.207	0.338	0.197	0.145	0.145
12/08/25 00:00	0.261	0.253	0.250	0.388	0.367	0.298	0.189	0.324	0.197	0.145	0.145
12/08/25 01:00	0.260	0.253	0.250	0.387	0.369	0.288	0.186	0.319	0.197	0.145	0.145
12/08/25 02:00	0.260	0.252	0.250	0.381	0.378	0.289	0.189	0.332	0.197	0.145	0.145
12/08/25 03:00	0.259	0.252	0.251	0.379	0.381	0.288	0.193	0.349	0.199	0.145	0.145
12/08/25 04:00	0.259	0.253	0.254	0.378	0.385	0.288	0.192	0.349	0.197	0.145	0.142
12/08/25 05:00	0.259	0.256	0.256	0.376	0.387	0.289	0.199	0.364	0.197	0.145	0.142
12/08/25 06:00	0.259	0.258	0.258	0.356	0.358	0.278	0.171	0.340	0.120	0.145	0.145
12/08/25 07:00	0.259	0.258	0.259	0.319	0.295	0.257	0.117	0.285	0.104	0.120	0.145
12/08/25 08:00	0.259	0.258	0.259	0.269	0.241	0.234	0.079	0.221	0.104	0.120	0.145
12/08/25 09:00	0.259	0.257	0.256	0.224	0.197	0.194	0.055	0.123	0.095	0.120	0.141
12/08/25 10:00	0.259	0.258	0.252	0.198	0.169	0.137	0.046	0.066	0.095	0.120	0.141
12/08/25 11:00	0.259	0.257	0.249	0.175	0.147	0.097	0.041	0.054	0.095	0.120	0.141
12/08/25 12:00	0.257	0.257	0.250	0.180	0.134	0.068	0.043	0.047	0.095	0.120	0.141
12/08/25 13:00	0.258	0.257	0.250	0.198	0.136	0.056	0.048	0.046	0.080	0.120	0.141
12/08/25 14:00	0.257	0.257	0.253	0.205	0.145	0.051	0.052	0.051	0.104	0.120	0.141
12/08/25 15:00	0.261	0.256	0.255	0.235	0.164	0.055	0.065	0.078	0.095	0.120	0.120
12/08/25 16:00	0.260	0.261	0.259	0.274	0.195	0.064	0.103	0.154	0.104	0.120	0.145
12/08/25 17:00	0.264	0.267	0.263	0.319	0.230	0.097	0.163	0.234	0.120	0.120	0.120
12/08/25 18:00	0.267	0.272	0.267	0.353	0.273	0.137	0.228	0.295	0.120	0.120	0.120
12/08/25 19:00	0.269	0.272	0.261	0.372	0.326	0.182	0.289	0.357	0.120	0.120	0.145
12/08/25 20:00	0.270	0.269	0.259	0.383	0.352	0.208	0.308	0.378	0.120	0.120	0.120
12/08/25 21:00	0.269	0.261	0.257	0.384	0.355	0.214	0.303	0.382	0.112	0.120	0.133
12/08/25 22:00	0.267	0.257	0.253	0.383	0.357	0.212	0.288	0.391	0.112	0.120	0.145
12/08/25 23:00	0.264	0.256	0.252	0.379	0.368	0.193	0.270	0.403	0.112	0.120	0.145
13/08/25 00:00	0.262	0.256	0.252	0.378	0.383	0.166	0.256	0.414	0.112	0.112	0.120
13/08/25 01:00	0.261	0.255	0.250	0.379	0.391	0.156	0.267	0.420	0.112	0.112	0.120
13/08/25 02:00	0.261	0.255	0.250	0.375	0.395	0.157	0.280	0.426	0.120	0.112	0.120
13/08/25 03:00	0.261	0.255	0.250	0.362	0.399	0.157	0.292	0.428	0.120	0.120	0.145
13/08/25 04:00	0.262	0.255	0.250	0.355	0.405	0.155	0.316	0.426	0.112	0.112	0.120
13/08/25 05:00	0.265	0.260	0.255	0.355	0.406	0.165	0.324	0.422	0.120	0.112	0.145
13/08/25 06:00	0.269	0.264	0.257	0.334	0.368	0.155	0.284	0.375	0.120	0.120	0.145
13/08/25 07:00	0.269	0.263	0.257	0.303	0.293	0.119	0.222	0.308	0.094	0.112	0.114
13/08/25 08:00	0.269	0.259	0.259	0.266	0.230	0.085	0.158	0.238	0.072	0.072	0.112
13/08/25 09:00	0.269	0.258	0.259	0.218	0.190	0.072	0.110	0.145	0.072	0.072	0.081
13/08/25 10:00	0.269	0.257	0.255	0.177	0.161	0.067	0.085	0.081	0.072	0.107	0.114
13/08/25 11:00	0.269	0.255	0.257	0.150	0.130	0.064	0.071	0.062	0.072	0.095	0.095
13/08/25 12:00	0.268	0.254	0.256	0.136	0.111	0.071	0.067	0.060	0.072	0.095	0.095
13/08/25 13:00	0.267	0.254	0.255	0.133	0.114	0.071	0.066	0.063	0.072	0.112	0.114
13/08/25 14:00	0.266	0.254	0.258	0.132	0.138	0.080	0.071	0.081	0.072	0.072	0.081
13/08/25 15:00	0.267	0.256	0.258	0.134	0.167	0.086	0.090	0.136	0.072	0.072	0.112
13/08/25 16:00	0.268	0.258	0.260	0.158	0.200	0.098	0.142	0.230	0.094	0.112	0.112
13/08/25 17:00	0.268	0.258	0.263	0.190	0.246	0.150	0.205	0.292	0.104	0.120	0.120
13/08/25 18:00	0.269	0.262	0.265	0.213	0.294	0.214	0.253	0.352	0.120	0.120	0.120
13/08/25 19:00	0.268	0.263	0.263	0.259	0.351	0.266	0.314	0.396	0.112	0.112	0.120
13/08/25 20:00	0.268	0.262	0.261	0.295	0.375	0.301	0.336	0.424	0.112	0.112	0.120
13/08/25 21:00	0.267	0.260	0.260	0.305	0.376	0.306	0.318	0.429	0.112	0.120	0.120
13/08/25 22:00	0.264	0.257	0.257	0.300	0.378	0.305	0.310	0.429	0.112	0.112	0.120
13/08/25 23:00	0.263	0.255	0.256	0.287	0.377	0.293	0.315	0.428	0.112	0.112	0.120
14/08/25 00:00	0.262	0.254	0.255	0.263	0.371	0.286	0.325	0.424	0.112	0.112	0.120
14/08/25 01:00	0.262	0.253	0.254	0.256	0.362	0.290	0.337	0.418	0.112	0.112	0.120
14/08/25 02:00	0.261	0.253	0.254	0.262	0.361	0.300	0.353	0.414	0.112	0.120	0.120
14/08/25 03:00	0.261	0.254	0.254	0.268	0.376	0.308	0.357	0.421	0.112	0.120	0.120
14/08/25 04:00	0.263	0.254	0.255	0.272	0.385	0.315	0.367	0.406	0.112	0.120	0.120
14/08/25 05:00	0.265	0.258	0.255	0.278	0.391	0.313	0.363	0.411	0.112	0.120	0.120
14/08/25 06:00	0.269	0.262	0.256	0.261	0.358	0.283	0.336	0.401	0.104	0.112	0.120
14/08/25 07:00	0.270	0.261	0.255	0.218	0.284	0.254	0.279	0.356	0.094	0.107	0.112
14/08/25 08:00	0.270	0.258	0.255	0.177	0.223	0.194	0.208	0.255	0.072	0.072	0.081
14/08/25 09:00	0.270	0.257	0.251	0.138	0.181	0.110	0.152	0.136	0.072	0.072	0.095
14/08/25 10:00	0.270	0.256	0.252	0.119	0.143	0.074	0.134	0.084	0.072	0.072	0.081
14/08/25 11:00	0.268	0.255	0.258	0.113	0.116	0.062	0.143	0.065	0.072	0.072	0.112
14/08/25 12:00	0.264	0.254	0.258	0.091	0.109	0.059	0.168	0.064	0.072	0.072	0.112
14/08/25 13:00	0.263	0.254	0.258	0.079	0.113	0.061	0.195	0.064	0.072	0.095	0.112
14/08/25 14:00	0.263	0.255	0.257	0.084	0.142	0.068	0.209	0.078	0.072	0.095	0.112
14/08/25 15:00	0.261	0.256	0.258	0.097	0.185	0.088	0.227	0.117	0.072	0.114	0.114
14/08/25 16:00	0.264	0.258	0.259	0.125	0.229	0.138	0.267	0.171	0.104	0.120	0.120
14/08/25 17:00	0.268	0.262	0.261	0.175	0.270	0.198	0.298	0.238	0.112	0.145	0.120
14/08/25 18:00	0.270	0.269	0.262	0.245	0.320	0.262	0.326	0.286	0.223	0.145	0.145
14/08/25 19:00	0.270	0.265	0.260	0.305	0.365	0.314	0.355	0.346	0.112	0.155	0.155
14/08/25 20:00	0.270	0.264	0.259	0.339	0.384	0.333	0.371	0.391	0.120	0.145	0.145
14/08/25 21:00	0.269	0.259	0.259	0.342	0.393	0.327	0.373	0.407	0.148	0.145	0.145
14/08/25 22:00	0.268	0.257	0.256	0.340	0.403	0.324	0.374	0.414	0.120	0.145	0.145
14/08/25 23:00	0.263	0.254	0.258	0.340	0.397	0.313	0.371	0.419	0.170	0.145	0.142
15/08/25 00:00	0.263	0.253	0.256	0.324	0.399	0.307	0.369	0.418	0.120	0.145	0.142
15/08/25 01:00	0.262	0.253	0.255	0.304	0.413	0.302	0.371	0.419	0.120	0.145	0.145
15/08/25 02:00	0.262	0.252	0.254	0.311	0.407	0.308	0.370	0.420	0.120	0.145	0.145
15/08/25 03:00	0.261	0.252	0.254	0.317	0.406	0.305	0.368	0.419	0.120	0.145	0.145
15/08/25 04:00	0.262	0.250	0.253	0.313	0.395	0.307	0.364	0.422	0.120	0.145	0.145
15/08/25 05:00	0.263	0.252	0.253	0.321	0.395	0.302	0.365	0.421	0.120	0.141	0.141
15/08/25 06:00	0.268	0.255	0.253	0.300	0.377	0.278	0.312	0.382	0.112	0.120	0.120
15/08/25 07:00	0.270	0.256	0.254	0.245	0.345	0.217	0.226	0.295	0.104	0.120	0.120
15/08/25 08:00	0.267	0.260	0.255	0.190	0.297	0.148	0.138	0.173	0.094	0.114	0.120
15/08/25 09:00	0.265	0.260	0.254	0.156	0.256	0.096	0.082	0.075	0.072	0.112	0.112
15/08/25 10:00	0.266	0.256	0.254	0.131	0.245	0.094	0.064	0.052	0.072	0.112	0.112
15/08/25 11:00	0.265	0.256	0.254	0.116	0.234	0.089	0.051	0.045	0.072	0.107	0.114
15/08/25 12:00	0.265	0.254	0.253	0.111	0.235	0.076	0.052	0.044	0.072	0.080	0.112
15/08/25 13:00	0.263	0.253	0.253	0.107	0.238	0.070	0.051	0.042	0.072	0.114	0.120
15/08/25 14:00	0.263	0.253	0.252	0.115	0.225	0.074	0.050	0.043	0.072	0.120	0.112
15/08/25 15:00	0.263	0.255	0.253	0.126	0.229	0.086	0.053	0.052	0.094	0.120	0.120
15/08/25 16:00	0.265	0.256	0.253	0.136	0.257	0.121	0.052	0.102	0.112	0.120	0.141
15/08/25 17:00	0.269	0.257	0.256	0.152	0.297	0.174	0.085	0.179	0.226	0.145	0.145
15/08/25 18:00	0.270	0.258	0.257	0.181	0.342	0.233	0.134	0.243	0.230	0.145	0.120
15/08/25 19:00	0.271	0.259	0.259	0.227	0.378	0.302	0.178	0.316	0.226	0.145	0.145
15/08/25 20:00	0.271	0.257	0.259	0.243	0.394	0.343	0.195	0.355	0.120	0.145	0.145
15/08/25 21:00	0.270	0.256	0.258	0.238	0.389	0.346	0.194	0.354	0.170	0.145	0.145
15/08/25 22:00	0.266	0.255	0.256	0.226	0.390	0.347	0.174	0.344	0.120	0.145	0.145
15/08/25 23:00	0.263	0.254	0.255	0.224	0.397	0.346	0.151	0.338	0.120	0.145	0.145
16/08/25 00:00	0.263	0.253	0.253	0.211	0.394	0.346	0.130	0.333	0.120	0.145	0.145
16/08/25 01:00	0.262	0.252	0.253	0.220	0.397	0.345	0.132	0.324	0.120	0.145	0.141
16/08/25 02:00	0.262	0.252	0.252	0.232	0.397	0.344	0.136	0.313	0.112	0.141	0.141
16/08/25 03:00	0.262	0.252	0.252	0.238	0.396	0.345	0.147	0.304	0.120	0.141	0.141
16/08/25 04:00	0.263	0.253	0.252	0.249	0.391	0.347	0.183	0.306	0.112	0.141	0.141
16/08/25 05:00	0.266	0.256	0.252	0.252	0.389	0.346	0.241	0.310	0.112	0.120	0.120
16/08/25 06:00	0.269	0.259	0.252	0.230	0.366	0.323	0.251	0.290	0.112	0.114	0.120
16/08/25 07:00	0.270	0.260	0.253	0.202	0.311	0.273	0.240	0.241	0.072	0.112	0.112
16/08/25 08:00	0.269	0.259	0.253	0.185	0.257	0.218	0.228	0.158	0.072	0.072	0.072
16/08/25 09:00	0.266	0.257	0.252	0.161	0.213	0.172	0.198	0.110	0.072	0.072	0.072
16/08/25 10:00	0.265	0.256	0.251	0.141	0.175	0.145	0.145	0.097	0.072	0.072	0.072
16/08/25 11:00	0.268	0.255	0.250	0.136	0.162	0.125	0.105	0.086	0.072	0.072	0.072
16/08/25 12:00	0.265	0.254	0.250	0.135	0.164	0.115	0.102	0.075	0.072	0.072	0.072
16/08/25 13:00	0.265	0.255	0.249	0.132	0.177	0.112	0.081	0.075	0.072	0.072	0.072
16/08/25 14:00	0.264	0.254	0.250	0.125	0.189	0.124	0.087	0.062	0.072	0.072	0.072
16/08/25 15:00	0.265	0.254	0.250	0.134	0.227	0.143	0.104	0.056	0.072	0.072	0.072
16/08/25 16:00	0.269	0.257	0.253	0.137	0.278	0.178	0.193	0.068	0.072	0.072	0.112
16/08/25 17:00	0.271	0.261	0.256	0.150	0.318	0.216	0.260	0.118	0.094	0.112	0.112
16/08/25 18:00	0.272	0.266	0.257	0.190	0.357	0.244	0.315	0.191	0.112	0.120	0.120
16/08/25 19:00	0.272	0.264	0.259	0.215	0.393	0.264	0.341	0.256	0.112	0.114	0.114
16/08/25 20:00	0.271	0.261	0.259	0.230	0.409	0.272	0.362	0.296	0.112	0.114	0.114
16/08/25 21:00	0.270	0.257	0.259	0.233	0.411	0.274	0.370	0.316	0.112	0.114	0.114
16/08/25 22:00	0.268	0.254	0.256	0.230	0.412	0.270	0.370	0.336	0.112	0.114	0.114
16/08/25 23:00	0.264	0.254	0.254	0.213	0.411	0.258	0.371	0.350	0.112	0.114	0.114
17/08/25 00:00	0.263	0.250	0.253	0.197	0.401	0.255	0.370	0.354	0.112	0.114	0.114
17/08/25 01:00	0.262	0.248	0.253	0.199	0.404	0.253	0.376	0.355	0.112	0.114	0.114
17/08/25 02:00	0.262	0.248	0.253	0.209	0.401	0.255	0.378	0.359	0.112	0.114	0.114
17/08/25 03:00	0.262	0.246	0.253	0.216	0.395	0.267	0.379	0.359	0.112	0.120	0.120
17/08/25 04:00	0.263	0.246	0.254	0.226	0.392	0.262	0.379	0.359	0.120	0.112	0.120
17/08/25 05:00	0.267	0.247	0.257	0.239	0.395	0.261	0.378	0.354	0.120	0.120	0.112
17/08/25 06:00	0.270	0.248	0.259	0.254	0.386	0.249	0.340	0.316	0.120	0.120	0.120
17/08/25 07:00	0.271	0.252	0.261	0.251	0.364	0.214	0.240	0.203	0.112	0.120	0.112
17/08/25 08:00	0.270	0.256	0.261	0.229	0.349	0.183	0.130	0.110	0.072	0.072	0.072
17/08/25 09:00	0.270	0.255	0.260	0.201	0.331	0.149	0.080	0.084	0.072	0.072	0.081
17/08/25 10:00	0.270	0.255	0.260	0.208	0.302	0.134	0.065	0.087	0.094	0.095	0.112
17/08/25 11:00	0.269	0.252	0.259	0.200	0.302	0.124	0.058	0.079	0.072	0.095	0.112
17/08/25 12:00	0.268	0.252	0.258	0.200	0.306	0.119	0.055	0.074	0.072	0.095	0.112
17/08/25 13:00	0.266	0.251	0.258	0.216	0.313	0.131	0.054	0.082	0.072	0.095	0.112
17/08/25 14:00	0.266	0.251	0.258	0.225	0.319	0.150	0.059	0.089	0.094	0.107	0.120
17/08/25 15:00	0.267	0.252	0.259	0.234	0.314	0.172	0.073	0.111	0.104	0.120	0.120
17/08/25 16:00	0.270	0.255	0.261	0.256	0.326	0.205	0.120	0.170	0.112	0.120	0.112
17/08/25 17:00	0.270	0.256	0.264	0.287	0.332	0.229	0.221	0.257	0.228	0.155	0.145
17/08/25 18:00	0.271	0.257	0.269	0.311	0.351	0.248	0.295	0.304	0.241	0.219	0.219
17/08/25 19:00	0.271	0.258	0.266	0.332	0.376	0.273	0.353	0.348	0.235	0.197	0.145
17/08/25 20:00	0.270	0.259	0.264	0.349	0.392	0.288	0.376	0.362	0.235	0.197	0.145
17/08/25 21:00	0.270	0.260	0.261	0.357	0.390	0.296	0.376	0.374	0.228	0.197	0.145
17/08/25 22:00	0.266	0.256	0.258	0.356	0.393	0.298	0.375	0.376	0.235	0.180	0.145
17/08/25 23:00	0.267	0.255	0.257	0.342	0.394	0.299	0.375	0.379	0.228	0.197	0.155
18/08/25 00:00	0.266	0.254	0.256	0.311	0.400	0.298	0.372	0.389	0.228	0.189	0.145
18/08/25 01:00	0.263	0.254	0.254	0.293	0.405	0.300	0.366	0.393	0.226	0.189	0.145
18/08/25 02:00	0.262	0.256	0.254	0.286	0.403	0.302	0.363	0.395	0.226	0.155	0.120
18/08/25 03:00	0.262	0.254	0.254	0.289	0.401	0.303	0.366	0.397	0.223	0.155	0.120
18/08/25 04:00	0.262	0.254	0.254	0.292	0.398	0.309	0.368	0.399	0.226	0.189	0.120
18/08/25 05:00	0.262	0.255	0.257	0.306	0.400	0.310	0.361	0.397	0.120	0.120	0.112
18/08/25 06:00	0.263	0.256	0.261	0.314	0.387	0.304	0.313	0.376	0.120	0.112	0.112
18/08/25 07:00	0.265	0.256	0.265	0.293	0.355	0.273	0.198	0.315	0.072	0.095	0.095
18/08/25 08:00	0.267	0.255	0.263	0.274	0.318	0.234	0.132	0.236	0.072	0.072	0.072
18/08/25 09:00	0.265	0.256	0.261	0.252	0.288	0.175	0.104	0.126	0.072	0.072	0.072
18/08/25 10:00	0.265	0.256	0.259	0.225	0.265	0.144	0.082	0.075	0.072	0.072	0.112
18/08/25 11:00	0.264	0.254	0.259	0.195	0.267	0.113	0.071	0.064	0.072	0.072	0.072
18/08/25 12:00	0.265	0.253	0.257	0.183	0.250	0.084	0.066	0.062	0.072	0.072	0.072
18/08/25 13:00	0.265	0.250	0.257	0.166	0.238	0.071	0.065	0.062	0.072	0.072	0.072
18/08/25 14:00	0.263	0.246	0.257	0.171	0.246	0.079	0.069	0.064	0.072	0.072	0.072
18/08/25 15:00	0.263	0.248	0.258	0.182	0.257	0.108	0.070	0.091	0.072	0.072	0.072
18/08/25 16:00	0.266	0.255	0.260	0.205	0.276	0.163	0.090	0.158	0.080	0.105	0.081
18/08/25 17:00	0.269	0.257	0.264	0.241	0.304	0.219	0.139	0.222	0.110	0.120	0.120
18/08/25 18:00	0.270	0.258	0.267	0.271	0.347	0.266	0.214	0.263	0.120	0.112	0.120
18/08/25 19:00	0.271	0.259	0.266	0.296	0.390	0.300	0.298	0.311	0.112	0.112	0.120
18/08/25 20:00	0.271	0.258	0.264	0.315	0.407	0.310	0.339	0.334	0.110	0.112	0.120
18/08/25 21:00	0.271	0.257	0.263	0.324	0.405	0.300	0.346	0.336	0.104	0.112	0.120
18/08/25 22:00	0.269	0.256	0.259	0.332	0.398	0.271	0.342	0.342	0.120	0.112	0.120
18/08/25 23:00	0.266	0.253	0.257	0.325	0.397	0.246	0.346	0.354	0.112	0.141	0.141
19/08/25 00:00	0.263	0.253	0.256	0.309	0.400	0.219	0.344	0.368	0.112	0.120	0.120
19/08/25 01:00	0.262	0.252	0.255	0.309	0.403	0.203	0.344	0.387	0.104	0.120	0.112
19/08/25 02:00	0.262	0.252	0.254	0.311	0.402	0.207	0.345	0.395	0.104	0.120	0.112
19/08/25 03:00	0.262	0.253	0.254	0.321	0.399	0.218	0.354	0.394	0.104	0.120	0.120
19/08/25 04:00	0.262	0.253	0.256	0.331	0.396	0.213	0.362	0.388	0.112	0.120	0.120
19/08/25 05:00	0.261	0.255	0.258	0.349	0.391	0.243	0.364	0.381	0.104	0.112	0.120
19/08/25 06:00	0.261	0.260	0.261	0.352	0.377	0.227	0.334	0.351	0.072	0.112	0.120
19/08/25 07:00	0.262	0.260	0.261	0.347	0.336	0.198	0.271	0.276	0.072	0.072	0.112
19/08/25 08:00	0.262	0.257	0.260	0.334	0.294	0.156	0.195	0.174	0.072	0.072	0.072
19/08/25 09:00	0.262	0.256	0.258	0.314	0.266	0.118	0.113	0.091	0.072	0.072	0.072
19/08/25 10:00	0.261	0.255	0.254	0.290	0.246	0.090	0.080	0.062	0.072	0.072	0.072
19/08/25 11:00	0.262	0.254	0.253	0.275	0.229	0.085	0.068	0.054	0.072	0.072	0.072
19/08/25 12:00	0.261	0.253	0.255	0.271	0.220	0.093	0.059	0.051	0.072	0.072	0.072
19/08/25 13:00	0.261	0.253	0.255	0.282	0.238	0.106	0.061	0.048	0.072	0.072	0.072
19/08/25 14:00	0.259	0.253	0.255	0.285	0.231	0.106	0.067	0.048	0.072	0.072	0.072
19/08/25 15:00	0.261	0.253	0.256	0.290	0.267	0.086	0.088	0.058	0.072	0.072	0.072
19/08/25 16:00	0.262	0.255	0.260	0.313	0.286	0.092	0.148	0.111	0.094	0.107	0.120
19/08/25 17:00	0.267	0.258	0.262	0.331	0.326	0.132	0.223	0.178	0.197	0.145	0.145
19/08/25 18:00	0.269	0.261	0.265	0.348	0.354	0.197	0.281	0.229	0.230	0.197	0.155
19/08/25 19:00	0.270	0.264	0.262	0.364	0.379	0.263	0.322	0.275	0.228	0.197	0.207
19/08/25 20:00	0.270	0.262	0.259	0.371	0.387	0.297	0.328	0.302	0.232	0.207	0.207
19/08/25 21:00	0.271	0.259	0.259	0.370	0.381	0.310	0.309	0.305	0.228	0.189	0.189
19/08/25 22:00	0.269	0.256	0.255	0.369	0.380	0.313	0.271	0.310	0.228	0.189	0.155
19/08/25 23:00	0.277	0.255	0.255	0.369	0.380	0.319	0.237	0.315	0.226	0.189	0.145
20/08/25 00:00	0.262	0.254	0.253	0.366	0.378	0.319	0.210	0.319	0.226	0.145	0.145
20/08/25 01:00	0.261	0.254	0.252	0.355	0.385	0.316	0.212	0.318	0.226	0.145	0.145
20/08/25 02:00	0.261	0.253	0.252	0.354	0.391	0.320	0.204	0.327	0.226	0.145	0.145
20/08/25 03:00	0.260	0.254	0.252	0.367	0.394	0.324	0.203	0.342	0.226	0.145	0.145
20/08/25 04:00	0.262	0.255	0.253	0.376	0.397	0.323	0.213	0.357	0.228	0.145	0.145
20/08/25 05:00	0.266	0.257	0.255	0.380	0.397	0.319	0.219	0.349	0.228	0.145	0.145
20/08/25 06:00	0.270	0.261	0.258	0.372	0.381	0.289	0.207	0.329	0.226	0.145	0.145
20/08/25 07:00	0.270	0.262	0.259	0.351	0.318	0.204	0.161	0.290	0.197	0.145	0.145
20/08/25 08:00	0.270	0.261	0.259	0.321	0.248	0.119	0.104	0.225	0.104	0.120	0.120
20/08/25 09:00	0.273	0.258	0.259	0.278	0.196	0.081	0.068	0.127	0.094	0.112	0.120
20/08/25 10:00	0.276	0.258	0.258	0.263	0.162	0.063	0.053	0.084	0.072	0.114	0.120
20/08/25 11:00	0.275	0.258	0.257	0.235	0.142	0.054	0.046	0.059	0.072	0.120	0.120
20/08/25 12:00	0.276	0.257	0.256	0.228	0.136	0.052	0.046	0.055	0.072	0.120	0.120
20/08/25 13:00	0.279	0.258	0.256	0.227	0.131	0.054	0.049	0.054	0.072	0.120	0.120
20/08/25 14:00	0.278	0.258	0.257	0.236	0.134	0.060	0.061	0.058	0.094	0.120	0.120
20/08/25 15:00	0.276	0.258	0.257	0.256	0.146	0.082	0.106	0.078	0.104	0.120	0.120
20/08/25 16:00	0.269	0.261	0.260	0.284	0.170	0.136	0.159	0.137	0.202	0.145	0.120
20/08/25 17:00	0.272	0.263	0.264	0.314	0.211	0.206	0.212	0.185	0.232	0.145	0.145
20/08/25 18:00	0.272	0.265	0.270	0.348	0.269	0.273	0.247	0.221	0.261	0.219	0.219
20/08/25 19:00	0.272	0.265	0.267	0.381	0.333	0.331	0.255	0.261	0.244	0.191	0.191
20/08/25 20:00	0.271	0.263	0.262	0.393	0.357	0.351	0.245	0.290	0.233	0.141	0.145
20/08/25 21:00	0.273	0.259	0.260	0.394	0.348	0.351	0.244	0.303	0.228	0.141	0.141
20/08/25 22:00	0.271	0.257	0.257	0.394	0.343	0.349	0.228	0.307	0.209	0.141	0.141
20/08/25 23:00	0.267	0.255	0.256	0.394	0.340	0.347	0.179	0.324	0.187	0.145	0.145
21/08/25 00:00	0.265	0.255	0.253	0.396	0.342	0.346	0.147	0.339	0.120	0.145	0.145
21/08/25 01:00	0.264	0.255	0.251	0.396	0.338	0.346	0.107	0.347	0.120	0.145	0.145
21/08/25 02:00	0.264	0.254	0.251	0.396	0.337	0.345	0.098	0.348	0.120	0.145	0.145
21/08/25 03:00	0.264	0.255	0.250	0.397	0.342	0.346	0.099	0.350	0.197	0.145	0.145
21/08/25 04:00	0.266	0.254	0.251	0.397	0.345	0.348	0.098	0.350	0.226	0.145	0.145
21/08/25 05:00	0.271	0.259	0.253	0.395	0.341	0.347	0.098	0.339	0.228	0.145	0.145
21/08/25 06:00	0.276	0.266	0.257	0.382	0.309	0.329	0.091	0.310	0.225	0.145	0.145
21/08/25 07:00	0.276	0.266	0.258	0.345	0.238	0.273	0.070	0.253	0.197	0.141	0.141
21/08/25 08:00	0.280	0.260	0.258	0.300	0.187	0.209	0.052	0.153	0.120	0.120	0.141
21/08/25 09:00	0.283	0.258	0.256	0.250	0.146	0.143	0.045	0.078	0.104	0.120	0.120
21/08/25 10:00	0.281	0.257	0.252	0.215	0.120	0.105	0.041	0.057	0.104	0.120	0.120
21/08/25 11:00	0.280	0.257	0.250	0.192	0.101	0.082	0.040	0.049	0.094	0.120	0.120
21/08/25 12:00	0.276	0.256	0.249	0.190	0.096	0.078	0.038	0.049	0.072	0.120	0.120
21/08/25 13:00	0.275	0.255	0.250	0.201	0.095	0.085	0.036	0.049	0.072	0.120	0.120
21/08/25 14:00	0.274	0.255	0.250	0.220	0.122	0.094	0.036	0.053	0.094	0.114	0.120
21/08/25 15:00	0.273	0.256	0.250	0.257	0.162	0.124	0.042	0.064	0.104	0.120	0.120
21/08/25 16:00	0.276	0.259	0.256	0.293	0.211	0.170	0.045	0.099	0.120	0.145	0.145
21/08/25 17:00	0.275	0.263	0.258	0.328	0.271	0.220	0.058	0.174	0.233	0.207	0.207
21/08/25 18:00	0.276	0.271	0.259	0.363	0.332	0.275	0.088	0.242	0.254	0.219	0.219
21/08/25 19:00	0.276	0.272	0.259	0.385	0.379	0.334	0.122	0.292	0.241	0.274	0.234
21/08/25 20:00	0.275	0.265	0.260	0.388	0.396	0.352	0.140	0.319	0.233	0.274	0.234
21/08/25 21:00	0.273	0.261	0.259	0.390	0.397	0.351	0.137	0.337	0.244	0.234	0.234
21/08/25 22:00	0.268	0.258	0.257	0.385	0.398	0.350	0.122	0.346	0.241	0.234	0.234
21/08/25 23:00	0.272	0.255	0.255	0.375	0.399	0.349	0.106	0.344	0.234	0.234	0.234
22/08/25 00:00	0.265	0.255	0.252	0.366	0.396	0.348	0.099	0.356	0.235	0.219	0.234
22/08/25 01:00	0.264	0.254	0.251	0.354	0.396	0.343	0.091	0.365	0.235	0.234	0.234
22/08/25 02:00	0.263	0.254	0.250	0.346	0.396	0.343	0.089	0.363	0.235	0.240	0.240
22/08/25 03:00	0.264	0.253	0.250	0.337	0.393	0.341	0.086	0.362	0.235	0.240	0.234
22/08/25 04:00	0.266	0.253	0.249	0.333	0.392	0.339	0.086	0.368	0.241	0.234	0.234
22/08/25 05:00	0.271	0.257	0.251	0.342	0.394	0.334	0.094	0.369	0.266	0.240	0.234
22/08/25 06:00	0.273	0.259	0.252	0.346	0.383	0.315	0.081	0.358	0.235	0.212	0.219
22/08/25 07:00	0.274	0.259	0.254	0.321	0.355	0.268	0.066	0.332	0.232	0.183	0.183
22/08/25 08:00	0.274	0.258	0.254	0.301	0.305	0.211	0.052	0.274	0.197	0.145	0.145
22/08/25 09:00	0.275	0.256	0.253	0.272	0.249	0.179	0.045	0.193	0.120	0.145	0.145
22/08/25 10:00	0.275	0.255	0.250	0.233	0.221	0.134	0.039	0.129	0.120	0.145	0.120
22/08/25 11:00	0.278	0.255	0.247	0.212	0.191	0.114	0.039	0.103	0.120	0.145	0.120
22/08/25 12:00	0.276	0.254	0.244	0.189	0.184	0.115	0.038	0.094	0.120	0.145	0.145
22/08/25 13:00	0.276	0.254	0.241	0.181	0.189	0.117	0.038	0.089	0.120	0.145	0.145
22/08/25 14:00	0.275	0.254	0.241	0.177	0.204	0.121	0.039	0.100	0.120	0.145	0.145
22/08/25 15:00	0.274	0.255	0.246	0.202	0.223	0.140	0.047	0.125	0.202	0.145	0.145
22/08/25 16:00	0.276	0.257	0.251	0.229	0.249	0.161	0.056	0.183	0.228	0.145	0.145
22/08/25 17:00	0.277	0.260	0.252	0.248	0.271	0.198	0.079	0.287	0.241	0.197	0.207
22/08/25 18:00	0.280	0.266	0.254	0.270	0.315	0.253	0.102	0.341	0.241	0.165	0.207
22/08/25 19:00	0.278	0.264	0.256	0.283	0.359	0.315	0.118	0.372	0.241	0.169	0.207
22/08/25 20:00	0.276	0.261	0.256	0.287	0.372	0.342	0.125	0.394	0.228	0.189	0.207
22/08/25 21:00	0.275	0.258	0.256	0.284	0.376	0.344	0.119	0.385	0.228	0.197	0.207
22/08/25 22:00	0.272	0.256	0.253	0.271	0.376	0.343	0.115	0.373	0.228	0.197	0.207
22/08/25 23:00	0.272	0.254	0.252	0.264	0.374	0.339	0.101	0.367	0.226	0.155	0.155
23/08/25 00:00	0.264	0.254	0.251	0.253	0.372	0.342	0.092	0.339	0.205	0.142	0.142
23/08/25 01:00	0.264	0.254	0.250	0.247	0.381	0.342	0.089	0.291	0.183	0.142	0.142
23/08/25 02:00	0.264	0.254	0.249	0.255	0.388	0.342	0.084	0.278	0.170	0.120	0.141
23/08/25 03:00	0.264	0.254	0.247	0.264	0.389	0.341	0.084	0.280	0.112	0.120	0.145
23/08/25 04:00	0.264	0.255	0.245	0.275	0.392	0.340	0.080	0.280	0.112	0.120	0.145
23/08/25 05:00	0.271	0.258	0.246	0.291	0.394	0.341	0.075	0.253	0.120	0.120	0.145
23/08/25 06:00	0.273	0.260	0.249	0.296	0.378	0.330	0.070	0.230	0.104	0.112	0.120
23/08/25 07:00	0.275	0.259	0.250	0.279	0.333	0.285	0.061	0.157	0.094	0.112	0.114
23/08/25 08:00	0.274	0.257	0.248	0.243	0.277	0.227	0.050	0.095	0.072	0.072	0.072
23/08/25 09:00	0.272	0.256	0.243	0.210	0.222	0.167	0.045	0.074	0.072	0.072	0.072
23/08/25 10:00	0.267	0.256	0.242	0.187	0.186	0.129	0.044	0.064	0.072	0.072	0.072
23/08/25 11:00	0.265	0.255	0.247	0.175	0.150	0.106	0.048	0.057	0.072	0.072	0.072
23/08/25 12:00	0.265	0.254	0.241	0.168	0.149	0.101	0.048	0.056	0.072	0.072	0.072
23/08/25 13:00	0.266	0.254	0.247	0.163	0.164	0.094	0.042	0.054	0.072	0.072	0.072
23/08/25 14:00	0.266	0.255	0.248	0.171	0.172	0.114	0.042	0.059	0.072	0.072	0.072
23/08/25 15:00	0.271	0.255	0.249	0.180	0.191	0.143	0.041	0.061	0.072	0.072	0.072
23/08/25 16:00	0.273	0.259	0.249	0.202	0.229	0.188	0.051	0.083	0.072	0.072	0.072
23/08/25 17:00	0.274	0.262	0.253	0.222	0.270	0.225	0.081	0.153	0.120	0.120	0.120
23/08/25 18:00	0.275	0.267	0.256	0.251	0.319	0.277	0.157	0.235	0.197	0.120	0.141
23/08/25 19:00	0.275	0.266	0.257	0.290	0.360	0.335	0.244	0.314	0.197	0.120	0.141
23/08/25 20:00	0.274	0.261	0.258	0.305	0.375	0.350	0.264	0.352	0.120	0.120	0.120
23/08/25 21:00	0.273	0.257	0.258	0.300	0.377	0.352	0.259	0.365	0.120	0.120	0.141
23/08/25 22:00	0.268	0.256	0.255	0.298	0.379	0.352	0.233	0.371	0.120	0.120	0.120
23/08/25 23:00	0.270	0.256	0.253	0.300	0.382	0.348	0.209	0.371	0.120	0.120	0.120
24/08/25 00:00	0.265	0.255	0.253	0.301	0.388	0.341	0.212	0.374	0.116	0.120	0.120
24/08/25 01:00	0.264	0.254	0.253	0.300	0.392	0.337	0.209	0.375	0.112	0.120	0.120
24/08/25 02:00	0.264	0.254	0.252	0.310	0.392	0.326	0.203	0.369	0.112	0.120	0.120
24/08/25 03:00	0.263	0.254	0.252	0.321	0.389	0.324	0.210	0.373	0.120	0.120	0.120
24/08/25 04:00	0.264	0.254	0.253	0.330	0.388	0.326	0.224	0.372	0.120	0.120	0.120
24/08/25 05:00	0.269	0.255	0.259	0.337	0.388	0.332	0.220	0.366	0.221	0.120	0.120
24/08/25 06:00	0.272	0.256	0.265	0.327	0.373	0.320	0.190	0.312	0.120	0.120	0.120
24/08/25 07:00	0.273	0.257	0.265	0.291	0.324	0.270	0.161	0.177	0.120	0.120	0.120
24/08/25 08:00	0.273	0.256	0.265	0.246	0.273	0.209	0.134	0.091	0.104	0.120	0.112
24/08/25 09:00	0.272	0.254	0.262	0.214	0.221	0.181	0.091	0.069	0.094	0.112	0.112
24/08/25 10:00	0.266	0.253	0.263	0.188	0.183	0.199	0.071	0.056	0.072	0.107	0.112
24/08/25 11:00	0.264	0.252	0.261	0.173	0.166	0.251	0.054	0.053	0.072	0.107	0.114
24/08/25 12:00	0.263	0.252	0.260	0.174	0.172	0.245	0.041	0.050	0.072	0.107	0.112
24/08/25 13:00	0.263	0.252	0.260	0.170	0.183	0.205	0.033	0.053	0.072	0.107	0.114
24/08/25 14:00	0.263	0.253	0.259	0.184	0.196	0.224	0.034	0.047	0.072	0.112	0.114
24/08/25 15:00	0.264	0.253	0.260	0.194	0.218	0.271	0.042	0.061	0.104	0.114	0.114
24/08/25 16:00	0.264	0.255	0.264	0.215	0.260	0.273	0.071	0.094	0.226	0.145	0.145
24/08/25 17:00	0.268	0.257	0.266	0.245	0.296	0.267	0.120	0.195	0.241	0.207	0.207
24/08/25 18:00	0.272	0.260	0.271	0.279	0.338	0.297	0.163	0.308	0.269	0.219	0.219
24/08/25 19:00	0.272	0.258	0.273	0.320	0.363	0.317	0.151	0.394	0.281	0.207	0.207
24/08/25 20:00	0.272	0.257	0.269	0.338	0.370	0.332	0.124	0.426	0.245	0.234	0.219
24/08/25 21:00	0.270	0.256	0.266	0.340	0.366	0.335	0.107	0.430	0.241	0.241	0.241
24/08/25 22:00	0.267	0.255	0.261	0.344	0.360	0.329	0.102	0.432	0.235	0.234	0.234
24/08/25 23:00	0.267	0.253	0.260	0.355	0.357	0.334	0.090	0.434	0.234	0.234	0.234
25/08/25 00:00	0.266	0.253	0.258	0.356	0.360	0.335	0.084	0.433	0.234	0.240	0.234
25/08/25 01:00	0.265	0.253	0.256	0.361	0.359	0.344	0.085	0.430	0.234	0.240	0.234
25/08/25 02:00	0.264	0.253	0.255	0.372	0.358	0.349	0.086	0.427	0.230	0.219	0.234
25/08/25 03:00	0.264	0.253	0.255	0.377	0.356	0.352	0.089	0.425	0.230	0.234	0.234
25/08/25 04:00	0.264	0.253	0.256	0.381	0.360	0.354	0.095	0.422	0.230	0.212	0.219
25/08/25 05:00	0.264	0.253	0.262	0.380	0.362	0.354	0.100	0.419	0.230	0.212	0.234
25/08/25 06:00	0.265	0.255	0.262	0.369	0.357	0.346	0.094	0.391	0.228	0.197	0.155
25/08/25 07:00	0.267	0.254	0.265	0.325	0.310	0.323	0.066	0.318	0.120	0.142	0.141
25/08/25 08:00	0.269	0.255	0.261	0.270	0.256	0.309	0.050	0.211	0.112	0.145	0.145
25/08/25 09:00	0.271	0.252	0.260	0.227	0.199	0.285	0.038	0.102	0.116	0.145	0.145
25/08/25 10:00	0.273	0.252	0.260	0.197	0.156	0.277	0.035	0.067	0.104	0.141	0.141
25/08/25 11:00	0.264	0.252	0.259	0.166	0.135	0.259	0.032	0.058	0.112	0.141	0.141
25/08/25 12:00	0.264	0.252	0.258	0.150	0.133	0.241	0.031	0.057	0.104	0.145	0.145
25/08/25 13:00	0.264	0.252	0.256	0.157	0.125	0.222	0.032	0.058	0.109	0.145	0.120
25/08/25 14:00	0.264	0.252	0.256	0.165	0.135	0.211	0.033	0.061	0.110	0.145	0.145
25/08/25 15:00	0.264	0.252	0.257	0.179	0.172	0.229	0.036	0.090	0.112	0.145	0.145
25/08/25 16:00	0.267	0.255	0.258	0.215	0.228	0.252	0.046	0.161	0.226	0.180	0.145
25/08/25 17:00	0.266	0.259	0.259	0.242	0.273	0.275	0.062	0.266	0.234	0.207	0.155
25/08/25 18:00	0.271	0.262	0.260	0.277	0.321	0.306	0.106	0.348	0.235	0.219	0.219
25/08/25 19:00	0.273	0.262	0.256	0.294	0.342	0.338	0.144	0.405	0.235	0.219	0.219
25/08/25 20:00	0.274	0.260	0.254	0.298	0.337	0.345	0.152	0.415	0.235	0.234	0.219
25/08/25 21:00	0.275	0.258	0.250	0.295	0.323	0.344	0.153	0.413	0.228	0.207	0.155
25/08/25 22:00	0.277	0.256	0.249	0.296	0.308	0.337	0.141	0.405	0.230	0.219	0.219
25/08/25 23:00	0.264	0.256	0.247	0.276	0.305	0.328	0.116	0.395	0.187	0.207	0.193
26/08/25 00:00	0.264	0.255	0.241	0.254	0.304	0.323	0.105	0.379	0.224	0.191	0.155
26/08/25 01:00	0.268	0.255	0.241	0.244	0.310	0.313	0.099	0.363	0.197	0.142	0.141
26/08/25 02:00	0.266	0.255	0.242	0.244	0.315	0.295	0.101	0.352	0.112	0.142	0.141
26/08/25 03:00	0.264	0.255	0.241	0.249	0.319	0.284	0.103	0.343	0.112	0.141	0.141
26/08/25 04:00	0.263	0.255	0.248	0.272	0.325	0.285	0.107	0.350	0.112	0.145	0.145
26/08/25 05:00	0.263	0.263	0.254	0.294	0.335	0.279	0.123	0.363	0.112	0.142	0.142
26/08/25 06:00	0.262	0.271	0.257	0.304	0.332	0.259	0.122	0.352	0.112	0.120	0.145
26/08/25 07:00	0.263	0.269	0.258	0.294	0.314	0.207	0.102	0.290	0.095	0.120	0.141
26/08/25 08:00	0.263	0.263	0.256	0.263	0.300	0.154	0.077	0.209	0.072	0.114	0.114
26/08/25 09:00	0.264	0.261	0.257	0.236	0.285	0.109	0.059	0.109	0.072	0.072	0.072
26/08/25 10:00	0.265	0.260	0.250	0.210	0.278	0.086	0.049	0.066	0.072	0.072	0.072
26/08/25 11:00	0.266	0.259	0.253	0.206	0.263	0.078	0.047	0.057	0.072	0.072	0.072
26/08/25 12:00	0.264	0.258	0.253	0.194	0.258	0.080	0.048	0.056	0.072	0.072	0.072
26/08/25 13:00	0.262	0.258	0.250	0.184	0.255	0.092	0.046	0.067	0.072	0.072	0.112
26/08/25 14:00	0.260	0.258	0.250	0.180	0.262	0.109	0.053	0.094	0.072	0.072	0.072
26/08/25 15:00	0.262	0.260	0.250	0.189	0.261	0.137	0.074	0.127	0.072	0.072	0.072
26/08/25 16:00	0.263	0.265	0.250	0.191	0.265	0.184	0.123	0.182	0.072	0.107	0.112
26/08/25 17:00	0.268	0.266	0.254	0.213	0.282	0.241	0.194	0.231	0.104	0.112	0.120
26/08/25 18:00	0.272	0.271	0.255	0.239	0.314	0.281	0.259	0.271	0.112	0.120	0.120
26/08/25 19:00	0.273	0.268	0.255	0.274	0.345	0.313	0.315	0.298	0.112	0.120	0.145
26/08/25 20:00	0.272	0.266	0.257	0.303	0.363	0.325	0.329	0.318	0.112	0.120	0.120
26/08/25 21:00	0.270	0.262	0.259	0.311	0.374	0.323	0.331	0.327	0.112	0.120	0.141
26/08/25 22:00	0.264	0.258	0.256	0.315	0.380	0.326	0.332	0.337	0.112	0.112	0.120
26/08/25 23:00	0.262	0.258	0.252	0.317	0.382	0.327	0.325	0.340	0.112	0.112	0.120
27/08/25 00:00	0.262	0.256	0.251	0.317	0.383	0.324	0.314	0.351	0.104	0.112	0.120
27/08/25 01:00	0.256	0.256	0.251	0.313	0.383	0.316	0.312	0.354	0.095	0.112	0.120
27/08/25 02:00	0.254	0.256	0.251	0.306	0.383	0.318	0.315	0.348	0.112	0.112	0.120
27/08/25 03:00	0.256	0.256	0.252	0.318	0.383	0.309	0.313	0.343	0.112	0.114	0.114
27/08/25 04:00	0.255	0.257	0.254	0.328	0.377	0.301	0.314	0.338	0.112	0.114	0.114
27/08/25 05:00	0.263	0.261	0.260	0.333	0.374	0.296	0.319	0.347	0.112	0.114	0.114
27/08/25 06:00	0.264	0.266	0.262	0.323	0.361	0.278	0.311	0.348	0.112	0.114	0.120
27/08/25 07:00	0.266	0.265	0.264	0.292	0.316	0.230	0.253	0.299	0.112	0.114	0.114
27/08/25 08:00	0.270	0.265	0.269	0.243	0.269	0.160	0.165	0.240	0.112	0.072	0.112
27/08/25 09:00	0.270	0.264	0.258	0.208	0.226	0.129	0.087	0.167	0.072	0.072	0.072
27/08/25 10:00	0.266	0.263	0.259	0.189	0.203	0.112	0.066	0.099	0.072	0.072	0.072
27/08/25 11:00	0.264	0.261	0.258	0.174	0.190	0.126	0.058	0.073	0.072	0.072	0.072
27/08/25 12:00	0.266	0.261	0.257	0.163	0.183	0.130	0.058	0.063	0.072	0.072	0.072
27/08/25 13:00	0.265	0.261	0.260	0.165	0.175	0.117	0.058	0.077	0.072	0.072	0.072
27/08/25 14:00	0.264	0.261	0.262	0.164	0.179	0.102	0.066	0.111	0.072	0.072	0.072
27/08/25 15:00	0.265	0.263	0.262	0.175	0.195	0.106	0.079	0.159	0.072	0.072	0.072
27/08/25 16:00	0.265	0.264	0.268	0.190	0.212	0.143	0.137	0.248	0.072	0.120	0.112
27/08/25 17:00	0.267	0.267	0.273	0.212	0.230	0.174	0.228	0.294	0.112	0.120	0.120
27/08/25 18:00	0.271	0.270	0.283	0.242	0.257	0.232	0.312	0.349	0.226	0.120	0.120
27/08/25 19:00	0.276	0.266	0.283	0.270	0.290	0.288	0.371	0.399	0.226	0.120	0.120
27/08/25 20:00	0.283	0.264	0.273	0.290	0.309	0.304	0.378	0.421	0.228	0.145	0.145
27/08/25 21:00	0.266	0.262	0.267	0.297	0.322	0.303	0.375	0.433	0.224	0.120	0.120
27/08/25 22:00	0.264	0.258	0.262	0.299	0.320	0.301	0.366	0.433	0.224	0.120	0.120
27/08/25 23:00	0.266	0.258	0.259	0.303	0.322	0.279	0.365	0.435	0.170	0.120	0.120
28/08/25 00:00	0.265	0.257	0.254	0.296	0.325	0.267	0.361	0.438	0.112	0.120	0.120
28/08/25 01:00	0.266	0.256	0.253	0.275	0.328	0.268	0.360	0.438	0.112	0.145	0.145
28/08/25 02:00	0.266	0.256	0.253	0.270	0.328	0.275	0.361	0.439	0.112	0.155	0.219
28/08/25 03:00	0.265	0.256	0.254	0.264	0.328	0.293	0.364	0.437	0.120	0.145	0.120
28/08/25 04:00	0.267	0.256	0.255	0.264	0.328	0.307	0.366	0.441	0.120	0.145	0.120
28/08/25 05:00	0.271	0.262	0.259	0.266	0.324	0.331	0.365	0.444	0.218	0.142	0.142
28/08/25 06:00	0.273	0.270	0.261	0.262	0.308	0.334	0.347	0.438	0.112	0.120	0.120
28/08/25 07:00	0.274	0.271	0.262	0.238	0.255	0.288	0.283	0.397	0.104	0.114	0.120
28/08/25 08:00	0.274	0.266	0.263	0.210	0.187	0.239	0.215	0.345	0.072	0.114	0.114
28/08/25 09:00	0.275	0.265	0.261	0.187	0.135	0.189	0.137	0.293	0.072	0.114	0.114
28/08/25 10:00	0.273	0.264	0.259	0.163	0.107	0.177	0.092	0.222	0.072	0.112	0.114
28/08/25 11:00	0.273	0.262	0.255	0.150	0.092	0.173	0.075	0.188	0.072	0.095	0.095
28/08/25 12:00	0.272	0.261	0.253	0.125	0.088	0.166	0.061	0.163	0.072	0.095	0.095
28/08/25 13:00	0.272	0.261	0.256	0.121	0.088	0.160	0.063	0.180	0.072	0.107	0.114
28/08/25 14:00	0.272	0.261	0.258	0.134	0.095	0.171	0.068	0.193	0.072	0.107	0.114
28/08/25 15:00	0.272	0.263	0.258	0.148	0.109	0.198	0.090	0.182	0.072	0.112	0.114
28/08/25 16:00	0.274	0.267	0.261	0.171	0.146	0.223	0.145	0.205	0.104	0.114	0.114
28/08/25 17:00	0.276	0.274	0.263	0.210	0.205	0.254	0.232	0.235	0.148	0.120	0.112
28/08/25 18:00	0.278	0.277	0.265	0.239	0.256	0.293	0.313	0.279	0.202	0.120	0.120
28/08/25 19:00	0.279	0.274	0.264	0.268	0.304	0.335	0.369	0.326	0.155	0.120	0.112
28/08/25 20:00	0.276	0.267	0.262	0.276	0.325	0.353	0.376	0.336	0.112	0.112	0.120
28/08/25 21:00	0.274	0.264	0.260	0.281	0.338	0.357	0.375	0.336	0.112	0.114	0.114
28/08/25 22:00	0.266	0.261	0.258	0.280	0.345	0.357	0.375	0.333	0.112	0.114	0.114
28/08/25 23:00	0.267	0.258	0.257	0.261	0.351	0.357	0.372	0.327	0.072	0.114	0.114
29/08/25 00:00	0.266	0.257	0.256	0.248	0.352	0.355	0.365	0.308	0.072	0.114	0.114
29/08/25 01:00	0.265	0.256	0.254	0.241	0.354	0.354	0.361	0.288	0.072	0.114	0.114
29/08/25 02:00	0.264	0.255	0.254	0.232	0.360	0.354	0.353	0.294	0.072	0.114	0.114
29/08/25 03:00	0.264	0.255	0.253	0.233	0.370	0.354	0.354	0.300	0.112	0.114	0.114
29/08/25 04:00	0.265	0.255	0.253	0.225	0.386	0.355	0.352	0.318	0.112	0.114	0.114
29/08/25 05:00	0.271	0.260	0.254	0.221	0.386	0.356	0.356	0.335	0.112	0.114	0.114
29/08/25 06:00	0.274	0.265	0.255	0.219	0.375	0.347	0.349	0.327	0.072	0.114	0.114
29/08/25 07:00	0.275	0.267	0.257	0.220	0.347	0.310	0.289	0.269	0.072	0.112	0.114
29/08/25 08:00	0.278	0.267	0.258	0.217	0.298	0.261	0.218	0.177	0.072	0.095	0.095
29/08/25 09:00	0.280	0.264	0.257	0.206	0.259	0.223	0.141	0.088	0.072	0.072	0.072
29/08/25 10:00	0.278	0.264	0.257	0.209	0.228	0.200	0.095	0.055	0.072	0.072	0.072
29/08/25 11:00	0.278	0.260	0.252	0.210	0.203	0.190	0.080	0.046	0.095	0.072	0.081
29/08/25 12:00	0.278	0.259	0.253	0.212	0.190	0.170	0.074	0.048	0.072	0.095	0.095
29/08/25 13:00	0.277	0.258	0.253	0.207	0.180	0.177	0.074	0.058	0.072	0.072	0.072
29/08/25 14:00	0.276	0.257	0.255	0.205	0.176	0.191	0.104	0.087	0.072	0.114	0.114
29/08/25 15:00	0.276	0.257	0.256	0.218	0.196	0.208	0.146	0.122	0.104	0.114	0.114
29/08/25 16:00	0.275	0.261	0.257	0.228	0.230	0.245	0.197	0.178	0.112	0.112	0.120
29/08/25 17:00	0.276	0.264	0.261	0.246	0.253	0.287	0.261	0.254	0.226	0.120	0.142
29/08/25 18:00	0.275	0.269	0.262	0.263	0.291	0.320	0.315	0.282	0.226	0.120	0.145
29/08/25 19:00	0.275	0.266	0.262	0.292	0.332	0.341	0.364	0.311	0.226	0.120	0.142
29/08/25 20:00	0.273	0.264	0.261	0.296	0.345	0.343	0.383	0.332	0.226	0.120	0.141
29/08/25 21:00	0.266	0.261	0.260	0.294	0.347	0.339	0.388	0.328	0.226	0.145	0.145
29/08/25 22:00	0.265	0.257	0.258	0.298	0.349	0.333	0.390	0.311	0.228	0.145	0.145
29/08/25 23:00	0.265	0.256	0.258	0.289	0.348	0.326	0.392	0.298	0.228	0.145	0.145
30/08/25 00:00	0.263	0.255	0.256	0.292	0.343	0.320	0.392	0.290	0.226	0.120	0.120
30/08/25 01:00	0.263	0.254	0.255	0.304	0.347	0.318	0.394	0.288	0.226	0.145	0.120
30/08/25 02:00	0.263	0.253	0.255	0.313	0.355	0.311	0.389	0.288	0.226	0.120	0.120
30/08/25 03:00	0.263	0.253	0.254	0.313	0.362	0.312	0.388	0.293	0.226	0.120	0.120
30/08/25 04:00	0.264	0.254	0.254	0.316	0.366	0.312	0.388	0.311	0.226	0.120	0.120
30/08/25 05:00	0.267	0.259	0.254	0.327	0.365	0.305	0.391	0.323	0.226	0.120	0.145
30/08/25 06:00	0.267	0.264	0.254	0.318	0.359	0.290	0.386	0.312	0.183	0.120	0.120
30/08/25 07:00	0.268	0.264	0.255	0.304	0.329	0.272	0.348	0.232	0.120	0.141	0.120
30/08/25 08:00	0.268	0.262	0.255	0.278	0.266	0.257	0.295	0.159	0.104	0.095	0.095
30/08/25 09:00	0.267	0.259	0.255	0.246	0.206	0.241	0.237	0.092	0.072	0.095	0.072
30/08/25 10:00	0.267	0.258	0.253	0.227	0.166	0.201	0.177	0.060	0.072	0.095	0.072
30/08/25 11:00	0.265	0.256	0.252	0.211	0.148	0.162	0.141	0.045	0.072	0.072	0.072
30/08/25 12:00	0.266	0.256	0.252	0.196	0.133	0.142	0.121	0.045	0.072	0.112	0.112
30/08/25 13:00	0.266	0.256	0.254	0.187	0.137	0.132	0.120	0.045	0.072	0.095	0.112
30/08/25 14:00	0.266	0.256	0.254	0.173	0.146	0.141	0.123	0.047	0.072	0.112	0.114
30/08/25 15:00	0.266	0.257	0.254	0.185	0.169	0.157	0.141	0.049	0.072	0.112	0.112
30/08/25 16:00	0.268	0.260	0.255	0.200	0.201	0.187	0.180	0.084	0.104	0.112	0.114
30/08/25 17:00	0.268	0.264	0.256	0.222	0.222	0.215	0.233	0.164	0.148	0.112	0.120
30/08/25 18:00	0.270	0.265	0.258	0.256	0.247	0.265	0.273	0.244	0.226	0.112	0.120
30/08/25 19:00	0.274	0.265	0.260	0.293	0.282	0.310	0.305	0.278	0.170	0.112	0.120
30/08/25 20:00	0.273	0.264	0.260	0.312	0.293	0.326	0.306	0.263	0.170	0.112	0.120
30/08/25 21:00	0.267	0.263	0.260	0.320	0.294	0.329	0.298	0.234	0.112	0.120	0.120
30/08/25 22:00	0.267	0.258	0.257	0.330	0.289	0.318	0.294	0.174	0.112	0.114	0.114
30/08/25 23:00	0.266	0.257	0.254	0.333	0.283	0.303	0.291	0.142	0.112	0.114	0.114
31/08/25 00:00	0.265	0.255	0.253	0.335	0.289	0.295	0.271	0.099	0.120	0.120	0.112
31/08/25 01:00	0.266	0.254	0.253	0.333	0.296	0.299	0.249	0.094	0.120	0.120	0.112
31/08/25 02:00	0.265	0.253	0.253	0.336	0.304	0.302	0.225	0.088	0.148	0.120	0.112
31/08/25 03:00	0.265	0.253	0.254	0.338	0.310	0.295	0.187	0.086	0.148	0.120	0.112
31/08/25 04:00	0.265	0.253	0.256	0.336	0.319	0.300	0.193	0.099	0.155	0.120	0.112
31/08/25 05:00	0.270	0.253	0.261	0.343	0.327	0.306	0.189	0.103	0.200	0.120	0.120
31/08/25 06:00	0.272	0.253	0.268	0.342	0.317	0.303	0.178	0.102	0.195	0.142	0.120
31/08/25 07:00	0.275	0.255	0.272	0.322	0.281	0.267	0.125	0.102	0.112	0.120	0.120
31/08/25 08:00	0.274	0.256	0.273	0.286	0.224	0.216	0.078	0.092	0.072	0.112	0.120
31/08/25 09:00	0.273	0.255	0.271	0.255	0.157	0.145	0.048	0.077	0.072	0.107	0.112
31/08/25 10:00	0.272	0.254	0.271	0.238	0.122	0.114	0.036	0.062	0.072	0.107	0.114
31/08/25 11:00	0.270	0.253	0.270	0.227	0.111	0.098	0.035	0.059	0.072	0.107	0.114
31/08/25 12:00	0.269	0.253	0.268	0.212	0.102	0.083	0.033	0.065	0.072	0.107	0.120
31/08/25 13:00	0.269	0.253	0.267	0.202	0.103	0.085	0.034	0.064	0.072	0.112	0.120
31/08/25 14:00	0.271	0.253	0.266	0.203	0.117	0.093	0.037	0.077	0.095	0.112	0.120
31/08/25 15:00	0.271	0.254	0.268	0.224	0.140	0.119	0.038	0.100	0.112	0.120	0.145
31/08/25 16:00	0.273	0.255	0.271	0.251	0.173	0.176	0.057	0.148	0.120	0.120	0.120
31/08/25 17:00	0.272	0.259	0.274	0.275	0.214	0.242	0.113	0.260	0.226	0.120	0.120
31/08/25 18:00	0.273	0.263	0.277	0.305	0.247	0.290	0.172	0.313	0.228	0.120	0.120
31/08/25 19:00	0.273	0.262	0.274	0.334	0.284	0.333	0.198	0.341	0.228	0.120	0.120
31/08/25 20:00	0.273	0.259	0.271	0.341	0.297	0.343	0.205	0.342	0.226	0.120	0.120
31/08/25 21:00	0.269	0.257	0.264	0.346	0.279	0.345	0.195	0.345	0.226	0.120	0.120
31/08/25 22:00	0.268	0.255	0.261	0.347	0.279	0.338	0.164	0.339	0.120	0.112	0.120
31/08/25 23:00	0.267	0.253	0.258	0.343	0.278	0.339	0.138	0.319	0.120	0.112	0.120
01/09/25 00:00	0.266	0.252	0.258	0.352	0.280	0.342	0.125	0.305	0.112	0.120	0.120
01/09/25 01:00	0.266	0.252	0.257	0.365	0.311	0.344	0.119	0.295	0.112	0.112	0.120
01/09/25 02:00	0.265	0.252	0.256	0.374	0.326	0.345	0.115	0.288	0.112	0.112	0.120
01/09/25 03:00	0.265	0.252	0.257	0.379	0.342	0.345	0.134	0.293	0.104	0.112	0.120
01/09/25 04:00	0.265	0.252	0.258	0.393	0.353	0.345	0.140	0.307	0.104	0.112	0.120
01/09/25 05:00	0.266	0.252	0.263	0.390	0.363	0.349	0.154	0.318	0.104	0.112	0.120
01/09/25 06:00	0.267	0.252	0.268	0.382	0.365	0.342	0.154	0.309	0.072	0.112	0.120
01/09/25 07:00	0.269	0.252	0.271	0.377	0.338	0.315	0.111	0.267	0.072	0.095	0.112
01/09/25 08:00	0.271	0.254	0.268	0.365	0.280	0.287	0.076	0.223	0.072	0.095	0.112
01/09/25 09:00	0.271	0.254	0.266	0.339	0.214	0.273	0.064	0.150	0.072	0.112	0.112
01/09/25 10:00	0.271	0.254	0.265	0.315	0.160	0.250	0.052	0.107	0.072	0.107	0.112
01/09/25 11:00	0.270	0.254	0.264	0.296	0.129	0.231	0.043	0.078	0.072	0.107	0.114
01/09/25 12:00	0.267	0.254	0.263	0.287	0.122	0.201	0.041	0.059	0.072	0.072	0.072
01/09/25 13:00	0.267	0.253	0.262	0.275	0.124	0.182	0.039	0.049	0.072	0.112	0.112
01/09/25 14:00	0.266	0.253	0.262	0.288	0.148	0.179	0.041	0.052	0.072	0.095	0.095
01/09/25 15:00	0.266	0.253	0.263	0.304	0.178	0.200	0.047	0.071	0.072	0.112	0.114
01/09/25 16:00	0.269	0.254	0.264	0.326	0.212	0.246	0.077	0.127	0.080	0.112	0.120
01/09/25 17:00	0.272	0.256	0.268	0.345	0.248	0.291	0.150	0.194	0.104	0.112	0.120
01/09/25 18:00	0.273	0.257	0.272	0.364	0.287	0.328	0.221	0.271	0.112	0.120	0.145
01/09/25 19:00	0.274	0.259	0.271	0.378	0.333	0.348	0.266	0.331	0.112	0.141	0.141
01/09/25 20:00	0.273	0.258	0.267	0.379	0.347	0.351	0.263	0.337	0.112	0.120	0.145
01/09/25 21:00	0.271	0.257	0.262	0.381	0.349	0.350	0.274	0.326	0.112	0.120	0.145
01/09/25 22:00	0.267	0.256	0.259	0.384	0.337	0.349	0.270	0.314	0.120	0.145	0.145
01/09/25 23:00	0.268	0.254	0.260	0.397	0.327	0.348	0.270	0.303	0.120	0.145	0.145
02/09/25 00:00	0.267	0.252	0.258	0.399	0.317	0.347	0.289	0.279	0.120	0.145	0.145
02/09/25 01:00	0.264	0.252	0.257	0.403	0.328	0.345	0.304	0.271	0.120	0.145	0.145
02/09/25 02:00	0.264	0.252	0.256	0.403	0.342	0.345	0.330	0.274	0.120	0.145	0.145
02/09/25 03:00	0.262	0.252	0.257	0.401	0.351	0.345	0.344	0.289	0.120	0.142	0.142
02/09/25 04:00	0.262	0.253	0.258	0.401	0.364	0.345	0.358	0.283	0.112	0.145	0.145
02/09/25 05:00	0.262	0.258	0.264	0.401	0.375	0.345	0.372	0.277	0.120	0.189	0.189
02/09/25 06:00	0.262	0.262	0.269	0.393	0.375	0.338	0.370	0.265	0.120	0.145	0.145
02/09/25 07:00	0.263	0.263	0.274	0.370	0.357	0.307	0.315	0.220	0.120	0.141	0.141
02/09/25 08:00	0.266	0.263	0.270	0.337	0.315	0.256	0.261	0.133	0.094	0.145	0.145
02/09/25 09:00	0.266	0.261	0.266	0.299	0.255	0.196	0.197	0.071	0.094	0.120	0.120
02/09/25 10:00	0.266	0.260	0.263	0.275	0.199	0.146	0.130	0.047	0.072	0.112	0.120
02/09/25 11:00	0.266	0.258	0.261	0.249	0.148	0.115	0.095	0.044	0.072	0.114	0.114
02/09/25 12:00	0.265	0.258	0.261	0.223	0.132	0.106	0.088	0.039	0.094	0.114	0.114
02/09/25 13:00	0.264	0.257	0.261	0.210	0.142	0.092	0.086	0.044	0.072	0.120	0.120
02/09/25 14:00	0.264	0.257	0.261	0.210	0.160	0.089	0.109	0.052	0.072	0.120	0.112
02/09/25 15:00	0.266	0.258	0.262	0.227	0.182	0.108	0.172	0.083	0.072	0.112	0.112
02/09/25 16:00	0.266	0.259	0.265	0.251	0.220	0.153	0.243	0.153	0.104	0.120	0.120
02/09/25 17:00	0.269	0.261	0.268	0.296	0.263	0.233	0.293	0.208	0.120	0.145	0.145
02/09/25 18:00	0.272	0.265	0.273	0.337	0.310	0.288	0.341	0.242	0.192	0.120	0.141
02/09/25 19:00	0.274	0.265	0.271	0.370	0.358	0.328	0.379	0.267	0.112	0.120	0.112
02/09/25 20:00	0.274	0.262	0.266	0.374	0.382	0.339	0.392	0.263	0.120	0.141	0.120
02/09/25 21:00	0.275	0.259	0.263	0.375	0.371	0.343	0.395	0.238	0.112	0.145	0.120
02/09/25 22:00	0.266	0.256	0.261	0.374	0.353	0.346	0.401	0.205	0.112	0.112	0.112
02/09/25 23:00	0.277	0.255	0.261	0.374	0.348	0.336	0.405	0.167	0.112	0.112	0.112
03/09/25 00:00	0.269	0.253	0.258	0.374	0.347	0.336	0.404	0.151	0.112	0.112	0.120
03/09/25 01:00	0.267	0.252	0.257	0.374	0.346	0.325	0.402	0.126	0.112	0.112	0.120
03/09/25 02:00	0.265	0.251	0.256	0.374	0.342	0.324	0.400	0.101	0.112	0.114	0.120
03/09/25 03:00	0.265	0.251	0.256	0.373	0.348	0.324	0.398	0.098	0.112	0.120	0.120
03/09/25 04:00	0.265	0.253	0.257	0.375	0.352	0.324	0.396	0.100	0.120	0.141	0.112
03/09/25 05:00	0.272	0.255	0.263	0.375	0.353	0.323	0.380	0.120	0.208	0.145	0.145
03/09/25 06:00	0.274	0.259	0.266	0.367	0.352	0.305	0.370	0.117	0.152	0.145	0.145
03/09/25 07:00	0.275	0.259	0.268	0.331	0.313	0.236	0.327	0.089	0.120	0.120	0.145
03/09/25 08:00	0.275	0.258	0.265	0.285	0.249	0.154	0.282	0.066	0.110	0.120	0.145
03/09/25 09:00	0.275	0.255	0.263	0.242	0.188	0.105	0.221	0.055	0.104	0.112	0.120
03/09/25 10:00	0.275	0.255	0.259	0.211	0.139	0.083	0.190	0.043	0.104	0.114	0.120
03/09/25 11:00	0.274	0.254	0.254	0.190	0.108	0.075	0.165	0.042	0.104	0.114	0.120
03/09/25 12:00	0.272	0.254	0.254	0.181	0.100	0.073	0.172	0.038	0.104	0.120	0.120
03/09/25 13:00	0.272	0.255	0.254	0.182	0.111	0.070	0.187	0.037	0.104	0.120	0.120
03/09/25 14:00	0.271	0.255	0.256	0.183	0.127	0.074	0.199	0.038	0.104	0.120	0.141
03/09/25 15:00	0.272	0.255	0.254	0.195	0.160	0.094	0.238	0.036	0.203	0.145	0.145
03/09/25 16:00	0.273	0.259	0.260	0.231	0.215	0.149	0.267	0.041	0.228	0.197	0.155
03/09/25 17:00	0.274	0.261	0.262	0.266	0.276	0.222	0.318	0.053	0.241	0.219	0.219
03/09/25 18:00	0.275	0.264	0.262	0.300	0.338	0.278	0.356	0.073	0.290	0.240	0.234
03/09/25 19:00	0.274	0.265	0.262	0.325	0.393	0.330	0.379	0.084	0.258	0.240	0.234
03/09/25 20:00	0.272	0.262	0.265	0.334	0.405	0.338	0.379	0.094	0.258	0.234	0.234
03/09/25 21:00	0.268	0.259	0.254	0.339	0.404	0.334	0.381	0.091	0.235	0.240	0.234
03/09/25 22:00	0.266	0.257	0.253	0.342	0.402	0.330	0.378	0.080	0.234	0.240	0.234
03/09/25 23:00	0.266	0.255	0.252	0.348	0.401	0.329	0.381	0.059	0.229	0.240	0.234
04/09/25 00:00	0.265	0.253	0.252	0.348	0.402	0.330	0.380	0.054	0.230	0.219	0.234
04/09/25 01:00	0.265	0.253	0.252	0.354	0.405	0.332	0.378	0.054	0.230	0.217	0.219
04/09/25 02:00	0.264	0.253	0.252	0.358	0.408	0.333	0.379	0.055	0.230	0.212	0.219
04/09/25 03:00	0.264	0.253	0.253	0.356	0.413	0.335	0.375	0.065	0.230	0.212	0.212
04/09/25 04:00	0.266	0.251	0.254	0.351	0.420	0.334	0.377	0.085	0.230	0.234	0.234
04/09/25 05:00	0.272	0.258	0.259	0.339	0.431	0.339	0.379	0.125	0.235	0.234	0.219
04/09/25 06:00	0.275	0.260	0.263	0.329	0.431	0.323	0.375	0.138	0.230	0.207	0.212
04/09/25 07:00	0.275	0.261	0.264	0.315	0.383	0.275	0.352	0.113	0.228	0.189	0.189
04/09/25 08:00	0.275	0.260	0.263	0.283	0.285	0.219	0.330	0.061	0.170	0.145	0.145
04/09/25 09:00	0.275	0.258	0.260	0.243	0.203	0.137	0.308	0.039	0.104	0.145	0.145
04/09/25 10:00	0.275	0.255	0.258	0.216	0.150	0.082	0.286	0.033	0.112	0.145	0.145
04/09/25 11:00	0.274	0.254	0.257	0.189	0.133	0.068	0.273	0.032	0.104	0.145	0.145
04/09/25 12:00	0.273	0.254	0.255	0.161	0.139	0.065	0.252	0.035	0.112	0.145	0.145
04/09/25 13:00	0.273	0.254	0.254	0.149	0.147	0.069	0.238	0.041	0.104	0.145	0.145
04/09/25 14:00	0.272	0.253	0.255	0.163	0.170	0.086	0.247	0.061	0.104	0.145	0.145
04/09/25 15:00	0.273	0.253	0.257	0.185	0.210	0.121	0.280	0.104	0.120	0.145	0.145
04/09/25 16:00	0.274	0.255	0.261	0.220	0.261	0.187	0.323	0.162	0.226	0.197	0.145
04/09/25 17:00	0.275	0.258	0.263	0.261	0.309	0.250	0.350	0.207	0.235	0.207	0.207
04/09/25 18:00	0.276	0.259	0.264	0.314	0.366	0.288	0.379	0.238	0.258	0.219	0.219
04/09/25 19:00	0.276	0.259	0.264	0.355	0.420	0.308	0.399	0.277	0.235	0.212	0.212
04/09/25 20:00	0.275	0.258	0.262	0.356	0.428	0.315	0.400	0.281	0.230	0.197	0.212
04/09/25 21:00	0.269	0.256	0.260	0.351	0.426	0.320	0.399	0.294	0.230	0.219	0.207
04/09/25 22:00	0.267	0.254	0.256	0.350	0.427	0.322	0.398	0.292	0.230	0.191	0.191
04/09/25 23:00	0.266	0.253	0.259	0.357	0.417	0.315	0.393	0.288	0.218	0.197	0.207
05/09/25 00:00	0.266	0.252	0.256	0.364	0.399	0.312	0.391	0.287	0.213	0.191	0.191
05/09/25 01:00	0.265	0.252	0.254	0.370	0.372	0.312	0.386	0.292	0.226	0.189	0.189
05/09/25 02:00	0.265	0.251	0.253	0.371	0.379	0.314	0.372	0.301	0.199	0.145	0.145
05/09/25 03:00	0.265	0.250	0.254	0.373	0.379	0.315	0.350	0.314	0.197	0.145	0.145
05/09/25 04:00	0.266	0.252	0.254	0.378	0.385	0.317	0.348	0.333	0.228	0.145	0.145
05/09/25 05:00	0.274	0.256	0.255	0.381	0.392	0.322	0.341	0.346	0.228	0.145	0.145
05/09/25 06:00	0.276	0.259	0.256	0.366	0.392	0.316	0.314	0.339	0.120	0.145	0.145
05/09/25 07:00	0.276	0.259	0.258	0.320	0.358	0.263	0.252	0.283	0.110	0.112	0.120
05/09/25 08:00	0.278	0.257	0.258	0.264	0.298	0.202	0.181	0.210	0.095	0.112	0.120
05/09/25 09:00	0.280	0.255	0.255	0.206	0.248	0.136	0.121	0.117	0.072	0.114	0.114
05/09/25 10:00	0.276	0.253	0.253	0.168	0.202	0.095	0.072	0.072	0.072	0.114	0.120
05/09/25 11:00	0.275	0.252	0.253	0.148	0.173	0.078	0.055	0.074	0.072	0.114	0.120
05/09/25 12:00	0.274	0.252	0.250	0.134	0.166	0.071	0.052	0.064	0.072	0.114	0.120
05/09/25 13:00	0.274	0.252	0.247	0.140	0.174	0.069	0.052	0.062	0.072	0.114	0.114
05/09/25 14:00	0.273	0.253	0.252	0.153	0.195	0.082	0.047	0.070	0.072	0.114	0.114
05/09/25 15:00	0.275	0.254	0.254	0.179	0.228	0.117	0.049	0.092	0.095	0.112	0.120
05/09/25 16:00	0.276	0.255	0.255	0.226	0.283	0.176	0.064	0.162	0.120	0.145	0.145
05/09/25 17:00	0.276	0.257	0.258	0.284	0.332	0.224	0.099	0.248	0.228	0.145	0.145
05/09/25 18:00	0.278	0.259	0.261	0.342	0.365	0.286	0.162	0.323	0.228	0.145	0.145
05/09/25 19:00	0.278	0.259	0.262	0.381	0.382	0.329	0.210	0.395	0.228	0.145	0.145
05/09/25 20:00	0.278	0.258	0.260	0.385	0.360	0.332	0.201	0.407	0.228	0.145	0.145
05/09/25 21:00	0.273	0.257	0.258	0.387	0.317	0.334	0.179	0.409	0.230	0.165	0.155
05/09/25 22:00	0.268	0.254	0.257	0.389	0.315	0.334	0.171	0.411	0.230	0.155	0.141
05/09/25 23:00	0.266	0.252	0.256	0.391	0.343	0.333	0.158	0.409	0.230	0.145	0.145
06/09/25 00:00	0.265	0.252	0.254	0.392	0.363	0.337	0.161	0.408	0.228	0.145	0.145
06/09/25 01:00	0.265	0.251	0.254	0.392	0.360	0.342	0.154	0.408	0.218	0.145	0.145
06/09/25 02:00	0.265	0.251	0.254	0.391	0.374	0.347	0.149	0.407	0.218	0.145	0.145
06/09/25 03:00	0.265	0.252	0.254	0.393	0.405	0.348	0.155	0.407	0.223	0.145	0.145
06/09/25 04:00	0.266	0.252	0.254	0.395	0.414	0.349	0.189	0.408	0.228	0.145	0.145
06/09/25 05:00	0.273	0.256	0.254	0.393	0.404	0.349	0.228	0.408	0.228	0.189	0.189
06/09/25 06:00	0.275	0.258	0.254	0.387	0.394	0.340	0.243	0.375	0.228	0.141	0.141
06/09/25 07:00	0.276	0.258	0.254	0.356	0.370	0.290	0.203	0.246	0.228	0.145	0.145
06/09/25 08:00	0.277	0.258	0.255	0.312	0.297	0.230	0.148	0.106	0.104	0.141	0.141
06/09/25 09:00	0.278	0.257	0.255	0.278	0.216	0.152	0.102	0.054	0.104	0.120	0.120
06/09/25 10:00	0.278	0.255	0.256	0.254	0.172	0.104	0.072	0.045	0.104	0.120	0.120
06/09/25 11:00	0.277	0.252	0.256	0.229	0.152	0.084	0.067	0.040	0.104	0.120	0.120
06/09/25 12:00	0.277	0.252	0.254	0.224	0.145	0.078	0.069	0.038	0.104	0.120	0.120
06/09/25 13:00	0.274	0.253	0.254	0.236	0.150	0.078	0.080	0.034	0.104	0.120	0.120
06/09/25 14:00	0.273	0.253	0.254	0.262	0.161	0.097	0.094	0.036	0.112	0.120	0.120
06/09/25 15:00	0.274	0.253	0.255	0.289	0.197	0.139	0.153	0.047	0.112	0.120	0.120
06/09/25 16:00	0.275	0.256	0.256	0.313	0.254	0.197	0.231	0.091	0.112	0.120	0.120
06/09/25 17:00	0.275	0.258	0.260	0.340	0.316	0.246	0.304	0.172	0.226	0.141	0.141
06/09/25 18:00	0.275	0.258	0.262	0.372	0.378	0.306	0.342	0.212	0.226	0.141	0.141
06/09/25 19:00	0.275	0.259	0.263	0.390	0.412	0.345	0.357	0.222	0.226	0.141	0.141
06/09/25 20:00	0.278	0.258	0.262	0.391	0.406	0.347	0.377	0.198	0.226	0.141	0.141
06/09/25 21:00	0.274	0.258	0.261	0.391	0.402	0.344	0.380	0.151	0.226	0.141	0.141
06/09/25 22:00	0.269	0.256	0.257	0.392	0.399	0.342	0.379	0.119	0.120	0.141	0.141
06/09/25 23:00	0.267	0.255	0.255	0.392	0.398	0.336	0.383	0.093	0.112	0.120	0.120
07/09/25 00:00	0.266	0.254	0.254	0.391	0.394	0.332	0.389	0.082	0.120	0.120	0.120
07/09/25 01:00	0.265	0.254	0.254	0.391	0.384	0.330	0.394	0.080	0.120	0.120	0.120
07/09/25 02:00	0.265	0.253	0.254	0.391	0.397	0.334	0.388	0.082	0.120	0.120	0.120
07/09/25 03:00	0.265	0.254	0.254	0.391	0.403	0.341	0.387	0.081	0.112	0.120	0.120
07/09/25 04:00	0.266	0.254	0.255	0.391	0.410	0.340	0.387	0.086	0.112	0.120	0.120
07/09/25 05:00	0.272	0.255	0.262	0.391	0.411	0.337	0.383	0.086	0.228	0.142	0.142
07/09/25 06:00	0.275	0.256	0.268	0.388	0.402	0.332	0.377	0.078	0.203	0.142	0.142
07/09/25 07:00	0.278	0.257	0.271	0.369	0.392	0.282	0.318	0.055	0.120	0.142	0.142
07/09/25 08:00	0.279	0.259	0.266	0.336	0.358	0.217	0.220	0.040	0.112	0.120	0.120
07/09/25 09:00	0.274	0.259	0.263	0.291	0.300	0.133	0.126	0.032	0.094	0.120	0.120
07/09/25 10:00	0.274	0.257	0.261	0.251	0.242	0.091	0.075	0.026	0.094	0.114	0.114
07/09/25 11:00	0.271	0.257	0.258	0.220	0.204	0.075	0.060	0.023	0.094	0.107	0.112
07/09/25 12:00	0.269	0.256	0.255	0.209	0.205	0.069	0.054	0.022	0.094	0.120	0.112
07/09/25 13:00	0.268	0.256	0.255	0.211	0.215	0.067	0.055	0.022	0.094	0.107	0.112
07/09/25 14:00	0.268	0.255	0.257	0.221	0.226	0.078	0.059	0.023	0.094	0.107	0.112
07/09/25 15:00	0.268	0.256	0.258	0.251	0.267	0.118	0.080	0.025	0.094	0.107	0.112
07/09/25 16:00	0.270	0.257	0.262	0.291	0.317	0.170	0.161	0.029	0.112	0.114	0.114
07/09/25 17:00	0.272	0.261	0.266	0.330	0.367	0.216	0.260	0.048	0.120	0.112	0.120
07/09/25 18:00	0.274	0.262	0.269	0.361	0.412	0.277	0.333	0.097	0.120	0.112	0.120
07/09/25 19:00	0.274	0.263	0.267	0.378	0.437	0.319	0.365	0.133	0.104	0.114	0.114
07/09/25 20:00	0.271	0.258	0.259	0.376	0.439	0.321	0.356	0.131	0.104	0.114	0.114
07/09/25 21:00	0.269	0.258	0.254	0.373	0.433	0.319	0.329	0.142	0.104	0.120	0.120
07/09/25 22:00	0.266	0.256	0.253	0.365	0.427	0.316	0.305	0.170	0.112	0.120	0.120
07/09/25 23:00	0.265	0.256	0.253	0.365	0.433	0.314	0.291	0.195	0.112	0.120	0.120
08/09/25 00:00	0.266	0.255	0.253	0.370	0.430	0.312	0.295	0.216	0.112	0.120	0.120
08/09/25 01:00	0.266	0.255	0.252	0.372	0.426	0.320	0.318	0.230	0.112	0.120	0.120
08/09/25 02:00	0.265	0.255	0.252	0.375	0.432	0.330	0.294	0.266	0.112	0.120	0.120
08/09/25 03:00	0.265	0.255	0.252	0.378	0.434	0.337	0.268	0.270	0.094	0.114	0.114
08/09/25 04:00	0.265	0.254	0.254	0.384	0.421	0.341	0.225	0.284	0.094	0.114	0.114
08/09/25 05:00	0.265	0.255	0.255	0.385	0.410	0.345	0.237	0.326	0.094	0.112	0.114
08/09/25 06:00	0.266	0.255	0.260	0.381	0.408	0.338	0.208	0.343	0.094	0.112	0.114
08/09/25 07:00	0.267	0.256	0.262	0.350	0.405	0.290	0.157	0.321	0.094	0.120	0.112
08/09/25 08:00	0.275	0.257	0.265	0.301	0.371	0.230	0.093	0.280	0.080	0.095	0.095
08/09/25 09:00	0.280	0.257	0.266	0.253	0.309	0.145	0.059	0.192	0.072	0.072	0.072
08/09/25 10:00	0.272	0.257	0.259	0.225	0.253	0.101	0.046	0.117	0.072	0.112	0.112
08/09/25 11:00	0.267	0.257	0.259	0.209	0.225	0.085	0.042	0.075	0.094	0.072	0.112
08/09/25 12:00	0.267	0.255	0.257	0.198	0.221	0.080	0.042	0.066	0.072	0.072	0.072
08/09/25 13:00	0.266	0.255	0.260	0.196	0.209	0.079	0.042	0.076	0.072	0.072	0.072
08/09/25 14:00	0.266	0.255	0.256	0.203	0.209	0.094	0.042	0.104	0.094	0.107	0.112
08/09/25 15:00	0.269	0.256	0.258	0.229	0.247	0.136	0.062	0.167	0.112	0.120	0.120
08/09/25 16:00	0.272	0.258	0.263	0.265	0.295	0.199	0.119	0.214	0.120	0.141	0.141
08/09/25 17:00	0.273	0.261	0.266	0.301	0.334	0.252	0.200	0.263	0.120	0.145	0.145
08/09/25 18:00	0.274	0.264	0.272	0.349	0.394	0.320	0.274	0.342	0.226	0.145	0.145
08/09/25 19:00	0.277	0.267	0.271	0.372	0.418	0.349	0.333	0.385	0.202	0.145	0.145
08/09/25 20:00	0.277	0.261	0.263	0.371	0.432	0.350	0.343	0.388	0.226	0.155	0.145
08/09/25 21:00	0.278	0.260	0.260	0.366	0.425	0.350	0.347	0.387	0.226	0.155	0.145
08/09/25 22:00	0.271	0.258	0.256	0.361	0.404	0.351	0.350	0.388	0.197	0.155	0.145
08/09/25 23:00	0.266	0.258	0.255	0.355	0.401	0.349	0.355	0.393	0.183	0.145	0.145
09/09/25 00:00	0.265	0.256	0.255	0.354	0.401	0.348	0.353	0.394	0.197	0.145	0.145
09/09/25 01:00	0.265	0.255	0.254	0.352	0.401	0.348	0.356	0.393	0.183	0.145	0.145
09/09/25 02:00	0.264	0.255	0.253	0.356	0.389	0.348	0.360	0.395	0.112	0.145	0.145
09/09/25 03:00	0.263	0.255	0.253	0.359	0.376	0.348	0.368	0.394	0.112	0.145	0.145
09/09/25 04:00	0.263	0.256	0.255	0.369	0.361	0.348	0.376	0.394	0.120	0.145	0.145
09/09/25 05:00	0.263	0.263	0.261	0.374	0.348	0.347	0.379	0.390	0.120	0.141	0.141
09/09/25 06:00	0.264	0.270	0.261	0.369	0.337	0.341	0.376	0.388	0.120	0.145	0.145
09/09/25 07:00	0.264	0.273	0.261	0.342	0.301	0.294	0.340	0.381	0.112	0.141	0.141
09/09/25 08:00	0.265	0.266	0.263	0.301	0.257	0.209	0.286	0.365	0.112	0.120	0.120
09/09/25 09:00	0.265	0.263	0.260	0.263	0.225	0.139	0.246	0.349	0.112	0.120	0.120
09/09/25 10:00	0.265	0.262	0.254	0.230	0.225	0.100	0.181	0.331	0.095	0.112	0.112
09/09/25 11:00	0.265	0.262	0.255	0.211	0.206	0.083	0.115	0.304	0.072	0.072	0.112
09/09/25 12:00	0.265	0.261	0.258	0.196	0.199	0.079	0.107	0.268	0.094	0.080	0.112
09/09/25 13:00	0.265	0.260	0.258	0.206	0.193	0.083	0.084	0.239	0.094	0.080	0.112
09/09/25 14:00	0.263	0.260	0.256	0.234	0.191	0.095	0.081	0.214	0.094	0.080	0.112
09/09/25 15:00	0.262	0.259	0.258	0.255	0.205	0.123	0.070	0.205	0.094	0.120	0.114
09/09/25 16:00	0.266	0.261	0.261	0.282	0.247	0.180	0.088	0.233	0.112	0.145	0.145
09/09/25 17:00	0.272	0.264	0.262	0.325	0.297	0.248	0.121	0.268	0.235	0.234	0.219
09/09/25 18:00	0.274	0.269	0.268	0.367	0.328	0.315	0.148	0.319	0.235	0.234	0.219
09/09/25 19:00	0.275	0.267	0.263	0.384	0.380	0.348	0.155	0.366	0.235	0.234	0.219
09/09/25 20:00	0.277	0.262	0.264	0.382	0.384	0.349	0.160	0.372	0.235	0.234	0.219
09/09/25 21:00	0.274	0.259	0.255	0.384	0.386	0.349	0.161	0.360	0.235	0.217	0.217
09/09/25 22:00	0.272	0.256	0.254	0.389	0.373	0.349	0.143	0.362	0.233	0.234	0.219
09/09/25 23:00	0.266	0.255	0.253	0.390	0.367	0.344	0.134	0.368	0.230	0.234	0.219
10/09/25 00:00	0.265	0.255	0.253	0.387	0.367	0.342	0.131	0.375	0.228	0.191	0.191
10/09/25 01:00	0.263	0.254	0.254	0.381	0.371	0.341	0.128	0.375	0.228	0.145	0.145
10/09/25 02:00	0.263	0.254	0.254	0.378	0.370	0.339	0.122	0.378	0.228	0.145	0.145
10/09/25 03:00	0.262	0.253	0.254	0.377	0.375	0.335	0.124	0.372	0.228	0.189	0.155
10/09/25 04:00	0.264	0.255	0.255	0.379	0.365	0.331	0.149	0.371	0.228	0.141	0.141
10/09/25 05:00	0.273	0.259	0.261	0.380	0.366	0.325	0.162	0.364	0.228	0.141	0.141
10/09/25 06:00	0.275	0.261	0.265	0.378	0.367	0.318	0.152	0.358	0.228	0.142	0.142
10/09/25 07:00	0.276	0.262	0.268	0.361	0.350	0.250	0.123	0.308	0.110	0.112	0.120
10/09/25 08:00	0.278	0.259	0.265	0.334	0.318	0.146	0.064	0.249	0.104	0.114	0.114
10/09/25 09:00	0.280	0.257	0.263	0.309	0.281	0.091	0.040	0.197	0.072	0.095	0.095
10/09/25 10:00	0.277	0.255	0.262	0.293	0.253	0.071	0.036	0.131	0.091	0.072	0.072
10/09/25 11:00	0.277	0.254	0.261	0.281	0.235	0.061	0.043	0.074	0.072	0.072	0.072
10/09/25 12:00	0.274	0.254	0.261	0.275	0.224	0.058	0.049	0.062	0.072	0.072	0.072
10/09/25 13:00	0.271	0.255	0.259	0.277	0.220	0.061	0.050	0.061	0.072	0.072	0.072
10/09/25 14:00	0.270	0.255	0.261	0.290	0.226	0.069	0.050	0.075	0.072	0.072	0.072
10/09/25 15:00	0.272	0.256	0.263	0.298	0.246	0.104	0.050	0.115	0.094	0.112	0.114
10/09/25 16:00	0.275	0.258	0.266	0.306	0.282	0.174	0.053	0.180	0.104	0.114	0.114
10/09/25 17:00	0.276	0.261	0.271	0.326	0.326	0.250	0.061	0.245	0.112	0.120	0.120
10/09/25 18:00	0.277	0.262	0.277	0.340	0.368	0.308	0.080	0.283	0.110	0.114	0.114
10/09/25 19:00	0.278	0.264	0.276	0.362	0.403	0.338	0.091	0.301	0.112	0.114	0.114
10/09/25 20:00	0.275	0.260	0.267	0.361	0.408	0.334	0.102	0.282	0.095	0.114	0.114
10/09/25 21:00	0.273	0.257	0.263	0.355	0.416	0.326	0.125	0.260	0.094	0.112	0.114
10/09/25 22:00	0.268	0.255	0.261	0.350	0.421	0.316	0.123	0.197	0.094	0.112	0.114
10/09/25 23:00	0.268	0.255	0.261	0.335	0.438	0.308	0.142	0.140	0.072	0.114	0.114
11/09/25 00:00	0.265	0.254	0.259	0.321	0.449	0.309	0.162	0.102	0.094	0.114	0.114
11/09/25 01:00	0.263	0.253	0.258	0.307	0.454	0.315	0.171	0.088	0.094	0.114	0.114
11/09/25 02:00	0.262	0.253	0.257	0.293	0.454	0.320	0.159	0.083	0.094	0.112	0.114
11/09/25 03:00	0.261	0.252	0.257	0.286	0.452	0.324	0.136	0.084	0.094	0.112	0.114
11/09/25 04:00	0.263	0.253	0.259	0.289	0.452	0.326	0.122	0.091	0.104	0.112	0.114
11/09/25 05:00	0.271	0.257	0.262	0.301	0.443	0.328	0.132	0.110	0.104	0.112	0.114
11/09/25 06:00	0.274	0.260	0.270	0.304	0.438	0.321	0.139	0.113	0.104	0.112	0.114
11/09/25 07:00	0.275	0.260	0.273	0.289	0.395	0.287	0.116	0.116	0.080	0.112	0.112
11/09/25 08:00	0.276	0.259	0.267	0.262	0.327	0.233	0.077	0.081	0.072	0.072	0.072
11/09/25 09:00	0.276	0.257	0.260	0.246	0.267	0.172	0.056	0.046	0.072	0.072	0.072
11/09/25 10:00	0.273	0.256	0.257	0.227	0.233	0.138	0.047	0.035	0.072	0.072	0.072
11/09/25 11:00	0.269	0.254	0.255	0.203	0.222	0.118	0.044	0.037	0.072	0.072	0.072
11/09/25 12:00	0.273	0.253	0.254	0.188	0.207	0.119	0.045	0.038	0.072	0.072	0.072
11/09/25 13:00	0.275	0.253	0.254	0.188	0.188	0.128	0.043	0.036	0.072	0.072	0.072
11/09/25 14:00	0.273	0.254	0.255	0.178	0.210	0.144	0.051	0.040	0.072	0.072	0.072
11/09/25 15:00	0.276	0.254	0.258	0.204	0.227	0.184	0.074	0.045	0.072	0.072	0.072
11/09/25 16:00	0.281	0.255	0.263	0.229	0.285	0.235	0.128	0.062	0.095	0.095	0.095
11/09/25 17:00	0.281	0.257	0.266	0.258	0.346	0.284	0.207	0.098	0.112	0.120	0.120
11/09/25 18:00	0.279	0.259	0.270	0.291	0.402	0.329	0.269	0.136	0.120	0.120	0.112
11/09/25 19:00	0.282	0.259	0.270	0.313	0.430	0.350	0.305	0.156	0.120	0.112	0.114
11/09/25 20:00	0.280	0.258	0.265	0.320	0.430	0.354	0.304	0.137	0.104	0.114	0.114
11/09/25 21:00	0.275	0.255	0.263	0.317	0.429	0.353	0.311	0.100	0.104	0.114	0.114
11/09/25 22:00	0.271	0.254	0.261	0.315	0.433	0.351	0.319	0.079	0.104	0.114	0.114
11/09/25 23:00	0.269	0.253	0.258	0.326	0.441	0.351	0.311	0.066	0.104	0.114	0.114
12/09/25 00:00	0.270	0.253	0.252	0.332	0.450	0.351	0.303	0.070	0.104	0.112	0.114
12/09/25 01:00	0.264	0.253	0.255	0.339	0.449	0.354	0.314	0.069	0.104	0.112	0.114
12/09/25 02:00	0.263	0.252	0.256	0.342	0.442	0.353	0.315	0.067	0.104	0.114	0.114
12/09/25 03:00	0.264	0.253	0.255	0.348	0.440	0.354	0.313	0.068	0.104	0.114	0.114
12/09/25 04:00	0.266	0.254	0.255	0.350	0.431	0.356	0.342	0.067	0.104	0.114	0.114
12/09/25 05:00	0.274	0.261	0.257	0.356	0.422	0.355	0.340	0.075	0.104	0.114	0.114
12/09/25 06:00	0.276	0.264	0.258	0.355	0.414	0.352	0.326	0.082	0.104	0.114	0.114
12/09/25 07:00	0.276	0.266	0.258	0.318	0.393	0.339	0.274	0.064	0.094	0.072	0.072
12/09/25 08:00	0.279	0.263	0.256	0.265	0.351	0.302	0.243	0.043	0.072	0.072	0.072
12/09/25 09:00	0.282	0.261	0.253	0.217	0.285	0.253	0.186	0.036	0.094	0.072	0.072
12/09/25 10:00	0.280	0.260	0.252	0.180	0.234	0.224	0.129	0.033	0.094	0.072	0.072
12/09/25 11:00	0.281	0.259	0.249	0.166	0.196	0.202	0.107	0.035	0.094	0.072	0.072
12/09/25 12:00	0.281	0.256	0.249	0.158	0.185	0.193	0.125	0.037	0.094	0.072	0.072
12/09/25 13:00	0.279	0.255	0.245	0.153	0.191	0.202	0.112	0.036	0.094	0.072	0.072
12/09/25 14:00	0.276	0.255	0.248	0.167	0.211	0.218	0.115	0.035	0.094	0.072	0.072
12/09/25 15:00	0.273	0.255	0.253	0.193	0.254	0.224	0.161	0.038	0.072	0.072	0.072
12/09/25 16:00	0.280	0.259	0.256	0.231	0.296	0.259	0.212	0.055	0.104	0.107	0.112
12/09/25 17:00	0.279	0.260	0.261	0.278	0.341	0.302	0.253	0.111	0.110	0.120	0.120
12/09/25 18:00	0.277	0.261	0.263	0.330	0.399	0.339	0.300	0.164	0.112	0.112	0.120
12/09/25 19:00	0.278	0.261	0.264	0.356	0.418	0.351	0.338	0.182	0.112	0.112	0.120
12/09/25 20:00	0.275	0.259	0.262	0.359	0.416	0.348	0.339	0.185	0.110	0.112	0.112
12/09/25 21:00	0.274	0.257	0.260	0.356	0.422	0.348	0.333	0.183	0.112	0.112	0.112
12/09/25 22:00	0.271	0.254	0.258	0.354	0.430	0.342	0.335	0.150	0.104	0.120	0.120
12/09/25 23:00	0.268	0.254	0.256	0.352	0.427	0.334	0.326	0.122	0.112	0.112	0.120
13/09/25 00:00	0.268	0.253	0.255	0.352	0.428	0.321	0.331	0.114	0.112	0.120	0.120
13/09/25 01:00	0.267	0.253	0.254	0.348	0.436	0.313	0.317	0.114	0.112	0.120	0.112
13/09/25 02:00	0.265	0.252	0.254	0.354	0.441	0.310	0.325	0.111	0.112	0.120	0.120
13/09/25 03:00	0.266	0.253	0.253	0.366	0.434	0.297	0.324	0.118	0.112	0.120	0.112
13/09/25 04:00	0.268	0.254	0.252	0.369	0.431	0.262	0.336	0.111	0.110	0.112	0.120
13/09/25 05:00	0.276	0.259	0.253	0.377	0.424	0.241	0.354	0.100	0.120	0.112	0.120
13/09/25 06:00	0.280	0.261	0.254	0.373	0.421	0.227	0.349	0.095	0.112	0.112	0.120
13/09/25 07:00	0.281	0.261	0.254	0.346	0.404	0.214	0.294	0.082	0.119	0.112	0.120
13/09/25 08:00	0.278	0.261	0.254	0.300	0.361	0.208	0.231	0.061	0.094	0.107	0.112
13/09/25 09:00	0.277	0.260	0.247	0.268	0.300	0.181	0.165	0.046	0.072	0.080	0.112
13/09/25 10:00	0.277	0.260	0.240	0.255	0.255	0.145	0.106	0.043	0.072	0.072	0.072
13/09/25 11:00	0.276	0.259	0.236	0.238	0.231	0.132	0.079	0.039	0.072	0.072	0.081
13/09/25 12:00	0.276	0.258	0.235	0.229	0.212	0.144	0.077	0.038	0.072	0.072	0.112
13/09/25 13:00	0.275	0.257	0.235	0.234	0.208	0.143	0.070	0.041	0.072	0.072	0.112
13/09/25 14:00	0.275	0.257	0.239	0.253	0.238	0.165	0.065	0.045	0.072	0.072	0.112
13/09/25 15:00	0.274	0.258	0.250	0.278	0.276	0.185	0.076	0.052	0.094	0.112	0.112
13/09/25 16:00	0.276	0.260	0.256	0.286	0.324	0.215	0.121	0.084	0.104	0.112	0.120
13/09/25 17:00	0.277	0.262	0.259	0.323	0.361	0.258	0.187	0.127	0.155	0.112	0.120
13/09/25 18:00	0.278	0.264	0.263	0.360	0.400	0.309	0.265	0.157	0.197	0.112	0.120
13/09/25 19:00	0.280	0.265	0.264	0.370	0.413	0.345	0.321	0.181	0.224	0.112	0.120
13/09/25 20:00	0.277	0.261	0.263	0.369	0.414	0.352	0.337	0.190	0.226	0.112	0.112
13/09/25 21:00	0.275	0.260	0.260	0.368	0.418	0.358	0.339	0.214	0.197	0.145	0.145
13/09/25 22:00	0.271	0.258	0.256	0.365	0.427	0.360	0.320	0.193	0.112	0.112	0.120
13/09/25 23:00	0.267	0.259	0.256	0.361	0.435	0.361	0.307	0.197	0.112	0.120	0.120
14/09/25 00:00	0.266	0.255	0.256	0.357	0.441	0.360	0.318	0.194	0.104	0.112	0.120
14/09/25 01:00	0.265	0.255	0.255	0.354	0.438	0.359	0.321	0.192	0.112	0.120	0.145
14/09/25 02:00	0.265	0.255	0.255	0.350	0.434	0.358	0.312	0.207	0.112	0.120	0.120
14/09/25 03:00	0.265	0.255	0.255	0.348	0.433	0.358	0.306	0.222	0.112	0.120	0.120
14/09/25 04:00	0.266	0.255	0.257	0.353	0.431	0.358	0.293	0.246	0.120	0.120	0.141
14/09/25 05:00	0.274	0.255	0.264	0.360	0.426	0.357	0.311	0.252	0.112	0.120	0.145
14/09/25 06:00	0.276	0.259	0.267	0.358	0.423	0.352	0.315	0.243	0.120	0.112	0.120
14/09/25 07:00	0.277	0.259	0.269	0.336	0.413	0.314	0.232	0.176	0.112	0.112	0.120
14/09/25 08:00	0.277	0.260	0.266	0.300	0.391	0.255	0.136	0.111	0.104	0.120	0.120
14/09/25 09:00	0.277	0.257	0.263	0.257	0.372	0.200	0.074	0.057	0.104	0.120	0.120
14/09/25 10:00	0.276	0.255	0.261	0.235	0.350	0.155	0.054	0.040	0.098	0.120	0.120
14/09/25 11:00	0.274	0.255	0.256	0.219	0.333	0.138	0.052	0.036	0.094	0.114	0.114
14/09/25 12:00	0.271	0.254	0.258	0.221	0.323	0.141	0.050	0.038	0.094	0.114	0.114
14/09/25 13:00	0.268	0.253	0.258	0.236	0.309	0.133	0.056	0.039	0.094	0.114	0.114
14/09/25 14:00	0.267	0.253	0.261	0.268	0.322	0.153	0.057	0.044	0.104	0.114	0.114
14/09/25 15:00	0.267	0.254	0.264	0.306	0.316	0.177	0.071	0.063	0.104	0.120	0.112
14/09/25 16:00	0.269	0.257	0.271	0.333	0.326	0.218	0.103	0.139	0.120	0.120	0.112
14/09/25 17:00	0.274	0.260	0.278	0.359	0.368	0.271	0.193	0.209	0.112	0.112	0.120
14/09/25 18:00	0.275	0.264	0.297	0.369	0.398	0.336	0.279	0.242	0.112	0.120	0.112
14/09/25 19:00	0.275	0.263	0.286	0.376	0.415	0.360	0.312	0.223	0.120	0.120	0.120
14/09/25 20:00	0.271	0.261	0.271	0.377	0.417	0.358	0.308	0.187	0.104	0.120	0.112
14/09/25 21:00	0.266	0.259	0.265	0.376	0.414	0.353	0.296	0.115	0.104	0.120	0.120
14/09/25 22:00	0.266	0.255	0.261	0.376	0.404	0.343	0.265	0.074	0.104	0.120	0.120
14/09/25 23:00	0.270	0.255	0.259	0.375	0.395	0.332	0.236	0.046	0.094	0.114	0.114
15/09/25 00:00	0.264	0.254	0.259	0.376	0.393	0.329	0.208	0.043	0.072	0.114	0.114
15/09/25 01:00	0.264	0.252	0.258	0.374	0.381	0.332	0.212	0.042	0.072	0.107	0.112
15/09/25 02:00	0.261	0.248	0.258	0.376	0.372	0.335	0.222	0.041	0.072	0.095	0.095
15/09/25 03:00	0.261	0.248	0.258	0.381	0.374	0.339	0.230	0.041	0.072	0.072	0.072
15/09/25 04:00	0.262	0.249	0.260	0.383	0.386	0.342	0.235	0.043	0.072	0.080	0.112
15/09/25 05:00	0.263	0.251	0.265	0.385	0.397	0.346	0.252	0.044	0.072	0.072	0.095
15/09/25 06:00	0.263	0.255	0.275	0.381	0.393	0.342	0.264	0.047	0.072	0.072	0.072
15/09/25 07:00	0.268	0.253	0.280	0.365	0.370	0.302	0.195	0.039	0.072	0.072	0.072
15/09/25 08:00	0.268	0.255	0.277	0.335	0.325	0.237	0.109	0.030	0.072	0.072	0.072
15/09/25 09:00	0.270	0.253	0.271	0.314	0.286	0.156	0.074	0.026	0.072	0.072	0.072
15/09/25 10:00	0.271	0.252	0.268	0.308	0.252	0.104	0.058	0.026	0.072	0.072	0.072
15/09/25 11:00	0.273	0.253	0.256	0.296	0.226	0.086	0.058	0.024	0.072	0.072	0.072
15/09/25 12:00	0.272	0.254	0.259	0.277	0.209	0.079	0.067	0.023	0.072	0.072	0.072
15/09/25 13:00	0.268	0.254	0.264	0.264	0.195	0.087	0.069	0.023	0.072	0.072	0.072
15/09/25 14:00	0.266	0.254	0.268	0.266	0.214	0.097	0.073	0.023	0.072	0.072	0.072
15/09/25 15:00	0.269	0.254	0.273	0.282	0.227	0.138	0.090	0.026	0.072	0.072	0.072
15/09/25 16:00	0.265	0.255	0.279	0.286	0.252	0.214	0.149	0.028	0.072	0.072	0.072
15/09/25 17:00	0.268	0.260	0.302	0.306	0.291	0.277	0.227	0.034	0.072	0.072	0.095
15/09/25 18:00	0.274	0.261	0.330	0.322	0.326	0.323	0.293	0.042	0.072	0.095	0.112
15/09/25 19:00	0.275	0.263	0.311	0.330	0.346	0.345	0.323	0.044	0.072	0.072	0.072
15/09/25 20:00	0.274	0.263	0.277	0.335	0.345	0.343	0.330	0.041	0.072	0.095	0.095
15/09/25 21:00	0.271	0.262	0.270	0.341	0.334	0.339	0.350	0.039	0.072	0.072	0.072
15/09/25 22:00	0.269	0.259	0.264	0.340	0.330	0.324	0.355	0.037	0.094	0.072	0.072
15/09/25 23:00	0.268	0.255	0.264	0.334	0.339	0.324	0.356	0.037	0.072	0.095	0.112
16/09/25 00:00	0.264	0.255	0.262	0.327	0.332	0.323	0.366	0.036	0.072	0.095	0.112
16/09/25 01:00	0.262	0.255	0.261	0.317	0.322	0.325	0.375	0.038	0.072	0.072	0.072
16/09/25 02:00	0.261	0.254	0.260	0.315	0.326	0.328	0.373	0.036	0.094	0.107	0.112
16/09/25 03:00	0.261	0.254	0.259	0.315	0.323	0.335	0.374	0.038	0.094	0.107	0.112
16/09/25 04:00	0.261	0.255	0.262	0.321	0.325	0.342	0.379	0.038	0.072	0.112	0.112
16/09/25 05:00	0.261	0.263	0.268	0.334	0.331	0.344	0.377	0.041	0.072	0.107	0.112
16/09/25 06:00	0.261	0.265	0.276	0.348	0.330	0.340	0.366	0.045	0.072	0.112	0.112
16/09/25 07:00	0.261	0.268	0.281	0.334	0.312	0.287	0.314	0.042	0.072	0.107	0.112
16/09/25 08:00	0.261	0.266	0.276	0.294	0.256	0.190	0.276	0.034	0.094	0.095	0.095
16/09/25 09:00	0.261	0.264	0.269	0.253	0.196	0.114	0.218	0.028	0.072	0.072	0.072
16/09/25 10:00	0.260	0.266	0.266	0.217	0.152	0.087	0.172	0.024	0.072	0.072	0.072
16/09/25 11:00	0.261	0.264	0.258	0.202	0.128	0.074	0.135	0.025	0.072	0.072	0.072
16/09/25 12:00	0.258	0.264	0.256	0.195	0.115	0.070	0.120	0.024	0.072	0.072	0.072
16/09/25 13:00	0.256	0.263	0.257	0.192	0.110	0.072	0.108	0.027	0.072	0.095	0.095
16/09/25 14:00	0.256	0.263	0.257	0.195	0.122	0.096	0.099	0.028	0.072	0.095	0.095
16/09/25 15:00	0.260	0.263	0.258	0.220	0.143	0.130	0.115	0.030	0.072	0.114	0.114
16/09/25 16:00	0.263	0.264	0.263	0.263	0.179	0.203	0.138	0.038	0.094	0.112	0.120
16/09/25 17:00	0.270	0.267	0.265	0.300	0.219	0.276	0.175	0.069	0.104	0.112	0.112
16/09/25 18:00	0.273	0.269	0.268	0.351	0.254	0.314	0.227	0.105	0.112	0.112	0.120
16/09/25 19:00	0.276	0.268	0.264	0.375	0.282	0.314	0.265	0.119	0.112	0.112	0.120
16/09/25 20:00	0.279	0.264	0.260	0.377	0.281	0.299	0.268	0.124	0.112	0.112	0.120
16/09/25 21:00	0.273	0.262	0.257	0.379	0.286	0.290	0.256	0.120	0.112	0.112	0.120
16/09/25 22:00	0.272	0.258	0.257	0.380	0.264	0.283	0.240	0.097	0.104	0.112	0.120
16/09/25 23:00	0.273	0.257	0.255	0.383	0.240	0.283	0.234	0.084	0.104	0.112	0.112
17/09/25 00:00	0.266	0.255	0.256	0.387	0.211	0.279	0.239	0.099	0.104	0.120	0.120
17/09/25 01:00	0.263	0.254	0.256	0.389	0.199	0.292	0.220	0.113	0.112	0.120	0.120
17/09/25 02:00	0.260	0.254	0.256	0.391	0.192	0.273	0.215	0.128	0.112	0.120	0.120
17/09/25 03:00	0.261	0.254	0.256	0.390	0.197	0.262	0.216	0.149	0.112	0.120	0.112
17/09/25 04:00	0.263	0.255	0.257	0.390	0.199	0.262	0.253	0.192	0.104	0.120	0.112
17/09/25 05:00	0.273	0.262	0.263	0.388	0.204	0.253	0.274	0.245	0.104	0.120	0.120
17/09/25 06:00	0.276	0.264	0.265	0.386	0.211	0.238	0.274	0.257	0.110	0.120	0.112
17/09/25 07:00	0.276	0.264	0.268	0.373	0.194	0.217	0.253	0.236	0.104	0.114	0.114
17/09/25 08:00	0.276	0.261	0.265	0.343	0.146	0.171	0.196	0.227	0.072	0.095	0.095
17/09/25 09:00	0.274	0.257	0.259	0.305	0.115	0.155	0.122	0.178	0.072	0.072	0.072
17/09/25 10:00	0.269	0.254	0.256	0.272	0.103	0.149	0.082	0.090	0.072	0.072	0.072
17/09/25 11:00	0.265	0.253	0.256	0.249	0.100	0.137	0.060	0.063	0.072	0.072	0.072
17/09/25 12:00	0.267	0.253	0.256	0.247	0.088	0.140	0.051	0.054	0.072	0.072	0.072
17/09/25 13:00	0.269	0.253	0.255	0.247	0.088	0.139	0.050	0.052	0.072	0.072	0.072
17/09/25 14:00	0.270	0.253	0.256	0.263	0.087	0.161	0.052	0.061	0.072	0.072	0.072
17/09/25 15:00	0.272	0.253	0.262	0.278	0.092	0.191	0.066	0.093	0.094	0.114	0.112
17/09/25 16:00	0.276	0.254	0.266	0.311	0.117	0.235	0.108	0.146	0.104	0.112	0.120
17/09/25 17:00	0.278	0.256	0.271	0.346	0.167	0.287	0.175	0.161	0.112	0.112	0.120
17/09/25 18:00	0.283	0.260	0.278	0.377	0.227	0.325	0.224	0.169	0.120	0.112	0.120
17/09/25 19:00	0.279	0.259	0.271	0.385	0.256	0.341	0.242	0.163	0.112	0.112	0.120
17/09/25 20:00	0.275	0.257	0.265	0.384	0.267	0.332	0.235	0.137	0.104	0.112	0.120
17/09/25 21:00	0.270	0.255	0.260	0.377	0.256	0.324	0.222	0.107	0.104	0.112	0.120
17/09/25 22:00	0.264	0.254	0.257	0.373	0.233	0.304	0.214	0.082	0.104	0.112	0.120
17/09/25 23:00	0.264	0.253	0.258	0.369	0.207	0.261	0.228	0.071	0.094	0.114	0.114
18/09/25 00:00	0.262	0.253	0.256	0.368	0.196	0.256	0.246	0.069	0.094	0.114	0.114
18/09/25 01:00	0.261	0.252	0.256	0.369	0.207	0.237	0.254	0.069	0.112	0.114	0.114
18/09/25 02:00	0.261	0.252	0.256	0.370	0.198	0.231	0.247	0.070	0.112	0.114	0.114
18/09/25 03:00	0.261	0.253	0.256	0.369	0.194	0.223	0.251	0.076	0.094	0.112	0.114
18/09/25 04:00	0.262	0.254	0.257	0.368	0.196	0.235	0.281	0.085	0.104	0.114	0.114
18/09/25 05:00	0.269	0.259	0.261	0.371	0.213	0.236	0.301	0.109	0.104	0.114	0.114
18/09/25 06:00	0.275	0.264	0.265	0.369	0.219	0.216	0.302	0.138	0.110	0.114	0.114
18/09/25 07:00	0.276	0.264	0.267	0.340	0.201	0.193	0.284	0.138	0.104	0.114	0.114
18/09/25 08:00	0.278	0.262	0.265	0.289	0.185	0.161	0.229	0.111	0.094	0.114	0.114
18/09/25 09:00	0.272	0.255	0.260	0.235	0.158	0.115	0.154	0.068	0.072	0.095	0.095
18/09/25 10:00	0.271	0.255	0.256	0.202	0.145	0.078	0.098	0.048	0.072	0.095	0.095
18/09/25 11:00	0.267	0.253	0.253	0.176	0.137	0.064	0.056	0.042	0.072	0.072	0.081
18/09/25 12:00	0.267	0.253	0.253	0.166	0.138	0.052	0.046	0.044	0.072	0.095	0.112
18/09/25 13:00	0.266	0.253	0.253	0.179	0.146	0.048	0.046	0.042	0.072	0.095	0.112
18/09/25 14:00	0.266	0.254	0.254	0.193	0.154	0.050	0.046	0.042	0.080	0.112	0.114
18/09/25 15:00	0.266	0.254	0.255	0.223	0.157	0.063	0.058	0.054	0.104	0.114	0.114
18/09/25 16:00	0.272	0.258	0.261	0.256	0.169	0.085	0.108	0.097	0.120	0.112	0.120
18/09/25 17:00	0.275	0.263	0.265	0.309	0.197	0.096	0.167	0.153	0.120	0.112	0.120
18/09/25 18:00	0.277	0.265	0.266	0.345	0.226	0.113	0.213	0.175	0.120	0.112	0.120
18/09/25 19:00	0.282	0.265	0.264	0.351	0.240	0.113	0.222	0.184	0.120	0.112	0.120
18/09/25 20:00	0.275	0.263	0.261	0.341	0.237	0.102	0.215	0.190	0.120	0.112	0.120
18/09/25 21:00	0.273	0.261	0.256	0.329	0.237	0.100	0.186	0.186	0.112	0.112	0.120
18/09/25 22:00	0.271	0.257	0.256	0.326	0.237	0.095	0.158	0.170	0.110	0.112	0.120
18/09/25 23:00	0.265	0.255	0.255	0.311	0.236	0.100	0.163	0.156	0.104	0.120	0.112
19/09/25 00:00	0.263	0.254	0.254	0.298	0.242	0.096	0.184	0.162	0.112	0.120	0.120
19/09/25 01:00	0.262	0.254	0.255	0.286	0.266	0.094	0.215	0.176	0.112	0.114	0.114
19/09/25 02:00	0.260	0.254	0.255	0.280	0.273	0.091	0.234	0.193	0.112	0.114	0.114
19/09/25 03:00	0.261	0.255	0.255	0.275	0.290	0.089	0.251	0.218	0.112	0.114	0.114
19/09/25 04:00	0.263	0.256	0.254	0.268	0.309	0.088	0.270	0.246	0.112	0.114	0.114
19/09/25 05:00	0.270	0.263	0.256	0.267	0.326	0.098	0.291	0.279	0.112	0.114	0.114
19/09/25 06:00	0.276	0.264	0.257	0.270	0.331	0.107	0.293	0.297	0.104	0.112	0.114
19/09/25 07:00	0.279	0.265	0.259	0.252	0.319	0.097	0.258	0.264	0.104	0.112	0.114
19/09/25 08:00	0.276	0.264	0.256	0.210	0.270	0.070	0.196	0.179	0.094	0.072	0.072
19/09/25 09:00	0.276	0.264	0.254	0.175	0.225	0.050	0.127	0.076	0.112	0.072	0.081
19/09/25 10:00	0.267	0.261	0.252	0.151	0.199	0.042	0.073	0.038	0.094	0.072	0.072
19/09/25 11:00	0.264	0.258	0.251	0.141	0.185	0.040	0.047	0.032	0.072	0.072	0.072
19/09/25 12:00	0.263	0.257	0.252	0.137	0.165	0.043	0.043	0.035	0.072	0.072	0.072
19/09/25 13:00	0.263	0.257	0.253	0.140	0.165	0.048	0.044	0.035	0.072	0.072	0.072
19/09/25 14:00	0.263	0.257	0.254	0.157	0.174	0.058	0.043	0.037	0.072	0.072	0.072
19/09/25 15:00	0.264	0.258	0.256	0.188	0.205	0.065	0.061	0.066	0.072	0.072	0.072
19/09/25 16:00	0.270	0.264	0.257	0.230	0.238	0.072	0.119	0.146	0.104	0.112	0.114
19/09/25 17:00	0.274	0.265	0.263	0.291	0.292	0.090	0.189	0.223	0.112	0.114	0.114
19/09/25 18:00	0.276	0.273	0.264	0.330	0.344	0.097	0.236	0.299	0.112	0.107	0.112
19/09/25 19:00	0.275	0.269	0.264	0.333	0.374	0.094	0.247	0.305	0.112	0.112	0.112
19/09/25 20:00	0.268	0.264	0.259	0.331	0.381	0.087	0.230	0.284	0.112	0.114	0.114
19/09/25 21:00	0.266	0.263	0.256	0.334	0.389	0.081	0.202	0.245	0.112	0.114	0.114
19/09/25 22:00	0.266	0.258	0.256	0.335	0.399	0.077	0.190	0.190	0.112	0.114	0.114
19/09/25 23:00	0.264	0.257	0.258	0.335	0.406	0.068	0.187	0.167	0.104	0.114	0.114
20/09/25 00:00	0.261	0.255	0.257	0.343	0.411	0.068	0.181	0.172	0.104	0.114	0.114
20/09/25 01:00	0.260	0.254	0.256	0.346	0.405	0.069	0.172	0.143	0.104	0.114	0.114
20/09/25 02:00	0.260	0.254	0.256	0.350	0.415	0.068	0.163	0.143	0.104	0.114	0.114
20/09/25 03:00	0.261	0.254	0.256	0.354	0.418	0.069	0.179	0.157	0.104	0.114	0.114
20/09/25 04:00	0.263	0.255	0.256	0.355	0.419	0.070	0.215	0.177	0.112	0.114	0.114
20/09/25 05:00	0.272	0.262	0.256	0.359	0.409	0.083	0.259	0.213	0.112	0.114	0.114
20/09/25 06:00	0.276	0.265	0.256	0.359	0.410	0.097	0.269	0.230	0.112	0.114	0.114
20/09/25 07:00	0.276	0.269	0.256	0.343	0.396	0.089	0.236	0.180	0.112	0.114	0.114
20/09/25 08:00	0.276	0.265	0.257	0.308	0.358	0.072	0.143	0.107	0.072	0.095	0.095
20/09/25 09:00	0.271	0.263	0.256	0.278	0.316	0.055	0.075	0.065	0.072	0.072	0.072
20/09/25 10:00	0.268	0.259	0.253	0.254	0.281	0.055	0.055	0.048	0.072	0.072	0.072
20/09/25 11:00	0.262	0.256	0.252	0.237	0.278	0.048	0.045	0.052	0.072	0.072	0.072
20/09/25 12:00	0.262	0.254	0.252	0.238	0.275	0.043	0.043	0.071	0.072	0.072	0.072
20/09/25 13:00	0.265	0.254	0.255	0.244	0.259	0.041	0.040	0.094	0.072	0.072	0.072
20/09/25 14:00	0.265	0.255	0.255	0.261	0.269	0.040	0.043	0.081	0.072	0.072	0.072
20/09/25 15:00	0.264	0.256	0.251	0.273	0.292	0.049	0.059	0.090	0.094	0.112	0.112
20/09/25 16:00	0.274	0.262	0.258	0.292	0.322	0.081	0.103	0.128	0.104	0.114	0.114
20/09/25 17:00	0.276	0.264	0.261	0.324	0.357	0.129	0.180	0.175	0.225	0.120	0.120
20/09/25 18:00	0.278	0.267	0.264	0.358	0.409	0.162	0.246	0.184	0.228	0.120	0.120
20/09/25 19:00	0.277	0.264	0.264	0.368	0.425	0.182	0.266	0.180	0.221	0.120	0.120
20/09/25 20:00	0.273	0.261	0.262	0.372	0.427	0.169	0.252	0.156	0.219	0.120	0.120
20/09/25 21:00	0.272	0.258	0.260	0.379	0.425	0.127	0.235	0.104	0.217	0.165	0.165
20/09/25 22:00	0.269	0.254	0.257	0.386	0.425	0.107	0.224	0.077	0.120	0.120	0.120
20/09/25 23:00	0.266	0.255	0.257	0.392	0.436	0.102	0.236	0.065	0.120	0.120	0.120
21/09/25 00:00	0.261	0.253	0.256	0.392	0.443	0.092	0.257	0.062	0.120	0.120	0.120
21/09/25 01:00	0.255	0.253	0.257	0.388	0.445	0.089	0.281	0.057	0.120	0.120	0.120
21/09/25 02:00	0.255	0.252	0.255	0.385	0.446	0.086	0.293	0.054	0.120	0.120	0.120
21/09/25 03:00	0.253	0.252	0.253	0.383	0.445	0.094	0.302	0.053	0.112	0.120	0.120
21/09/25 04:00	0.256	0.253	0.258	0.382	0.441	0.118	0.309	0.054	0.112	0.120	0.120
21/09/25 05:00	0.266	0.254	0.264	0.379	0.436	0.181	0.321	0.056	0.211	0.120	0.120
21/09/25 06:00	0.276	0.254	0.275	0.376	0.431	0.252	0.324	0.059	0.197	0.120	0.120
21/09/25 07:00	0.284	0.257	0.280	0.359	0.403	0.268	0.253	0.056	0.120	0.120	0.120
21/09/25 08:00	0.285	0.257	0.274	0.322	0.347	0.275	0.127	0.055	0.094	0.120	0.120
21/09/25 09:00	0.276	0.255	0.260	0.286	0.276	0.284	0.071	0.050	0.094	0.112	0.120
21/09/25 10:00	0.263	0.254	0.256	0.250	0.232	0.277	0.055	0.048	0.094	0.072	0.112
21/09/25 11:00	0.263	0.253	0.253	0.227	0.224	0.269	0.052	0.049	0.080	0.095	0.112
21/09/25 12:00	0.265	0.253	0.254	0.215	0.225	0.252	0.049	0.050	0.094	0.107	0.112
21/09/25 13:00	0.263	0.252	0.258	0.224	0.228	0.250	0.049	0.050	0.094	0.107	0.112
21/09/25 14:00	0.262	0.253	0.262	0.234	0.241	0.256	0.052	0.053	0.094	0.114	0.114
21/09/25 15:00	0.265	0.253	0.266	0.255	0.278	0.284	0.091	0.057	0.104	0.114	0.120
21/09/25 16:00	0.268	0.256	0.271	0.295	0.322	0.314	0.190	0.083	0.197	0.112	0.120
21/09/25 17:00	0.266	0.260	0.283	0.331	0.370	0.335	0.288	0.144	0.226	0.112	0.120
21/09/25 18:00	0.271	0.264	0.336	0.368	0.426	0.345	0.364	0.215	0.226	0.112	0.112
21/09/25 19:00	0.275	0.262	0.287	0.383	0.434	0.342	0.371	0.245	0.226	0.112	0.120
21/09/25 20:00	0.273	0.256	0.270	0.388	0.435	0.342	0.366	0.250	0.226	0.112	0.112
21/09/25 21:00	0.273	0.255	0.264	0.390	0.437	0.338	0.362	0.220	0.148	0.112	0.120
21/09/25 22:00	0.261	0.254	0.262	0.391	0.439	0.323	0.355	0.195	0.120	0.112	0.112
21/09/25 23:00	0.264	0.253	0.257	0.390	0.448	0.293	0.352	0.176	0.112	0.112	0.112
22/09/25 00:00	0.256	0.253	0.254	0.389	0.454	0.272	0.356	0.171	0.112	0.112	0.120
22/09/25 01:00	0.257	0.254	0.254	0.385	0.453	0.263	0.363	0.173	0.104	0.112	0.120
22/09/25 02:00	0.262	0.253	0.254	0.379	0.455	0.258	0.370	0.179	0.112	0.112	0.120
22/09/25 03:00	0.259	0.254	0.253	0.378	0.453	0.252	0.376	0.185	0.112	0.112	0.120
22/09/25 04:00	0.258	0.253	0.257	0.379	0.445	0.244	0.384	0.193	0.112	0.112	0.120
22/09/25 05:00	0.261	0.253	0.265	0.381	0.437	0.250	0.383	0.228	0.112	0.120	0.120
22/09/25 06:00	0.267	0.253	0.274	0.382	0.431	0.248	0.378	0.246	0.112	0.112	0.120
22/09/25 07:00	0.271	0.252	0.275	0.367	0.402	0.236	0.276	0.231	0.112	0.120	0.120
22/09/25 08:00	0.275	0.253	0.269	0.329	0.338	0.196	0.143	0.164	0.094	0.107	0.112
22/09/25 09:00	0.264	0.252	0.261	0.285	0.261	0.148	0.092	0.079	0.072	0.072	0.112
22/09/25 10:00	0.260	0.252	0.256	0.247	0.215	0.091	0.070	0.050	0.072	0.072	0.081
22/09/25 11:00	0.264	0.252	0.256	0.214	0.192	0.072	0.063	0.051	0.080	0.072	0.072
22/09/25 12:00	0.262	0.251	0.253	0.199	0.185	0.069	0.059	0.047	0.104	0.120	0.112
22/09/25 13:00	0.262	0.252	0.256	0.202	0.196	0.084	0.066	0.045	0.104	0.107	0.112
22/09/25 14:00	0.263	0.252	0.263	0.211	0.208	0.116	0.092	0.056	0.104	0.120	0.112
22/09/25 15:00	0.262	0.253	0.265	0.233	0.251	0.159	0.155	0.084	0.112	0.120	0.120
22/09/25 16:00	0.273	0.256	0.268	0.264	0.310	0.237	0.251	0.143	0.112	0.120	0.145
22/09/25 17:00	0.273	0.258	0.273	0.309	0.377	0.290	0.320	0.207	0.210	0.141	0.141
22/09/25 18:00	0.278	0.259	0.281	0.350	0.425	0.326	0.353	0.271	0.170	0.141	0.120
22/09/25 19:00	0.292	0.258	0.273	0.364	0.430	0.334	0.366	0.288	0.155	0.120	0.141
22/09/25 20:00	0.283	0.256	0.266	0.364	0.433	0.327	0.371	0.299	0.148	0.141	0.141
22/09/25 21:00	0.267	0.256	0.262	0.357	0.444	0.309	0.368	0.321	0.120	0.120	0.120
22/09/25 22:00	0.273	0.255	0.255	0.351	0.444	0.310	0.365	0.318	0.112	0.112	0.120
22/09/25 23:00	0.271	0.253	0.253	0.344	0.440	0.284	0.343	0.336	0.104	0.112	0.120
23/09/25 00:00	0.276	0.253	0.252	0.326	0.442	0.254	0.339	0.356	0.112	0.112	0.112
23/09/25 01:00	0.260	0.253	0.252	0.302	0.439	0.225	0.373	0.367	0.112	0.112	0.120
23/09/25 02:00	0.258	0.252	0.253	0.277	0.435	0.206	0.370	0.367	0.104	0.112	0.112
23/09/25 03:00	0.259	0.252	0.253	0.281	0.439	0.193	0.354	0.370	0.104	0.112	0.112
23/09/25 04:00	0.258	0.255	0.258	0.300	0.435	0.192	0.348	0.373	0.104	0.112	0.120
23/09/25 05:00	0.257	0.258	0.253	0.313	0.427	0.190	0.360	0.354	0.112	0.112	0.120
23/09/25 06:00	0.260	0.263	0.265	0.306	0.423	0.204	0.357	0.362	0.112	0.112	0.120
23/09/25 07:00	0.266	0.264	0.267	0.287	0.405	0.184	0.337	0.317	0.104	0.114	0.120
23/09/25 08:00	0.268	0.263	0.263	0.240	0.373	0.140	0.281	0.234	0.072	0.112	0.112
23/09/25 09:00	0.274	0.264	0.258	0.200	0.325	0.104	0.210	0.160	0.072	0.095	0.095
23/09/25 10:00	0.273	0.263	0.252	0.170	0.302	0.081	0.156	0.106	0.072	0.072	0.072
23/09/25 11:00	0.273	0.261	0.252	0.156	0.291	0.081	0.126	0.090	0.072	0.072	0.072
23/09/25 12:00	0.266	0.260	0.252	0.148	0.284	0.075	0.117	0.098	0.072	0.072	0.072
23/09/25 13:00	0.262	0.259	0.252	0.157	0.293	0.072	0.120	0.126	0.072	0.095	0.120
23/09/25 14:00	0.259	0.259	0.252	0.180	0.314	0.076	0.134	0.140	0.072	0.112	0.095
23/09/25 15:00	0.258	0.260	0.254	0.216	0.353	0.111	0.198	0.165	0.094	0.114	0.114
23/09/25 16:00	0.260	0.264	0.254	0.250	0.380	0.159	0.250	0.206	0.104	0.114	0.114
23/09/25 17:00	0.276	0.265	0.265	0.280	0.406	0.233	0.303	0.235	0.193	0.141	0.141
23/09/25 18:00	0.281	0.269	0.268	0.305	0.417	0.303	0.366	0.269	0.228	0.155	0.142
23/09/25 19:00	0.288	0.265	0.261	0.331	0.420	0.328	0.383	0.265	0.228	0.180	0.145
23/09/25 20:00	0.273	0.263	0.253	0.344	0.420	0.329	0.373	0.271	0.228	0.169	0.155
23/09/25 21:00	0.271	0.260	0.253	0.356	0.418	0.313	0.381	0.281	0.226	0.120	0.141
23/09/25 22:00	0.268	0.255	0.252	0.370	0.411	0.276	0.381	0.274	0.112	0.141	0.141
23/09/25 23:00	0.256	0.255	0.253	0.383	0.398	0.249	0.365	0.257	0.112	0.141	0.141
24/09/25 00:00	0.259	0.254	0.253	0.382	0.386	0.230	0.352	0.252	0.120	0.141	0.141
24/09/25 01:00	0.260	0.254	0.252	0.376	0.381	0.216	0.334	0.242	0.120	0.145	0.145
24/09/25 02:00	0.260	0.254	0.250	0.377	0.364	0.189	0.318	0.244	0.120	0.145	0.142
24/09/25 03:00	0.260	0.254	0.248	0.379	0.354	0.172	0.317	0.245	0.120	0.145	0.142
24/09/25 04:00	0.258	0.255	0.252	0.380	0.342	0.167	0.332	0.266	0.120	0.145	0.145
24/09/25 05:00	0.266	0.259	0.257	0.369	0.338	0.166	0.345	0.288	0.226	0.145	0.145
24/09/25 06:00	0.267	0.264	0.263	0.363	0.331	0.150	0.338	0.288	0.197	0.145	0.145
24/09/25 07:00	0.266	0.271	0.264	0.352	0.325	0.127	0.316	0.258	0.112	0.120	0.145
24/09/25 08:00	0.266	0.265	0.253	0.326	0.297	0.091	0.261	0.187	0.104	0.112	0.120
24/09/25 09:00	0.263	0.264	0.251	0.293	0.264	0.062	0.197	0.101	0.094	0.112	0.120
24/09/25 10:00	0.265	0.264	0.249	0.251	0.240	0.052	0.154	0.054	0.094	0.112	0.120
24/09/25 11:00	0.265	0.262	0.250	0.202	0.219	0.045	0.137	0.040	0.072	0.112	0.120
24/09/25 12:00	0.264	0.261	0.252	0.179	0.201	0.042	0.106	0.040	0.094	0.112	0.120
24/09/25 13:00	0.264	0.260	0.257	0.169	0.202	0.042	0.097	0.037	0.094	0.120	0.120
24/09/25 14:00	0.265	0.260	0.254	0.172	0.208	0.045	0.121	0.039	0.094	0.120	0.120
24/09/25 15:00	0.271	0.263	0.256	0.185	0.217	0.053	0.164	0.052	0.104	0.107	0.120
24/09/25 16:00	0.268	0.266	0.261	0.219	0.243	0.076	0.216	0.094	0.112	0.120	0.112
24/09/25 17:00	0.270	0.268	0.265	0.249	0.268	0.131	0.249	0.171	0.112	0.120	0.112
24/09/25 18:00	0.276	0.265	0.272	0.285	0.309	0.200	0.278	0.226	0.112	0.112	0.112
24/09/25 19:00	0.280	0.264	0.266	0.301	0.333	0.200	0.279	0.294	0.104	0.112	0.120
24/09/25 20:00	0.271	0.261	0.256	0.310	0.341	0.185	0.272	0.288	0.104	0.112	0.112
24/09/25 21:00	0.266	0.256	0.260	0.318	0.354	0.144	0.239	0.259	0.095	0.114	0.114
24/09/25 22:00	0.266	0.255	0.256	0.325	0.362	0.127	0.223	0.188	0.094	0.114	0.114
24/09/25 23:00	0.278	0.254	0.255	0.330	0.373	0.122	0.187	0.157	0.094	0.114	0.114
25/09/25 00:00	0.272	0.254	0.255	0.330	0.382	0.110	0.169	0.153	0.094	0.114	0.114
25/09/25 01:00	0.265	0.254	0.253	0.332	0.383	0.112	0.164	0.150	0.094	0.114	0.114
25/09/25 02:00	0.261	0.253	0.253	0.343	0.393	0.113	0.165	0.142	0.094	0.072	0.072
25/09/25 03:00	0.261	0.253	0.253	0.350	0.401	0.110	0.184	0.160	0.094	0.072	0.072
25/09/25 04:00	0.265	0.254	0.254	0.362	0.392	0.120	0.199	0.181	0.094	0.072	0.072
25/09/25 05:00	0.273	0.257	0.260	0.371	0.418	0.154	0.227	0.197	0.094	0.072	0.072
25/09/25 06:00	0.276	0.263	0.264	0.378	0.404	0.189	0.258	0.196	0.094	0.072	0.081
25/09/25 07:00	0.294	0.269	0.267	0.371	0.364	0.182	0.259	0.172	0.094	0.072	0.072
25/09/25 08:00	0.291	0.267	0.263	0.345	0.285	0.153	0.248	0.120	0.094	0.072	0.072
25/09/25 09:00	0.281	0.263	0.256	0.312	0.212	0.101	0.239	0.077	0.094	0.072	0.072
25/09/25 10:00	0.277	0.260	0.254	0.291	0.180	0.072	0.210	0.048	0.072	0.072	0.072
25/09/25 11:00	0.272	0.259	0.253	0.272	0.176	0.069	0.187	0.038	0.072	0.072	0.072
25/09/25 12:00	0.271	0.259	0.253	0.257	0.171	0.068	0.160	0.035	0.072	0.072	0.072
25/09/25 13:00	0.269	0.258	0.253	0.264	0.184	0.074	0.156	0.035	0.072	0.072	0.072
25/09/25 14:00	0.268	0.259	0.256	0.265	0.207	0.088	0.182	0.046	0.072	0.072	0.072
25/09/25 15:00	0.270	0.259	0.256	0.276	0.249	0.131	0.225	0.074	0.072	0.072	0.072
25/09/25 16:00	0.274	0.264	0.253	0.316	0.287	0.210	0.294	0.123	0.072	0.072	0.072
25/09/25 17:00	0.277	0.266	0.254	0.360	0.369	0.286	0.339	0.178	0.072	0.072	0.072
25/09/25 18:00	0.282	0.268	0.261	0.389	0.417	0.338	0.372	0.205	0.072	0.095	0.095
25/09/25 19:00	0.278	0.264	0.259	0.392	0.421	0.344	0.368	0.281	0.072	0.095	0.095
25/09/25 20:00	0.275	0.259	0.256	0.392	0.405	0.346	0.335	0.278	0.072	0.072	0.072
25/09/25 21:00	0.268	0.256	0.258	0.392	0.372	0.344	0.303	0.283	0.072	0.072	0.072
25/09/25 22:00	0.268	0.255	0.256	0.390	0.345	0.342	0.268	0.205	0.072	0.072	0.072
25/09/25 23:00	0.266	0.254	0.256	0.389	0.321	0.343	0.239	0.180	0.072	0.072	0.072
26/09/25 00:00	0.266	0.255	0.254	0.388	0.276	0.344	0.220	0.191	0.072	0.072	0.072
26/09/25 01:00	0.266	0.254	0.253	0.387	0.242	0.344	0.194	0.186	0.072	0.072	0.072
26/09/25 02:00	0.262	0.252	0.252	0.387	0.209	0.345	0.188	0.185	0.072	0.072	0.072
26/09/25 03:00	0.260	0.252	0.252	0.385	0.202	0.343	0.170	0.197	0.072	0.072	0.072
26/09/25 04:00	0.263	0.254	0.252	0.386	0.211	0.345	0.178	0.229	0.072	0.072	0.072
26/09/25 05:00	0.267	0.260	0.253	0.384	0.222	0.347	0.186	0.259	0.072	0.072	0.072
26/09/25 06:00	0.276	0.264	0.255	0.384	0.225	0.345	0.180	0.275	0.094	0.072	0.072
26/09/25 07:00	0.283	0.264	0.257	0.368	0.216	0.322	0.156	0.274	0.072	0.072	0.072
26/09/25 08:00	0.286	0.264	0.259	0.321	0.202	0.271	0.103	0.250	0.072	0.072	0.072
26/09/25 09:00	0.267	0.263	0.258	0.279	0.195	0.198	0.069	0.206	0.072	0.072	0.072
26/09/25 10:00	0.266	0.262	0.258	0.245	0.191	0.137	0.061	0.159	0.072	0.072	0.072
26/09/25 11:00	0.266	0.260	0.256	0.212	0.196	0.105	0.062	0.128	0.072	0.072	0.072
26/09/25 12:00	0.266	0.258	0.255	0.194	0.200	0.108	0.053	0.127	0.072	0.072	0.072
26/09/25 13:00	0.266	0.257	0.253	0.206	0.207	0.112	0.053	0.129	0.072	0.072	0.072
26/09/25 14:00	0.267	0.256	0.253	0.229	0.201	0.142	0.056	0.146	0.072	0.072	0.072
26/09/25 15:00	0.267	0.256	0.254	0.263	0.221	0.191	0.077	0.179	0.072	0.072	0.072
26/09/25 16:00	0.268	0.259	0.256	0.304	0.243	0.245	0.123	0.238	0.094	0.114	0.114
26/09/25 17:00	0.276	0.261	0.258	0.354	0.271	0.282	0.172	0.299	0.094	0.114	0.114
26/09/25 18:00	0.283	0.258	0.261	0.394	0.299	0.318	0.191	0.351	0.094	0.112	0.114
26/09/25 19:00	0.295	0.257	0.259	0.399	0.302	0.323	0.160	0.363	0.094	0.112	0.114
26/09/25 20:00	0.276	0.255	0.256	0.396	0.283	0.318	0.122	0.363	0.094	0.112	0.114
26/09/25 21:00	0.273	0.254	0.255	0.388	0.261	0.307	0.096	0.364	0.094	0.114	0.114
26/09/25 22:00	0.271	0.254	0.253	0.379	0.264	0.301	0.084	0.361	0.094	0.114	0.114
26/09/25 23:00	0.273	0.253	0.249	0.385	0.265	0.298	0.056	0.364	0.094	0.114	0.114
27/09/25 00:00	0.266	0.253	0.249	0.387	0.265	0.299	0.050	0.362	0.094	0.114	0.112
27/09/25 01:00	0.271	0.253	0.248	0.382	0.282	0.309	0.050	0.362	0.094	0.112	0.114
27/09/25 02:00	0.266	0.251	0.245	0.372	0.275	0.316	0.051	0.364	0.094	0.114	0.114
27/09/25 03:00	0.267	0.251	0.245	0.369	0.278	0.326	0.051	0.367	0.072	0.114	0.114
27/09/25 04:00	0.269	0.252	0.246	0.371	0.280	0.336	0.052	0.373	0.094	0.114	0.114
27/09/25 05:00	0.271	0.259	0.248	0.364	0.287	0.350	0.053	0.375	0.104	0.114	0.114
27/09/25 06:00	0.275	0.263	0.250	0.350	0.299	0.354	0.057	0.377	0.104	0.114	0.114
27/09/25 07:00	0.282	0.264	0.253	0.324	0.296	0.335	0.052	0.364	0.094	0.114	0.114
27/09/25 08:00	0.283	0.264	0.255	0.281	0.268	0.292	0.045	0.311	0.094	0.095	0.095
27/09/25 09:00	0.268	0.262	0.255	0.249	0.250	0.211	0.042	0.255	0.094	0.095	0.095
27/09/25 10:00	0.266	0.259	0.256	0.214	0.233	0.149	0.042	0.193	0.072	0.072	0.072
27/09/25 11:00	0.266	0.256	0.257	0.198	0.224	0.133	0.044	0.143	0.072	0.072	0.072
27/09/25 12:00	0.266	0.255	0.255	0.190	0.212	0.108	0.047	0.149	0.072	0.072	0.072
27/09/25 13:00	0.266	0.254	0.255	0.188	0.193	0.106	0.056	0.167	0.072	0.072	0.072
27/09/25 14:00	0.266	0.255	0.255	0.203	0.203	0.114	0.067	0.192	0.072	0.095	0.095
27/09/25 15:00	0.268	0.255	0.255	0.218	0.250	0.178	0.070	0.230	0.094	0.114	0.114
27/09/25 16:00	0.270	0.259	0.258	0.231	0.294	0.249	0.070	0.276	0.104	0.114	0.114
27/09/25 17:00	0.277	0.261	0.262	0.259	0.335	0.278	0.067	0.341	0.112	0.112	0.120
27/09/25 18:00	0.277	0.263	0.264	0.293	0.371	0.286	0.073	0.381	0.196	0.112	0.120
27/09/25 19:00	0.283	0.262	0.264	0.323	0.385	0.268	0.066	0.385	0.112	0.120	0.120
27/09/25 20:00	0.275	0.256	0.262	0.339	0.388	0.227	0.059	0.384	0.112	0.120	0.120
27/09/25 21:00	0.274	0.255	0.260	0.326	0.393	0.170	0.061	0.381	0.112	0.120	0.120
27/09/25 22:00	0.273	0.254	0.258	0.330	0.403	0.138	0.064	0.377	0.112	0.120	0.120
27/09/25 23:00	0.272	0.252	0.255	0.325	0.392	0.124	0.070	0.369	0.112	0.120	0.120
28/09/25 00:00	0.271	0.250	0.254	0.324	0.388	0.122	0.075	0.371	0.120	0.120	0.120
28/09/25 01:00	0.260	0.251	0.254	0.331	0.378	0.119	0.081	0.378	0.120	0.120	0.120
28/09/25 02:00	0.264	0.249	0.253	0.332	0.365	0.113	0.082	0.387	0.120	0.120	0.120
28/09/25 03:00	0.261	0.250	0.253	0.341	0.385	0.113	0.086	0.385	0.120	0.120	0.120
28/09/25 04:00	0.263	0.250	0.254	0.349	0.374	0.116	0.086	0.383	0.112	0.120	0.120
28/09/25 05:00	0.270	0.251	0.262	0.356	0.388	0.153	0.094	0.381	0.120	0.120	0.120
28/09/25 06:00	0.271	0.253	0.266	0.359	0.386	0.184	0.102	0.368	0.120	0.120	0.120
28/09/25 07:00	0.279	0.255	0.268	0.351	0.368	0.178	0.093	0.333	0.197	0.145	0.120
28/09/25 08:00	0.283	0.256	0.267	0.314	0.319	0.153	0.070	0.233	0.120	0.120	0.120
28/09/25 09:00	0.280	0.255	0.265	0.272	0.249	0.114	0.055	0.121	0.112	0.120	0.112
28/09/25 10:00	0.274	0.255	0.264	0.238	0.200	0.088	0.046	0.074	0.112	0.120	0.120
28/09/25 11:00	0.269	0.254	0.263	0.204	0.192	0.083	0.042	0.061	0.112	0.120	0.120
28/09/25 12:00	0.266	0.254	0.263	0.197	0.200	0.085	0.043	0.059	0.112	0.120	0.120
28/09/25 13:00	0.266	0.253	0.262	0.195	0.208	0.095	0.041	0.065	0.112	0.120	0.120
28/09/25 14:00	0.265	0.253	0.262	0.214	0.225	0.121	0.042	0.077	0.112	0.120	0.120
28/09/25 15:00	0.265	0.253	0.263	0.243	0.272	0.178	0.056	0.141	0.112	0.120	0.120
28/09/25 16:00	0.269	0.255	0.265	0.277	0.313	0.230	0.087	0.232	0.112	0.120	0.120
28/09/25 17:00	0.268	0.258	0.269	0.314	0.352	0.275	0.162	0.324	0.226	0.120	0.120
28/09/25 18:00	0.271	0.260	0.278	0.347	0.394	0.307	0.245	0.372	0.226	0.120	0.120
28/09/25 19:00	0.273	0.256	0.267	0.342	0.402	0.317	0.267	0.373	0.226	0.120	0.120
28/09/25 20:00	0.269	0.254	0.265	0.326	0.404	0.322	0.269	0.378	0.120	0.120	0.120
28/09/25 21:00	0.267	0.254	0.262	0.298	0.406	0.317	0.268	0.381	0.120	0.120	0.120
28/09/25 22:00	0.269	0.254	0.259	0.278	0.411	0.302	0.268	0.379	0.120	0.120	0.120
28/09/25 23:00	0.275	0.255	0.256	0.269	0.414	0.274	0.255	0.377	0.112	0.120	0.114
29/09/25 00:00	0.274	0.254	0.256	0.249	0.419	0.237	0.254	0.377	0.112	0.114	0.112
29/09/25 01:00	0.271	0.253	0.257	0.223	0.421	0.209	0.245	0.378	0.112	0.114	0.114
29/09/25 02:00	0.265	0.251	0.256	0.218	0.424	0.191	0.252	0.377	0.112	0.114	0.114
29/09/25 03:00	0.265	0.248	0.257	0.251	0.422	0.182	0.264	0.377	0.094	0.114	0.114
29/09/25 04:00	0.264	0.246	0.258	0.267	0.416	0.182	0.251	0.378	0.094	0.114	0.114
29/09/25 05:00	0.266	0.248	0.264	0.282	0.409	0.207	0.244	0.377	0.094	0.114	0.114
29/09/25 06:00	0.266	0.251	0.272	0.278	0.406	0.219	0.235	0.376	0.094	0.114	0.114
29/09/25 07:00	0.268	0.251	0.280	0.273	0.390	0.215	0.181	0.354	0.094	0.072	0.072
29/09/25 08:00	0.279	0.252	0.276	0.268	0.333	0.186	0.092	0.279	0.072	0.072	0.072
29/09/25 09:00	0.284	0.255	0.273	0.270	0.258	0.132	0.057	0.199	0.072	0.072	0.072
29/09/25 10:00	0.278	0.254	0.271	0.259	0.193	0.115	0.048	0.119	0.072	0.072	0.072
29/09/25 11:00	0.270	0.255	0.268	0.238	0.178	0.113	0.045	0.082	0.072	0.072	0.072
29/09/25 12:00	0.269	0.255	0.266	0.216	0.187	0.109	0.047	0.077	0.072	0.072	0.072
29/09/25 13:00	0.266	0.255	0.265	0.203	0.197	0.100	0.054	0.090	0.072	0.072	0.072
29/09/25 14:00	0.265	0.255	0.265	0.191	0.217	0.116	0.060	0.116	0.072	0.072	0.072
29/09/25 15:00	0.267	0.255	0.267	0.188	0.272	0.121	0.088	0.180	0.072	0.072	0.072
29/09/25 16:00	0.270	0.255	0.269	0.210	0.324	0.152	0.150	0.236	0.080	0.112	0.114
29/09/25 17:00	0.277	0.256	0.275	0.235	0.372	0.195	0.180	0.295	0.094	0.112	0.114
29/09/25 18:00	0.282	0.257	0.301	0.252	0.407	0.259	0.191	0.338	0.094	0.112	0.114
29/09/25 19:00	0.293	0.258	0.275	0.254	0.414	0.283	0.171	0.348	0.094	0.112	0.114
29/09/25 20:00	0.273	0.256	0.267	0.253	0.416	0.285	0.126	0.355	0.094	0.112	0.114
29/09/25 21:00	0.265	0.255	0.264	0.228	0.419	0.285	0.095	0.359	0.094	0.114	0.114
29/09/25 22:00	0.265	0.254	0.261	0.205	0.423	0.282	0.087	0.355	0.094	0.114	0.112
29/09/25 23:00	0.278	0.251	0.256	0.198	0.431	0.277	0.080	0.355	0.094	0.114	0.114
30/09/25 00:00	0.276	0.251	0.258	0.193	0.440	0.269	0.074	0.358	0.094	0.107	0.112
30/09/25 01:00	0.275	0.251	0.257	0.197	0.443	0.271	0.072	0.360	0.094	0.114	0.114
30/09/25 02:00	0.271	0.252	0.258	0.207	0.444	0.270	0.071	0.362	0.094	0.112	0.112
30/09/25 03:00	0.270	0.251	0.258	0.237	0.443	0.280	0.071	0.361	0.094	0.114	0.112
30/09/25 04:00	0.268	0.251	0.260	0.262	0.434	0.290	0.072	0.365	0.094	0.114	0.112
30/09/25 05:00	0.264	0.254	0.264	0.283	0.420	0.305	0.074	0.365	0.094	0.112	0.112
30/09/25 06:00	0.264	0.261	0.269	0.294	0.414	0.308	0.077	0.363	0.094	0.112	0.112
30/09/25 07:00	0.270	0.261	0.274	0.283	0.397	0.290	0.067	0.346	0.094	0.107	0.112
30/09/25 08:00	0.268	0.263	0.271	0.243	0.334	0.220	0.056	0.290	0.072	0.072	0.072
30/09/25 09:00	0.264	0.254	0.266	0.191	0.247	0.147	0.048	0.235	0.072	0.072	0.072
30/09/25 10:00	0.266	0.253	0.265	0.161	0.178	0.110	0.044	0.174	0.072	0.072	0.072
30/09/25 11:00	0.277	0.251	0.263	0.151	0.144	0.097	0.047	0.143	0.072	0.072	0.072
30/09/25 12:00	0.274	0.253	0.262	0.137	0.133	0.105	0.050	0.126	0.072	0.072	0.072
30/09/25 13:00	0.268	0.253	0.261	0.143	0.132	0.109	0.054	0.130	0.072	0.072	0.072
30/09/25 14:00	0.270	0.256	0.261	0.179	0.138	0.124	0.061	0.155	0.072	0.072	0.072
30/09/25 15:00	0.270	0.259	0.263	0.188	0.145	0.156	0.059	0.186	0.072	0.072	0.072
30/09/25 16:00	0.266	0.264	0.265	0.215	0.173	0.235	0.065	0.234	0.094	0.107	0.112
30/09/25 17:00	0.271	0.266	0.268	0.228	0.225	0.297	0.067	0.309	0.094	0.112	0.112
30/09/25 18:00	0.275	0.270	0.274	0.238	0.257	0.334	0.066	0.361	0.094	0.112	0.114
30/09/25 19:00	0.278	0.267	0.266	0.235	0.245	0.340	0.063	0.368	0.094	0.112	0.112
30/09/25 20:00	0.271	0.263	0.263	0.223	0.209	0.341	0.064	0.376	0.094	0.114	0.112
30/09/25 21:00	0.270	0.261	0.259	0.208	0.179	0.335	0.067	0.378	0.094	0.114	0.112
30/09/25 22:00	0.269	0.256	0.255	0.191	0.157	0.307	0.072	0.378	0.094	0.112	0.112
30/09/25 23:00	0.268	0.255	0.253	0.174	0.122	0.284	0.075	0.377	0.094	0.112	0.112
01/10/25 00:00	0.266	0.254	0.256	0.167	0.107	0.254	0.080	0.376	0.094	0.112	0.112
01/10/25 01:00	0.264	0.253	0.254	0.169	0.106	0.265	0.078	0.375	0.094	0.112	0.112
01/10/25 02:00	0.262	0.254	0.254	0.171	0.107	0.248	0.080	0.375	0.094	0.107	0.112
01/10/25 03:00	0.262	0.252	0.253	0.175	0.108	0.237	0.088	0.374	0.094	0.107	0.112
01/10/25 04:00	0.264	0.255	0.256	0.188	0.110	0.231	0.100	0.372	0.094	0.112	0.112
01/10/25 05:00	0.273	0.261	0.260	0.219	0.116	0.227	0.120	0.369	0.104	0.114	0.112
01/10/25 06:00	0.277	0.264	0.265	0.249	0.142	0.226	0.143	0.366	0.094	0.112	0.112
01/10/25 07:00	0.280	0.264	0.266	0.252	0.164	0.212	0.145	0.339	0.094	0.112	0.114
01/10/25 08:00	0.278	0.263	0.264	0.215	0.148	0.162	0.133	0.262	0.072	0.072	0.072
01/10/25 09:00	0.275	0.262	0.260	0.172	0.115	0.106	0.114	0.194	0.072	0.072	0.072
01/10/25 10:00	0.270	0.261	0.261	0.142	0.089	0.079	0.108	0.117	0.072	0.072	0.072
01/10/25 11:00	0.266	0.260	0.261	0.135	0.068	0.064	0.102	0.087	0.072	0.072	0.072
01/10/25 12:00	0.265	0.259	0.259	0.134	0.066	0.059	0.114	0.072	0.072	0.072	0.072
01/10/25 13:00	0.265	0.258	0.259	0.144	0.066	0.061	0.117	0.078	0.072	0.072	0.072
01/10/25 14:00	0.265	0.258	0.258	0.180	0.068	0.070	0.134	0.117	0.072	0.072	0.072
01/10/25 15:00	0.265	0.260	0.259	0.225	0.083	0.103	0.163	0.187	0.072	0.072	0.072
01/10/25 16:00	0.268	0.263	0.263	0.260	0.127	0.167	0.207	0.240	0.104	0.112	0.112
01/10/25 17:00	0.273	0.264	0.265	0.274	0.187	0.258	0.256	0.315	0.120	0.112	0.112
01/10/25 18:00	0.276	0.266	0.262	0.290	0.251	0.317	0.299	0.350	0.104	0.112	0.112
01/10/25 19:00	0.273	0.265	0.261	0.289	0.270	0.331	0.327	0.349	0.104	0.107	0.112
01/10/25 20:00	0.268	0.264	0.256	0.305	0.281	0.336	0.336	0.337	0.104	0.112	0.112
01/10/25 21:00	0.265	0.261	0.255	0.327	0.278	0.340	0.346	0.332	0.104	0.107	0.112
01/10/25 22:00	0.265	0.256	0.255	0.341	0.262	0.351	0.349	0.322	0.094	0.112	0.112
01/10/25 23:00	0.268	0.256	0.255	0.351	0.221	0.349	0.328	0.320	0.094	0.107	0.112
02/10/25 00:00	0.267	0.254	0.255	0.370	0.197	0.333	0.313	0.313	0.094	0.112	0.112
02/10/25 01:00	0.263	0.254	0.255	0.390	0.192	0.328	0.303	0.307	0.094	0.107	0.114
02/10/25 02:00	0.262	0.252	0.255	0.399	0.180	0.326	0.295	0.316	0.094	0.114	0.114
02/10/25 03:00	0.261	0.252	0.252	0.400	0.177	0.336	0.279	0.336	0.094	0.114	0.114
02/10/25 04:00	0.263	0.253	0.248	0.408	0.195	0.350	0.272	0.344	0.104	0.114	0.114
02/10/25 05:00	0.267	0.261	0.254	0.410	0.230	0.364	0.286	0.347	0.104	0.114	0.114
02/10/25 06:00	0.273	0.264	0.262	0.401	0.269	0.368	0.274	0.349	0.104	0.114	0.114
02/10/25 07:00	0.273	0.265	0.264	0.379	0.272	0.358	0.265	0.317	0.104	0.112	0.114
02/10/25 08:00	0.276	0.264	0.260	0.324	0.241	0.311	0.243	0.247	0.080	0.107	0.112
02/10/25 09:00	0.270	0.264	0.263	0.266	0.199	0.259	0.216	0.159	0.072	0.095	0.095
02/10/25 10:00	0.264	0.262	0.259	0.216	0.150	0.200	0.177	0.084	0.072	0.072	0.072
02/10/25 11:00	0.264	0.257	0.256	0.193	0.127	0.166	0.157	0.063	0.072	0.072	0.072
02/10/25 12:00	0.264	0.256	0.253	0.193	0.114	0.150	0.163	0.054	0.072	0.072	0.072
02/10/25 13:00	0.264	0.256	0.254	0.189	0.104	0.162	0.164	0.050	0.072	0.072	0.072
02/10/25 14:00	0.264	0.256	0.253	0.205	0.118	0.186	0.161	0.057	0.072	0.072	0.072
02/10/25 15:00	0.264	0.256	0.257	0.241	0.139	0.230	0.177	0.102	0.094	0.114	0.114
02/10/25 16:00	0.266	0.259	0.258	0.267	0.180	0.286	0.217	0.194	0.104	0.114	0.114
02/10/25 17:00	0.264	0.263	0.259	0.267	0.255	0.344	0.235	0.266	0.112	0.112	0.112
02/10/25 18:00	0.264	0.264	0.256	0.238	0.327	0.380	0.251	0.286	0.104	0.114	0.112
02/10/25 19:00	0.287	0.262	0.258	0.200	0.349	0.371	0.254	0.285	0.104	0.114	0.112
02/10/25 20:00	0.273	0.257	0.256	0.173	0.360	0.344	0.240	0.267	0.094	0.114	0.112
02/10/25 21:00	0.268	0.256	0.256	0.158	0.373	0.337	0.222	0.212	0.094	0.114	0.114
02/10/25 22:00	0.264	0.253	0.254	0.157	0.374	0.302	0.201	0.145	0.094	0.114	0.114
02/10/25 23:00	0.260	0.252	0.251	0.149	0.380	0.263	0.187	0.121	0.094	0.112	0.112
03/10/25 00:00	0.259	0.252	0.253	0.160	0.394	0.203	0.183	0.099	0.072	0.114	0.112
03/10/25 01:00	0.260	0.252	0.257	0.169	0.402	0.165	0.194	0.089	0.072	0.112	0.112
03/10/25 02:00	0.261	0.252	0.250	0.173	0.410	0.133	0.216	0.091	0.072	0.112	0.112
03/10/25 03:00	0.260	0.252	0.248	0.186	0.417	0.117	0.238	0.111	0.094	0.112	0.112
03/10/25 04:00	0.260	0.254	0.251	0.206	0.420	0.104	0.265	0.119	0.094	0.107	0.112
03/10/25 05:00	0.265	0.256	0.254	0.231	0.418	0.099	0.297	0.133	0.094	0.107	0.112
03/10/25 06:00	0.278	0.263	0.253	0.275	0.417	0.117	0.316	0.157	0.094	0.114	0.112
03/10/25 07:00	0.271	0.264	0.260	0.325	0.393	0.130	0.304	0.155	0.094	0.107	0.112
03/10/25 08:00	0.283	0.266	0.258	0.352	0.326	0.124	0.210	0.133	0.072	0.072	0.072
03/10/25 09:00	0.274	0.263	0.267	0.353	0.255	0.127	0.118	0.114	0.072	0.072	0.072
03/10/25 10:00	0.272	0.262	0.259	0.345	0.214	0.110	0.074	0.090	0.072	0.072	0.072
03/10/25 11:00	0.276	0.260	0.258	0.338	0.200	0.099	0.060	0.073	0.072	0.072	0.072
03/10/25 12:00	0.276	0.258	0.256	0.322	0.198	0.087	0.064	0.070	0.072	0.072	0.072
03/10/25 13:00	0.274	0.257	0.255	0.286	0.218	0.078	0.069	0.064	0.072	0.072	0.072
03/10/25 14:00	0.272	0.257	0.253	0.242	0.232	0.071	0.075	0.064	0.072	0.072	0.072
03/10/25 15:00	0.270	0.259	0.254	0.215	0.277	0.069	0.103	0.072	0.094	0.114	0.114
03/10/25 16:00	0.275	0.262	0.256	0.210	0.324	0.084	0.159	0.087	0.094	0.107	0.112
03/10/25 17:00	0.277	0.264	0.259	0.223	0.377	0.125	0.244	0.095	0.104	0.112	0.112
03/10/25 18:00	0.287	0.266	0.263	0.231	0.414	0.161	0.307	0.094	0.104	0.107	0.112
03/10/25 19:00	0.279	0.265	0.259	0.227	0.410	0.170	0.325	0.076	0.094	0.112	0.112
03/10/25 20:00	0.268	0.263	0.256	0.209	0.409	0.174	0.327	0.063	0.094	0.107	0.112
03/10/25 21:00	0.270	0.261	0.255	0.200	0.399	0.154	0.324	0.046	0.094	0.095	0.095
03/10/25 22:00	0.268	0.257	0.255	0.188	0.400	0.133	0.323	0.048	0.072	0.095	0.112
03/10/25 23:00	0.267	0.258	0.253	0.175	0.397	0.115	0.337	0.048	0.072	0.095	0.112
04/10/25 00:00	0.264	0.254	0.248	0.178	0.391	0.113	0.339	0.046	0.072	0.072	0.112
04/10/25 01:00	0.264	0.253	0.246	0.179	0.385	0.121	0.344	0.045	0.072	0.072	0.112
04/10/25 02:00	0.263	0.253	0.243	0.191	0.389	0.129	0.359	0.046	0.072	0.080	0.095
04/10/25 03:00	0.262	0.252	0.244	0.215	0.373	0.139	0.371	0.049	0.072	0.072	0.072
04/10/25 04:00	0.265	0.253	0.245	0.259	0.370	0.172	0.374	0.050	0.072	0.072	0.072
04/10/25 05:00	0.275	0.259	0.246	0.305	0.370	0.231	0.378	0.053	0.072	0.072	0.072
04/10/25 06:00	0.278	0.263	0.250	0.318	0.366	0.260	0.377	0.054	0.072	0.072	0.072
04/10/25 07:00	0.278	0.264	0.250	0.310	0.347	0.254	0.352	0.063	0.072	0.072	0.072
04/10/25 08:00	0.279	0.263	0.256	0.283	0.280	0.204	0.268	0.064	0.072	0.072	0.072
04/10/25 09:00	0.277	0.263	0.258	0.237	0.198	0.124	0.200	0.056	0.072	0.072	0.072
04/10/25 10:00	0.274	0.263	0.262	0.186	0.155	0.075	0.133	0.043	0.072	0.072	0.072
04/10/25 11:00	0.265	0.263	0.262	0.148	0.128	0.065	0.094	0.031	0.094	0.072	0.072
04/10/25 12:00	0.265	0.262	0.252	0.138	0.113	0.066	0.081	0.028	0.072	0.072	0.072
04/10/25 13:00	0.264	0.261	0.253	0.146	0.108	0.069	0.088	0.030	0.072	0.072	0.072
04/10/25 14:00	0.264	0.262	0.243	0.166	0.114	0.078	0.118	0.034	0.072	0.072	0.072
04/10/25 15:00	0.271	0.262	0.248	0.197	0.160	0.112	0.176	0.040	0.072	0.072	0.072
04/10/25 16:00	0.277	0.264	0.253	0.232	0.213	0.158	0.253	0.050	0.095	0.095	0.112
04/10/25 17:00	0.278	0.264	0.258	0.280	0.271	0.203	0.316	0.054	0.112	0.114	0.114
04/10/25 18:00	0.279	0.265	0.262	0.315	0.295	0.238	0.382	0.053	0.112	0.114	0.114
04/10/25 19:00	0.275	0.263	0.259	0.329	0.291	0.252	0.386	0.053	0.112	0.114	0.114
04/10/25 20:00	0.268	0.259	0.255	0.326	0.273	0.242	0.385	0.051	0.112	0.114	0.114
04/10/25 21:00	0.269	0.257	0.255	0.318	0.263	0.212	0.380	0.050	0.112	0.114	0.114
04/10/25 22:00	0.273	0.256	0.253	0.299	0.236	0.163	0.375	0.049	0.112	0.114	0.114
04/10/25 23:00	0.266	0.254	0.249	0.294	0.218	0.151	0.369	0.051	0.112	0.114	0.114
05/10/25 00:00	0.265	0.255	0.245	0.280	0.186	0.144	0.366	0.051	0.112	0.114	0.114
05/10/25 01:00	0.264	0.254	0.242	0.258	0.169	0.148	0.359	0.053	0.112	0.114	0.114
05/10/25 02:00	0.264	0.253	0.242	0.245	0.147	0.147	0.346	0.055	0.112	0.114	0.114
05/10/25 03:00	0.263	0.254	0.243	0.252	0.140	0.156	0.356	0.056	0.112	0.120	0.120
05/10/25 04:00	0.266	0.254	0.249	0.272	0.144	0.180	0.367	0.058	0.112	0.114	0.120
05/10/25 05:00	0.270	0.254	0.256	0.290	0.176	0.216	0.379	0.063	0.112	0.114	0.114
05/10/25 06:00	0.277	0.255	0.261	0.298	0.207	0.247	0.380	0.065	0.112	0.120	0.114
05/10/25 07:00	0.278	0.257	0.262	0.292	0.218	0.258	0.349	0.065	0.112	0.120	0.120
05/10/25 08:00	0.274	0.260	0.262	0.257	0.194	0.244	0.237	0.058	0.112	0.120	0.120
05/10/25 09:00	0.265	0.259	0.259	0.222	0.152	0.207	0.148	0.049	0.120	0.120	0.114
05/10/25 10:00	0.265	0.258	0.257	0.194	0.109	0.193	0.097	0.044	0.094	0.114	0.120
05/10/25 11:00	0.267	0.257	0.254	0.180	0.094	0.148	0.075	0.045	0.072	0.112	0.112
05/10/25 12:00	0.266	0.257	0.254	0.203	0.085	0.109	0.070	0.043	0.072	0.112	0.114
05/10/25 13:00	0.266	0.256	0.255	0.225	0.088	0.122	0.072	0.042	0.072	0.114	0.114
05/10/25 14:00	0.266	0.257	0.255	0.242	0.081	0.132	0.087	0.042	0.072	0.112	0.114
05/10/25 15:00	0.268	0.258	0.256	0.247	0.090	0.163	0.126	0.047	0.094	0.112	0.114
05/10/25 16:00	0.276	0.260	0.259	0.243	0.125	0.229	0.208	0.054	0.112	0.120	0.120
05/10/25 17:00	0.277	0.263	0.263	0.269	0.151	0.280	0.300	0.063	0.112	0.114	0.120
05/10/25 18:00	0.279	0.265	0.266	0.292	0.168	0.301	0.336	0.072	0.112	0.120	0.120
05/10/25 19:00	0.278	0.263	0.263	0.297	0.160	0.293	0.318	0.073	0.112	0.120	0.120
05/10/25 20:00	0.269	0.259	0.254	0.290	0.150	0.282	0.294	0.080	0.104	0.120	0.120
05/10/25 21:00	0.272	0.259	0.254	0.266	0.141	0.271	0.264	0.076	0.120	0.114	0.114
05/10/25 22:00	0.266	0.257	0.254	0.241	0.141	0.240	0.224	0.075	0.104	0.114	0.114
05/10/25 23:00	0.264	0.256	0.253	0.202	0.129	0.193	0.188	0.073	0.094	0.114	0.114
06/10/25 00:00	0.266	0.253	0.252	0.177	0.129	0.169	0.170	0.068	0.112	0.114	0.114
06/10/25 01:00	0.264	0.253	0.249	0.172	0.129	0.151	0.172	0.087	0.112	0.114	0.120
06/10/25 02:00	0.264	0.253	0.245	0.169	0.132	0.140	0.186	0.092	0.112	0.120	0.120
06/10/25 03:00	0.264	0.252	0.247	0.168	0.139	0.131	0.180	0.097	0.112	0.120	0.120
06/10/25 04:00	0.262	0.253	0.252	0.189	0.157	0.139	0.166	0.120	0.072	0.114	0.114
06/10/25 05:00	0.265	0.253	0.255	0.228	0.199	0.154	0.153	0.161	0.072	0.114	0.114
06/10/25 06:00	0.269	0.253	0.261	0.258	0.254	0.170	0.156	0.215	0.112	0.120	0.120
06/10/25 07:00	0.270	0.254	0.262	0.267	0.260	0.168	0.146	0.240	0.120	0.120	0.120
06/10/25 08:00	0.273	0.256	0.261	0.267	0.199	0.139	0.110	0.230	0.095	0.095	0.095
06/10/25 09:00	0.271	0.257	0.259	0.256	0.129	0.100	0.078	0.215	0.072	0.072	0.081
06/10/25 10:00	0.268	0.257	0.258	0.246	0.088	0.073	0.062	0.192	0.072	0.072	0.072
06/10/25 11:00	0.267	0.257	0.256	0.238	0.069	0.062	0.059	0.186	0.072	0.072	0.072
06/10/25 12:00	0.264	0.256	0.257	0.226	0.065	0.060	0.051	0.181	0.072	0.072	0.072
06/10/25 13:00	0.264	0.255	0.256	0.230	0.065	0.058	0.051	0.182	0.072	0.072	0.072
06/10/25 14:00	0.263	0.253	0.256	0.240	0.069	0.061	0.052	0.197	0.072	0.072	0.072
06/10/25 15:00	0.266	0.253	0.257	0.242	0.093	0.075	0.062	0.220	0.072	0.072	0.072
06/10/25 16:00	0.268	0.257	0.259	0.287	0.156	0.115	0.090	0.264	0.094	0.072	0.081
06/10/25 17:00	0.274	0.258	0.261	0.324	0.251	0.150	0.142	0.301	0.112	0.120	0.120
06/10/25 18:00	0.279	0.260	0.263	0.353	0.315	0.176	0.178	0.329	0.112	0.120	0.120
06/10/25 19:00	0.279	0.258	0.260	0.360	0.325	0.169	0.171	0.343	0.112	0.120	0.120
06/10/25 20:00	0.269	0.256	0.257	0.360	0.318	0.148	0.152	0.348	0.112	0.120	0.112
06/10/25 21:00	0.268	0.256	0.257	0.366	0.313	0.137	0.143	0.353	0.112	0.120	0.120
06/10/25 22:00	0.270	0.256	0.255	0.377	0.302	0.136	0.138	0.358	0.120	0.120	0.120
06/10/25 23:00	0.263	0.253	0.254	0.386	0.278	0.121	0.137	0.359	0.120	0.120	0.120
07/10/25 00:00	0.262	0.253	0.252	0.401	0.245	0.110	0.126	0.361	0.120	0.120	0.120
07/10/25 01:00	0.261	0.252	0.252	0.409	0.232	0.118	0.117	0.361	0.120	0.120	0.120
07/10/25 02:00	0.260	0.253	0.248	0.414	0.235	0.118	0.114	0.359	0.120	0.120	0.120
07/10/25 03:00	0.260	0.252	0.249	0.417	0.254	0.125	0.116	0.352	0.120	0.120	0.120
07/10/25 04:00	0.261	0.254	0.253	0.419	0.252	0.136	0.121	0.347	0.112	0.114	0.120
07/10/25 05:00	0.261	0.262	0.257	0.411	0.280	0.145	0.133	0.347	0.112	0.120	0.120
07/10/25 06:00	0.262	0.267	0.262	0.408	0.293	0.141	0.152	0.340	0.120	0.120	0.120
07/10/25 07:00	0.264	0.268	0.264	0.401	0.280	0.130	0.166	0.318	0.120	0.120	0.120
07/10/25 08:00	0.266	0.267	0.263	0.379	0.205	0.114	0.127	0.274	0.120	0.142	0.142
07/10/25 09:00	0.266	0.265	0.262	0.348	0.143	0.079	0.083	0.231	0.120	0.120	0.112
07/10/25 10:00	0.266	0.264	0.261	0.322	0.100	0.059	0.065	0.192	0.094	0.107	0.112
07/10/25 11:00	0.265	0.263	0.259	0.308	0.080	0.055	0.060	0.162	0.072	0.107	0.112
07/10/25 12:00	0.264	0.263	0.258	0.293	0.074	0.054	0.067	0.180	0.072	0.072	0.112
07/10/25 13:00	0.263	0.262	0.256	0.292	0.082	0.056	0.075	0.206	0.094	0.080	0.112
07/10/25 14:00	0.263	0.263	0.256	0.293	0.093	0.062	0.094	0.226	0.094	0.107	0.112
07/10/25 15:00	0.264	0.263	0.256	0.322	0.119	0.074	0.151	0.234	0.112	0.120	0.120
07/10/25 16:00	0.266	0.264	0.259	0.347	0.171	0.110	0.259	0.249	0.120	0.155	0.120
07/10/25 17:00	0.273	0.266	0.262	0.383	0.232	0.154	0.338	0.275	0.226	0.120	0.120
07/10/25 18:00	0.278	0.269	0.264	0.402	0.264	0.178	0.356	0.288	0.226	0.141	0.141
07/10/25 19:00	0.277	0.264	0.262	0.403	0.264	0.181	0.358	0.298	0.226	0.141	0.141
07/10/25 20:00	0.274	0.260	0.257	0.403	0.244	0.179	0.351	0.309	0.197	0.120	0.120
07/10/25 21:00	0.272	0.258	0.256	0.405	0.223	0.180	0.336	0.317	0.112	0.120	0.120
07/10/25 22:00	0.268	0.253	0.261	0.407	0.213	0.197	0.320	0.326	0.120	0.120	0.212
07/10/25 23:00	0.266	0.254	0.260	0.408	0.237	0.220	0.310	0.330	0.120	0.155	0.155
08/10/25 00:00	0.264	0.253	0.258	0.409	0.255	0.244	0.267	0.334	0.197	0.155	0.155
08/10/25 01:00	0.264	0.252	0.256	0.407	0.274	0.274	0.232	0.337	0.197	0.120	0.120
08/10/25 02:00	0.262	0.251	0.251	0.407	0.296	0.293	0.225	0.339	0.197	0.120	0.120
08/10/25 03:00	0.262	0.250	0.250	0.409	0.306	0.294	0.213	0.339	0.197	0.120	0.120
08/10/25 04:00	0.265	0.251	0.252	0.412	0.299	0.302	0.210	0.341	0.226	0.155	0.120
08/10/25 05:00	0.270	0.254	0.258	0.408	0.297	0.321	0.225	0.347	0.226	0.155	0.120
08/10/25 06:00	0.278	0.260	0.263	0.406	0.295	0.331	0.242	0.353	0.226	0.183	0.183
08/10/25 07:00	0.279	0.262	0.264	0.400	0.274	0.328	0.227	0.350	0.226	0.155	0.155
08/10/25 08:00	0.277	0.261	0.262	0.375	0.218	0.287	0.187	0.322	0.120	0.114	0.114
08/10/25 09:00	0.265	0.259	0.258	0.339	0.153	0.221	0.132	0.293	0.104	0.112	0.114
08/10/25 10:00	0.264	0.259	0.257	0.302	0.101	0.169	0.095	0.270	0.094	0.072	0.072
08/10/25 11:00	0.263	0.257	0.255	0.261	0.093	0.140	0.085	0.246	0.094	0.107	0.112
08/10/25 12:00	0.263	0.257	0.255	0.241	0.084	0.131	0.091	0.234	0.072	0.072	0.112
08/10/25 13:00	0.264	0.255	0.256	0.242	0.097	0.134	0.102	0.246	0.072	0.072	0.112
08/10/25 14:00	0.264	0.256	0.256	0.257	0.115	0.164	0.134	0.266	0.094	0.112	0.112
08/10/25 15:00	0.267	0.257	0.257	0.290	0.137	0.220	0.189	0.287	0.112	0.120	0.120
08/10/25 16:00	0.275	0.259	0.258	0.330	0.198	0.269	0.242	0.309	0.226	0.155	0.155
08/10/25 17:00	0.280	0.261	0.258	0.381	0.298	0.340	0.289	0.322	0.228	0.155	0.133
08/10/25 18:00	0.288	0.264	0.263	0.404	0.370	0.361	0.327	0.325	0.228	0.155	0.155
08/10/25 19:00	0.281	0.258	0.268	0.405	0.389	0.356	0.299	0.313	0.228	0.197	0.207
08/10/25 20:00	0.277	0.255	0.260	0.408	0.401	0.351	0.253	0.317	0.228	0.197	0.207
08/10/25 21:00	0.265	0.253	0.262	0.401	0.407	0.344	0.208	0.327	0.228	0.197	0.155
08/10/25 22:00	0.268	0.252	0.260	0.392	0.413	0.342	0.189	0.331	0.226	0.197	0.207
08/10/25 23:00	0.268	0.251	0.258	0.387	0.417	0.324	0.172	0.341	0.226	0.189	0.189
09/10/25 00:00	0.267	0.251	0.255	0.389	0.417	0.301	0.153	0.352	0.196	0.155	0.189
09/10/25 01:00	0.265	0.250	0.255	0.392	0.415	0.290	0.141	0.358	0.120	0.155	0.120
09/10/25 02:00	0.265	0.249	0.255	0.395	0.414	0.289	0.138	0.353	0.120	0.189	0.189
09/10/25 03:00	0.265	0.250	0.254	0.397	0.415	0.286	0.137	0.355	0.120	0.189	0.189
09/10/25 04:00	0.265	0.252	0.255	0.399	0.411	0.286	0.138	0.357	0.197	0.183	0.183
09/10/25 05:00	0.275	0.254	0.261	0.400	0.404	0.291	0.154	0.362	0.226	0.189	0.189
09/10/25 06:00	0.282	0.260	0.265	0.394	0.396	0.307	0.178	0.361	0.228	0.189	0.189
09/10/25 07:00	0.284	0.261	0.269	0.384	0.373	0.318	0.184	0.351	0.228	0.207	0.207
09/10/25 08:00	0.283	0.262	0.267	0.346	0.289	0.305	0.149	0.295	0.211	0.189	0.120
09/10/25 09:00	0.278	0.260	0.264	0.293	0.189	0.266	0.112	0.226	0.104	0.120	0.120
09/10/25 10:00	0.266	0.259	0.262	0.243	0.134	0.231	0.094	0.160	0.104	0.120	0.120
09/10/25 11:00	0.266	0.257	0.259	0.206	0.109	0.222	0.101	0.134	0.104	0.112	0.112
09/10/25 12:00	0.267	0.257	0.255	0.181	0.102	0.217	0.115	0.141	0.094	0.107	0.112
09/10/25 13:00	0.265	0.257	0.255	0.182	0.113	0.228	0.147	0.163	0.104	0.120	0.120
09/10/25 14:00	0.267	0.256	0.258	0.212	0.134	0.224	0.194	0.198	0.120	0.120	0.120
09/10/25 15:00	0.272	0.256	0.259	0.260	0.177	0.239	0.258	0.211	0.226	0.180	0.155
09/10/25 16:00	0.279	0.259	0.260	0.319	0.250	0.275	0.317	0.238	0.235	0.155	0.141
09/10/25 17:00	0.283	0.261	0.262	0.388	0.338	0.320	0.346	0.290	0.241	0.207	0.207
09/10/25 18:00	0.292	0.264	0.264	0.414	0.384	0.358	0.365	0.307	0.235	0.197	0.155
09/10/25 19:00	0.284	0.260	0.261	0.412	0.379	0.372	0.376	0.313	0.235	0.197	0.207
09/10/25 20:00	0.278	0.258	0.258	0.410	0.366	0.378	0.383	0.319	0.235	0.207	0.207
09/10/25 21:00	0.273	0.256	0.257	0.406	0.345	0.383	0.380	0.318	0.235	0.207	0.207
09/10/25 22:00	0.267	0.253	0.256	0.399	0.309	0.387	0.345	0.314	0.228	0.197	0.207
09/10/25 23:00	0.266	0.251	0.257	0.397	0.279	0.388	0.304	0.314	0.176	0.155	0.141
10/10/25 00:00	0.266	0.250	0.255	0.399	0.253	0.384	0.264	0.333	0.176	0.155	0.155
10/10/25 01:00	0.266	0.250	0.255	0.407	0.246	0.376	0.233	0.344	0.120	0.197	0.155
10/10/25 02:00	0.265	0.248	0.254	0.420	0.242	0.372	0.201	0.344	0.120	0.189	0.155
10/10/25 03:00	0.266	0.249	0.253	0.422	0.261	0.364	0.161	0.344	0.120	0.180	0.155
10/10/25 04:00	0.266	0.250	0.253	0.419	0.310	0.360	0.135	0.349	0.120	0.120	0.120
10/10/25 05:00	0.274	0.256	0.253	0.417	0.343	0.356	0.125	0.351	0.226	0.197	0.207
10/10/25 06:00	0.282	0.262	0.255	0.415	0.359	0.346	0.127	0.345	0.226	0.120	0.120
10/10/25 07:00	0.284	0.262	0.257	0.404	0.354	0.327	0.120	0.337	0.226	0.120	0.191
10/10/25 08:00	0.281	0.261	0.258	0.353	0.308	0.285	0.106	0.272	0.226	0.180	0.155
10/10/25 09:00	0.278	0.258	0.257	0.310	0.245	0.233	0.088	0.196	0.112	0.120	0.120
10/10/25 10:00	0.275	0.257	0.255	0.276	0.208	0.169	0.075	0.147	0.104	0.120	0.120
10/10/25 11:00	0.269	0.255	0.255	0.234	0.207	0.123	0.069	0.144	0.112	0.120	0.120
10/10/25 12:00	0.268	0.256	0.254	0.211	0.206	0.100	0.070	0.166	0.104	0.120	0.120
10/10/25 13:00	0.267	0.254	0.253	0.210	0.219	0.096	0.079	0.185	0.120	0.120	0.120
10/10/25 14:00	0.267	0.255	0.254	0.232	0.234	0.125	0.099	0.227	0.120	0.180	0.155
10/10/25 15:00	0.269	0.254	0.257	0.283	0.229	0.151	0.128	0.267	0.120	0.180	0.155
10/10/25 16:00	0.273	0.257	0.260	0.343	0.252	0.184	0.195	0.303	0.228	0.155	0.155
10/10/25 17:00	0.273	0.260	0.259	0.372	0.306	0.224	0.266	0.333	0.235	0.197	0.212
10/10/25 18:00	0.272	0.262	0.271	0.368	0.347	0.238	0.277	0.344	0.235	0.219	0.219
10/10/25 19:00	0.271	0.260	0.264	0.353	0.353	0.220	0.278	0.360	0.235	0.212	0.219
10/10/25 20:00	0.264	0.253	0.263	0.348	0.356	0.184	0.278	0.362	0.235	0.212	0.212
10/10/25 21:00	0.266	0.253	0.258	0.340	0.358	0.156	0.274	0.365	0.235	0.212	0.212
10/10/25 22:00	0.268	0.252	0.257	0.349	0.366	0.143	0.263	0.361	0.235	0.212	0.212
10/10/25 23:00	0.267	0.251	0.257	0.346	0.372	0.122	0.248	0.361	0.235	0.207	0.207
11/10/25 00:00	0.265	0.250	0.255	0.351	0.380	0.108	0.244	0.369	0.235	0.207	0.207
11/10/25 01:00	0.264	0.248	0.253	0.348	0.390	0.112	0.238	0.374	0.235	0.207	0.207
11/10/25 02:00	0.264	0.246	0.252	0.352	0.394	0.114	0.250	0.374	0.235	0.212	0.212
11/10/25 03:00	0.261	0.246	0.252	0.358	0.398	0.115	0.281	0.369	0.233	0.212	0.212
11/10/25 04:00	0.261	0.249	0.252	0.361	0.402	0.115	0.292	0.370	0.235	0.212	0.212
11/10/25 05:00	0.266	0.252	0.253	0.372	0.398	0.131	0.312	0.375	0.235	0.219	0.219
11/10/25 06:00	0.275	0.258	0.255	0.381	0.395	0.153	0.326	0.374	0.235	0.212	0.212
11/10/25 07:00	0.274	0.259	0.256	0.370	0.391	0.160	0.321	0.372	0.235	0.197	0.207
11/10/25 08:00	0.270	0.257	0.257	0.352	0.349	0.135	0.254	0.358	0.228	0.189	0.189
11/10/25 09:00	0.266	0.256	0.256	0.318	0.297	0.110	0.160	0.336	0.199	0.145	0.145
11/10/25 10:00	0.265	0.257	0.256	0.279	0.243	0.098	0.103	0.309	0.197	0.145	0.145
11/10/25 11:00	0.265	0.257	0.256	0.251	0.208	0.084	0.079	0.291	0.197	0.145	0.145
11/10/25 12:00	0.265	0.255	0.254	0.243	0.208	0.071	0.099	0.282	0.199	0.145	0.145
11/10/25 13:00	0.265	0.255	0.253	0.236	0.227	0.068	0.106	0.284	0.197	0.145	0.145
11/10/25 14:00	0.268	0.253	0.253	0.230	0.250	0.076	0.125	0.295	0.208	0.145	0.145
11/10/25 15:00	0.271	0.251	0.254	0.245	0.290	0.097	0.169	0.309	0.233	0.191	0.191
11/10/25 16:00	0.274	0.254	0.255	0.285	0.332	0.146	0.236	0.339	0.235	0.207	0.207
11/10/25 17:00	0.279	0.256	0.260	0.339	0.386	0.194	0.304	0.375	0.241	0.240	0.234
11/10/25 18:00	0.282	0.256	0.263	0.369	0.408	0.213	0.353	0.382	0.241	0.240	0.234
11/10/25 19:00	0.276	0.254	0.261	0.369	0.409	0.212	0.354	0.384	0.240	0.240	0.234
11/10/25 20:00	0.268	0.251	0.259	0.360	0.409	0.199	0.354	0.387	0.240	0.241	0.234
11/10/25 21:00	0.268	0.251	0.258	0.363	0.410	0.197	0.347	0.386	0.241	0.240	0.234
11/10/25 22:00	0.266	0.251	0.256	0.361	0.411	0.189	0.328	0.386	0.233	0.234	0.234
11/10/25 23:00	0.262	0.248	0.255	0.363	0.412	0.211	0.298	0.390	0.230	0.219	0.219
12/10/25 00:00	0.262	0.250	0.253	0.363	0.412	0.233	0.278	0.391	0.230	0.219	0.234
12/10/25 01:00	0.261	0.250	0.254	0.353	0.411	0.274	0.268	0.391	0.230	0.219	0.207
12/10/25 02:00	0.261	0.250	0.253	0.337	0.411	0.326	0.254	0.387	0.230	0.219	0.207
12/10/25 03:00	0.261	0.249	0.253	0.327	0.408	0.338	0.249	0.384	0.230	0.234	0.212
12/10/25 04:00	0.263	0.251	0.254	0.337	0.406	0.350	0.236	0.382	0.230	0.212	0.212
12/10/25 05:00	0.267	0.252	0.257	0.338	0.403	0.355	0.256	0.377	0.232	0.219	0.219
12/10/25 06:00	0.273	0.255	0.263	0.347	0.400	0.366	0.273	0.372	0.228	0.219	0.219
12/10/25 07:00	0.274	0.254	0.269	0.349	0.391	0.364	0.277	0.364	0.224	0.120	0.145
12/10/25 08:00	0.273	0.257	0.269	0.342	0.353	0.341	0.238	0.320	0.110	0.112	0.120
12/10/25 09:00	0.273	0.259	0.267	0.312	0.293	0.311	0.185	0.249	0.080	0.107	0.120
12/10/25 10:00	0.269	0.257	0.259	0.279	0.237	0.292	0.133	0.191	0.072	0.072	0.072
12/10/25 11:00	0.263	0.259	0.257	0.258	0.202	0.267	0.119	0.190	0.094	0.112	0.120
12/10/25 12:00	0.263	0.257	0.257	0.238	0.199	0.264	0.120	0.194	0.094	0.112	0.120
12/10/25 13:00	0.263	0.256	0.257	0.220	0.219	0.274	0.124	0.203	0.080	0.112	0.120
12/10/25 14:00	0.265	0.255	0.262	0.217	0.247	0.284	0.135	0.232	0.094	0.112	0.120
12/10/25 15:00	0.267	0.255	0.261	0.243	0.277	0.298	0.135	0.268	0.094	0.107	0.120
12/10/25 16:00	0.272	0.257	0.265	0.280	0.336	0.319	0.157	0.313	0.120	0.112	0.120
12/10/25 17:00	0.273	0.260	0.271	0.314	0.376	0.334	0.159	0.349	0.202	0.112	0.120
12/10/25 18:00	0.277	0.261	0.277	0.343	0.393	0.348	0.139	0.359	0.155	0.112	0.120
12/10/25 19:00	0.271	0.259	0.267	0.355	0.394	0.350	0.117	0.360	0.120	0.112	0.120
12/10/25 20:00	0.265	0.255	0.263	0.359	0.394	0.346	0.108	0.356	0.112	0.112	0.120
12/10/25 21:00	0.264	0.256	0.256	0.366	0.392	0.334	0.103	0.360	0.112	0.112	0.120
12/10/25 22:00	0.265	0.255	0.256	0.370	0.380	0.306	0.097	0.367	0.112	0.114	0.114
12/10/25 23:00	0.262	0.255	0.254	0.374	0.372	0.267	0.100	0.399	0.095	0.114	0.114
13/10/25 00:00	0.261	0.252	0.254	0.380	0.360	0.250	0.106	0.399	0.094	0.114	0.114
13/10/25 01:00	0.260	0.251	0.254	0.383	0.361	0.251	0.106	0.396	0.094	0.114	0.114
13/10/25 02:00	0.258	0.250	0.254	0.385	0.363	0.248	0.104	0.393	0.094	0.114	0.114
13/10/25 03:00	0.260	0.251	0.255	0.380	0.367	0.225	0.103	0.395	0.094	0.114	0.114
13/10/25 04:00	0.261	0.250	0.254	0.387	0.374	0.208	0.096	0.394	0.094	0.114	0.114
13/10/25 05:00	0.263	0.250	0.255	0.383	0.377	0.200	0.100	0.379	0.094	0.114	0.114
13/10/25 06:00	0.268	0.252	0.256	0.389	0.381	0.185	0.098	0.376	0.112	0.114	0.114
13/10/25 07:00	0.270	0.253	0.271	0.389	0.374	0.176	0.104	0.372	0.112	0.114	0.114
13/10/25 08:00	0.274	0.252	0.270	0.375	0.359	0.165	0.098	0.345	0.094	0.095	0.095
13/10/25 09:00	0.278	0.252	0.266	0.341	0.340	0.126	0.084	0.304	0.094	0.072	0.072
13/10/25 10:00	0.264	0.251	0.258	0.316	0.327	0.098	0.067	0.286	0.094	0.114	0.114
13/10/25 11:00	0.264	0.251	0.255	0.305	0.328	0.080	0.066	0.282	0.072	0.112	0.112
13/10/25 12:00	0.264	0.250	0.255	0.299	0.329	0.077	0.068	0.272	0.072	0.107	0.114
13/10/25 13:00	0.264	0.250	0.256	0.307	0.345	0.080	0.070	0.265	0.072	0.112	0.112
13/10/25 14:00	0.261	0.250	0.256	0.318	0.352	0.086	0.084	0.268	0.072	0.112	0.112
13/10/25 15:00	0.265	0.250	0.260	0.339	0.367	0.089	0.113	0.279	0.072	0.112	0.114
13/10/25 16:00	0.269	0.253	0.264	0.360	0.375	0.098	0.196	0.316	0.112	0.114	0.114
13/10/25 17:00	0.271	0.254	0.266	0.375	0.394	0.109	0.287	0.370	0.112	0.114	0.114
13/10/25 18:00	0.280	0.262	0.264	0.380	0.406	0.108	0.323	0.388	0.112	0.114	0.114
13/10/25 19:00	0.273	0.255	0.255	0.376	0.406	0.101	0.332	0.386	0.112	0.114	0.114
13/10/25 20:00	0.277	0.252	0.254	0.371	0.406	0.094	0.341	0.388	0.112	0.114	0.114
13/10/25 21:00	0.271	0.250	0.254	0.363	0.408	0.097	0.345	0.392	0.112	0.114	0.114
13/10/25 22:00	0.262	0.249	0.254	0.366	0.411	0.105	0.354	0.399	0.112	0.114	0.114
13/10/25 23:00	0.266	0.252	0.254	0.372	0.410	0.127	0.361	0.390	0.095	0.114	0.114
14/10/25 00:00	0.268	0.252	0.254	0.378	0.409	0.135	0.366	0.390	0.095	0.114	0.114
14/10/25 01:00	0.262	0.251	0.255	0.376	0.407	0.123	0.372	0.391	0.095	0.114	0.114
14/10/25 02:00	0.264	0.247	0.255	0.383	0.404	0.118	0.369	0.389	0.095	0.095	0.095
14/10/25 03:00	0.260	0.247	0.254	0.379	0.399	0.119	0.357	0.387	0.095	0.095	0.112
14/10/25 04:00	0.258	0.251	0.256	0.378	0.398	0.118	0.351	0.374	0.095	0.095	0.112
14/10/25 05:00	0.262	0.257	0.256	0.372	0.398	0.117	0.352	0.361	0.112	0.120	0.120
14/10/25 06:00	0.273	0.263	0.263	0.369	0.396	0.111	0.360	0.357	0.120	0.120	0.120
14/10/25 07:00	0.268	0.264	0.266	0.365	0.389	0.114	0.362	0.350	0.112	0.120	0.120
14/10/25 08:00	0.268	0.266	0.266	0.362	0.375	0.094	0.337	0.313	0.104	0.114	0.114
14/10/25 09:00	0.264	0.265	0.263	0.338	0.358	0.069	0.314	0.268	0.104	0.120	0.120
14/10/25 10:00	0.262	0.263	0.254	0.314	0.343	0.054	0.297	0.243	0.095	0.114	0.114
14/10/25 11:00	0.263	0.261	0.255	0.284	0.337	0.051	0.278	0.222	0.095	0.120	0.114
14/10/25 12:00	0.257	0.260	0.255	0.261	0.332	0.049	0.273	0.215	0.095	0.120	0.120
14/10/25 13:00	0.260	0.258	0.254	0.243	0.328	0.053	0.287	0.208	0.112	0.141	0.141
14/10/25 14:00	0.257	0.260	0.258	0.237	0.327	0.054	0.255	0.226	0.120	0.145	0.145
14/10/25 15:00	0.261	0.262	0.256	0.262	0.323	0.064	0.238	0.247	0.170	0.145	0.145
14/10/25 16:00	0.260	0.263	0.258	0.288	0.353	0.094	0.272	0.296	0.223	0.145	0.145
14/10/25 17:00	0.267	0.264	0.261	0.318	0.379	0.152	0.348	0.346	0.226	0.145	0.145
14/10/25 18:00	0.272	0.265	0.258	0.330	0.387	0.195	0.368	0.361	0.226	0.145	0.145
14/10/25 19:00	0.283	0.263	0.254	0.324	0.387	0.212	0.364	0.367	0.226	0.145	0.145
14/10/25 20:00	0.278	0.257	0.254	0.310	0.386	0.224	0.359	0.371	0.224	0.145	0.145
14/10/25 21:00	0.266	0.256	0.255	0.293	0.384	0.217	0.363	0.377	0.120	0.141	0.141
14/10/25 22:00	0.264	0.252	0.256	0.284	0.373	0.188	0.367	0.381	0.112	0.114	0.120
14/10/25 23:00	0.273	0.252	0.254	0.269	0.376	0.161	0.355	0.372	0.112	0.114	0.120
15/10/25 00:00	0.266	0.252	0.255	0.244	0.382	0.141	0.338	0.378	0.112	0.114	0.120
15/10/25 01:00	0.264	0.252	0.254	0.226	0.391	0.127	0.310	0.380	0.112	0.112	0.120
15/10/25 02:00	0.262	0.251	0.255	0.215	0.393	0.126	0.302	0.373	0.112	0.112	0.120
15/10/25 03:00	0.255	0.252	0.254	0.220	0.390	0.129	0.302	0.376	0.112	0.112	0.120
15/10/25 04:00	0.260	0.254	0.255	0.234	0.392	0.125	0.297	0.376	0.104	0.112	0.120
15/10/25 05:00	0.268	0.259	0.255	0.265	0.394	0.131	0.306	0.373	0.197	0.112	0.120
15/10/25 06:00	0.278	0.265	0.257	0.279	0.387	0.134	0.311	0.374	0.197	0.112	0.120
15/10/25 07:00	0.277	0.266	0.259	0.288	0.369	0.134	0.304	0.368	0.120	0.112	0.120
15/10/25 08:00	0.279	0.266	0.259	0.317	0.333	0.129	0.251	0.346	0.120	0.114	0.114
15/10/25 09:00	0.278	0.264	0.258	0.299	0.283	0.101	0.192	0.319	0.094	0.114	0.114
15/10/25 10:00	0.278	0.264	0.259	0.253	0.257	0.086	0.141	0.296	0.094	0.114	0.114
15/10/25 11:00	0.275	0.262	0.256	0.221	0.225	0.069	0.104	0.284	0.104	0.112	0.120
15/10/25 12:00	0.273	0.262	0.261	0.209	0.203	0.064	0.095	0.274	0.072	0.072	0.072
15/10/25 13:00	0.273	0.261	0.255	0.215	0.173	0.065	0.093	0.276	0.110	0.112	0.120
15/10/25 14:00	0.273	0.261	0.259	0.232	0.160	0.073	0.106	0.295	0.120	0.112	0.120
15/10/25 15:00	0.274	0.262	0.261	0.262	0.177	0.101	0.134	0.304	0.112	0.112	0.120
15/10/25 16:00	0.278	0.265	0.262	0.313	0.219	0.168	0.190	0.319	0.197	0.112	0.112
15/10/25 17:00	0.283	0.267	0.264	0.369	0.263	0.258	0.229	0.341	0.226	0.112	0.112
15/10/25 18:00	0.291	0.272	0.268	0.397	0.280	0.296	0.216	0.355	0.226	0.112	0.112
15/10/25 19:00	0.286	0.266	0.258	0.398	0.263	0.306	0.185	0.361	0.226	0.112	0.112
15/10/25 20:00	0.278	0.262	0.259	0.409	0.241	0.310	0.165	0.369	0.219	0.112	0.120
15/10/25 21:00	0.273	0.258	0.256	0.411	0.224	0.309	0.139	0.377	0.170	0.112	0.120
15/10/25 22:00	0.268	0.254	0.255	0.414	0.201	0.311	0.127	0.376	0.112	0.112	0.120
15/10/25 23:00	0.266	0.256	0.256	0.422	0.192	0.304	0.110	0.372	0.120	0.112	0.120
16/10/25 00:00	0.265	0.255	0.255	0.423	0.185	0.302	0.105	0.373	0.120	0.112	0.120
16/10/25 01:00	0.264	0.254	0.255	0.430	0.180	0.295	0.103	0.369	0.112	0.112	0.120
16/10/25 02:00	0.264	0.253	0.255	0.430	0.175	0.303	0.105	0.359	0.112	0.112	0.120
16/10/25 03:00	0.265	0.253	0.256	0.431	0.176	0.306	0.105	0.358	0.120	0.112	0.120
16/10/25 04:00	0.267	0.254	0.257	0.426	0.179	0.310	0.103	0.362	0.155	0.112	0.120
16/10/25 05:00	0.276	0.258	0.261	0.425	0.177	0.332	0.110	0.347	0.149	0.112	0.120
16/10/25 06:00	0.281	0.264	0.265	0.420	0.173	0.347	0.131	0.349	0.197	0.112	0.120
16/10/25 07:00	0.285	0.264	0.272	0.417	0.171	0.345	0.135	0.358	0.197	0.112	0.120
16/10/25 08:00	0.281	0.264	0.269	0.399	0.151	0.318	0.115	0.333	0.187	0.112	0.120
16/10/25 09:00	0.277	0.262	0.267	0.367	0.124	0.261	0.099	0.283	0.104	0.112	0.120
16/10/25 10:00	0.275	0.260	0.265	0.341	0.104	0.202	0.090	0.211	0.094	0.112	0.120
16/10/25 11:00	0.272	0.257	0.259	0.316	0.104	0.178	0.087	0.177	0.072	0.072	0.081
16/10/25 12:00	0.273	0.257	0.256	0.293	0.104	0.175	0.081	0.185	0.094	0.112	0.120
16/10/25 13:00	0.271	0.257	0.260	0.271	0.112	0.210	0.084	0.188	0.094	0.114	0.114
16/10/25 14:00	0.271	0.257	0.261	0.251	0.147	0.234	0.091	0.202	0.094	0.112	0.120
16/10/25 15:00	0.272	0.258	0.262	0.276	0.234	0.270	0.115	0.243	0.104	0.112	0.120
16/10/25 16:00	0.278	0.262	0.263	0.333	0.334	0.317	0.151	0.296	0.120	0.112	0.120
16/10/25 17:00	0.283	0.264	0.266	0.369	0.395	0.361	0.170	0.339	0.120	0.112	0.120
16/10/25 18:00	0.287	0.262	0.265	0.372	0.403	0.378	0.165	0.344	0.120	0.112	0.120
16/10/25 19:00	0.277	0.259	0.261	0.372	0.407	0.376	0.134	0.348	0.120	0.112	0.120
16/10/25 20:00	0.276	0.255	0.259	0.373	0.400	0.373	0.116	0.351	0.112	0.112	0.120
16/10/25 21:00	0.268	0.256	0.257	0.368	0.378	0.352	0.109	0.358	0.112	0.114	0.114
16/10/25 22:00	0.267	0.254	0.257	0.371	0.360	0.348	0.108	0.356	0.104	0.114	0.114
16/10/25 23:00	0.265	0.253	0.257	0.365	0.337	0.337	0.109	0.356	0.104	0.095	0.112
17/10/25 00:00	0.264	0.253	0.255	0.376	0.308	0.320	0.116	0.352	0.104	0.114	0.114
17/10/25 01:00	0.263	0.252	0.256	0.383	0.293	0.317	0.122	0.357	0.104	0.114	0.114
17/10/25 02:00	0.263	0.252	0.257	0.387	0.277	0.323	0.142	0.366	0.094	0.114	0.114
17/10/25 03:00	0.264	0.253	0.257	0.376	0.263	0.332	0.157	0.371	0.104	0.114	0.114
17/10/25 04:00	0.265	0.255	0.257	0.372	0.251	0.334	0.169	0.363	0.104	0.114	0.114
17/10/25 05:00	0.275	0.259	0.257	0.375	0.280	0.335	0.201	0.360	0.104	0.114	0.114
17/10/25 06:00	0.282	0.265	0.258	0.376	0.318	0.331	0.222	0.360	0.104	0.114	0.112
17/10/25 07:00	0.283	0.266	0.262	0.376	0.320	0.324	0.236	0.361	0.094	0.112	0.114
17/10/25 08:00	0.282	0.265	0.263	0.357	0.301	0.291	0.236	0.340	0.104	0.095	0.095
17/10/25 09:00	0.278	0.264	0.262	0.309	0.285	0.216	0.207	0.313	0.104	0.072	0.072
17/10/25 10:00	0.275	0.264	0.260	0.274	0.287	0.132	0.166	0.279	0.072	0.072	0.072
17/10/25 11:00	0.266	0.263	0.259	0.249	0.290	0.097	0.155	0.255	0.072	0.072	0.072
17/10/25 12:00	0.266	0.260	0.256	0.233	0.290	0.086	0.168	0.238	0.072	0.072	0.072
17/10/25 13:00	0.267	0.259	0.256	0.234	0.275	0.088	0.189	0.251	0.072	0.072	0.072
17/10/25 14:00	0.273	0.261	0.257	0.244	0.285	0.106	0.216	0.264	0.072	0.072	0.072
17/10/25 15:00	0.278	0.263	0.258	0.273	0.293	0.140	0.266	0.289	0.072	0.072	0.072
17/10/25 16:00	0.279	0.264	0.260	0.310	0.321	0.192	0.318	0.323	0.094	0.095	0.095
17/10/25 17:00	0.283	0.267	0.263	0.342	0.352	0.258	0.358	0.360	0.112	0.114	0.114
17/10/25 18:00	0.294	0.270	0.264	0.354	0.366	0.275	0.380	0.375	0.112	0.114	0.114
17/10/25 19:00	0.281	0.266	0.262	0.356	0.369	0.270	0.386	0.377	0.112	0.114	0.114
17/10/25 20:00	0.276	0.261	0.258	0.356	0.376	0.248	0.389	0.382	0.112	0.114	0.114
17/10/25 21:00	0.266	0.258	0.259	0.355	0.386	0.222	0.386	0.392	0.104	0.114	0.114
17/10/25 22:00	0.267	0.256	0.255	0.351	0.397	0.201	0.383	0.391	0.112	0.107	0.112
17/10/25 23:00	0.266	0.255	0.255	0.348	0.398	0.177	0.389	0.393	0.104	0.107	0.112
18/10/25 00:00	0.265	0.254	0.259	0.351	0.396	0.158	0.390	0.397	0.112	0.114	0.114
18/10/25 01:00	0.264	0.253	0.261	0.360	0.400	0.148	0.391	0.400	0.112	0.114	0.114
18/10/25 02:00	0.263	0.253	0.261	0.365	0.405	0.151	0.390	0.402	0.095	0.095	0.095
18/10/25 03:00	0.263	0.252	0.258	0.364	0.407	0.149	0.392	0.400	0.094	0.095	0.095
18/10/25 04:00	0.265	0.254	0.259	0.372	0.409	0.149	0.387	0.396	0.095	0.095	0.095
18/10/25 05:00	0.268	0.258	0.260	0.378	0.407	0.166	0.383	0.393	0.112	0.095	0.095
18/10/25 06:00	0.275	0.262	0.260	0.383	0.404	0.180	0.381	0.387	0.112	0.114	0.114
18/10/25 07:00	0.279	0.264	0.260	0.381	0.402	0.191	0.378	0.374	0.094	0.114	0.114
18/10/25 08:00	0.278	0.262	0.260	0.359	0.376	0.157	0.352	0.321	0.094	0.072	0.081
18/10/25 09:00	0.275	0.258	0.265	0.332	0.322	0.112	0.324	0.224	0.072	0.072	0.072
18/10/25 10:00	0.268	0.257	0.261	0.300	0.262	0.083	0.287	0.131	0.094	0.072	0.072
18/10/25 11:00	0.264	0.253	0.264	0.287	0.210	0.071	0.245	0.089	0.072	0.072	0.072
18/10/25 12:00	0.265	0.252	0.260	0.271	0.191	0.067	0.225	0.085	0.072	0.072	0.072
18/10/25 13:00	0.265	0.253	0.259	0.282	0.187	0.070	0.250	0.092	0.094	0.072	0.072
18/10/25 14:00	0.265	0.253	0.255	0.295	0.210	0.076	0.282	0.127	0.094	0.072	0.072
18/10/25 15:00	0.268	0.253	0.255	0.316	0.263	0.090	0.318	0.207	0.094	0.072	0.112
18/10/25 16:00	0.274	0.257	0.258	0.342	0.334	0.115	0.344	0.298	0.112	0.095	0.112
18/10/25 17:00	0.278	0.257	0.262	0.365	0.389	0.135	0.382	0.343	0.112	0.095	0.095
18/10/25 18:00	0.280	0.257	0.263	0.361	0.407	0.141	0.390	0.343	0.112	0.114	0.114
18/10/25 19:00	0.276	0.254	0.261	0.349	0.407	0.129	0.390	0.326	0.112	0.095	0.095
18/10/25 20:00	0.266	0.253	0.261	0.339	0.405	0.111	0.391	0.311	0.112	0.114	0.114
18/10/25 21:00	0.267	0.253	0.260	0.332	0.403	0.105	0.389	0.293	0.112	0.095	0.095
18/10/25 22:00	0.265	0.253	0.258	0.323	0.407	0.105	0.380	0.281	0.112	0.095	0.095
18/10/25 23:00	0.264	0.252	0.258	0.314	0.397	0.105	0.380	0.264	0.112	0.095	0.095
19/10/25 00:00	0.264	0.253	0.256	0.310	0.376	0.101	0.375	0.259	0.095	0.114	0.114
19/10/25 01:00	0.264	0.252	0.256	0.309	0.353	0.103	0.368	0.237	0.095	0.114	0.114
19/10/25 02:00	0.264	0.251	0.256	0.304	0.347	0.106	0.365	0.212	0.094	0.114	0.114
19/10/25 03:00	0.264	0.251	0.256	0.313	0.345	0.116	0.366	0.198	0.112	0.114	0.114
19/10/25 04:00	0.265	0.252	0.256	0.313	0.355	0.123	0.374	0.173	0.112	0.114	0.114
19/10/25 05:00	0.271	0.252	0.263	0.322	0.368	0.144	0.364	0.178	0.112	0.114	0.114
19/10/25 06:00	0.278	0.254	0.269	0.320	0.371	0.173	0.361	0.197	0.112	0.114	0.114
19/10/25 07:00	0.280	0.255	0.273	0.321	0.362	0.199	0.347	0.204	0.094	0.114	0.114
19/10/25 08:00	0.280	0.256	0.270	0.312	0.318	0.206	0.319	0.165	0.094	0.095	0.112
19/10/25 09:00	0.279	0.257	0.265	0.293	0.242	0.203	0.270	0.115	0.095	0.072	0.081
19/10/25 10:00	0.275	0.257	0.263	0.278	0.176	0.172	0.219	0.096	0.094	0.072	0.072
19/10/25 11:00	0.272	0.256	0.261	0.259	0.144	0.175	0.171	0.073	0.094	0.095	0.095
19/10/25 12:00	0.269	0.256	0.259	0.248	0.123	0.170	0.176	0.059	0.094	0.095	0.112
19/10/25 13:00	0.268	0.255	0.256	0.238	0.127	0.194	0.181	0.051	0.094	0.095	0.112
19/10/25 14:00	0.269	0.255	0.255	0.222	0.142	0.210	0.183	0.060	0.112	0.120	0.120
19/10/25 15:00	0.271	0.256	0.258	0.219	0.197	0.211	0.212	0.098	0.112	0.120	0.120
19/10/25 16:00	0.277	0.258	0.263	0.232	0.269	0.205	0.249	0.144	0.222	0.120	0.120
19/10/25 17:00	0.279	0.261	0.264	0.261	0.310	0.236	0.261	0.180	0.226	0.145	0.145
19/10/25 18:00	0.280	0.262	0.266	0.272	0.311	0.241	0.268	0.177	0.228	0.145	0.145
19/10/25 19:00	0.278	0.258	0.258	0.261	0.296	0.222	0.249	0.151	0.228	0.169	0.145
19/10/25 20:00	0.273	0.256	0.258	0.241	0.271	0.190	0.223	0.139	0.226	0.169	0.155
19/10/25 21:00	0.268	0.256	0.256	0.232	0.248	0.166	0.230	0.127	0.226	0.169	0.169
19/10/25 22:00	0.265	0.255	0.254	0.217	0.239	0.139	0.230	0.109	0.223	0.189	0.189
19/10/25 23:00	0.271	0.254	0.255	0.184	0.228	0.131	0.207	0.097	0.120	0.189	0.155
20/10/25 00:00	0.267	0.252	0.253	0.168	0.227	0.117	0.198	0.091	0.120	0.145	0.145
20/10/25 01:00	0.265	0.252	0.252	0.164	0.221	0.109	0.225	0.091	0.120	0.145	0.145
20/10/25 02:00	0.264	0.252	0.251	0.163	0.217	0.102	0.254	0.094	0.150	0.145	0.145
20/10/25 03:00	0.264	0.252	0.252	0.162	0.221	0.102	0.259	0.104	0.145	0.145	0.145
20/10/25 04:00	0.264	0.252	0.254	0.161	0.226	0.103	0.235	0.132	0.170	0.169	0.155
20/10/25 05:00	0.265	0.252	0.256	0.177	0.245	0.111	0.216	0.170	0.198	0.145	0.145
20/10/25 06:00	0.266	0.254	0.262	0.200	0.276	0.139	0.206	0.200	0.211	0.145	0.145
20/10/25 07:00	0.269	0.255	0.263	0.222	0.292	0.154	0.181	0.221	0.148	0.145	0.145
20/10/25 08:00	0.274	0.257	0.260	0.221	0.279	0.157	0.141	0.228	0.120	0.145	0.145
20/10/25 09:00	0.271	0.258	0.260	0.204	0.254	0.149	0.104	0.195	0.112	0.145	0.120
20/10/25 10:00	0.269	0.258	0.258	0.190	0.237	0.143	0.084	0.171	0.104	0.120	0.120
20/10/25 11:00	0.266	0.258	0.257	0.189	0.243	0.138	0.073	0.147	0.094	0.120	0.120
20/10/25 12:00	0.264	0.256	0.257	0.191	0.262	0.135	0.060	0.129	0.094	0.120	0.120
20/10/25 13:00	0.265	0.254	0.256	0.179	0.263	0.141	0.057	0.123	0.104	0.120	0.120
20/10/25 14:00	0.265	0.255	0.257	0.169	0.247	0.153	0.064	0.147	0.112	0.145	0.145
20/10/25 15:00	0.266	0.257	0.259	0.183	0.253	0.165	0.072	0.165	0.226	0.145	0.145
20/10/25 16:00	0.269	0.259	0.261	0.209	0.289	0.171	0.082	0.186	0.235	0.180	0.145
20/10/25 17:00	0.276	0.262	0.262	0.220	0.333	0.178	0.083	0.215	0.230	0.191	0.155
20/10/25 18:00	0.278	0.264	0.263	0.227	0.345	0.174	0.081	0.207	0.230	0.191	0.191
20/10/25 19:00	0.274	0.262	0.259	0.226	0.347	0.175	0.081	0.173	0.226	0.191	0.191
20/10/25 20:00	0.269	0.259	0.257	0.258	0.353	0.161	0.089	0.147	0.226	0.191	0.189
20/10/25 21:00	0.268	0.258	0.261	0.283	0.356	0.150	0.090	0.123	0.222	0.145	0.145
20/10/25 22:00	0.265	0.257	0.256	0.310	0.341	0.134	0.088	0.103	0.197	0.145	0.141
20/10/25 23:00	0.265	0.254	0.258	0.302	0.315	0.132	0.091	0.101	0.112	0.145	0.145
21/10/25 00:00	0.270	0.253	0.256	0.295	0.305	0.142	0.094	0.107	0.120	0.145	0.145
21/10/25 01:00	0.267	0.252	0.257	0.275	0.322	0.154	0.098	0.105	0.112	0.145	0.145
21/10/25 02:00	0.264	0.252	0.252	0.244	0.334	0.157	0.100	0.097	0.112	0.145	0.145
21/10/25 03:00	0.264	0.252	0.253	0.204	0.349	0.155	0.104	0.098	0.112	0.145	0.145
21/10/25 04:00	0.264	0.252	0.254	0.211	0.374	0.150	0.116	0.099	0.120	0.145	0.145
21/10/25 05:00	0.264	0.258	0.261	0.214	0.389	0.145	0.142	0.110	0.120	0.145	0.145
21/10/25 06:00	0.266	0.264	0.264	0.231	0.387	0.143	0.187	0.132	0.197	0.145	0.145
21/10/25 07:00	0.268	0.265	0.265	0.237	0.384	0.142	0.220	0.139	0.120	0.145	0.145
21/10/25 08:00	0.269	0.264	0.264	0.236	0.365	0.130	0.219	0.141	0.120	0.145	0.145
21/10/25 09:00	0.269	0.263	0.261	0.201	0.336	0.097	0.208	0.126	0.112	0.145	0.145
21/10/25 10:00	0.269	0.263	0.260	0.196	0.312	0.081	0.209	0.114	0.112	0.141	0.141
21/10/25 11:00	0.273	0.261	0.257	0.201	0.289	0.073	0.203	0.105	0.112	0.142	0.142
21/10/25 12:00	0.268	0.260	0.255	0.206	0.257	0.067	0.199	0.096	0.120	0.183	0.207
21/10/25 13:00	0.263	0.261	0.255	0.208	0.250	0.064	0.211	0.098	0.112	0.145	0.145
21/10/25 14:00	0.261	0.262	0.256	0.206	0.248	0.071	0.248	0.099	0.120	0.207	0.207
21/10/25 15:00	0.265	0.264	0.256	0.206	0.274	0.092	0.301	0.116	0.232	0.234	0.219
21/10/25 16:00	0.268	0.265	0.260	0.229	0.319	0.128	0.348	0.160	0.241	0.264	0.234
21/10/25 17:00	0.273	0.267	0.264	0.259	0.367	0.143	0.377	0.188	0.235	0.234	0.234
21/10/25 18:00	0.275	0.271	0.266	0.270	0.370	0.148	0.386	0.203	0.235	0.234	0.234
21/10/25 19:00	0.273	0.265	0.261	0.280	0.362	0.127	0.390	0.188	0.235	0.234	0.234
21/10/25 20:00	0.267	0.263	0.261	0.283	0.348	0.120	0.392	0.162	0.235	0.234	0.234
21/10/25 21:00	0.268	0.259	0.258	0.280	0.329	0.123	0.389	0.152	0.237	0.264	0.234
21/10/25 22:00	0.263	0.257	0.255	0.287	0.320	0.140	0.376	0.152	0.235	0.264	0.234
21/10/25 23:00	0.263	0.258	0.255	0.283	0.322	0.120	0.360	0.141	0.235	0.234	0.234
22/10/25 00:00	0.262	0.257	0.254	0.280	0.308	0.104	0.365	0.130	0.235	0.234	0.234
22/10/25 01:00	0.260	0.256	0.253	0.257	0.289	0.107	0.368	0.143	0.228	0.219	0.219
22/10/25 02:00	0.259	0.255	0.251	0.236	0.269	0.107	0.367	0.151	0.228	0.219	0.219
22/10/25 03:00	0.260	0.256	0.251	0.222	0.270	0.107	0.342	0.155	0.230	0.212	0.207
22/10/25 04:00	0.261	0.257	0.253	0.219	0.271	0.114	0.341	0.185	0.228	0.234	0.189
22/10/25 05:00	0.268	0.262	0.255	0.235	0.273	0.124	0.336	0.240	0.235	0.207	0.207
22/10/25 06:00	0.276	0.267	0.261	0.239	0.283	0.139	0.331	0.282	0.235	0.212	0.212
22/10/25 07:00	0.276	0.269	0.262	0.237	0.287	0.154	0.318	0.303	0.226	0.169	0.120
22/10/25 08:00	0.273	0.268	0.261	0.226	0.263	0.150	0.273	0.288	0.226	0.155	0.207
22/10/25 09:00	0.269	0.266	0.259	0.192	0.219	0.128	0.184	0.255	0.228	0.183	0.145
22/10/25 10:00	0.268	0.265	0.255	0.165	0.195	0.109	0.124	0.217	0.197	0.191	0.189
22/10/25 11:00	0.265	0.261	0.255	0.163	0.189	0.100	0.097	0.197	0.187	0.155	0.145
22/10/25 12:00	0.265	0.259	0.255	0.175	0.177	0.096	0.086	0.183	0.197	0.155	0.145
22/10/25 13:00	0.264	0.260	0.255	0.177	0.164	0.101	0.091	0.205	0.197	0.145	0.145
22/10/25 14:00	0.264	0.260	0.259	0.184	0.171	0.115	0.114	0.250	0.112	0.112	0.145
22/10/25 15:00	0.267	0.262	0.262	0.215	0.214	0.149	0.175	0.282	0.228	0.191	0.191
22/10/25 16:00	0.272	0.264	0.263	0.253	0.288	0.235	0.246	0.325	0.235	0.207	0.207
22/10/25 17:00	0.277	0.268	0.264	0.303	0.358	0.320	0.309	0.385	0.232	0.197	0.207
22/10/25 18:00	0.279	0.271	0.263	0.335	0.377	0.350	0.336	0.394	0.233	0.212	0.212
22/10/25 19:00	0.272	0.264	0.256	0.357	0.381	0.363	0.347	0.392	0.233	0.191	0.191
22/10/25 20:00	0.266	0.261	0.257	0.363	0.379	0.363	0.360	0.383	0.233	0.191	0.191
22/10/25 21:00	0.264	0.258	0.255	0.372	0.374	0.369	0.368	0.366	0.233	0.191	0.191
22/10/25 22:00	0.264	0.257	0.256	0.376	0.370	0.371	0.376	0.333	0.228	0.155	0.145
22/10/25 23:00	0.266	0.257	0.259	0.379	0.365	0.379	0.398	0.271	0.228	0.155	0.145
23/10/25 00:00	0.259	0.255	0.256	0.378	0.364	0.387	0.410	0.167	0.230	0.145	0.145
23/10/25 01:00	0.259	0.255	0.257	0.380	0.365	0.388	0.412	0.116	0.230	0.145	0.145
23/10/25 02:00	0.260	0.254	0.257	0.384	0.365	0.389	0.416	0.099	0.232	0.169	0.155
23/10/25 03:00	0.258	0.254	0.256	0.393	0.362	0.389	0.414	0.089	0.233	0.155	0.145
23/10/25 04:00	0.259	0.256	0.257	0.403	0.356	0.389	0.406	0.085	0.232	0.180	0.155
23/10/25 05:00	0.260	0.259	0.260	0.408	0.350	0.388	0.397	0.086	0.233	0.155	0.155
23/10/25 06:00	0.262	0.265	0.265	0.408	0.342	0.386	0.390	0.099	0.233	0.191	0.191
23/10/25 07:00	0.276	0.268	0.265	0.406	0.327	0.381	0.381	0.107	0.233	0.197	0.191
23/10/25 08:00	0.277	0.267	0.268	0.386	0.292	0.344	0.352	0.098	0.233	0.155	0.189
23/10/25 09:00	0.274	0.265	0.267	0.350	0.258	0.294	0.302	0.071	0.228	0.155	0.145
23/10/25 10:00	0.273	0.264	0.266	0.323	0.246	0.260	0.252	0.062	0.211	0.145	0.145
23/10/25 11:00	0.265	0.260	0.265	0.316	0.227	0.249	0.224	0.066	0.197	0.155	0.145
23/10/25 12:00	0.265	0.258	0.264	0.298	0.216	0.238	0.209	0.081	0.208	0.189	0.189
23/10/25 13:00	0.264	0.258	0.263	0.293	0.205	0.248	0.215	0.114	0.228	0.191	0.191
23/10/25 14:00	0.265	0.260	0.255	0.316	0.201	0.265	0.257	0.135	0.228	0.207	0.207
23/10/25 15:00	0.268	0.262	0.255	0.342	0.209	0.293	0.294	0.152	0.241	0.219	0.219
23/10/25 16:00	0.270	0.264	0.262	0.375	0.242	0.316	0.330	0.170	0.258	0.234	0.219
23/10/25 17:00	0.273	0.265	0.259	0.395	0.265	0.322	0.377	0.164	0.245	0.234	0.219
23/10/25 18:00	0.279	0.266	0.257	0.400	0.261	0.311	0.385	0.144	0.268	0.234	0.219
23/10/25 19:00	0.268	0.259	0.259	0.399	0.250	0.300	0.387	0.116	0.244	0.234	0.219
23/10/25 20:00	0.270	0.258	0.255	0.395	0.239	0.277	0.385	0.096	0.239	0.315	0.240
23/10/25 21:00	0.268	0.257	0.256	0.390	0.242	0.252	0.375	0.082	0.241	0.315	0.240
23/10/25 22:00	0.262	0.256	0.255	0.386	0.228	0.233	0.349	0.058	0.233	0.234	0.234
23/10/25 23:00	0.257	0.256	0.262	0.380	0.205	0.229	0.322	0.053	0.233	0.234	0.234
24/10/25 00:00	0.259	0.254	0.261	0.376	0.177	0.217	0.303	0.052	0.233	0.234	0.234
24/10/25 01:00	0.260	0.254	0.255	0.376	0.166	0.214	0.280	0.052	0.235	0.234	0.234
24/10/25 02:00	0.258	0.254	0.252	0.375	0.153	0.224	0.268	0.052	0.235	0.234	0.234
24/10/25 03:00	0.256	0.254	0.252	0.369	0.147	0.232	0.299	0.052	0.235	0.234	0.234
24/10/25 04:00	0.261	0.255	0.251	0.356	0.147	0.247	0.337	0.054	0.235	0.234	0.234
24/10/25 05:00	0.262	0.259	0.252	0.342	0.159	0.267	0.353	0.061	0.235	0.241	0.234
24/10/25 06:00	0.272	0.263	0.255	0.344	0.176	0.282	0.362	0.067	0.245	0.274	0.234
24/10/25 07:00	0.266	0.265	0.257	0.346	0.179	0.287	0.358	0.073	0.241	0.234	0.234
24/10/25 08:00	0.271	0.265	0.260	0.322	0.166	0.277	0.317	0.068	0.235	0.234	0.234
24/10/25 09:00	0.266	0.264	0.265	0.265	0.145	0.239	0.230	0.052	0.228	0.234	0.234
24/10/25 10:00	0.267	0.262	0.263	0.218	0.120	0.214	0.166	0.044	0.226	0.197	0.155
24/10/25 11:00	0.266	0.260	0.259	0.192	0.103	0.215	0.135	0.038	0.233	0.219	0.219
24/10/25 12:00	0.266	0.259	0.255	0.181	0.108	0.231	0.135	0.037	0.221	0.219	0.219
24/10/25 13:00	0.266	0.258	0.256	0.173	0.113	0.225	0.136	0.035	0.233	0.234	0.234
24/10/25 14:00	0.269	0.257	0.259	0.192	0.121	0.197	0.157	0.040	0.235	0.234	0.234
24/10/25 15:00	0.270	0.258	0.260	0.243	0.139	0.207	0.200	0.044	0.235	0.234	0.264
24/10/25 16:00	0.272	0.259	0.263	0.305	0.187	0.241	0.264	0.055	0.297	0.234	0.234
24/10/25 17:00	0.276	0.260	0.261	0.355	0.240	0.275	0.319	0.068	0.258	0.259	0.234
24/10/25 18:00	0.276	0.258	0.259	0.360	0.258	0.285	0.322	0.069	0.258	0.234	0.234
24/10/25 19:00	0.269	0.257	0.257	0.365	0.258	0.283	0.317	0.064	0.245	0.268	0.234
24/10/25 20:00	0.268	0.254	0.252	0.365	0.246	0.268	0.313	0.057	0.245	0.268	0.234
24/10/25 21:00	0.265	0.254	0.251	0.360	0.230	0.244	0.327	0.053	0.245	0.268	0.234
24/10/25 22:00	0.271	0.252	0.247	0.360	0.214	0.232	0.336	0.053	0.235	0.268	0.234
24/10/25 23:00	0.262	0.252	0.244	0.337	0.203	0.213	0.360	0.053	0.235	0.234	0.234
25/10/25 00:00	0.262	0.252	0.242	0.321	0.201	0.208	0.367	0.052	0.235	0.234	0.234
25/10/25 01:00	0.259	0.252	0.242	0.324	0.199	0.210	0.347	0.053	0.235	0.234	0.234
25/10/25 02:00	0.259	0.251	0.240	0.330	0.198	0.228	0.344	0.054	0.235	0.234	0.234
25/10/25 03:00	0.259	0.252	0.239	0.328	0.216	0.257	0.366	0.054	0.235	0.234	0.234
25/10/25 04:00	0.261	0.253	0.236	0.337	0.238	0.306	0.376	0.055	0.261	0.234	0.234
25/10/25 05:00	0.263	0.257	0.239	0.353	0.260	0.333	0.375	0.057	0.281	0.234	0.234
25/10/25 06:00	0.266	0.262	0.240	0.360	0.288	0.348	0.373	0.061	0.311	0.234	0.234
25/10/25 07:00	0.268	0.264	0.243	0.359	0.298	0.348	0.372	0.067	0.297	0.234	0.234
25/10/25 08:00	0.271	0.262	0.246	0.348	0.284	0.337	0.341	0.068	0.258	0.240	0.234
25/10/25 09:00	0.273	0.261	0.256	0.332	0.248	0.317	0.272	0.063	0.240	0.234	0.234
25/10/25 10:00	0.264	0.259	0.261	0.321	0.224	0.314	0.210	0.061	0.241	0.234	0.234
25/10/25 11:00	0.262	0.257	0.263	0.306	0.217	0.311	0.175	0.062	0.235	0.234	0.234
25/10/25 12:00	0.263	0.257	0.262	0.298	0.194	0.309	0.155	0.057	0.235	0.234	0.234
25/10/25 13:00	0.263	0.256	0.260	0.293	0.194	0.312	0.165	0.051	0.235	0.234	0.234
25/10/25 14:00	0.263	0.256	0.255	0.306	0.216	0.317	0.201	0.048	0.245	0.240	0.234
25/10/25 15:00	0.271	0.257	0.254	0.319	0.248	0.324	0.259	0.053	0.281	0.234	0.234
25/10/25 16:00	0.275	0.261	0.256	0.337	0.303	0.331	0.317	0.061	0.303	0.234	0.234
25/10/25 17:00	0.275	0.263	0.260	0.355	0.347	0.341	0.378	0.078	0.297	0.219	0.219
25/10/25 18:00	0.275	0.262	0.262	0.356	0.358	0.347	0.381	0.082	0.297	0.219	0.219
25/10/25 19:00	0.271	0.257	0.272	0.351	0.358	0.354	0.392	0.082	0.245	0.219	0.234
25/10/25 20:00	0.265	0.255	0.260	0.341	0.355	0.361	0.394	0.081	0.243	0.234	0.234
25/10/25 21:00	0.268	0.254	0.254	0.338	0.345	0.374	0.396	0.077	0.240	0.234	0.234
25/10/25 22:00	0.264	0.252	0.256	0.342	0.348	0.386	0.388	0.076	0.235	0.219	0.219
25/10/25 23:00	0.262	0.252	0.256	0.345	0.348	0.395	0.395	0.071	0.235	0.219	0.219
26/10/25 00:00	0.262	0.252	0.251	0.348	0.345	0.396	0.402	0.065	0.235	0.212	0.212
26/10/25 01:00	0.262	0.251	0.250	0.377	0.334	0.391	0.403	0.062	0.234	0.191	0.191
26/10/25 02:00	0.262	0.249	0.250	0.380	0.332	0.392	0.402	0.064	0.234	0.191	0.191
26/10/25 03:00	0.263	0.248	0.249	0.390	0.334	0.392	0.405	0.064	0.234	0.189	0.189
26/10/25 04:00	0.263	0.251	0.249	0.393	0.331	0.394	0.404	0.062	0.234	0.189	0.145
26/10/25 05:00	0.271	0.252	0.252	0.384	0.325	0.385	0.400	0.063	0.234	0.191	0.191
26/10/25 06:00	0.276	0.252	0.259	0.377	0.327	0.378	0.399	0.066	0.235	0.189	0.189
26/10/25 07:00	0.278	0.255	0.261	0.369	0.318	0.369	0.397	0.071	0.233	0.197	0.155
26/10/25 08:00	0.277	0.257	0.263	0.348	0.295	0.345	0.367	0.069	0.233	0.189	0.155
26/10/25 09:00	0.276	0.254	0.263	0.308	0.249	0.311	0.272	0.061	0.197	0.120	0.120
26/10/25 10:00	0.272	0.253	0.263	0.289	0.208	0.279	0.171	0.051	0.119	0.120	0.120
26/10/25 11:00	0.267	0.252	0.256	0.270	0.185	0.268	0.118	0.044	0.112	0.120	0.120
26/10/25 12:00	0.266	0.255	0.257	0.264	0.178	0.253	0.107	0.041	0.112	0.120	0.120
26/10/25 13:00	0.264	0.255	0.260	0.262	0.169	0.248	0.112	0.038	0.112	0.120	0.120
26/10/25 14:00	0.263	0.252	0.260	0.263	0.175	0.255	0.157	0.043	0.112	0.120	0.120
26/10/25 15:00	0.265	0.254	0.261	0.268	0.205	0.284	0.244	0.047	0.120	0.141	0.141
26/10/25 16:00	0.271	0.257	0.261	0.293	0.259	0.318	0.338	0.057	0.220	0.141	0.141
26/10/25 17:00	0.272	0.258	0.263	0.312	0.280	0.343	0.385	0.072	0.209	0.141	0.141
26/10/25 18:00	0.271	0.257	0.264	0.309	0.291	0.347	0.387	0.077	0.188	0.141	0.141
26/10/25 19:00	0.264	0.257	0.263	0.296	0.299	0.342	0.378	0.077	0.226	0.145	0.145
26/10/25 20:00	0.268	0.256	0.256	0.280	0.297	0.340	0.375	0.072	0.148	0.141	0.141
26/10/25 21:00	0.264	0.255	0.254	0.274	0.302	0.333	0.373	0.067	0.120	0.141	0.141
26/10/25 22:00	0.262	0.252	0.254	0.265	0.316	0.336	0.365	0.060	0.120	0.120	0.141
26/10/25 23:00	0.262	0.255	0.257	0.247	0.306	0.338	0.346	0.057	0.120	0.120	0.141
27/10/25 00:00	0.260	0.253	0.256	0.224	0.302	0.339	0.321	0.057	0.120	0.131	0.131
27/10/25 01:00	0.259	0.253	0.256	0.208	0.316	0.350	0.317	0.057	0.112	0.112	0.112
27/10/25 02:00	0.259	0.252	0.255	0.223	0.307	0.358	0.286	0.063	0.112	0.112	0.120
27/10/25 03:00	0.259	0.250	0.254	0.237	0.299	0.356	0.276	0.065	0.112	0.112	0.120
27/10/25 04:00	0.260	0.247	0.253	0.252	0.310	0.350	0.283	0.065	0.210	0.120	0.120
27/10/25 05:00	0.261	0.249	0.255	0.271	0.311	0.351	0.297	0.064	0.226	0.145	0.120
27/10/25 06:00	0.262	0.250	0.259	0.285	0.314	0.363	0.328	0.069	0.226	0.145	0.120
27/10/25 07:00	0.263	0.252	0.262	0.287	0.305	0.367	0.329	0.077	0.226	0.145	0.145
27/10/25 08:00	0.273	0.253	0.262	0.280	0.272	0.356	0.306	0.081	0.120	0.120	0.145
27/10/25 09:00	0.268	0.256	0.260	0.249	0.221	0.335	0.207	0.085	0.112	0.120	0.141
27/10/25 10:00	0.265	0.257	0.256	0.230	0.174	0.315	0.126	0.079	0.120	0.141	0.120
27/10/25 11:00	0.264	0.254	0.257	0.215	0.153	0.291	0.095	0.074	0.112	0.112	0.120
27/10/25 12:00	0.264	0.253	0.256	0.221	0.157	0.271	0.097	0.073	0.112	0.120	0.141
27/10/25 13:00	0.266	0.253	0.257	0.217	0.169	0.290	0.099	0.067	0.112	0.112	0.120
27/10/25 14:00	0.268	0.253	0.257	0.221	0.185	0.286	0.117	0.069	0.202	0.120	0.120
27/10/25 15:00	0.268	0.254	0.259	0.235	0.203	0.289	0.192	0.086	0.226	0.155	0.145
27/10/25 16:00	0.273	0.257	0.260	0.277	0.246	0.313	0.294	0.114	0.228	0.145	0.145
27/10/25 17:00	0.278	0.261	0.261	0.308	0.293	0.337	0.381	0.154	0.228	0.145	0.145
27/10/25 18:00	0.276	0.260	0.260	0.316	0.306	0.347	0.396	0.166	0.228	0.155	0.120
27/10/25 19:00	0.268	0.259	0.256	0.321	0.293	0.348	0.400	0.163	0.228	0.155	0.120
27/10/25 20:00	0.266	0.257	0.256	0.327	0.285	0.341	0.395	0.153	0.228	0.145	0.120
27/10/25 21:00	0.264	0.256	0.257	0.337	0.293	0.324	0.376	0.134	0.228	0.145	0.120
27/10/25 22:00	0.266	0.254	0.255	0.337	0.307	0.299	0.356	0.122	0.227	0.145	0.112
27/10/25 23:00	0.262	0.252	0.255	0.339	0.307	0.282	0.329	0.132	0.205	0.145	0.120
28/10/25 00:00	0.261	0.252	0.255	0.334	0.312	0.251	0.299	0.121	0.120	0.141	0.120
28/10/25 01:00	0.261	0.252	0.254	0.323	0.326	0.239	0.254	0.106	0.120	0.142	0.120
28/10/25 02:00	0.260	0.252	0.255	0.317	0.325	0.242	0.216	0.100	0.112	0.145	0.120
28/10/25 03:00	0.260	0.253	0.250	0.316	0.326	0.232	0.184	0.093	0.112	0.145	0.120
28/10/25 04:00	0.259	0.253	0.248	0.321	0.326	0.222	0.180	0.088	0.112	0.145	0.145
28/10/25 05:00	0.259	0.254	0.253	0.341	0.332	0.199	0.185	0.085	0.112	0.145	0.145
28/10/25 06:00	0.260	0.258	0.256	0.346	0.345	0.198	0.189	0.088	0.104	0.120	0.120
28/10/25 07:00	0.260	0.263	0.261	0.344	0.342	0.192	0.190	0.089	0.110	0.120	0.120
28/10/25 08:00	0.261	0.262	0.261	0.323	0.311	0.180	0.179	0.089	0.094	0.072	0.072
28/10/25 09:00	0.263	0.261	0.260	0.278	0.252	0.148	0.154	0.081	0.072	0.072	0.081
28/10/25 10:00	0.265	0.260	0.258	0.234	0.216	0.124	0.130	0.071	0.072	0.072	0.112
28/10/25 11:00	0.262	0.260	0.257	0.206	0.195	0.114	0.128	0.068	0.072	0.072	0.072
28/10/25 12:00	0.262	0.259	0.254	0.199	0.184	0.097	0.127	0.062	0.072	0.072	0.072
28/10/25 13:00	0.262	0.260	0.255	0.204	0.185	0.098	0.132	0.058	0.072	0.080	0.112
28/10/25 14:00	0.262	0.263	0.259	0.215	0.190	0.109	0.148	0.061	0.072	0.072	0.120
28/10/25 15:00	0.263	0.264	0.261	0.251	0.207	0.135	0.181	0.076	0.094	0.120	0.120
28/10/25 16:00	0.262	0.266	0.262	0.299	0.241	0.184	0.212	0.110	0.120	0.120	0.145
28/10/25 17:00	0.262	0.269	0.265	0.335	0.266	0.216	0.243	0.156	0.120	0.145	0.145
28/10/25 18:00	0.271	0.270	0.267	0.344	0.277	0.217	0.255	0.179	0.221	0.141	0.141
28/10/25 19:00	0.282	0.267	0.261	0.336	0.297	0.190	0.263	0.187	0.226	0.145	0.145
28/10/25 20:00	0.278	0.263	0.255	0.322	0.309	0.173	0.267	0.173	0.221	0.145	0.145
28/10/25 21:00	0.265	0.259	0.258	0.310	0.327	0.156	0.268	0.147	0.220	0.120	0.145
28/10/25 22:00	0.261	0.259	0.257	0.312	0.347	0.142	0.268	0.128	0.228	0.145	0.145
28/10/25 23:00	0.264	0.257	0.254	0.295	0.358	0.125	0.266	0.127	0.226	0.145	0.145
29/10/25 00:00	0.260	0.257	0.254	0.268	0.366	0.127	0.274	0.121	0.228	0.145	0.145
29/10/25 01:00	0.259	0.257	0.252	0.245	0.369	0.120	0.290	0.120	0.230	0.145	0.145
29/10/25 02:00	0.259	0.257	0.252	0.238	0.370	0.115	0.294	0.126	0.230	0.145	0.145
29/10/25 03:00	0.259	0.256	0.245	0.244	0.367	0.114	0.291	0.123	0.230	0.145	0.145
29/10/25 04:00	0.260	0.256	0.245	0.264	0.366	0.114	0.302	0.120	0.230	0.145	0.145
29/10/25 05:00	0.261	0.257	0.251	0.284	0.365	0.116	0.320	0.116	0.228	0.142	0.142
29/10/25 06:00	0.264	0.260	0.256	0.289	0.362	0.115	0.331	0.143	0.228	0.145	0.145
29/10/25 07:00	0.273	0.265	0.259	0.287	0.351	0.115	0.337	0.170	0.258	0.191	0.191
29/10/25 08:00	0.270	0.266	0.261	0.271	0.336	0.109	0.336	0.170	0.226	0.120	0.141
29/10/25 09:00	0.267	0.266	0.259	0.232	0.296	0.089	0.324	0.148	0.112	0.112	0.120
29/10/25 10:00	0.267	0.264	0.256	0.200	0.270	0.080	0.308	0.133	0.094	0.112	0.120
29/10/25 11:00	0.266	0.264	0.255	0.186	0.240	0.079	0.291	0.112	0.072	0.080	0.112
29/10/25 12:00	0.265	0.261	0.256	0.168	0.222	0.081	0.287	0.119	0.094	0.107	0.120
29/10/25 13:00	0.263	0.262	0.266	0.174	0.221	0.082	0.298	0.150	0.094	0.107	0.112
29/10/25 14:00	0.263	0.265	0.261	0.191	0.249	0.088	0.312	0.192	0.094	0.107	0.081
29/10/25 15:00	0.264	0.266	0.260	0.221	0.292	0.101	0.332	0.225	0.120	0.112	0.120
29/10/25 16:00	0.265	0.267	0.261	0.260	0.337	0.113	0.364	0.259	0.226	0.145	0.145
29/10/25 17:00	0.284	0.269	0.263	0.279	0.342	0.125	0.376	0.278	0.226	0.112	0.120
29/10/25 18:00	0.265	0.271	0.264	0.272	0.330	0.120	0.376	0.295	0.226	0.120	0.120
29/10/25 19:00	0.262	0.269	0.259	0.278	0.329	0.114	0.382	0.311	0.226	0.142	0.142
29/10/25 20:00	0.263	0.265	0.259	0.290	0.332	0.108	0.384	0.315	0.226	0.141	0.141
29/10/25 21:00	0.264	0.261	0.257	0.300	0.332	0.107	0.386	0.303	0.213	0.145	0.145
29/10/25 22:00	0.264	0.259	0.255	0.316	0.331	0.111	0.388	0.278	0.197	0.145	0.120
29/10/25 23:00	0.265	0.257	0.254	0.324	0.328	0.122	0.391	0.230	0.120	0.120	0.120
30/10/25 00:00	0.259	0.258	0.250	0.324	0.325	0.124	0.390	0.158	0.120	0.120	0.120
30/10/25 01:00	0.259	0.257	0.247	0.314	0.330	0.128	0.382	0.129	0.120	0.112	0.120
30/10/25 02:00	0.259	0.257	0.244	0.305	0.332	0.135	0.385	0.100	0.120	0.112	0.114
30/10/25 03:00	0.259	0.257	0.242	0.299	0.337	0.130	0.389	0.098	0.120	0.114	0.114
30/10/25 04:00	0.259	0.257	0.242	0.297	0.346	0.128	0.393	0.099	0.120	0.112	0.114
30/10/25 05:00	0.260	0.258	0.247	0.298	0.352	0.133	0.390	0.106	0.120	0.120	0.120
30/10/25 06:00	0.265	0.261	0.253	0.284	0.357	0.154	0.390	0.135	0.120	0.120	0.141
30/10/25 07:00	0.270	0.265	0.258	0.277	0.354	0.196	0.392	0.175	0.120	0.141	0.141
30/10/25 08:00	0.273	0.267	0.258	0.273	0.322	0.196	0.381	0.175	0.120	0.120	0.120
30/10/25 09:00	0.281	0.265	0.260	0.257	0.260	0.170	0.349	0.134	0.112	0.120	0.120
30/10/25 10:00	0.279	0.261	0.261	0.230	0.226	0.170	0.322	0.099	0.112	0.120	0.120
30/10/25 11:00	0.276	0.260	0.259	0.216	0.207	0.179	0.299	0.085	0.112	0.120	0.120
30/10/25 12:00	0.272	0.258	0.259	0.208	0.208	0.189	0.301	0.077	0.104	0.114	0.120
30/10/25 13:00	0.268	0.258	0.259	0.201	0.234	0.217	0.308	0.083	0.104	0.114	0.120
30/10/25 14:00	0.266	0.260	0.258	0.211	0.266	0.258	0.339	0.108	0.112	0.120	0.120
30/10/25 15:00	0.265	0.265	0.258	0.232	0.297	0.315	0.353	0.180	0.120	0.141	0.141
30/10/25 16:00	0.268	0.266	0.260	0.256	0.345	0.365	0.373	0.277	0.221	0.145	0.145
30/10/25 17:00	0.270	0.269	0.262	0.291	0.365	0.381	0.392	0.332	0.226	0.145	0.145
30/10/25 18:00	0.264	0.272	0.266	0.324	0.363	0.384	0.394	0.333	0.226	0.141	0.141
30/10/25 19:00	0.264	0.268	0.264	0.339	0.363	0.384	0.395	0.324	0.226	0.145	0.145
30/10/25 20:00	0.266	0.265	0.261	0.343	0.360	0.385	0.395	0.305	0.226	0.142	0.141
30/10/25 21:00	0.264	0.260	0.258	0.346	0.355	0.382	0.396	0.298	0.224	0.141	0.141
30/10/25 22:00	0.261	0.259	0.255	0.350	0.355	0.377	0.397	0.278	0.224	0.141	0.141
30/10/25 23:00	0.259	0.255	0.254	0.351	0.345	0.373	0.398	0.236	0.214	0.141	0.141
31/10/25 00:00	0.258	0.256	0.256	0.353	0.340	0.353	0.397	0.172	0.207	0.141	0.141
31/10/25 01:00	0.258	0.256	0.255	0.339	0.340	0.314	0.392	0.144	0.201	0.141	0.141
31/10/25 02:00	0.258	0.256	0.254	0.341	0.344	0.269	0.392	0.139	0.226	0.142	0.142
31/10/25 03:00	0.258	0.255	0.254	0.324	0.349	0.229	0.390	0.138	0.226	0.145	0.145
31/10/25 04:00	0.259	0.256	0.253	0.304	0.358	0.229	0.382	0.133	0.223	0.145	0.120
31/10/25 05:00	0.260	0.256	0.253	0.297	0.367	0.262	0.377	0.153	0.226	0.145	0.145
31/10/25 06:00	0.270	0.259	0.254	0.278	0.372	0.293	0.372	0.179	0.224	0.145	0.145
31/10/25 07:00	0.263	0.261	0.256	0.259	0.373	0.300	0.367	0.192	0.221	0.145	0.155
31/10/25 08:00	0.265	0.261	0.257	0.239	0.353	0.292	0.359	0.194	0.221	0.145	0.145
31/10/25 09:00	0.273	0.261	0.258	0.205	0.301	0.255	0.331	0.162	0.221	0.145	0.145
31/10/25 10:00	0.267	0.259	0.257	0.171	0.276	0.224	0.297	0.124	0.221	0.145	0.145
31/10/25 11:00	0.266	0.258	0.256	0.157	0.262	0.200	0.269	0.112	0.120	0.145	0.145
31/10/25 12:00	0.266	0.257	0.255	0.171	0.268	0.206	0.253	0.114	0.120	0.145	0.145
31/10/25 13:00	0.264	0.258	0.253	0.183	0.263	0.218	0.252	0.126	0.148	0.145	0.145
31/10/25 14:00	0.269	0.260	0.252	0.182	0.279	0.259	0.259	0.151	0.226	0.145	0.145
31/10/25 15:00	0.273	0.262	0.253	0.205	0.311	0.304	0.275	0.183	0.226	0.145	0.145
31/10/25 16:00	0.275	0.264	0.254	0.226	0.333	0.344	0.307	0.205	0.228	0.145	0.145
31/10/25 17:00	0.279	0.266	0.258	0.236	0.335	0.360	0.328	0.212	0.228	0.145	0.145
31/10/25 18:00	0.275	0.266	0.262	0.237	0.318	0.370	0.328	0.203	0.228	0.142	0.142
31/10/25 19:00	0.269	0.262	0.261	0.241	0.307	0.366	0.329	0.190	0.228	0.145	0.145
31/10/25 20:00	0.264	0.261	0.255	0.251	0.291	0.354	0.330	0.159	0.226	0.141	0.141
31/10/25 21:00	0.270	0.260	0.255	0.235	0.265	0.318	0.327	0.128	0.197	0.120	0.142
31/10/25 22:00	0.265	0.258	0.256	0.224	0.248	0.288	0.324	0.122	0.208	0.120	0.141
31/10/25 23:00	0.264	0.257	0.254	0.201	0.239	0.263	0.314	0.124	0.120	0.112	0.120
01/11/25 00:00	0.261	0.257	0.252	0.186	0.203	0.241	0.308	0.116	0.120	0.120	0.120
01/11/25 01:00	0.260	0.256	0.252	0.174	0.154	0.219	0.290	0.106	0.104	0.120	0.120
01/11/25 02:00	0.261	0.253	0.249	0.167	0.140	0.212	0.285	0.101	0.094	0.114	0.114
01/11/25 03:00	0.259	0.253	0.246	0.166	0.135	0.210	0.283	0.093	0.104	0.112	0.114
01/11/25 04:00	0.259	0.252	0.245	0.167	0.126	0.207	0.272	0.089	0.102	0.114	0.114
01/11/25 05:00	0.261	0.252	0.244	0.172	0.122	0.185	0.266	0.089	0.104	0.112	0.112
01/11/25 06:00	0.263	0.253	0.244	0.183	0.124	0.172	0.261	0.096	0.104	0.112	0.112
01/11/25 07:00	0.264	0.256	0.242	0.190	0.122	0.169	0.264	0.096	0.104	0.107	0.112
01/11/25 08:00	0.264	0.256	0.244	0.182	0.120	0.159	0.264	0.095	0.094	0.072	0.072
01/11/25 09:00	0.268	0.256	0.248	0.156	0.098	0.130	0.252	0.095	0.072	0.072	0.072
01/11/25 10:00	0.264	0.258	0.252	0.138	0.087	0.108	0.245	0.090	0.072	0.072	0.072
01/11/25 11:00	0.266	0.256	0.254	0.127	0.081	0.092	0.238	0.088	0.072	0.072	0.072
01/11/25 12:00	0.270	0.257	0.255	0.120	0.077	0.080	0.234	0.086	0.072	0.072	0.072
01/11/25 13:00	0.266	0.256	0.258	0.125	0.079	0.078	0.236	0.088	0.072	0.072	0.072
01/11/25 14:00	0.265	0.255	0.255	0.145	0.090	0.085	0.262	0.097	0.072	0.072	0.072
01/11/25 15:00	0.265	0.255	0.254	0.185	0.113	0.106	0.288	0.094	0.094	0.112	0.114
01/11/25 16:00	0.264	0.255	0.253	0.228	0.141	0.122	0.310	0.101	0.104	0.112	0.114
01/11/25 17:00	0.270	0.258	0.266	0.277	0.170	0.125	0.325	0.149	0.094	0.112	0.112
01/11/25 18:00	0.273	0.258	0.275	0.294	0.176	0.121	0.339	0.157	0.095	0.114	0.114
01/11/25 19:00	0.271	0.257	0.264	0.297	0.170	0.116	0.344	0.155	0.094	0.112	0.114
01/11/25 20:00	0.265	0.255	0.257	0.300	0.157	0.112	0.352	0.143	0.094	0.112	0.114
01/11/25 21:00	0.262	0.254	0.254	0.304	0.152	0.113	0.347	0.133	0.094	0.107	0.112
01/11/25 22:00	0.264	0.254	0.256	0.308	0.145	0.118	0.348	0.119	0.094	0.072	0.072
01/11/25 23:00	0.264	0.253	0.252	0.314	0.129	0.124	0.343	0.105	0.104	0.095	0.095
02/11/25 00:00	0.266	0.255	0.245	0.325	0.121	0.127	0.334	0.103	0.094	0.072	0.072
02/11/25 01:00	0.264	0.254	0.243	0.322	0.114	0.125	0.325	0.104	0.104	0.095	0.095
02/11/25 02:00	0.260	0.252	0.239	0.318	0.113	0.121	0.311	0.116	0.095	0.072	0.072
02/11/25 03:00	0.260	0.252	0.239	0.318	0.114	0.118	0.295	0.117	0.094	0.072	0.072
02/11/25 04:00	0.261	0.249	0.239	0.339	0.112	0.113	0.302	0.130	0.072	0.072	0.081
02/11/25 05:00	0.263	0.250	0.240	0.356	0.111	0.112	0.311	0.145	0.095	0.072	0.112
02/11/25 06:00	0.263	0.252	0.251	0.371	0.127	0.112	0.316	0.151	0.112	0.072	0.112
02/11/25 07:00	0.265	0.257	0.257	0.374	0.143	0.114	0.319	0.162	0.094	0.072	0.072
02/11/25 08:00	0.269	0.257	0.258	0.367	0.143	0.113	0.298	0.150	0.072	0.072	0.072
02/11/25 09:00	0.273	0.258	0.262	0.351	0.118	0.099	0.254	0.125	0.072	0.072	0.072
02/11/25 10:00	0.264	0.258	0.259	0.329	0.091	0.092	0.206	0.103	0.072	0.072	0.072
02/11/25 11:00	0.263	0.257	0.262	0.322	0.082	0.096	0.187	0.078	0.072	0.072	0.072
02/11/25 12:00	0.263	0.254	0.261	0.320	0.077	0.105	0.200	0.066	0.072	0.072	0.072
02/11/25 13:00	0.265	0.254	0.260	0.322	0.081	0.108	0.203	0.084	0.112	0.072	0.112
02/11/25 14:00	0.270	0.253	0.258	0.329	0.102	0.134	0.221	0.118	0.104	0.072	0.072
02/11/25 15:00	0.271	0.253	0.257	0.345	0.151	0.180	0.275	0.193	0.104	0.072	0.072
02/11/25 16:00	0.274	0.254	0.257	0.375	0.221	0.173	0.321	0.253	0.104	0.072	0.072
02/11/25 17:00	0.278	0.256	0.268	0.388	0.254	0.189	0.354	0.271	0.104	0.114	0.114
02/11/25 18:00	0.277	0.258	0.272	0.388	0.261	0.189	0.352	0.286	0.104	0.112	0.112
02/11/25 19:00	0.274	0.257	0.268	0.392	0.252	0.170	0.347	0.292	0.104	0.114	0.114
02/11/25 20:00	0.268	0.257	0.262	0.394	0.213	0.154	0.346	0.291	0.104	0.114	0.114
02/11/25 21:00	0.265	0.253	0.255	0.394	0.164	0.131	0.354	0.287	0.104	0.114	0.114
02/11/25 22:00	0.263	0.253	0.260	0.390	0.154	0.116	0.362	0.281	0.094	0.072	0.095
02/11/25 23:00	0.263	0.253	0.254	0.391	0.145	0.112	0.363	0.235	0.094	0.072	0.072
03/11/25 00:00	0.262	0.250	0.254	0.397	0.145	0.102	0.354	0.205	0.112	0.072	0.081
03/11/25 01:00	0.262	0.252	0.253	0.402	0.140	0.100	0.349	0.211	0.112	0.095	0.112
03/11/25 02:00	0.261	0.252	0.250	0.398	0.135	0.099	0.352	0.197	0.112	0.072	0.112
03/11/25 03:00	0.261	0.252	0.249	0.395	0.137	0.100	0.358	0.171	0.104	0.072	0.081
03/11/25 04:00	0.261	0.252	0.251	0.393	0.143	0.100	0.362	0.159	0.104	0.072	0.081
03/11/25 05:00	0.261	0.252	0.253	0.394	0.151	0.099	0.363	0.167	0.080	0.072	0.081
03/11/25 06:00	0.264	0.253	0.256	0.391	0.168	0.098	0.363	0.201	0.104	0.072	0.072
03/11/25 07:00	0.266	0.252	0.260	0.389	0.197	0.094	0.363	0.215	0.072	0.072	0.072
03/11/25 08:00	0.269	0.251	0.260	0.384	0.201	0.095	0.322	0.185	0.072	0.072	0.072
03/11/25 09:00	0.271	0.253	0.258	0.362	0.189	0.085	0.211	0.134	0.072	0.072	0.072
03/11/25 10:00	0.270	0.254	0.258	0.343	0.172	0.074	0.151	0.109	0.072	0.072	0.072
03/11/25 11:00	0.266	0.256	0.255	0.332	0.170	0.065	0.120	0.093	0.072	0.072	0.072
03/11/25 12:00	0.261	0.258	0.254	0.331	0.166	0.061	0.112	0.092	0.072	0.072	0.072
03/11/25 13:00	0.261	0.257	0.254	0.329	0.169	0.062	0.116	0.091	0.072	0.072	0.072
03/11/25 14:00	0.262	0.257	0.254	0.338	0.188	0.072	0.142	0.090	0.072	0.072	0.072
03/11/25 15:00	0.267	0.257	0.260	0.352	0.219	0.082	0.216	0.106	0.094	0.095	0.095
03/11/25 16:00	0.269	0.258	0.259	0.373	0.248	0.113	0.319	0.135	0.094	0.114	0.114
03/11/25 17:00	0.273	0.259	0.262	0.391	0.273	0.137	0.375	0.159	0.104	0.114	0.114
03/11/25 18:00	0.269	0.260	0.262	0.387	0.271	0.140	0.375	0.156	0.094	0.114	0.114
03/11/25 19:00	0.266	0.259	0.260	0.385	0.265	0.134	0.373	0.140	0.094	0.114	0.114
03/11/25 20:00	0.261	0.258	0.259	0.389	0.266	0.126	0.369	0.119	0.094	0.112	0.112
03/11/25 21:00	0.264	0.256	0.254	0.393	0.281	0.104	0.368	0.106	0.094	0.114	0.114
03/11/25 22:00	0.262	0.255	0.254	0.393	0.280	0.097	0.368	0.102	0.112	0.114	0.114
03/11/25 23:00	0.265	0.252	0.254	0.396	0.281	0.103	0.366	0.101	0.112	0.114	0.114
04/11/25 00:00	0.264	0.252	0.254	0.397	0.271	0.107	0.365	0.093	0.112	0.095	0.112
04/11/25 01:00	0.264	0.251	0.254	0.390	0.273	0.106	0.362	0.092	0.112	0.114	0.114
04/11/25 02:00	0.263	0.250	0.254	0.393	0.272	0.115	0.365	0.093	0.112	0.114	0.114
04/11/25 03:00	0.261	0.249	0.254	0.396	0.267	0.113	0.368	0.098	0.094	0.114	0.114
04/11/25 04:00	0.261	0.248	0.254	0.394	0.276	0.106	0.369	0.108	0.095	0.112	0.114
04/11/25 05:00	0.264	0.251	0.254	0.386	0.295	0.115	0.367	0.115	0.095	0.114	0.114
04/11/25 06:00	0.264	0.257	0.259	0.380	0.316	0.124	0.363	0.137	0.095	0.114	0.114
04/11/25 07:00	0.264	0.260	0.262	0.378	0.338	0.126	0.358	0.162	0.095	0.114	0.114
04/11/25 08:00	0.261	0.261	0.263	0.375	0.336	0.123	0.337	0.170	0.112	0.114	0.114
04/11/25 09:00	0.264	0.261	0.261	0.347	0.292	0.102	0.285	0.154	0.095	0.112	0.112
04/11/25 10:00	0.263	0.261	0.255	0.319	0.260	0.092	0.247	0.116	0.095	0.114	0.120
04/11/25 11:00	0.266	0.260	0.255	0.314	0.246	0.099	0.220	0.075	0.095	0.112	0.112
04/11/25 12:00	0.266	0.260	0.255	0.300	0.226	0.102	0.211	0.060	0.094	0.112	0.112
04/11/25 13:00	0.262	0.260	0.256	0.298	0.223	0.104	0.216	0.061	0.112	0.114	0.114
04/11/25 14:00	0.263	0.261	0.260	0.298	0.235	0.110	0.232	0.087	0.095	0.107	0.120
04/11/25 15:00	0.264	0.262	0.261	0.316	0.275	0.115	0.256	0.155	0.094	0.120	0.120
04/11/25 16:00	0.265	0.262	0.262	0.343	0.313	0.120	0.302	0.209	0.112	0.120	0.142
04/11/25 17:00	0.270	0.265	0.267	0.348	0.335	0.136	0.335	0.216	0.112	0.120	0.145
04/11/25 18:00	0.272	0.265	0.268	0.345	0.338	0.144	0.330	0.222	0.112	0.120	0.145
04/11/25 19:00	0.268	0.263	0.264	0.345	0.342	0.151	0.324	0.212	0.112	0.120	0.145
04/11/25 20:00	0.273	0.261	0.260	0.338	0.338	0.151	0.320	0.174	0.112	0.112	0.120
04/11/25 21:00	0.269	0.258	0.257	0.337	0.327	0.143	0.324	0.146	0.112	0.112	0.120
04/11/25 22:00	0.264	0.257	0.257	0.334	0.320	0.132	0.324	0.130	0.112	0.112	0.120
04/11/25 23:00	0.266	0.254	0.255	0.336	0.320	0.137	0.328	0.125	0.112	0.112	0.120
05/11/25 00:00	0.268	0.252	0.255	0.329	0.323	0.130	0.333	0.120	0.120	0.112	0.120
05/11/25 01:00	0.261	0.252	0.255	0.332	0.306	0.131	0.338	0.119	0.120	0.112	0.120
05/11/25 02:00	0.260	0.252	0.254	0.351	0.303	0.142	0.346	0.118	0.112	0.112	0.120
05/11/25 03:00	0.260	0.252	0.254	0.348	0.298	0.156	0.351	0.125	0.120	0.120	0.120
05/11/25 04:00	0.260	0.252	0.254	0.347	0.294	0.171	0.356	0.141	0.120	0.120	0.141
05/11/25 05:00	0.261	0.253	0.255	0.346	0.287	0.184	0.359	0.154	0.215	0.120	0.120
05/11/25 06:00	0.266	0.258	0.257	0.354	0.275	0.195	0.358	0.192	0.226	0.145	0.120
05/11/25 07:00	0.272	0.261	0.261	0.359	0.280	0.206	0.356	0.230	0.226	0.142	0.142
05/11/25 08:00	0.273	0.263	0.262	0.355	0.258	0.192	0.348	0.233	0.221	0.145	0.145
05/11/25 09:00	0.272	0.262	0.264	0.323	0.203	0.159	0.302	0.195	0.221	0.142	0.142
05/11/25 10:00	0.272	0.263	0.259	0.297	0.159	0.134	0.263	0.138	0.197	0.120	0.145
05/11/25 11:00	0.272	0.263	0.259	0.280	0.145	0.126	0.236	0.091	0.197	0.120	0.145
05/11/25 12:00	0.271	0.262	0.258	0.276	0.146	0.121	0.232	0.078	0.176	0.120	0.145
05/11/25 13:00	0.272	0.263	0.256	0.294	0.144	0.110	0.233	0.091	0.176	0.120	0.145
05/11/25 14:00	0.272	0.263	0.256	0.306	0.160	0.106	0.257	0.122	0.120	0.120	0.120
05/11/25 15:00	0.274	0.264	0.259	0.320	0.173	0.108	0.292	0.175	0.120	0.120	0.133
05/11/25 16:00	0.274	0.264	0.261	0.343	0.191	0.114	0.352	0.231	0.217	0.120	0.145
05/11/25 17:00	0.281	0.269	0.263	0.353	0.200	0.117	0.378	0.253	0.221	0.120	0.145
05/11/25 18:00	0.277	0.270	0.265	0.348	0.196	0.111	0.379	0.254	0.212	0.120	0.142
05/11/25 19:00	0.271	0.265	0.263	0.348	0.184	0.110	0.380	0.246	0.197	0.145	0.145
05/11/25 20:00	0.266	0.262	0.260	0.349	0.155	0.104	0.381	0.243	0.197	0.120	0.120
05/11/25 21:00	0.264	0.260	0.258	0.348	0.137	0.101	0.382	0.229	0.120	0.145	0.120
05/11/25 22:00	0.264	0.259	0.258	0.344	0.128	0.109	0.382	0.223	0.120	0.120	0.120
05/11/25 23:00	0.266	0.258	0.256	0.329	0.123	0.120	0.383	0.224	0.120	0.120	0.120
06/11/25 00:00	0.268	0.257	0.256	0.309	0.119	0.111	0.384	0.230	0.112	0.120	0.120
06/11/25 01:00	0.263	0.257	0.255	0.295	0.120	0.108	0.384	0.234	0.112	0.145	0.120
06/11/25 02:00	0.261	0.256	0.255	0.288	0.122	0.108	0.384	0.247	0.112	0.120	0.120
06/11/25 03:00	0.260	0.256	0.254	0.284	0.121	0.105	0.383	0.245	0.112	0.120	0.120
06/11/25 04:00	0.261	0.256	0.254	0.273	0.122	0.103	0.382	0.255	0.112	0.120	0.120
06/11/25 05:00	0.263	0.258	0.255	0.261	0.128	0.105	0.380	0.297	0.112	0.120	0.145
06/11/25 06:00	0.267	0.261	0.260	0.251	0.139	0.116	0.379	0.331	0.201	0.120	0.145
06/11/25 07:00	0.272	0.266	0.262	0.243	0.134	0.125	0.378	0.347	0.120	0.120	0.133
06/11/25 08:00	0.273	0.267	0.264	0.234	0.126	0.122	0.376	0.338	0.120	0.120	0.120
06/11/25 09:00	0.272	0.267	0.262	0.213	0.111	0.099	0.362	0.276	0.120	0.112	0.120
06/11/25 10:00	0.271	0.267	0.261	0.198	0.102	0.080	0.350	0.239	0.112	0.112	0.120
06/11/25 11:00	0.270	0.267	0.260	0.185	0.111	0.078	0.341	0.213	0.119	0.112	0.120
06/11/25 12:00	0.269	0.266	0.258	0.176	0.113	0.082	0.336	0.215	0.120	0.112	0.120
06/11/25 13:00	0.269	0.266	0.258	0.174	0.119	0.086	0.336	0.218	0.112	0.112	0.120
06/11/25 14:00	0.270	0.267	0.258	0.177	0.121	0.097	0.345	0.248	0.120	0.120	0.120
06/11/25 15:00	0.270	0.267	0.260	0.189	0.123	0.125	0.356	0.302	0.197	0.120	0.120
06/11/25 16:00	0.272	0.269	0.262	0.202	0.130	0.174	0.374	0.348	0.226	0.145	0.120
06/11/25 17:00	0.275	0.276	0.264	0.208	0.147	0.212	0.380	0.380	0.221	0.120	0.120
06/11/25 18:00	0.280	0.281	0.264	0.203	0.146	0.220	0.381	0.392	0.221	0.145	0.120
06/11/25 19:00	0.275	0.271	0.262	0.203	0.150	0.214	0.381	0.392	0.226	0.120	0.120
06/11/25 20:00	0.271	0.266	0.259	0.199	0.131	0.194	0.381	0.392	0.197	0.120	0.120
06/11/25 21:00	0.264	0.262	0.257	0.187	0.121	0.166	0.382	0.389	0.224	0.145	0.120
06/11/25 22:00	0.263	0.261	0.257	0.184	0.117	0.141	0.381	0.387	0.202	0.145	0.145
06/11/25 23:00	0.266	0.259	0.256	0.168	0.114	0.137	0.382	0.372	0.183	0.145	0.145
07/11/25 00:00	0.261	0.258	0.256	0.154	0.105	0.126	0.380	0.359	0.120	0.145	0.145
07/11/25 01:00	0.261	0.257	0.255	0.150	0.102	0.120	0.380	0.346	0.120	0.141	0.141
07/11/25 02:00	0.259	0.256	0.256	0.152	0.102	0.116	0.381	0.346	0.120	0.120	0.120
07/11/25 03:00	0.259	0.255	0.255	0.155	0.102	0.115	0.382	0.352	0.112	0.120	0.120
07/11/25 04:00	0.260	0.255	0.255	0.152	0.104	0.118	0.382	0.354	0.120	0.112	0.120
07/11/25 05:00	0.261	0.256	0.256	0.159	0.112	0.139	0.380	0.376	0.120	0.120	0.120
07/11/25 06:00	0.264	0.260	0.255	0.164	0.124	0.162	0.373	0.398	0.213	0.120	0.145
07/11/25 07:00	0.269	0.263	0.260	0.168	0.144	0.189	0.364	0.399	0.215	0.120	0.145
07/11/25 08:00	0.270	0.264	0.256	0.172	0.153	0.182	0.355	0.388	0.120	0.112	0.120
07/11/25 09:00	0.270	0.263	0.256	0.160	0.147	0.149	0.341	0.330	0.104	0.114	0.114
07/11/25 10:00	0.269	0.262	0.255	0.145	0.133	0.106	0.330	0.271	0.104	0.114	0.114
07/11/25 11:00	0.268	0.262	0.256	0.131	0.124	0.085	0.325	0.231	0.094	0.095	0.095
07/11/25 12:00	0.268	0.261	0.255	0.134	0.120	0.087	0.326	0.207	0.094	0.072	0.072
07/11/25 13:00	0.268	0.261	0.255	0.138	0.131	0.092	0.330	0.210	0.094	0.072	0.072
07/11/25 14:00	0.270	0.261	0.256	0.155	0.148	0.122	0.338	0.239	0.094	0.072	0.095
07/11/25 15:00	0.271	0.262	0.259	0.184	0.174	0.159	0.347	0.277	0.112	0.072	0.095
07/11/25 16:00	0.272	0.263	0.262	0.214	0.190	0.210	0.354	0.332	0.112	0.114	0.114
07/11/25 17:00	0.274	0.264	0.265	0.231	0.201	0.227	0.352	0.370	0.112	0.114	0.114
07/11/25 18:00	0.277	0.263	0.263	0.242	0.196	0.221	0.350	0.378	0.112	0.114	0.114
07/11/25 19:00	0.275	0.262	0.262	0.260	0.182	0.212	0.345	0.377	0.112	0.114	0.114
07/11/25 20:00	0.270	0.261	0.260	0.265	0.157	0.209	0.338	0.389	0.112	0.114	0.114
07/11/25 21:00	0.264	0.258	0.258	0.274	0.147	0.184	0.331	0.396	0.112	0.107	0.114
07/11/25 22:00	0.263	0.257	0.258	0.291	0.144	0.170	0.330	0.401	0.112	0.107	0.114
07/11/25 23:00	0.267	0.256	0.257	0.306	0.137	0.157	0.331	0.407	0.112	0.095	0.095
08/11/25 00:00	0.261	0.254	0.257	0.313	0.143	0.152	0.327	0.407	0.095	0.095	0.095
08/11/25 01:00	0.261	0.255	0.255	0.327	0.149	0.144	0.332	0.406	0.095	0.095	0.095
08/11/25 02:00	0.261	0.255	0.254	0.335	0.152	0.141	0.334	0.403	0.095	0.095	0.095
08/11/25 03:00	0.261	0.255	0.254	0.341	0.150	0.146	0.338	0.395	0.095	0.107	0.112
08/11/25 04:00	0.261	0.255	0.255	0.345	0.151	0.146	0.336	0.391	0.095	0.072	0.112
08/11/25 05:00	0.262	0.256	0.255	0.349	0.154	0.149	0.332	0.395	0.080	0.080	0.081
08/11/25 06:00	0.267	0.261	0.255	0.364	0.151	0.168	0.331	0.407	0.094	0.072	0.081
08/11/25 07:00	0.272	0.264	0.256	0.365	0.157	0.184	0.334	0.414	0.104	0.095	0.095
08/11/25 08:00	0.273	0.266	0.255	0.357	0.163	0.175	0.332	0.404	0.094	0.095	0.112
08/11/25 09:00	0.273	0.266	0.256	0.336	0.129	0.139	0.326	0.346	0.094	0.112	0.112
08/11/25 10:00	0.272	0.266	0.255	0.319	0.113	0.109	0.318	0.287	0.094	0.072	0.095
08/11/25 11:00	0.272	0.265	0.256	0.304	0.106	0.093	0.314	0.260	0.104	0.095	0.095
08/11/25 12:00	0.271	0.265	0.256	0.292	0.100	0.089	0.313	0.241	0.104	0.095	0.095
08/11/25 13:00	0.271	0.265	0.255	0.295	0.094	0.100	0.317	0.266	0.104	0.072	0.081
08/11/25 14:00	0.272	0.265	0.256	0.312	0.108	0.123	0.317	0.288	0.072	0.072	0.112
08/11/25 15:00	0.273	0.265	0.259	0.339	0.130	0.153	0.319	0.347	0.094	0.107	0.112
08/11/25 16:00	0.276	0.266	0.260	0.369	0.153	0.170	0.323	0.401	0.095	0.107	0.112
08/11/25 17:00	0.287	0.271	0.263	0.384	0.180	0.178	0.328	0.409	0.094	0.112	0.112
08/11/25 18:00	0.283	0.268	0.263	0.388	0.181	0.179	0.333	0.411	0.094	0.107	0.112
08/11/25 19:00	0.276	0.264	0.262	0.389	0.166	0.179	0.344	0.410	0.094	0.107	0.112
08/11/25 20:00	0.273	0.262	0.261	0.386	0.155	0.172	0.354	0.414	0.094	0.107	0.112
08/11/25 21:00	0.270	0.260	0.259	0.382	0.148	0.172	0.361	0.417	0.112	0.112	0.112
08/11/25 22:00	0.268	0.261	0.258	0.378	0.142	0.191	0.363	0.421	0.072	0.080	0.112
08/11/25 23:00	0.265	0.258	0.257	0.372	0.146	0.196	0.363	0.422	0.112	0.112	0.112
09/11/25 00:00	0.263	0.260	0.255	0.364	0.154	0.205	0.363	0.412	0.080	0.107	0.112
09/11/25 01:00	0.264	0.259	0.255	0.360	0.143	0.219	0.364	0.409	0.089	0.107	0.112
09/11/25 02:00	0.263	0.258	0.255	0.359	0.137	0.234	0.366	0.397	0.095	0.107	0.112
09/11/25 03:00	0.262	0.257	0.254	0.351	0.133	0.244	0.365	0.380	0.095	0.107	0.112
09/11/25 04:00	0.262	0.257	0.254	0.341	0.134	0.252	0.365	0.373	0.095	0.107	0.112
09/11/25 05:00	0.264	0.257	0.255	0.337	0.132	0.282	0.368	0.376	0.080	0.112	0.112
09/11/25 06:00	0.269	0.259	0.261	0.343	0.145	0.289	0.372	0.377	0.112	0.112	0.114
09/11/25 07:00	0.273	0.259	0.263	0.329	0.163	0.305	0.373	0.392	0.094	0.072	0.081
09/11/25 08:00	0.274	0.260	0.264	0.324	0.165	0.304	0.371	0.398	0.094	0.072	0.072
09/11/25 09:00	0.278	0.261	0.263	0.295	0.132	0.245	0.362	0.360	0.094	0.095	0.095
09/11/25 10:00	0.273	0.261	0.262	0.259	0.106	0.180	0.353	0.300	0.094	0.072	0.072
09/11/25 11:00	0.271	0.260	0.262	0.245	0.098	0.139	0.346	0.255	0.072	0.072	0.095
09/11/25 12:00	0.270	0.259	0.262	0.239	0.099	0.132	0.343	0.234	0.094	0.114	0.112
09/11/25 13:00	0.269	0.259	0.262	0.242	0.094	0.142	0.345	0.236	0.094	0.114	0.112
09/11/25 14:00	0.270	0.259	0.262	0.263	0.104	0.163	0.351	0.243	0.094	0.112	0.114
09/11/25 15:00	0.271	0.260	0.263	0.292	0.126	0.189	0.360	0.267	0.120	0.120	0.120
09/11/25 16:00	0.272	0.261	0.264	0.328	0.154	0.212	0.369	0.344	0.120	0.120	0.120
09/11/25 17:00	0.273	0.264	0.274	0.335	0.182	0.217	0.370	0.381	0.120	0.114	0.120
09/11/25 18:00	0.272	0.264	0.269	0.335	0.193	0.225	0.367	0.383	0.120	0.112	0.120
09/11/25 19:00	0.271	0.263	0.266	0.334	0.192	0.218	0.365	0.380	0.120	0.112	0.120
09/11/25 20:00	0.268	0.260	0.263	0.327	0.190	0.201	0.364	0.369	0.120	0.120	0.120
09/11/25 21:00	0.268	0.259	0.261	0.329	0.188	0.173	0.365	0.361	0.120	0.120	0.120
09/11/25 22:00	0.265	0.259	0.260	0.337	0.186	0.158	0.364	0.352	0.120	0.120	0.120
09/11/25 23:00	0.266	0.257	0.257	0.343	0.193	0.137	0.360	0.328	0.120	0.120	0.120
10/11/25 00:00	0.266	0.258	0.256	0.327	0.187	0.126	0.352	0.306	0.112	0.120	0.120
10/11/25 01:00	0.263	0.256	0.256	0.312	0.184	0.122	0.348	0.285	0.112	0.120	0.120
10/11/25 02:00	0.261	0.256	0.255	0.309	0.177	0.120	0.352	0.268	0.104	0.120	0.120
10/11/25 03:00	0.259	0.256	0.255	0.325	0.172	0.119	0.355	0.258	0.112	0.120	0.120
10/11/25 04:00	0.259	0.256	0.255	0.336	0.166	0.123	0.354	0.249	0.112	0.120	0.120
10/11/25 05:00	0.259	0.256	0.257	0.340	0.173	0.134	0.353	0.264	0.110	0.120	0.120
10/11/25 06:00	0.261	0.257	0.261	0.358	0.184	0.160	0.355	0.277	0.112	0.120	0.120
10/11/25 07:00	0.264	0.258	0.264	0.358	0.191	0.178	0.360	0.278	0.120	0.120	0.112
10/11/25 08:00	0.264	0.258	0.266	0.351	0.185	0.179	0.357	0.274	0.112	0.112	0.120
10/11/25 09:00	0.268	0.258	0.265	0.332	0.141	0.167	0.339	0.256	0.104	0.120	0.120
10/11/25 10:00	0.271	0.258	0.265	0.311	0.110	0.165	0.320	0.231	0.104	0.114	0.114
10/11/25 11:00	0.273	0.258	0.265	0.305	0.092	0.186	0.309	0.196	0.112	0.114	0.114
10/11/25 12:00	0.273	0.259	0.264	0.310	0.087	0.205	0.307	0.196	0.104	0.112	0.114
10/11/25 13:00	0.274	0.258	0.264	0.328	0.097	0.214	0.309	0.170	0.104	0.120	0.120
10/11/25 14:00	0.273	0.259	0.264	0.345	0.110	0.224	0.320	0.187	0.110	0.120	0.120
10/11/25 15:00	0.272	0.259	0.266	0.360	0.134	0.254	0.337	0.228	0.146	0.120	0.120
10/11/25 16:00	0.270	0.262	0.267	0.374	0.166	0.298	0.361	0.256	0.120	0.120	0.120
10/11/25 17:00	0.282	0.265	0.278	0.378	0.182	0.312	0.369	0.266	0.120	0.120	0.120
10/11/25 18:00	0.289	0.265	0.272	0.379	0.180	0.316	0.370	0.267	0.120	0.120	0.120
10/11/25 19:00	0.283	0.265	0.267	0.380	0.167	0.311	0.368	0.256	0.120	0.112	0.120
10/11/25 20:00	0.275	0.264	0.264	0.379	0.163	0.299	0.367	0.229	0.112	0.112	0.120
10/11/25 21:00	0.268	0.262	0.261	0.379	0.148	0.276	0.368	0.205	0.112	0.112	0.120
10/11/25 22:00	0.268	0.261	0.260	0.380	0.145	0.260	0.364	0.184	0.112	0.120	0.114
10/11/25 23:00	0.269	0.258	0.257	0.383	0.142	0.244	0.349	0.162	0.112	0.114	0.114
11/11/25 00:00	0.277	0.257	0.259	0.384	0.133	0.223	0.334	0.139	0.112	0.114	0.114
11/11/25 01:00	0.273	0.257	0.258	0.386	0.127	0.215	0.320	0.129	0.112	0.114	0.114
11/11/25 02:00	0.265	0.257	0.256	0.386	0.128	0.213	0.305	0.126	0.112	0.114	0.114
11/11/25 03:00	0.257	0.256	0.256	0.389	0.130	0.204	0.296	0.127	0.112	0.114	0.114
11/11/25 04:00	0.257	0.256	0.256	0.390	0.134	0.191	0.268	0.133	0.112	0.114	0.114
11/11/25 05:00	0.257	0.257	0.256	0.391	0.138	0.189	0.244	0.145	0.112	0.114	0.114
11/11/25 06:00	0.258	0.260	0.259	0.388	0.145	0.197	0.250	0.175	0.112	0.114	0.114
11/11/25 07:00	0.262	0.262	0.263	0.389	0.163	0.215	0.259	0.213	0.112	0.114	0.120
11/11/25 08:00	0.263	0.264	0.264	0.387	0.166	0.230	0.262	0.235	0.112	0.114	0.114
11/11/25 09:00	0.265	0.263	0.263	0.376	0.152	0.219	0.229	0.202	0.112	0.120	0.120
11/11/25 10:00	0.267	0.263	0.263	0.360	0.140	0.186	0.178	0.160	0.112	0.120	0.120
11/11/25 11:00	0.270	0.262	0.264	0.352	0.130	0.150	0.157	0.138	0.112	0.114	0.114
11/11/25 12:00	0.271	0.261	0.262	0.348	0.120	0.134	0.145	0.134	0.112	0.120	0.120
11/11/25 13:00	0.271	0.261	0.262	0.349	0.127	0.141	0.154	0.144	0.112	0.120	0.120
11/11/25 14:00	0.270	0.261	0.263	0.354	0.151	0.153	0.181	0.162	0.112	0.112	0.120
11/11/25 15:00	0.271	0.261	0.263	0.369	0.204	0.217	0.194	0.192	0.112	0.112	0.120
11/11/25 16:00	0.265	0.261	0.262	0.387	0.267	0.271	0.216	0.218	0.112	0.112	0.120
11/11/25 17:00	0.278	0.263	0.270	0.394	0.301	0.311	0.220	0.237	0.120	0.112	0.120
11/11/25 18:00	0.284	0.261	0.264	0.395	0.301	0.317	0.223	0.240	0.120	0.145	0.120
11/11/25 19:00	0.280	0.259	0.263	0.392	0.297	0.325	0.224	0.215	0.226	0.145	0.145
11/11/25 20:00	0.271	0.256	0.261	0.388	0.297	0.341	0.225	0.184	0.120	0.145	0.145
11/11/25 21:00	0.269	0.256	0.258	0.384	0.302	0.344	0.222	0.165	0.120	0.141	0.141
11/11/25 22:00	0.267	0.256	0.257	0.383	0.305	0.354	0.215	0.142	0.120	0.120	0.120
11/11/25 23:00	0.266	0.256	0.256	0.382	0.304	0.356	0.210	0.123	0.112	0.120	0.120
12/11/25 00:00	0.266	0.257	0.255	0.381	0.312	0.361	0.219	0.111	0.120	0.120	0.120
12/11/25 01:00	0.267	0.257	0.255	0.378	0.322	0.354	0.220	0.111	0.112	0.120	0.120
12/11/25 02:00	0.264	0.256	0.254	0.380	0.333	0.347	0.222	0.108	0.120	0.120	0.120
12/11/25 03:00	0.264	0.255	0.254	0.378	0.340	0.342	0.229	0.109	0.112	0.145	0.120
12/11/25 04:00	0.260	0.255	0.254	0.374	0.344	0.346	0.236	0.110	0.112	0.120	0.120
12/11/25 05:00	0.262	0.256	0.256	0.361	0.342	0.348	0.249	0.111	0.120	0.120	0.120
12/11/25 06:00	0.271	0.259	0.259	0.353	0.350	0.355	0.267	0.123	0.226	0.120	0.141
12/11/25 07:00	0.273	0.261	0.262	0.347	0.357	0.356	0.277	0.157	0.226	0.145	0.145
12/11/25 08:00	0.272	0.261	0.262	0.341	0.345	0.337	0.278	0.161	0.120	0.145	0.120
12/11/25 09:00	0.273	0.260	0.262	0.320	0.281	0.282	0.259	0.132	0.120	0.112	0.120
12/11/25 10:00	0.274	0.260	0.261	0.293	0.214	0.233	0.239	0.097	0.120	0.120	0.120
12/11/25 11:00	0.286	0.260	0.256	0.270	0.190	0.206	0.219	0.075	0.120	0.120	0.112
12/11/25 12:00	0.272	0.259	0.257	0.248	0.178	0.199	0.221	0.073	0.120	0.120	0.120
12/11/25 13:00	0.271	0.259	0.257	0.255	0.192	0.217	0.237	0.078	0.120	0.112	0.120
12/11/25 14:00	0.272	0.261	0.261	0.265	0.226	0.256	0.250	0.092	0.228	0.112	0.207
12/11/25 15:00	0.272	0.264	0.261	0.285	0.283	0.301	0.269	0.124	0.228	0.155	0.112
12/11/25 16:00	0.274	0.264	0.262	0.295	0.353	0.350	0.302	0.154	0.228	0.155	0.145
12/11/25 17:00	0.283	0.268	0.264	0.296	0.378	0.359	0.327	0.191	0.235	0.155	0.120
12/11/25 18:00	0.286	0.264	0.265	0.289	0.374	0.353	0.333	0.196	0.228	0.155	0.120
12/11/25 19:00	0.279	0.260	0.264	0.276	0.376	0.346	0.338	0.173	0.228	0.155	0.120
12/11/25 20:00	0.273	0.259	0.261	0.272	0.374	0.350	0.345	0.149	0.233	0.141	0.141
12/11/25 21:00	0.269	0.259	0.257	0.256	0.375	0.349	0.355	0.133	0.232	0.141	0.120
12/11/25 22:00	0.266	0.258	0.259	0.245	0.373	0.347	0.362	0.133	0.228	0.183	0.183
12/11/25 23:00	0.264	0.256	0.256	0.240	0.371	0.346	0.367	0.134	0.230	0.169	0.169
13/11/25 00:00	0.263	0.256	0.256	0.231	0.372	0.330	0.374	0.133	0.224	0.145	0.145
13/11/25 01:00	0.263	0.256	0.255	0.228	0.370	0.312	0.377	0.131	0.199	0.145	0.120
13/11/25 02:00	0.263	0.256	0.254	0.239	0.377	0.307	0.380	0.128	0.199	0.145	0.145
13/11/25 03:00	0.261	0.256	0.254	0.250	0.380	0.313	0.381	0.119	0.223	0.145	0.145
13/11/25 04:00	0.262	0.256	0.254	0.279	0.378	0.323	0.379	0.114	0.223	0.189	0.189
13/11/25 05:00	0.262	0.256	0.254	0.304	0.376	0.320	0.379	0.114	0.230	0.189	0.155
13/11/25 06:00	0.269	0.259	0.258	0.322	0.371	0.316	0.375	0.125	0.235	0.191	0.191
13/11/25 07:00	0.272	0.262	0.262	0.341	0.367	0.299	0.370	0.136	0.235	0.189	0.145
13/11/25 08:00	0.273	0.265	0.263	0.352	0.338	0.273	0.364	0.141	0.228	0.145	0.145
13/11/25 09:00	0.273	0.264	0.262	0.348	0.259	0.252	0.338	0.135	0.226	0.189	0.145
13/11/25 10:00	0.272	0.264	0.261	0.339	0.209	0.236	0.321	0.124	0.112	0.120	0.120
13/11/25 11:00	0.270	0.264	0.261	0.332	0.191	0.218	0.303	0.120	0.112	0.120	0.120
13/11/25 12:00	0.265	0.263	0.261	0.328	0.181	0.193	0.292	0.123	0.112	0.112	0.120
13/11/25 13:00	0.265	0.266	0.260	0.325	0.182	0.172	0.288	0.149	0.112	0.112	0.120
13/11/25 14:00	0.272	0.266	0.261	0.340	0.207	0.141	0.291	0.183	0.120	0.112	0.112
13/11/25 15:00	0.272	0.268	0.261	0.362	0.256	0.126	0.310	0.224	0.226	0.112	0.189
13/11/25 16:00	0.274	0.270	0.262	0.380	0.329	0.134	0.332	0.272	0.120	0.120	0.112
13/11/25 17:00	0.285	0.278	0.263	0.387	0.360	0.148	0.345	0.324	0.226	0.120	0.120
13/11/25 18:00	0.288	0.266	0.264	0.387	0.359	0.154	0.349	0.364	0.112	0.112	0.207
13/11/25 19:00	0.277	0.265	0.262	0.389	0.348	0.147	0.346	0.386	0.226	0.112	0.207
13/11/25 20:00	0.268	0.262	0.260	0.390	0.339	0.137	0.342	0.396	0.228	0.112	0.155
13/11/25 21:00	0.271	0.260	0.258	0.390	0.325	0.126	0.341	0.399	0.226	0.141	0.141
13/11/25 22:00	0.265	0.259	0.259	0.391	0.321	0.114	0.343	0.401	0.120	0.112	0.120
13/11/25 23:00	0.265	0.258	0.261	0.396	0.303	0.109	0.337	0.396	0.197	0.145	0.145
14/11/25 00:00	0.268	0.257	0.257	0.396	0.284	0.118	0.334	0.385	0.221	0.145	0.145
14/11/25 01:00	0.266	0.258	0.257	0.395	0.277	0.113	0.341	0.356	0.226	0.145	0.145
14/11/25 02:00	0.264	0.257	0.255	0.395	0.278	0.113	0.336	0.324	0.226	0.145	0.145
14/11/25 03:00	0.263	0.256	0.255	0.391	0.287	0.112	0.324	0.311	0.221	0.145	0.145
14/11/25 04:00	0.262	0.257	0.255	0.384	0.296	0.110	0.322	0.305	0.170	0.145	0.145
14/11/25 05:00	0.263	0.258	0.255	0.384	0.303	0.112	0.308	0.297	0.221	0.142	0.142
14/11/25 06:00	0.268	0.261	0.255	0.380	0.325	0.116	0.309	0.288	0.228	0.145	0.145
14/11/25 07:00	0.273	0.264	0.258	0.375	0.339	0.120	0.305	0.274	0.228	0.145	0.145
14/11/25 08:00	0.274	0.265	0.260	0.372	0.335	0.121	0.309	0.273	0.230	0.145	0.145
14/11/25 09:00	0.273	0.263	0.260	0.357	0.287	0.111	0.301	0.261	0.197	0.145	0.145
14/11/25 10:00	0.272	0.262	0.259	0.335	0.243	0.092	0.284	0.244	0.197	0.145	0.141
14/11/25 11:00	0.271	0.263	0.260	0.315	0.220	0.084	0.278	0.238	0.223	0.145	0.145
14/11/25 12:00	0.269	0.263	0.260	0.307	0.217	0.085	0.280	0.235	0.226	0.142	0.142
14/11/25 13:00	0.270	0.264	0.258	0.306	0.235	0.108	0.282	0.230	0.226	0.145	0.145
14/11/25 14:00	0.271	0.265	0.257	0.315	0.256	0.149	0.297	0.234	0.223	0.145	0.145
14/11/25 15:00	0.273	0.265	0.258	0.341	0.287	0.207	0.309	0.241	0.228	0.191	0.191
14/11/25 16:00	0.275	0.266	0.259	0.363	0.326	0.254	0.326	0.249	0.235	0.191	0.191
14/11/25 17:00	0.280	0.269	0.261	0.374	0.341	0.274	0.336	0.251	0.233	0.189	0.189
14/11/25 18:00	0.278	0.263	0.261	0.371	0.342	0.268	0.343	0.242	0.228	0.191	0.191
14/11/25 19:00	0.275	0.261	0.259	0.366	0.342	0.256	0.352	0.227	0.232	0.112	0.191
14/11/25 20:00	0.273	0.260	0.255	0.371	0.344	0.237	0.355	0.198	0.228	0.191	0.191
14/11/25 21:00	0.270	0.260	0.255	0.375	0.341	0.207	0.359	0.171	0.228	0.145	0.145
14/11/25 22:00	0.266	0.258	0.253	0.383	0.338	0.188	0.364	0.144	0.230	0.145	0.145
14/11/25 23:00	0.264	0.256	0.250	0.390	0.345	0.179	0.370	0.126	0.228	0.155	0.155
15/11/25 00:00	0.264	0.255	0.241	0.387	0.338	0.177	0.371	0.113	0.226	0.145	0.145
15/11/25 01:00	0.264	0.255	0.241	0.387	0.329	0.175	0.375	0.104	0.226	0.191	0.191
15/11/25 02:00	0.264	0.254	0.240	0.388	0.290	0.168	0.377	0.108	0.230	0.189	0.189
15/11/25 03:00	0.264	0.255	0.240	0.388	0.279	0.168	0.379	0.118	0.230	0.189	0.189
15/11/25 04:00	0.264	0.255	0.240	0.389	0.290	0.180	0.379	0.116	0.230	0.189	0.189
15/11/25 05:00	0.265	0.255	0.240	0.389	0.280	0.199	0.379	0.127	0.230	0.189	0.189
15/11/25 06:00	0.271	0.257	0.240	0.389	0.288	0.235	0.378	0.134	0.235	0.191	0.191
15/11/25 07:00	0.275	0.259	0.242	0.390	0.285	0.261	0.377	0.140	0.235	0.219	0.219
15/11/25 08:00	0.275	0.259	0.245	0.388	0.274	0.259	0.374	0.158	0.235	0.197	0.212
15/11/25 09:00	0.275	0.259	0.252	0.384	0.243	0.238	0.355	0.187	0.230	0.189	0.189
15/11/25 10:00	0.273	0.259	0.254	0.378	0.199	0.202	0.333	0.202	0.228	0.191	0.191
15/11/25 11:00	0.272	0.259	0.257	0.372	0.171	0.177	0.318	0.204	0.228	0.183	0.145
15/11/25 12:00	0.272	0.259	0.266	0.371	0.152	0.164	0.315	0.209	0.228	0.191	0.191
15/11/25 13:00	0.272	0.259	0.266	0.370	0.161	0.156	0.313	0.222	0.230	0.155	0.145
15/11/25 14:00	0.272	0.260	0.259	0.373	0.195	0.161	0.328	0.245	0.235	0.234	0.219
15/11/25 15:00	0.275	0.261	0.257	0.378	0.224	0.182	0.338	0.269	0.287	0.268	0.234
15/11/25 16:00	0.275	0.263	0.258	0.384	0.240	0.211	0.350	0.300	0.298	0.315	0.302
15/11/25 17:00	0.278	0.269	0.266	0.387	0.240	0.220	0.348	0.316	0.396	0.315	0.302
15/11/25 18:00	0.283	0.262	0.266	0.385	0.240	0.218	0.336	0.313	0.396	0.315	0.268
15/11/25 19:00	0.273	0.261	0.270	0.383	0.240	0.216	0.325	0.302	0.396	0.295	0.268
15/11/25 20:00	0.269	0.260	0.263	0.381	0.241	0.210	0.308	0.300	0.247	0.315	0.268
15/11/25 21:00	0.268	0.259	0.255	0.384	0.244	0.198	0.283	0.308	0.396	0.264	0.234
15/11/25 22:00	0.266	0.259	0.256	0.388	0.245	0.186	0.260	0.313	0.261	0.268	0.268
15/11/25 23:00	0.267	0.258	0.253	0.393	0.272	0.165	0.237	0.319	0.261	0.241	0.240
16/11/25 00:00	0.270	0.257	0.242	0.396	0.279	0.162	0.223	0.329	0.261	0.315	0.240
16/11/25 01:00	0.264	0.257	0.240	0.399	0.279	0.188	0.214	0.334	0.260	0.241	0.241
16/11/25 02:00	0.263	0.257	0.240	0.399	0.271	0.229	0.216	0.314	0.261	0.241	0.241
16/11/25 03:00	0.263	0.257	0.237	0.400	0.255	0.302	0.200	0.287	0.260	0.241	0.241
16/11/25 04:00	0.265	0.257	0.239	0.401	0.245	0.360	0.192	0.272	0.239	0.264	0.264
16/11/25 05:00	0.264	0.258	0.240	0.400	0.276	0.378	0.191	0.267	0.500	0.315	0.315
16/11/25 06:00	0.270	0.258	0.252	0.396	0.293	0.385	0.193	0.275	0.500	0.315	0.315
16/11/25 07:00	0.272	0.258	0.259	0.395	0.312	0.387	0.200	0.280	0.396	0.315	0.315
16/11/25 08:00	0.278	0.260	0.260	0.394	0.311	0.377	0.208	0.287	0.396	0.315	0.315
16/11/25 09:00	0.279	0.260	0.260	0.392	0.274	0.335	0.203	0.291	0.296	0.264	0.264
16/11/25 10:00	0.276	0.259	0.258	0.388	0.223	0.315	0.193	0.284	0.241	0.241	0.240
16/11/25 11:00	0.274	0.260	0.257	0.384	0.189	0.309	0.186	0.279	0.239	0.240	0.240
16/11/25 12:00	0.272	0.258	0.258	0.382	0.186	0.305	0.172	0.281	0.241	0.241	0.241
16/11/25 13:00	0.271	0.258	0.258	0.382	0.192	0.316	0.167	0.271	0.239	0.264	0.264
16/11/25 14:00	0.272	0.259	0.259	0.383	0.213	0.322	0.175	0.269	0.315	0.315	0.315
16/11/25 15:00	0.272	0.259	0.260	0.385	0.257	0.340	0.187	0.269	0.500	0.315	0.315
16/11/25 16:00	0.273	0.260	0.261	0.388	0.301	0.366	0.200	0.315	0.500	0.315	0.315
16/11/25 17:00	0.286	0.261	0.263	0.388	0.305	0.378	0.209	0.343	0.500	0.315	0.315
16/11/25 18:00	0.287	0.260	0.265	0.388	0.286	0.384	0.205	0.354	0.500	0.315	0.315
16/11/25 19:00	0.278	0.258	0.263	0.387	0.272	0.387	0.202	0.353	0.500	0.500	0.315
16/11/25 20:00	0.268	0.257	0.263	0.384	0.247	0.391	0.210	0.357	0.500	0.500	0.315
16/11/25 21:00	0.268	0.256	0.257	0.377	0.216	0.395	0.220	0.346	0.396	0.315	0.268
16/11/25 22:00	0.269	0.256	0.256	0.366	0.182	0.398	0.239	0.331	0.303	0.315	0.302
16/11/25 23:00	0.269	0.256	0.256	0.351	0.167	0.404	0.235	0.280	0.266	0.315	0.234
17/11/25 00:00	0.267	0.255	0.255	0.341	0.157	0.405	0.215	0.237	0.239	0.315	0.315
17/11/25 01:00	0.268	0.255	0.255	0.332	0.145	0.405	0.181	0.213	0.235	0.315	0.234
17/11/25 02:00	0.266	0.256	0.253	0.315	0.143	0.401	0.153	0.198	0.240	0.295	0.234
17/11/25 03:00	0.261	0.255	0.252	0.307	0.143	0.395	0.142	0.175	0.235	0.266	0.234
17/11/25 04:00	0.262	0.255	0.252	0.308	0.144	0.391	0.139	0.160	0.235	0.264	0.264
17/11/25 05:00	0.262	0.256	0.254	0.314	0.145	0.393	0.139	0.167	0.237	0.264	0.264
17/11/25 06:00	0.262	0.255	0.257	0.320	0.162	0.389	0.139	0.198	0.239	0.268	0.268
17/11/25 07:00	0.265	0.256	0.260	0.327	0.188	0.384	0.138	0.216	0.241	0.315	0.315
17/11/25 08:00	0.268	0.257	0.261	0.325	0.204	0.379	0.148	0.219	0.240	0.243	0.240
17/11/25 09:00	0.275	0.258	0.261	0.313	0.205	0.348	0.136	0.217	0.235	0.241	0.234
17/11/25 10:00	0.275	0.259	0.259	0.306	0.200	0.307	0.104	0.184	0.235	0.240	0.240
17/11/25 11:00	0.268	0.259	0.259	0.299	0.193	0.280	0.090	0.133	0.233	0.234	0.234
17/11/25 12:00	0.266	0.259	0.259	0.276	0.194	0.272	0.082	0.104	0.233	0.234	0.234
17/11/25 13:00	0.263	0.258	0.259	0.263	0.193	0.254	0.082	0.113	0.235	0.234	0.234
17/11/25 14:00	0.265	0.258	0.260	0.274	0.197	0.267	0.093	0.149	0.230	0.315	0.240
17/11/25 15:00	0.268	0.259	0.260	0.303	0.205	0.307	0.132	0.201	0.239	0.315	0.264
17/11/25 16:00	0.270	0.259	0.261	0.335	0.220	0.366	0.183	0.282	0.241	0.315	0.268
17/11/25 17:00	0.277	0.261	0.262	0.348	0.233	0.386	0.220	0.314	0.245	0.315	0.268
17/11/25 18:00	0.281	0.260	0.264	0.346	0.238	0.387	0.226	0.335	0.240	0.315	0.268
17/11/25 19:00	0.268	0.260	0.262	0.346	0.233	0.386	0.239	0.349	0.240	0.315	0.268
17/11/25 20:00	0.266	0.259	0.260	0.345	0.232	0.383	0.232	0.351	0.240	0.264	0.234
17/11/25 21:00	0.265	0.258	0.258	0.342	0.231	0.384	0.232	0.358	0.235	0.240	0.234
17/11/25 22:00	0.266	0.256	0.259	0.343	0.236	0.384	0.262	0.346	0.235	0.234	0.234
17/11/25 23:00	0.263	0.255	0.255	0.341	0.241	0.379	0.266	0.308	0.230	0.234	0.234
18/11/25 00:00	0.270	0.251	0.256	0.332	0.243	0.360	0.238	0.304	0.228	0.219	0.234
18/11/25 01:00	0.265	0.253	0.255	0.328	0.246	0.345	0.216	0.271	0.226	0.219	0.234
18/11/25 02:00	0.264	0.252	0.254	0.329	0.261	0.315	0.198	0.243	0.226	0.197	0.219
18/11/25 03:00	0.261	0.253	0.254	0.325	0.275	0.286	0.192	0.235	0.126	0.169	0.191
18/11/25 04:00	0.261	0.254	0.253	0.320	0.282	0.262	0.204	0.242	0.120	0.189	0.219
18/11/25 05:00	0.261	0.256	0.255	0.323	0.284	0.247	0.224	0.240	0.120	0.189	0.219
18/11/25 06:00	0.262	0.259	0.258	0.323	0.293	0.238	0.248	0.265	0.120	0.189	0.155
18/11/25 07:00	0.264	0.260	0.262	0.325	0.305	0.248	0.275	0.295	0.148	0.145	0.145
18/11/25 08:00	0.264	0.262	0.263	0.325	0.313	0.234	0.295	0.295	0.148	0.145	0.145
18/11/25 09:00	0.271	0.262	0.262	0.304	0.295	0.212	0.257	0.282	0.120	0.120	0.141
18/11/25 10:00	0.275	0.263	0.261	0.263	0.262	0.188	0.218	0.251	0.120	0.145	0.145
18/11/25 11:00	0.272	0.263	0.260	0.223	0.251	0.170	0.186	0.231	0.094	0.120	0.145
18/11/25 12:00	0.271	0.263	0.257	0.211	0.248	0.167	0.198	0.225	0.104	0.189	0.189
18/11/25 13:00	0.272	0.264	0.259	0.221	0.267	0.154	0.196	0.217	0.120	0.145	0.145
18/11/25 14:00	0.267	0.263	0.260	0.250	0.279	0.160	0.233	0.242	0.170	0.145	0.145
18/11/25 15:00	0.267	0.265	0.260	0.275	0.301	0.165	0.269	0.271	0.226	0.207	0.219
18/11/25 16:00	0.268	0.266	0.261	0.300	0.323	0.165	0.311	0.290	0.226	0.207	0.219
18/11/25 17:00	0.282	0.266	0.262	0.307	0.318	0.172	0.339	0.312	0.228	0.234	0.234
18/11/25 18:00	0.293	0.260	0.261	0.312	0.305	0.170	0.356	0.300	0.228	0.212	0.219
18/11/25 19:00	0.276	0.259	0.260	0.315	0.290	0.164	0.363	0.300	0.228	0.207	0.219
18/11/25 20:00	0.267	0.258	0.256	0.312	0.273	0.155	0.364	0.297	0.228	0.234	0.234
18/11/25 21:00	0.267	0.256	0.256	0.306	0.258	0.138	0.373	0.295	0.228	0.234	0.234
18/11/25 22:00	0.268	0.256	0.258	0.308	0.255	0.127	0.369	0.292	0.234	0.219	0.234
18/11/25 23:00	0.267	0.255	0.255	0.305	0.255	0.121	0.360	0.292	0.235	0.212	0.219
19/11/25 00:00	0.260	0.255	0.250	0.296	0.248	0.113	0.334	0.263	0.235	0.219	0.219
19/11/25 01:00	0.260	0.255	0.249	0.285	0.244	0.113	0.298	0.231	0.235	0.234	0.234
19/11/25 02:00	0.259	0.255	0.246	0.281	0.251	0.111	0.293	0.221	0.230	0.234	0.234
19/11/25 03:00	0.259	0.255	0.242	0.274	0.249	0.109	0.270	0.216	0.230	0.234	0.234
19/11/25 04:00	0.260	0.255	0.240	0.278	0.254	0.106	0.232	0.225	0.235	0.234	0.234
19/11/25 05:00	0.262	0.256	0.246	0.291	0.260	0.104	0.220	0.254	0.235	0.234	0.234
19/11/25 06:00	0.266	0.258	0.255	0.308	0.259	0.104	0.223	0.299	0.235	0.234	0.234
19/11/25 07:00	0.268	0.260	0.259	0.327	0.258	0.108	0.233	0.317	0.275	0.234	0.234
19/11/25 08:00	0.276	0.261	0.260	0.336	0.257	0.110	0.248	0.320	0.261	0.234	0.234
19/11/25 09:00	0.277	0.260	0.261	0.327	0.248	0.100	0.258	0.329	0.258	0.234	0.234
19/11/25 10:00	0.275	0.260	0.260	0.302	0.229	0.087	0.275	0.319	0.235	0.219	0.234
19/11/25 11:00	0.266	0.260	0.258	0.279	0.216	0.083	0.284	0.313	0.235	0.219	0.234
19/11/25 12:00	0.265	0.260	0.258	0.273	0.213	0.079	0.305	0.295	0.228	0.219	0.219
19/11/25 13:00	0.265	0.263	0.257	0.277	0.220	0.079	0.315	0.276	0.228	0.234	0.234
19/11/25 14:00	0.265	0.266	0.257	0.290	0.246	0.094	0.300	0.276	0.235	0.234	0.234
19/11/25 15:00	0.269	0.269	0.257	0.314	0.290	0.111	0.286	0.271	0.326	0.234	0.234
19/11/25 16:00	0.275	0.273	0.257	0.347	0.345	0.143	0.295	0.274	0.396	0.264	0.234
19/11/25 17:00	0.280	0.278	0.265	0.364	0.370	0.161	0.292	0.275	0.396	0.234	0.234
19/11/25 18:00	0.266	0.276	0.265	0.371	0.382	0.165	0.304	0.268	0.333	0.234	0.234
19/11/25 19:00	0.265	0.274	0.264	0.374	0.385	0.167	0.307	0.262	0.307	0.234	0.234
19/11/25 20:00	0.264	0.268	0.265	0.375	0.389	0.157	0.295	0.259	0.307	0.234	0.234
19/11/25 21:00	0.264	0.262	0.262	0.374	0.393	0.147	0.289	0.282	0.396	0.315	0.264
19/11/25 22:00	0.264	0.259	0.262	0.370	0.400	0.140	0.267	0.297	0.396	0.240	0.234
19/11/25 23:00	0.261	0.258	0.261	0.370	0.408	0.133	0.244	0.307	0.245	0.264	0.234
20/11/25 00:00	0.261	0.257	0.259	0.379	0.411	0.129	0.229	0.325	0.235	0.234	0.234
20/11/25 01:00	0.260	0.256	0.257	0.378	0.412	0.128	0.217	0.299	0.235	0.234	0.234
20/11/25 02:00	0.259	0.256	0.255	0.376	0.413	0.132	0.198	0.304	0.235	0.219	0.234
20/11/25 03:00	0.259	0.256	0.255	0.375	0.412	0.137	0.177	0.316	0.235	0.219	0.234
20/11/25 04:00	0.258	0.257	0.255	0.374	0.406	0.142	0.174	0.347	0.235	0.219	0.234
20/11/25 05:00	0.261	0.258	0.255	0.379	0.396	0.166	0.204	0.368	0.228	0.212	0.219
20/11/25 06:00	0.264	0.264	0.259	0.368	0.391	0.205	0.237	0.358	0.235	0.212	0.219
20/11/25 07:00	0.271	0.268	0.263	0.359	0.379	0.236	0.266	0.357	0.235	0.234	0.234
20/11/25 08:00	0.265	0.271	0.265	0.358	0.358	0.252	0.263	0.358	0.232	0.234	0.234
20/11/25 09:00	0.266	0.270	0.264	0.349	0.312	0.236	0.248	0.310	0.228	0.207	0.219
20/11/25 10:00	0.265	0.268	0.263	0.330	0.276	0.213	0.239	0.301	0.170	0.145	0.145
20/11/25 11:00	0.264	0.268	0.262	0.323	0.253	0.189	0.234	0.279	0.219	0.145	0.145
20/11/25 12:00	0.264	0.267	0.262	0.320	0.247	0.183	0.213	0.288	0.226	0.120	0.145
20/11/25 13:00	0.264	0.267	0.262	0.322	0.245	0.199	0.208	0.290	0.219	0.120	0.145
20/11/25 14:00	0.269	0.268	0.262	0.326	0.254	0.240	0.194	0.304	0.226	0.189	0.189
20/11/25 15:00	0.273	0.269	0.262	0.334	0.276	0.280	0.197	0.340	0.228	0.189	0.189
20/11/25 16:00	0.271	0.270	0.263	0.333	0.290	0.332	0.228	0.354	0.226	0.155	0.189
20/11/25 17:00	0.279	0.274	0.268	0.331	0.295	0.361	0.258	0.358	0.226	0.155	0.155
20/11/25 18:00	0.268	0.269	0.266	0.332	0.304	0.364	0.276	0.369	0.226	0.155	0.155
20/11/25 19:00	0.265	0.264	0.261	0.334	0.306	0.358	0.279	0.368	0.226	0.120	0.120
20/11/25 20:00	0.265	0.263	0.256	0.329	0.312	0.350	0.283	0.370	0.202	0.120	0.120
20/11/25 21:00	0.268	0.259	0.257	0.333	0.315	0.344	0.279	0.361	0.112	0.120	0.120
20/11/25 22:00	0.263	0.256	0.255	0.337	0.323	0.340	0.266	0.371	0.120	0.120	0.120
20/11/25 23:00	0.262	0.257	0.254	0.339	0.327	0.346	0.243	0.382	0.120	0.120	0.120
21/11/25 00:00	0.261	0.256	0.256	0.340	0.337	0.351	0.210	0.367	0.120	0.120	0.120
21/11/25 01:00	0.261	0.256	0.255	0.342	0.364	0.351	0.214	0.371	0.120	0.120	0.120
21/11/25 02:00	0.261	0.257	0.254	0.329	0.380	0.335	0.200	0.373	0.120	0.114	0.120
21/11/25 03:00	0.260	0.256	0.254	0.333	0.387	0.335	0.195	0.371	0.120	0.114	0.120
21/11/25 04:00	0.261	0.257	0.253	0.316	0.387	0.325	0.201	0.360	0.120	0.114	0.120
21/11/25 05:00	0.262	0.258	0.252	0.314	0.386	0.326	0.208	0.363	0.112	0.120	0.120
21/11/25 06:00	0.265	0.260	0.251	0.330	0.388	0.330	0.225	0.373	0.120	0.120	0.120
21/11/25 07:00	0.271	0.266	0.254	0.324	0.387	0.314	0.259	0.375	0.120	0.120	0.120
21/11/25 08:00	0.273	0.264	0.256	0.310	0.381	0.303	0.263	0.369	0.120	0.120	0.120
21/11/25 09:00	0.275	0.266	0.256	0.297	0.356	0.277	0.248	0.290	0.112	0.120	0.120
21/11/25 10:00	0.276	0.267	0.257	0.272	0.320	0.261	0.232	0.250	0.120	0.120	0.120
21/11/25 11:00	0.274	0.267	0.255	0.248	0.298	0.246	0.223	0.253	0.112	0.120	0.120
21/11/25 12:00	0.274	0.265	0.255	0.226	0.275	0.241	0.226	0.251	0.120	0.120	0.120
21/11/25 13:00	0.275	0.267	0.256	0.223	0.281	0.241	0.237	0.252	0.120	0.120	0.120
21/11/25 14:00	0.276	0.266	0.255	0.232	0.300	0.244	0.254	0.269	0.112	0.120	0.120
21/11/25 15:00	0.276	0.267	0.256	0.265	0.311	0.251	0.286	0.297	0.120	0.120	0.120
21/11/25 16:00	0.277	0.268	0.260	0.301	0.315	0.281	0.307	0.374	0.112	0.120	0.120
21/11/25 17:00	0.295	0.270	0.269	0.319	0.316	0.293	0.312	0.386	0.120	0.120	0.120
21/11/25 18:00	0.295	0.265	0.275	0.325	0.313	0.290	0.310	0.387	0.120	0.120	0.120
21/11/25 19:00	0.278	0.263	0.261	0.324	0.298	0.298	0.315	0.378	0.112	0.120	0.120
21/11/25 20:00	0.268	0.260	0.254	0.318	0.279	0.321	0.309	0.378	0.120	0.120	0.120
21/11/25 21:00	0.266	0.259	0.254	0.310	0.260	0.334	0.305	0.377	0.120	0.112	0.120
21/11/25 22:00	0.264	0.258	0.255	0.308	0.248	0.355	0.296	0.387	0.120	0.120	0.120
21/11/25 23:00	0.263	0.257	0.255	0.306	0.243	0.360	0.275	0.368	0.104	0.120	0.112
22/11/25 00:00	0.263	0.256	0.256	0.315	0.226	0.370	0.243	0.342	0.110	0.120	0.120
22/11/25 01:00	0.263	0.256	0.255	0.317	0.202	0.384	0.237	0.313	0.112	0.120	0.120
22/11/25 02:00	0.262	0.256	0.255	0.321	0.191	0.391	0.221	0.269	0.120	0.120	0.112
22/11/25 03:00	0.263	0.256	0.253	0.327	0.193	0.390	0.215	0.237	0.120	0.120	0.112
22/11/25 04:00	0.263	0.256	0.253	0.339	0.200	0.389	0.203	0.220	0.120	0.120	0.120
22/11/25 05:00	0.264	0.257	0.254	0.351	0.223	0.384	0.196	0.216	0.120	0.112	0.120
22/11/25 06:00	0.267	0.256	0.256	0.363	0.252	0.381	0.210	0.216	0.120	0.120	0.145
22/11/25 07:00	0.278	0.264	0.257	0.369	0.270	0.371	0.229	0.214	0.112	0.112	0.120
22/11/25 08:00	0.279	0.264	0.256	0.367	0.269	0.358	0.223	0.214	0.120	0.112	0.120
22/11/25 09:00	0.281	0.263	0.260	0.348	0.247	0.318	0.206	0.174	0.191	0.120	0.141
22/11/25 10:00	0.284	0.263	0.260	0.322	0.233	0.279	0.187	0.150	0.170	0.120	0.120
22/11/25 11:00	0.284	0.262	0.257	0.311	0.219	0.245	0.176	0.122	0.120	0.114	0.114
22/11/25 12:00	0.283	0.261	0.258	0.304	0.219	0.208	0.173	0.105	0.110	0.114	0.114
22/11/25 13:00	0.285	0.262	0.262	0.309	0.240	0.205	0.170	0.103	0.110	0.114	0.114
22/11/25 14:00	0.285	0.263	0.256	0.326	0.258	0.235	0.173	0.114	0.112	0.112	0.120
22/11/25 15:00	0.285	0.263	0.258	0.346	0.275	0.252	0.184	0.143	0.120	0.112	0.120
22/11/25 16:00	0.289	0.263	0.262	0.377	0.294	0.254	0.201	0.199	0.120	0.114	0.114
22/11/25 17:00	0.324	0.264	0.268	0.386	0.300	0.245	0.225	0.210	0.120	0.114	0.114
22/11/25 18:00	0.324	0.260	0.270	0.385	0.305	0.239	0.258	0.207	0.120	0.114	0.112
22/11/25 19:00	0.304	0.258	0.263	0.384	0.309	0.229	0.289	0.196	0.120	0.114	0.114
22/11/25 20:00	0.283	0.259	0.261	0.386	0.300	0.226	0.302	0.184	0.104	0.114	0.112
22/11/25 21:00	0.273	0.258	0.259	0.384	0.296	0.214	0.282	0.170	0.112	0.114	0.114
22/11/25 22:00	0.266	0.258	0.259	0.385	0.292	0.203	0.278	0.153	0.112	0.114	0.114
22/11/25 23:00	0.264	0.257	0.257	0.390	0.299	0.186	0.279	0.141	0.095	0.114	0.114
23/11/25 00:00	0.264	0.256	0.254	0.391	0.296	0.169	0.267	0.128	0.104	0.114	0.114
23/11/25 01:00	0.264	0.257	0.254	0.394	0.302	0.148	0.254	0.122	0.094	0.114	0.112
23/11/25 02:00	0.264	0.257	0.255	0.384	0.290	0.138	0.242	0.120	0.110	0.114	0.112
23/11/25 03:00	0.264	0.255	0.255	0.383	0.284	0.138	0.232	0.127	0.094	0.114	0.114
23/11/25 04:00	0.264	0.254	0.255	0.382	0.285	0.134	0.214	0.126	0.094	0.095	0.112
23/11/25 05:00	0.267	0.253	0.255	0.385	0.276	0.127	0.192	0.131	0.112	0.114	0.114
23/11/25 06:00	0.272	0.255	0.262	0.382	0.286	0.147	0.189	0.133	0.112	0.114	0.114
23/11/25 07:00	0.284	0.257	0.266	0.384	0.291	0.175	0.194	0.134	0.104	0.114	0.114
23/11/25 08:00	0.290	0.258	0.269	0.385	0.278	0.182	0.186	0.136	0.104	0.114	0.114
23/11/25 09:00	0.287	0.261	0.268	0.375	0.251	0.173	0.159	0.129	0.072	0.072	0.081
23/11/25 10:00	0.286	0.265	0.265	0.357	0.207	0.139	0.136	0.118	0.072	0.072	0.081
23/11/25 11:00	0.287	0.265	0.262	0.332	0.180	0.112	0.126	0.104	0.072	0.072	0.072
23/11/25 12:00	0.287	0.267	0.261	0.325	0.169	0.116	0.111	0.102	0.072	0.072	0.072
23/11/25 13:00	0.285	0.264	0.261	0.331	0.166	0.125	0.107	0.109	0.072	0.072	0.072
23/11/25 14:00	0.284	0.263	0.263	0.353	0.203	0.138	0.118	0.120	0.094	0.072	0.072
23/11/25 15:00	0.285	0.263	0.263	0.369	0.229	0.154	0.120	0.137	0.112	0.114	0.114
23/11/25 16:00	0.286	0.264	0.264	0.390	0.243	0.169	0.122	0.152	0.112	0.114	0.112
23/11/25 17:00	0.292	0.269	0.267	0.393	0.246	0.173	0.119	0.176	0.112	0.114	0.112
23/11/25 18:00	0.292	0.265	0.269	0.393	0.243	0.173	0.110	0.183	0.120	0.107	0.112
23/11/25 19:00	0.281	0.259	0.266	0.394	0.243	0.172	0.103	0.172	0.110	0.114	0.112
23/11/25 20:00	0.276	0.258	0.261	0.401	0.240	0.166	0.093	0.157	0.104	0.114	0.114
23/11/25 21:00	0.269	0.259	0.256	0.406	0.240	0.146	0.085	0.144	0.112	0.114	0.114
23/11/25 22:00	0.264	0.257	0.255	0.409	0.242	0.131	0.081	0.142	0.094	0.114	0.114
23/11/25 23:00	0.265	0.257	0.253	0.407	0.238	0.125	0.078	0.142	0.094	0.114	0.114
24/11/25 00:00	0.270	0.257	0.255	0.411	0.220	0.112	0.076	0.136	0.094	0.112	0.114
24/11/25 01:00	0.267	0.258	0.255	0.413	0.197	0.113	0.076	0.141	0.094	0.112	0.114
24/11/25 02:00	0.266	0.257	0.255	0.412	0.184	0.117	0.078	0.150	0.072	0.112	0.114
24/11/25 03:00	0.266	0.256	0.254	0.411	0.186	0.120	0.079	0.154	0.072	0.112	0.114
24/11/25 04:00	0.265	0.259	0.254	0.409	0.216	0.122	0.079	0.179	0.072	0.112	0.114
24/11/25 05:00	0.265	0.258	0.255	0.407	0.240	0.135	0.082	0.216	0.094	0.112	0.112
24/11/25 06:00	0.265	0.257	0.256	0.403	0.267	0.148	0.084	0.265	0.094	0.114	0.114
24/11/25 07:00	0.267	0.263	0.263	0.393	0.296	0.164	0.085	0.282	0.112	0.114	0.114
24/11/25 08:00	0.270	0.261	0.265	0.384	0.321	0.176	0.083	0.285	0.095	0.114	0.114
24/11/25 09:00	0.274	0.264	0.264	0.375	0.307	0.171	0.079	0.279	0.112	0.114	0.114
24/11/25 10:00	0.275	0.258	0.259	0.365	0.261	0.147	0.072	0.262	0.112	0.114	0.114
24/11/25 11:00	0.275	0.259	0.260	0.351	0.229	0.119	0.062	0.243	0.112	0.114	0.114
24/11/25 12:00	0.275	0.259	0.258	0.340	0.214	0.104	0.057	0.247	0.112	0.112	0.114
24/11/25 13:00	0.272	0.259	0.259	0.340	0.216	0.108	0.057	0.262	0.112	0.114	0.114
24/11/25 14:00	0.271	0.259	0.261	0.350	0.234	0.122	0.066	0.299	0.112	0.145	0.141
24/11/25 15:00	0.271	0.260	0.262	0.363	0.268	0.153	0.073	0.350	0.198	0.191	0.145
24/11/25 16:00	0.272	0.261	0.263	0.378	0.302	0.182	0.082	0.392	0.226	0.207	0.207
24/11/25 17:00	0.282	0.264	0.266	0.383	0.304	0.198	0.091	0.404	0.226	0.212	0.212
24/11/25 18:00	0.292	0.264	0.265	0.385	0.294	0.196	0.089	0.409	0.226	0.207	0.207
24/11/25 19:00	0.280	0.264	0.261	0.385	0.281	0.190	0.085	0.408	0.228	0.207	0.207
24/11/25 20:00	0.274	0.264	0.259	0.387	0.260	0.174	0.080	0.407	0.228	0.212	0.212
24/11/25 21:00	0.273	0.261	0.257	0.390	0.244	0.160	0.075	0.404	0.228	0.207	0.207
24/11/25 22:00	0.272	0.261	0.255	0.393	0.240	0.159	0.069	0.399	0.230	0.219	0.219
24/11/25 23:00	0.268	0.259	0.255	0.397	0.257	0.166	0.068	0.402	0.226	0.219	0.219
25/11/25 00:00	0.266	0.258	0.256	0.397	0.249	0.170	0.068	0.401	0.226	0.212	0.212
25/11/25 01:00	0.265	0.257	0.256	0.394	0.248	0.170	0.067	0.393	0.221	0.212	0.212
25/11/25 02:00	0.264	0.257	0.255	0.388	0.262	0.165	0.070	0.390	0.226	0.212	0.212
25/11/25 03:00	0.263	0.256	0.255	0.388	0.280	0.171	0.071	0.375	0.223	0.212	0.212
25/11/25 04:00	0.263	0.256	0.256	0.390	0.277	0.169	0.073	0.329	0.226	0.212	0.212
25/11/25 05:00	0.263	0.258	0.256	0.385	0.277	0.164	0.076	0.308	0.230	0.197	0.145
25/11/25 06:00	0.263	0.264	0.260	0.381	0.293	0.176	0.091	0.307	0.228	0.169	0.155
25/11/25 07:00	0.264	0.268	0.265	0.369	0.301	0.172	0.108	0.311	0.228	0.212	0.212
25/11/25 08:00	0.266	0.268	0.265	0.361	0.304	0.180	0.132	0.305	0.228	0.197	0.169
25/11/25 09:00	0.268	0.268	0.265	0.346	0.282	0.170	0.153	0.293	0.228	0.219	0.219
25/11/25 10:00	0.268	0.267	0.264	0.324	0.246	0.140	0.173	0.276	0.221	0.197	0.145
25/11/25 11:00	0.270	0.267	0.264	0.307	0.220	0.122	0.173	0.263	0.197	0.219	0.219
25/11/25 12:00	0.268	0.268	0.264	0.297	0.218	0.117	0.188	0.254	0.213	0.219	0.219
25/11/25 13:00	0.266	0.268	0.264	0.290	0.239	0.127	0.188	0.242	0.228	0.197	0.212
25/11/25 14:00	0.268	0.267	0.264	0.287	0.283	0.144	0.198	0.259	0.228	0.197	0.212
25/11/25 15:00	0.266	0.268	0.265	0.312	0.321	0.181	0.203	0.278	0.230	0.197	0.212
25/11/25 16:00	0.269	0.268	0.266	0.343	0.362	0.225	0.193	0.301	0.228	0.155	0.145
25/11/25 17:00	0.272	0.270	0.269	0.349	0.368	0.248	0.195	0.311	0.228	0.207	0.207
25/11/25 18:00	0.278	0.268	0.268	0.351	0.367	0.265	0.183	0.313	0.228	0.189	0.189
25/11/25 19:00	0.266	0.267	0.267	0.356	0.368	0.277	0.176	0.314	0.197	0.189	0.145
25/11/25 20:00	0.264	0.265	0.264	0.357	0.369	0.289	0.165	0.315	0.112	0.120	0.145
25/11/25 21:00	0.264	0.264	0.261	0.354	0.357	0.306	0.155	0.314	0.112	0.120	0.120
25/11/25 22:00	0.270	0.261	0.260	0.361	0.349	0.325	0.144	0.313	0.112	0.112	0.120
25/11/25 23:00	0.262	0.258	0.255	0.354	0.340	0.330	0.143	0.316	0.112	0.114	0.114
26/11/25 00:00	0.263	0.258	0.256	0.357	0.339	0.337	0.147	0.318	0.112	0.114	0.114
26/11/25 01:00	0.263	0.258	0.256	0.370	0.340	0.339	0.138	0.323	0.112	0.114	0.114
26/11/25 02:00	0.263	0.257	0.257	0.374	0.341	0.341	0.142	0.328	0.112	0.114	0.114
26/11/25 03:00	0.262	0.257	0.257	0.370	0.333	0.333	0.143	0.341	0.112	0.114	0.114
26/11/25 04:00	0.261	0.257	0.257	0.355	0.331	0.324	0.150	0.353	0.112	0.095	0.095
26/11/25 05:00	0.264	0.258	0.258	0.341	0.327	0.328	0.168	0.371	0.112	0.095	0.112
26/11/25 06:00	0.266	0.261	0.262	0.332	0.321	0.330	0.210	0.383	0.112	0.095	0.112
26/11/25 07:00	0.277	0.265	0.268	0.321	0.320	0.334	0.230	0.392	0.094	0.095	0.095
26/11/25 08:00	0.278	0.266	0.271	0.311	0.318	0.336	0.236	0.398	0.094	0.095	0.095
26/11/25 09:00	0.279	0.266	0.271	0.293	0.289	0.321	0.208	0.379	0.094	0.095	0.112
26/11/25 10:00	0.282	0.266	0.269	0.273	0.257	0.285	0.168	0.339	0.095	0.095	0.112
26/11/25 11:00	0.282	0.265	0.268	0.252	0.225	0.270	0.158	0.321	0.094	0.114	0.114
26/11/25 12:00	0.281	0.265	0.266	0.244	0.196	0.263	0.157	0.308	0.112	0.114	0.114
26/11/25 13:00	0.284	0.265	0.267	0.244	0.197	0.273	0.177	0.301	0.094	0.072	0.112
26/11/25 14:00	0.285	0.265	0.269	0.254	0.218	0.290	0.217	0.311	0.112	0.095	0.112
26/11/25 15:00	0.285	0.265	0.272	0.258	0.239	0.314	0.256	0.347	0.104	0.114	0.114
26/11/25 16:00	0.288	0.265	0.276	0.265	0.281	0.330	0.296	0.398	0.112	0.114	0.114
26/11/25 17:00	0.307	0.266	0.305	0.281	0.291	0.334	0.323	0.402	0.104	0.114	0.114
26/11/25 18:00	0.324	0.266	0.278	0.312	0.282	0.338	0.334	0.398	0.104	0.114	0.114
26/11/25 19:00	0.280	0.265	0.273	0.334	0.270	0.335	0.340	0.382	0.104	0.114	0.114
26/11/25 20:00	0.277	0.262	0.268	0.353	0.246	0.324	0.345	0.366	0.104	0.114	0.120
26/11/25 21:00	0.273	0.260	0.265	0.354	0.228	0.314	0.351	0.351	0.112	0.114	0.114
26/11/25 22:00	0.266	0.260	0.263	0.356	0.220	0.292	0.353	0.331	0.112	0.114	0.114
26/11/25 23:00	0.265	0.258	0.261	0.373	0.214	0.272	0.363	0.312	0.112	0.114	0.114
27/11/25 00:00	0.263	0.257	0.262	0.397	0.203	0.252	0.363	0.271	0.112	0.114	0.114
27/11/25 01:00	0.263	0.256	0.261	0.407	0.187	0.242	0.362	0.214	0.094	0.114	0.114
27/11/25 02:00	0.263	0.255	0.260	0.414	0.166	0.223	0.368	0.185	0.094	0.112	0.114
27/11/25 03:00	0.264	0.254	0.259	0.401	0.145	0.209	0.358	0.178	0.104	0.112	0.114
27/11/25 04:00	0.264	0.255	0.259	0.405	0.148	0.211	0.342	0.168	0.094	0.114	0.114
27/11/25 05:00	0.265	0.256	0.261	0.402	0.151	0.237	0.317	0.168	0.112	0.112	0.114
27/11/25 06:00	0.274	0.260	0.265	0.402	0.163	0.279	0.303	0.178	0.211	0.114	0.114
27/11/25 07:00	0.284	0.264	0.276	0.394	0.188	0.303	0.291	0.199	0.120	0.120	0.120
27/11/25 08:00	0.288	0.264	0.283	0.392	0.198	0.317	0.273	0.204	0.120	0.120	0.120
27/11/25 09:00	0.287	0.265	0.278	0.378	0.199	0.329	0.255	0.199	0.120	0.120	0.142
27/11/25 10:00	0.284	0.263	0.277	0.355	0.208	0.335	0.235	0.191	0.112	0.112	0.120
27/11/25 11:00	0.285	0.261	0.275	0.335	0.201	0.327	0.213	0.188	0.120	0.145	0.145
27/11/25 12:00	0.282	0.261	0.273	0.333	0.198	0.319	0.197	0.186	0.120	0.145	0.145
27/11/25 13:00	0.282	0.261	0.272	0.325	0.204	0.318	0.186	0.188	0.228	0.145	0.145
27/11/25 14:00	0.281	0.260	0.272	0.339	0.230	0.311	0.186	0.192	0.230	0.197	0.155
27/11/25 15:00	0.281	0.261	0.277	0.352	0.251	0.294	0.186	0.196	0.235	0.207	0.207
27/11/25 16:00	0.281	0.261	0.280	0.363	0.270	0.275	0.183	0.198	0.235	0.207	0.207
27/11/25 17:00	0.287	0.262	0.300	0.370	0.290	0.273	0.202	0.197	0.235	0.207	0.207
27/11/25 18:00	0.284	0.262	0.278	0.357	0.300	0.258	0.209	0.194	0.244	0.207	0.207
27/11/25 19:00	0.279	0.261	0.275	0.357	0.306	0.235	0.213	0.188	0.233	0.197	0.189
27/11/25 20:00	0.273	0.260	0.268	0.356	0.311	0.214	0.207	0.173	0.233	0.189	0.189
27/11/25 21:00	0.266	0.258	0.265	0.354	0.312	0.200	0.154	0.153	0.230	0.219	0.207
27/11/25 22:00	0.265	0.258	0.264	0.352	0.307	0.186	0.128	0.133	0.230	0.189	0.189
27/11/25 23:00	0.264	0.258	0.262	0.361	0.291	0.166	0.116	0.117	0.230	0.189	0.189
28/11/25 00:00	0.263	0.259	0.263	0.359	0.290	0.160	0.111	0.099	0.230	0.193	0.193
28/11/25 01:00	0.263	0.257	0.262	0.355	0.294	0.152	0.110	0.099	0.226	0.207	0.207
28/11/25 02:00	0.263	0.256	0.261	0.352	0.292	0.150	0.118	0.100	0.228	0.207	0.207
28/11/25 03:00	0.262	0.255	0.260	0.348	0.294	0.155	0.131	0.100	0.226	0.191	0.191
28/11/25 04:00	0.262	0.253	0.259	0.355	0.297	0.161	0.143	0.102	0.230	0.207	0.207
28/11/25 05:00	0.263	0.253	0.260	0.360	0.308	0.179	0.163	0.110	0.232	0.207	0.207
28/11/25 06:00	0.265	0.258	0.260	0.358	0.324	0.230	0.194	0.149	0.235	0.212	0.212
28/11/25 07:00	0.272	0.264	0.261	0.348	0.335	0.292	0.235	0.224	0.235	0.240	0.234
28/11/25 08:00	0.273	0.264	0.261	0.348	0.343	0.331	0.255	0.255	0.235	0.315	0.234
28/11/25 09:00	0.271	0.264	0.263	0.335	0.345	0.335	0.235	0.264	0.235	0.219	0.219
28/11/25 10:00	0.266	0.263	0.264	0.320	0.338	0.301	0.186	0.242	0.228	0.219	0.234
28/11/25 11:00	0.265	0.263	0.263	0.318	0.329	0.273	0.161	0.224	0.228	0.212	0.234
28/11/25 12:00	0.265	0.262	0.263	0.316	0.327	0.263	0.151	0.218	0.228	0.212	0.212
28/11/25 13:00	0.265	0.262	0.263	0.317	0.326	0.267	0.177	0.213	0.228	0.219	0.219
28/11/25 14:00	0.265	0.261	0.262	0.334	0.336	0.286	0.213	0.211	0.324	0.234	0.234
28/11/25 15:00	0.267	0.262	0.262	0.343	0.348	0.309	0.265	0.225	0.327	0.234	0.234
28/11/25 16:00	0.269	0.262	0.264	0.358	0.366	0.329	0.341	0.236	0.297	0.234	0.219
28/11/25 17:00	0.275	0.268	0.266	0.365	0.372	0.318	0.369	0.234	0.378	0.234	0.219
28/11/25 18:00	0.265	0.266	0.266	0.372	0.371	0.294	0.379	0.229	0.396	0.264	0.234
28/11/25 19:00	0.264	0.266	0.265	0.367	0.369	0.276	0.384	0.225	0.333	0.234	0.234
28/11/25 20:00	0.263	0.268	0.262	0.364	0.369	0.258	0.387	0.202	0.297	0.234	0.234
28/11/25 21:00	0.262	0.263	0.259	0.366	0.371	0.246	0.388	0.167	0.295	0.264	0.234
28/11/25 22:00	0.263	0.261	0.258	0.361	0.371	0.234	0.389	0.154	0.281	0.234	0.234
28/11/25 23:00	0.261	0.259	0.256	0.349	0.366	0.225	0.390	0.152	0.235	0.234	0.234
29/11/25 00:00	0.261	0.259	0.257	0.342	0.364	0.220	0.390	0.162	0.235	0.234	0.219
29/11/25 01:00	0.260	0.258	0.257	0.330	0.362	0.222	0.388	0.174	0.235	0.219	0.212
29/11/25 02:00	0.261	0.257	0.257	0.327	0.361	0.214	0.385	0.189	0.235	0.234	0.219
29/11/25 03:00	0.261	0.258	0.257	0.335	0.360	0.191	0.381	0.204	0.235	0.234	0.219
29/11/25 04:00	0.261	0.257	0.257	0.331	0.363	0.190	0.378	0.198	0.232	0.207	0.207
29/11/25 05:00	0.262	0.257	0.258	0.318	0.364	0.215	0.373	0.189	0.235	0.234	0.219
29/11/25 06:00	0.268	0.261	0.258	0.330	0.370	0.242	0.369	0.195	0.235	0.207	0.219
29/11/25 07:00	0.272	0.266	0.259	0.341	0.371	0.264	0.366	0.212	0.245	0.219	0.219
29/11/25 08:00	0.272	0.267	0.260	0.349	0.368	0.283	0.359	0.220	0.245	0.219	0.219
29/11/25 09:00	0.274	0.268	0.261	0.341	0.356	0.297	0.310	0.204	0.228	0.207	0.207
29/11/25 10:00	0.275	0.267	0.261	0.328	0.335	0.291	0.250	0.191	0.228	0.207	0.207
29/11/25 11:00	0.272	0.264	0.262	0.320	0.319	0.274	0.231	0.169	0.226	0.191	0.155
29/11/25 12:00	0.270	0.260	0.262	0.308	0.313	0.266	0.217	0.153	0.170	0.191	0.155
29/11/25 13:00	0.270	0.260	0.261	0.313	0.318	0.292	0.215	0.157	0.228	0.191	0.155
29/11/25 14:00	0.269	0.262	0.261	0.327	0.325	0.322	0.223	0.163	0.228	0.191	0.155
29/11/25 15:00	0.269	0.264	0.261	0.350	0.341	0.339	0.278	0.184	0.226	0.145	0.145
29/11/25 16:00	0.272	0.265	0.263	0.371	0.360	0.373	0.327	0.211	0.226	0.145	0.145
29/11/25 17:00	0.279	0.265	0.266	0.375	0.365	0.383	0.329	0.212	0.226	0.145	0.145
29/11/25 18:00	0.267	0.265	0.267	0.376	0.369	0.380	0.320	0.211	0.226	0.145	0.145
29/11/25 19:00	0.265	0.263	0.268	0.373	0.371	0.381	0.308	0.197	0.226	0.145	0.145
29/11/25 20:00	0.263	0.264	0.266	0.360	0.372	0.383	0.298	0.176	0.226	0.155	0.145
29/11/25 21:00	0.268	0.260	0.265	0.336	0.373	0.385	0.285	0.171	0.228	0.145	0.145
29/11/25 22:00	0.265	0.260	0.263	0.303	0.374	0.386	0.264	0.164	0.223	0.145	0.145
29/11/25 23:00	0.261	0.258	0.261	0.277	0.374	0.388	0.251	0.148	0.170	0.120	0.142
30/11/25 00:00	0.261	0.257	0.262	0.256	0.373	0.391	0.243	0.131	0.170	0.145	0.145
30/11/25 01:00	0.260	0.258	0.260	0.228	0.372	0.390	0.248	0.125	0.183	0.145	0.145
30/11/25 02:00	0.261	0.257	0.260	0.198	0.372	0.392	0.249	0.126	0.120	0.145	0.145
30/11/25 03:00	0.258	0.256	0.258	0.187	0.373	0.387	0.250	0.126	0.170	0.145	0.145
30/11/25 04:00	0.258	0.256	0.258	0.192	0.371	0.388	0.255	0.120	0.148	0.112	0.120
30/11/25 05:00	0.261	0.257	0.260	0.216	0.372	0.386	0.255	0.124	0.197	0.145	0.145
30/11/25 06:00	0.265	0.257	0.267	0.234	0.372	0.379	0.257	0.125	0.197	0.145	0.145
30/11/25 07:00	0.271	0.261	0.273	0.254	0.373	0.377	0.266	0.134	0.197	0.112	0.120
30/11/25 08:00	0.272	0.260	0.277	0.267	0.372	0.376	0.271	0.148	0.197	0.145	0.145
30/11/25 09:00	0.272	0.261	0.272	0.274	0.363	0.360	0.233	0.155	0.170	0.145	0.145
30/11/25 10:00	0.272	0.261	0.269	0.267	0.342	0.323	0.199	0.130	0.112	0.145	0.145
30/11/25 11:00	0.272	0.260	0.268	0.262	0.323	0.307	0.171	0.095	0.120	0.145	0.120
30/11/25 12:00	0.272	0.259	0.266	0.262	0.308	0.305	0.164	0.103	0.187	0.120	0.145
30/11/25 13:00	0.272	0.259	0.266	0.277	0.309	0.314	0.183	0.120	0.170	0.120	0.120
30/11/25 14:00	0.271	0.259	0.266	0.291	0.323	0.322	0.221	0.147	0.170	0.141	0.141
30/11/25 15:00	0.271	0.260	0.266	0.301	0.351	0.342	0.269	0.185	0.226	0.189	0.189
30/11/25 16:00	0.272	0.263	0.266	0.322	0.373	0.369	0.332	0.235	0.228	0.197	0.207
30/11/25 17:00	0.274	0.265	0.270	0.334	0.374	0.367	0.336	0.256	0.228	0.197	0.207
30/11/25 18:00	0.273	0.265	0.269	0.344	0.374	0.369	0.338	0.267	0.228	0.219	0.219
30/11/25 19:00	0.267	0.264	0.264	0.343	0.377	0.372	0.343	0.270	0.228	0.219	0.219
30/11/25 20:00	0.271	0.262	0.257	0.332	0.378	0.373	0.343	0.280	0.228	0.207	0.207
30/11/25 21:00	0.266	0.260	0.256	0.315	0.378	0.377	0.338	0.278	0.228	0.197	0.191
30/11/25 22:00	0.265	0.260	0.255	0.283	0.379	0.377	0.339	0.280	0.240	0.219	0.219
30/11/25 23:00	0.264	0.259	0.254	0.256	0.379	0.377	0.335	0.266	0.235	0.197	0.212
01/12/25 00:00	0.264	0.258	0.255	0.238	0.373	0.375	0.333	0.244	0.233	0.197	0.212
01/12/25 01:00	0.261	0.257	0.256	0.242	0.385	0.372	0.330	0.214	0.233	0.212	0.212
01/12/25 02:00	0.265	0.257	0.255	0.234	0.384	0.370	0.310	0.190	0.230	0.212	0.212
01/12/25 03:00	0.265	0.257	0.256	0.226	0.381	0.371	0.298	0.167	0.230	0.197	0.191
01/12/25 04:00	0.263	0.257	0.256	0.222	0.382	0.366	0.283	0.158	0.230	0.197	0.191
01/12/25 05:00	0.261	0.257	0.258	0.223	0.380	0.359	0.275	0.158	0.235	0.315	0.240
01/12/25 06:00	0.267	0.257	0.259	0.234	0.380	0.358	0.278	0.180	0.235	0.241	0.241
01/12/25 07:00	0.269	0.257	0.265	0.247	0.380	0.362	0.283	0.198	0.241	0.264	0.234
01/12/25 08:00	0.268	0.258	0.266	0.256	0.380	0.364	0.279	0.205	0.239	0.268	0.315
01/12/25 09:00	0.271	0.260	0.268	0.256	0.370	0.346	0.238	0.184	0.228	0.240	0.234
01/12/25 10:00	0.274	0.261	0.270	0.248	0.341	0.317	0.183	0.159	0.226	0.234	0.234
01/12/25 11:00	0.275	0.263	0.270	0.242	0.318	0.297	0.155	0.150	0.201	0.234	0.234
01/12/25 12:00	0.273	0.263	0.269	0.244	0.309	0.288	0.146	0.143	0.226	0.234	0.234
01/12/25 13:00	0.274	0.261	0.270	0.250	0.311	0.290	0.148	0.148	0.228	0.234	0.234
01/12/25 14:00	0.270	0.261	0.269	0.249	0.324	0.307	0.167	0.162	0.235	0.234	0.234
01/12/25 15:00	0.265	0.261	0.269	0.257	0.352	0.334	0.215	0.176	0.241	0.264	0.234
01/12/25 16:00	0.265	0.262	0.269	0.269	0.375	0.362	0.227	0.188	0.235	0.259	0.234
01/12/25 17:00	0.272	0.264	0.277	0.281	0.377	0.368	0.211	0.190	0.286	0.268	0.234
01/12/25 18:00	0.264	0.265	0.276	0.283	0.379	0.366	0.199	0.182	0.277	0.268	0.234
01/12/25 19:00	0.263	0.264	0.271	0.288	0.379	0.367	0.190	0.170	0.245	0.268	0.234
01/12/25 20:00	0.262	0.260	0.267	0.294	0.380	0.367	0.179	0.158	0.245	0.268	0.234
01/12/25 21:00	0.264	0.260	0.265	0.296	0.377	0.370	0.168	0.140	0.235	0.234	0.234
01/12/25 22:00	0.262	0.259	0.264	0.306	0.378	0.375	0.168	0.132	0.235	0.234	0.234
01/12/25 23:00	0.261	0.258	0.262	0.302	0.379	0.379	0.159	0.119	0.235	0.234	0.234
02/12/25 00:00	0.261	0.257	0.262	0.303	0.379	0.381	0.148	0.101	0.235	0.234	0.234
02/12/25 01:00	0.261	0.257	0.262	0.314	0.381	0.382	0.134	0.098	0.235	0.234	0.234
02/12/25 02:00	0.261	0.256	0.261	0.313	0.377	0.382	0.133	0.098	0.230	0.234	0.234
02/12/25 03:00	0.261	0.256	0.260	0.317	0.367	0.381	0.131	0.100	0.230	0.234	0.234
02/12/25 04:00	0.260	0.256	0.261	0.319	0.358	0.380	0.131	0.106	0.230	0.240	0.234
02/12/25 05:00	0.259	0.257	0.262	0.314	0.349	0.382	0.134	0.113	0.230	0.234	0.234
02/12/25 06:00	0.261	0.261	0.268	0.320	0.344	0.383	0.172	0.137	0.230	0.234	0.234
02/12/25 07:00	0.261	0.265	0.280	0.332	0.338	0.383	0.211	0.179	0.235	0.234	0.234
02/12/25 08:00	0.265	0.266	0.290	0.346	0.334	0.380	0.229	0.205	0.230	0.234	0.234
02/12/25 09:00	0.266	0.265	0.290	0.339	0.320	0.363	0.230	0.210	0.226	0.212	0.212
02/12/25 10:00	0.270	0.262	0.288	0.330	0.293	0.327	0.228	0.205	0.112	0.197	0.207
02/12/25 11:00	0.272	0.261	0.285	0.318	0.268	0.300	0.219	0.205	0.183	0.189	0.189
02/12/25 12:00	0.272	0.260	0.280	0.320	0.268	0.289	0.220	0.214	0.120	0.189	0.155
02/12/25 13:00	0.271	0.261	0.279	0.323	0.268	0.298	0.226	0.224	0.120	0.189	0.155
02/12/25 14:00	0.268	0.263	0.283	0.326	0.261	0.320	0.230	0.259	0.224	0.189	0.189
02/12/25 15:00	0.267	0.265	0.282	0.344	0.263	0.344	0.248	0.296	0.157	0.155	0.145
02/12/25 16:00	0.268	0.268	0.290	0.358	0.272	0.375	0.287	0.325	0.226	0.180	0.145
02/12/25 17:00	0.276	0.275	0.293	0.370	0.276	0.379	0.297	0.335	0.226	0.155	0.145
02/12/25 18:00	0.275	0.271	0.287	0.379	0.278	0.376	0.291	0.342	0.226	0.176	0.145
02/12/25 19:00	0.268	0.268	0.277	0.380	0.261	0.370	0.292	0.347	0.226	0.155	0.189
02/12/25 20:00	0.265	0.266	0.270	0.378	0.247	0.368	0.301	0.347	0.228	0.189	0.189
02/12/25 21:00	0.267	0.263	0.266	0.386	0.256	0.369	0.300	0.355	0.228	0.189	0.189
02/12/25 22:00	0.264	0.260	0.264	0.387	0.249	0.373	0.281	0.361	0.226	0.189	0.189
02/12/25 23:00	0.259	0.259	0.258	0.397	0.252	0.374	0.259	0.367	0.213	0.234	0.145
03/12/25 00:00	0.263	0.259	0.258	0.401	0.255	0.371	0.236	0.371	0.120	0.112	0.145
03/12/25 01:00	0.257	0.257	0.258	0.398	0.253	0.367	0.223	0.368	0.120	0.112	0.145
03/12/25 02:00	0.259	0.258	0.257	0.393	0.249	0.359	0.205	0.367	0.197	0.145	0.145
03/12/25 03:00	0.259	0.258	0.256	0.369	0.248	0.350	0.211	0.370	0.197	0.145	0.145
03/12/25 04:00	0.251	0.258	0.257	0.354	0.241	0.351	0.229	0.367	0.197	0.142	0.142
03/12/25 05:00	0.254	0.260	0.259	0.318	0.236	0.340	0.235	0.365	0.222	0.145	0.145
03/12/25 06:00	0.268	0.266	0.265	0.293	0.243	0.324	0.256	0.374	0.228	0.145	0.145
03/12/25 07:00	0.273	0.272	0.268	0.294	0.256	0.310	0.278	0.375	0.148	0.112	0.145
03/12/25 08:00	0.269	0.276	0.270	0.296	0.273	0.299	0.286	0.374	0.221	0.112	0.145
03/12/25 09:00	0.269	0.274	0.271	0.282	0.280	0.268	0.281	0.368	0.202	0.145	0.120
03/12/25 10:00	0.268	0.269	0.270	0.261	0.274	0.228	0.261	0.350	0.120	0.145	0.145
03/12/25 11:00	0.268	0.268	0.270	0.248	0.264	0.206	0.243	0.335	0.197	0.120	0.145
03/12/25 12:00	0.269	0.266	0.269	0.235	0.269	0.194	0.244	0.326	0.120	0.112	0.120
03/12/25 13:00	0.271	0.265	0.267	0.235	0.276	0.199	0.245	0.316	0.226	0.155	0.145
03/12/25 14:00	0.268	0.267	0.266	0.243	0.284	0.228	0.269	0.329	0.228	0.197	0.207
03/12/25 15:00	0.271	0.267	0.264	0.254	0.294	0.256	0.292	0.343	0.241	0.240	0.234
03/12/25 16:00	0.272	0.268	0.264	0.263	0.301	0.271	0.320	0.361	0.301	0.264	0.240
03/12/25 17:00	0.281	0.274	0.265	0.274	0.299	0.271	0.331	0.369	0.301	0.264	0.264
03/12/25 18:00	0.277	0.263	0.259	0.284	0.302	0.266	0.337	0.366	0.301	0.240	0.240
03/12/25 19:00	0.278	0.262	0.256	0.298	0.303	0.263	0.342	0.365	0.301	0.264	0.264
03/12/25 20:00	0.274	0.260	0.255	0.309	0.299	0.260	0.348	0.361	0.298	0.240	0.240
03/12/25 21:00	0.269	0.259	0.257	0.320	0.290	0.256	0.349	0.361	0.500	0.241	0.234
03/12/25 22:00	0.265	0.258	0.256	0.337	0.287	0.250	0.354	0.359	0.239	0.234	0.234
03/12/25 23:00	0.264	0.257	0.255	0.359	0.290	0.245	0.364	0.355	0.232	0.240	0.234
04/12/25 00:00	0.260	0.256	0.254	0.372	0.292	0.245	0.374	0.359	0.230	0.234	0.234
04/12/25 01:00	0.260	0.256	0.259	0.382	0.296	0.247	0.379	0.347	0.230	0.191	0.219
04/12/25 02:00	0.261	0.256	0.255	0.389	0.297	0.237	0.373	0.337	0.228	0.145	0.145
04/12/25 03:00	0.261	0.257	0.253	0.398	0.294	0.221	0.368	0.331	0.176	0.145	0.145
04/12/25 04:00	0.262	0.257	0.252	0.406	0.297	0.224	0.371	0.328	0.120	0.145	0.145
04/12/25 05:00	0.263	0.257	0.254	0.404	0.293	0.233	0.370	0.323	0.120	0.145	0.145
04/12/25 06:00	0.266	0.260	0.257	0.409	0.289	0.248	0.372	0.326	0.228	0.145	0.145
04/12/25 07:00	0.273	0.265	0.260	0.409	0.285	0.271	0.364	0.324	0.226	0.145	0.112
04/12/25 08:00	0.275	0.266	0.262	0.404	0.279	0.276	0.360	0.319	0.226	0.155	0.155
04/12/25 09:00	0.277	0.267	0.262	0.395	0.270	0.270	0.354	0.300	0.120	0.145	0.145
04/12/25 10:00	0.278	0.267	0.259	0.375	0.266	0.256	0.339	0.267	0.120	0.145	0.145
04/12/25 11:00	0.275	0.265	0.256	0.353	0.270	0.243	0.336	0.233	0.120	0.141	0.141
04/12/25 12:00	0.273	0.263	0.259	0.348	0.272	0.243	0.331	0.209	0.120	0.141	0.141
04/12/25 13:00	0.274	0.264	0.257	0.352	0.273	0.250	0.326	0.202	0.120	0.120	0.112
04/12/25 14:00	0.277	0.266	0.258	0.353	0.276	0.261	0.335	0.225	0.112	0.112	0.120
04/12/25 15:00	0.276	0.267	0.264	0.348	0.272	0.271	0.352	0.260	0.197	0.112	0.120
04/12/25 16:00	0.281	0.270	0.266	0.353	0.279	0.279	0.375	0.279	0.120	0.112	0.120
04/12/25 17:00	0.282	0.277	0.270	0.360	0.281	0.283	0.376	0.276	0.197	0.112	0.120
04/12/25 18:00	0.277	0.277	0.266	0.357	0.285	0.283	0.371	0.271	0.176	0.112	0.120
04/12/25 19:00	0.275	0.268	0.264	0.352	0.286	0.284	0.364	0.272	0.120	0.112	0.120
04/12/25 20:00	0.272	0.265	0.258	0.344	0.286	0.276	0.352	0.284	0.120	0.145	0.145
04/12/25 21:00	0.269	0.261	0.264	0.345	0.290	0.267	0.339	0.303	0.112	0.120	0.141
04/12/25 22:00	0.265	0.259	0.263	0.344	0.284	0.266	0.325	0.315	0.104	0.112	0.120
04/12/25 23:00	0.264	0.258	0.261	0.343	0.284	0.261	0.304	0.326	0.112	0.120	0.141
05/12/25 00:00	0.263	0.257	0.261	0.330	0.282	0.256	0.273	0.337	0.104	0.112	0.120
05/12/25 01:00	0.262	0.257	0.260	0.330	0.275	0.259	0.246	0.343	0.104	0.112	0.120
05/12/25 02:00	0.262	0.257	0.259	0.340	0.274	0.254	0.220	0.351	0.112	0.120	0.141
05/12/25 03:00	0.262	0.257	0.258	0.345	0.277	0.254	0.210	0.353	0.112	0.141	0.141
05/12/25 04:00	0.262	0.257	0.258	0.359	0.281	0.263	0.202	0.360	0.112	0.112	0.141
05/12/25 05:00	0.262	0.257	0.258	0.372	0.286	0.279	0.200	0.371	0.112	0.120	0.141
05/12/25 06:00	0.267	0.257	0.259	0.385	0.297	0.295	0.207	0.385	0.120	0.120	0.141
05/12/25 07:00	0.272	0.263	0.260	0.399	0.309	0.311	0.214	0.387	0.112	0.120	0.120
05/12/25 08:00	0.273	0.267	0.261	0.408	0.310	0.316	0.213	0.383	0.120	0.120	0.120
05/12/25 09:00	0.272	0.269	0.264	0.402	0.314	0.316	0.204	0.369	0.120	0.141	0.141
05/12/25 10:00	0.272	0.267	0.265	0.380	0.315	0.306	0.198	0.344	0.112	0.141	0.141
05/12/25 11:00	0.273	0.261	0.266	0.366	0.315	0.298	0.192	0.332	0.120	0.141	0.141
05/12/25 12:00	0.272	0.260	0.266	0.357	0.320	0.299	0.184	0.322	0.112	0.141	0.141
05/12/25 13:00	0.272	0.260	0.265	0.361	0.320	0.300	0.183	0.322	0.120	0.141	0.141
05/12/25 14:00	0.272	0.259	0.264	0.363	0.330	0.311	0.181	0.320	0.120	0.141	0.141
05/12/25 15:00	0.273	0.260	0.265	0.377	0.339	0.325	0.183	0.327	0.197	0.120	0.141
05/12/25 16:00	0.272	0.261	0.267	0.383	0.351	0.341	0.183	0.324	0.226	0.145	0.145
05/12/25 17:00	0.273	0.261	0.269	0.383	0.354	0.346	0.184	0.312	0.226	0.145	0.145
05/12/25 18:00	0.272	0.259	0.269	0.386	0.357	0.349	0.186	0.297	0.226	0.142	0.142
05/12/25 19:00	0.269	0.259	0.268	0.388	0.355	0.346	0.179	0.286	0.226	0.145	0.120
05/12/25 20:00	0.265	0.258	0.265	0.390	0.359	0.340	0.162	0.267	0.226	0.145	0.145
05/12/25 21:00	0.264	0.257	0.262	0.398	0.359	0.344	0.138	0.241	0.224	0.145	0.145
05/12/25 22:00	0.264	0.256	0.261	0.397	0.359	0.342	0.119	0.211	0.226	0.145	0.145
05/12/25 23:00	0.262	0.255	0.260	0.399	0.356	0.342	0.112	0.182	0.226	0.145	0.145
06/12/25 00:00	0.263	0.256	0.259	0.397	0.369	0.346	0.106	0.141	0.226	0.145	0.145
06/12/25 01:00	0.262	0.254	0.259	0.399	0.374	0.344	0.104	0.111	0.223	0.145	0.145
06/12/25 02:00	0.262	0.250	0.257	0.411	0.371	0.332	0.106	0.108	0.228	0.189	0.145
06/12/25 03:00	0.260	0.247	0.256	0.421	0.369	0.339	0.106	0.105	0.226	0.145	0.145
06/12/25 04:00	0.260	0.250	0.256	0.418	0.376	0.338	0.107	0.107	0.230	0.145	0.145
06/12/25 05:00	0.262	0.253	0.256	0.408	0.381	0.341	0.113	0.102	0.230	0.155	0.145
06/12/25 06:00	0.265	0.255	0.256	0.402	0.376	0.345	0.131	0.107	0.234	0.189	0.155
06/12/25 07:00	0.270	0.259	0.258	0.398	0.384	0.355	0.156	0.116	0.235	0.145	0.145
06/12/25 08:00	0.272	0.259	0.258	0.392	0.381	0.364	0.181	0.124	0.235	0.155	0.145
06/12/25 09:00	0.272	0.263	0.261	0.377	0.375	0.357	0.188	0.131	0.226	0.145	0.141
06/12/25 10:00	0.272	0.264	0.264	0.360	0.341	0.334	0.178	0.134	0.112	0.145	0.145
06/12/25 11:00	0.272	0.263	0.266	0.343	0.316	0.321	0.170	0.126	0.120	0.145	0.145
06/12/25 12:00	0.271	0.261	0.266	0.333	0.305	0.304	0.161	0.118	0.120	0.120	0.145
06/12/25 13:00	0.271	0.260	0.263	0.324	0.315	0.303	0.166	0.116	0.112	0.120	0.145
06/12/25 14:00	0.270	0.259	0.262	0.320	0.327	0.315	0.179	0.110	0.202	0.145	0.145
06/12/25 15:00	0.269	0.260	0.262	0.326	0.349	0.339	0.217	0.116	0.226	0.112	0.120
06/12/25 16:00	0.270	0.261	0.264	0.328	0.358	0.373	0.254	0.126	0.226	0.112	0.145
06/12/25 17:00	0.277	0.261	0.267	0.325	0.362	0.381	0.274	0.127	0.226	0.112	0.145
06/12/25 18:00	0.266	0.258	0.271	0.317	0.361	0.385	0.297	0.118	0.228	0.112	0.145
06/12/25 19:00	0.265	0.257	0.275	0.310	0.361	0.389	0.307	0.107	0.226	0.145	0.145
06/12/25 20:00	0.265	0.256	0.267	0.307	0.355	0.395	0.308	0.104	0.228	0.145	0.145
06/12/25 21:00	0.266	0.257	0.261	0.288	0.353	0.395	0.299	0.101	0.226	0.145	0.145
06/12/25 22:00	0.266	0.257	0.259	0.286	0.353	0.399	0.272	0.097	0.209	0.145	0.120
06/12/25 23:00	0.261	0.255	0.257	0.289	0.350	0.398	0.234	0.093	0.197	0.145	0.145
07/12/25 00:00	0.262	0.254	0.257	0.291	0.339	0.398	0.189	0.085	0.197	0.120	0.120
07/12/25 01:00	0.260	0.256	0.256	0.284	0.340	0.397	0.152	0.086	0.176	0.120	0.120
07/12/25 02:00	0.260	0.254	0.255	0.287	0.332	0.396	0.130	0.086	0.176	0.120	0.141
07/12/25 03:00	0.260	0.253	0.255	0.301	0.327	0.396	0.114	0.094	0.176	0.142	0.120
07/12/25 04:00	0.255	0.252	0.255	0.326	0.328	0.391	0.107	0.101	0.176	0.120	0.145
07/12/25 05:00	0.256	0.255	0.257	0.359	0.330	0.383	0.102	0.118	0.226	0.120	0.145
07/12/25 06:00	0.263	0.255	0.262	0.375	0.327	0.375	0.102	0.137	0.226	0.120	0.120
07/12/25 07:00	0.270	0.256	0.267	0.394	0.327	0.368	0.104	0.161	0.226	0.120	0.145
07/12/25 08:00	0.271	0.255	0.272	0.394	0.330	0.360	0.108	0.180	0.226	0.120	0.145
07/12/25 09:00	0.274	0.260	0.286	0.382	0.321	0.344	0.108	0.207	0.120	0.120	0.145
07/12/25 10:00	0.268	0.258	0.289	0.343	0.291	0.314	0.097	0.215	0.120	0.141	0.141
07/12/25 11:00	0.269	0.258	0.287	0.309	0.274	0.282	0.088	0.212	0.120	0.141	0.141
07/12/25 12:00	0.265	0.258	0.291	0.292	0.266	0.268	0.085	0.211	0.112	0.112	0.120
07/12/25 13:00	0.264	0.257	0.285	0.289	0.272	0.267	0.084	0.212	0.112	0.120	0.145
07/12/25 14:00	0.264	0.258	0.278	0.308	0.295	0.278	0.094	0.214	0.120	0.120	0.142
07/12/25 15:00	0.263	0.258	0.275	0.320	0.314	0.291	0.113	0.217	0.226	0.112	0.120
07/12/25 16:00	0.265	0.261	0.276	0.317	0.339	0.297	0.129	0.208	0.226	0.112	0.120
07/12/25 17:00	0.273	0.263	0.285	0.312	0.346	0.288	0.135	0.192	0.226	0.112	0.120
07/12/25 18:00	0.264	0.264	0.265	0.302	0.351	0.282	0.142	0.166	0.226	0.112	0.120
07/12/25 19:00	0.263	0.260	0.257	0.280	0.346	0.276	0.149	0.131	0.226	0.120	0.120
07/12/25 20:00	0.262	0.256	0.260	0.262	0.346	0.274	0.163	0.104	0.226	0.141	0.141
07/12/25 21:00	0.262	0.256	0.259	0.243	0.339	0.256	0.175	0.088	0.226	0.120	0.145
07/12/25 22:00	0.262	0.257	0.257	0.238	0.336	0.254	0.171	0.076	0.120	0.112	0.120
07/12/25 23:00	0.261	0.254	0.257	0.240	0.336	0.245	0.170	0.068	0.120	0.120	0.120
08/12/25 00:00	0.262	0.250	0.257	0.248	0.332	0.228	0.160	0.064	0.112	0.120	0.120
08/12/25 01:00	0.263	0.249	0.257	0.230	0.337	0.219	0.146	0.062	0.112	0.120	0.120
08/12/25 02:00	0.258	0.243	0.259	0.233	0.325	0.231	0.140	0.065	0.120	0.120	0.120
08/12/25 03:00	0.254	0.240	0.257	0.233	0.322	0.243	0.138	0.073	0.120	0.120	0.120
08/12/25 04:00	0.252	0.240	0.258	0.233	0.326	0.252	0.136	0.076	0.120	0.120	0.120
08/12/25 05:00	0.253	0.240	0.259	0.255	0.337	0.278	0.136	0.086	0.120	0.141	0.120
08/12/25 06:00	0.260	0.240	0.264	0.264	0.353	0.309	0.144	0.107	0.120	0.141	0.120
08/12/25 07:00	0.258	0.241	0.272	0.282	0.356	0.328	0.162	0.139	0.120	0.112	0.120
08/12/25 08:00	0.265	0.254	0.276	0.288	0.365	0.338	0.181	0.163	0.112	0.120	0.120
08/12/25 09:00	0.268	0.255	0.284	0.286	0.368	0.338	0.194	0.158	0.112	0.120	0.120
08/12/25 10:00	0.270	0.257	0.282	0.266	0.342	0.335	0.182	0.140	0.112	0.120	0.120
08/12/25 11:00	0.265	0.257	0.279	0.246	0.327	0.330	0.168	0.124	0.120	0.141	0.120
08/12/25 12:00	0.269	0.257	0.277	0.241	0.316	0.327	0.173	0.126	0.112	0.120	0.120
08/12/25 13:00	0.272	0.257	0.276	0.252	0.316	0.322	0.168	0.140	0.202	0.145	0.120
08/12/25 14:00	0.270	0.257	0.276	0.272	0.320	0.322	0.170	0.149	0.226	0.145	0.145
08/12/25 15:00	0.270	0.258	0.277	0.296	0.336	0.320	0.179	0.155	0.226	0.145	0.145
08/12/25 16:00	0.269	0.258	0.278	0.318	0.354	0.326	0.191	0.171	0.228	0.145	0.145
08/12/25 17:00	0.278	0.268	0.304	0.328	0.364	0.321	0.191	0.182	0.228	0.145	0.145
08/12/25 18:00	0.275	0.261	0.312	0.329	0.369	0.311	0.190	0.185	0.228	0.145	0.145
08/12/25 19:00	0.269	0.260	0.288	0.325	0.371	0.302	0.188	0.181	0.228	0.155	0.145
08/12/25 20:00	0.262	0.257	0.274	0.322	0.372	0.285	0.175	0.169	0.235	0.197	0.155
08/12/25 21:00	0.263	0.256	0.266	0.317	0.377	0.253	0.156	0.147	0.228	0.197	0.219
08/12/25 22:00	0.262	0.256	0.264	0.319	0.379	0.231	0.144	0.143	0.228	0.219	0.219
08/12/25 23:00	0.266	0.254	0.261	0.324	0.382	0.219	0.130	0.146	0.228	0.197	0.219
09/12/25 00:00	0.264	0.250	0.257	0.319	0.383	0.195	0.117	0.141	0.228	0.219	0.219
09/12/25 01:00	0.259	0.248	0.259	0.316	0.382	0.171	0.113	0.133	0.230	0.219	0.219
09/12/25 02:00	0.260	0.246	0.258	0.328	0.382	0.154	0.110	0.130	0.230	0.219	0.219
09/12/25 03:00	0.258	0.240	0.257	0.336	0.391	0.142	0.112	0.132	0.230	0.234	0.234
09/12/25 04:00	0.257	0.238	0.257	0.344	0.392	0.138	0.114	0.134	0.230	0.241	0.234
09/12/25 05:00	0.255	0.240	0.259	0.344	0.393	0.142	0.124	0.148	0.230	0.234	0.234
09/12/25 06:00	0.260	0.254	0.265	0.350	0.391	0.150	0.156	0.197	0.228	0.234	0.234
09/12/25 07:00	0.261	0.260	0.273	0.357	0.389	0.149	0.191	0.228	0.230	0.234	0.219
09/12/25 08:00	0.260	0.260	0.285	0.356	0.386	0.153	0.210	0.229	0.230	0.234	0.219
09/12/25 09:00	0.264	0.262	0.290	0.356	0.375	0.156	0.217	0.225	0.183	0.234	0.145
09/12/25 10:00	0.268	0.262	0.290	0.339	0.344	0.146	0.212	0.216	0.120	0.155	0.145
09/12/25 11:00	0.267	0.261	0.290	0.328	0.332	0.137	0.206	0.190	0.120	0.155	0.145
09/12/25 12:00	0.268	0.259	0.290	0.328	0.330	0.132	0.203	0.171	0.120	0.145	0.145
09/12/25 13:00	0.263	0.259	0.290	0.335	0.328	0.129	0.203	0.171	0.120	0.155	0.145
09/12/25 14:00	0.262	0.259	0.290	0.343	0.344	0.137	0.206	0.179	0.120	0.155	0.145
09/12/25 15:00	0.262	0.259	0.289	0.360	0.363	0.135	0.211	0.192	0.226	0.145	0.145
09/12/25 16:00	0.263	0.259	0.290	0.367	0.384	0.133	0.212	0.199	0.226	0.145	0.145
09/12/25 17:00	0.277	0.262	0.294	0.364	0.384	0.131	0.216	0.193	0.226	0.145	0.145
09/12/25 18:00	0.284	0.259	0.290	0.361	0.383	0.130	0.217	0.185	0.226	0.120	0.120
09/12/25 19:00	0.278	0.258	0.282	0.361	0.379	0.130	0.222	0.178	0.226	0.120	0.120
09/12/25 20:00	0.273	0.256	0.268	0.354	0.379	0.127	0.216	0.139	0.202	0.112	0.112
09/12/25 21:00	0.268	0.255	0.261	0.341	0.373	0.129	0.198	0.106	0.226	0.145	0.120
09/12/25 22:00	0.264	0.255	0.260	0.323	0.371	0.124	0.185	0.087	0.213	0.120	0.112
09/12/25 23:00	0.262	0.254	0.257	0.307	0.377	0.118	0.180	0.078	0.176	0.120	0.112
10/12/25 00:00	0.262	0.254	0.256	0.307	0.381	0.113	0.181	0.074	0.120	0.120	0.112
10/12/25 01:00	0.262	0.254	0.256	0.300	0.380	0.108	0.182	0.072	0.120	0.114	0.114
10/12/25 02:00	0.261	0.254	0.256	0.286	0.385	0.107	0.178	0.073	0.112	0.114	0.114
10/12/25 03:00	0.261	0.255	0.256	0.283	0.386	0.107	0.186	0.078	0.112	0.114	0.114
10/12/25 04:00	0.261	0.255	0.257	0.290	0.383	0.113	0.194	0.085	0.112	0.114	0.114
10/12/25 05:00	0.260	0.256	0.260	0.305	0.377	0.129	0.203	0.097	0.112	0.114	0.114
10/12/25 06:00	0.264	0.262	0.265	0.329	0.383	0.127	0.223	0.125	0.112	0.114	0.114
10/12/25 07:00	0.271	0.265	0.274	0.349	0.381	0.120	0.241	0.177	0.110	0.112	0.114
10/12/25 08:00	0.271	0.267	0.286	0.359	0.378	0.125	0.255	0.196	0.094	0.112	0.114
10/12/25 09:00	0.274	0.266	0.285	0.363	0.370	0.126	0.258	0.194	0.094	0.114	0.114
10/12/25 10:00	0.275	0.264	0.284	0.358	0.357	0.114	0.259	0.164	0.094	0.114	0.114
10/12/25 11:00	0.270	0.263	0.284	0.344	0.344	0.104	0.255	0.142	0.112	0.114	0.114
10/12/25 12:00	0.270	0.262	0.281	0.337	0.340	0.100	0.252	0.139	0.112	0.112	0.114
10/12/25 13:00	0.265	0.262	0.284	0.347	0.345	0.111	0.254	0.132	0.112	0.114	0.114
10/12/25 14:00	0.269	0.262	0.280	0.366	0.356	0.128	0.256	0.138	0.112	0.114	0.114
10/12/25 15:00	0.271	0.262	0.283	0.374	0.370	0.144	0.261	0.158	0.104	0.114	0.114
10/12/25 16:00	0.276	0.261	0.288	0.385	0.379	0.150	0.264	0.179	0.120	0.114	0.114
10/12/25 17:00	0.292	0.262	0.290	0.388	0.382	0.150	0.270	0.188	0.120	0.112	0.120
10/12/25 18:00	0.276	0.255	0.284	0.388	0.381	0.150	0.272	0.189	0.112	0.112	0.120
10/12/25 19:00	0.268	0.255	0.270	0.388	0.381	0.157	0.279	0.192	0.104	0.112	0.120
10/12/25 20:00	0.268	0.255	0.259	0.388	0.383	0.145	0.291	0.185	0.104	0.114	0.114
10/12/25 21:00	0.264	0.256	0.259	0.388	0.384	0.143	0.305	0.166	0.112	0.114	0.120
10/12/25 22:00	0.265	0.254	0.260	0.389	0.378	0.135	0.314	0.152	0.112	0.112	0.114
10/12/25 23:00	0.262	0.251	0.257	0.388	0.369	0.131	0.327	0.129	0.104	0.112	0.114
11/12/25 00:00	0.262	0.254	0.259	0.388	0.367	0.122	0.333	0.129	0.110	0.114	0.114
11/12/25 01:00	0.261	0.247	0.257	0.386	0.375	0.121	0.336	0.133	0.112	0.114	0.114
11/12/25 02:00	0.261	0.250	0.257	0.381	0.384	0.120	0.338	0.133	0.112	0.114	0.114
11/12/25 03:00	0.261	0.254	0.256	0.383	0.385	0.122	0.340	0.136	0.112	0.114	0.114
11/12/25 04:00	0.261	0.254	0.256	0.390	0.386	0.124	0.341	0.139	0.104	0.114	0.114
11/12/25 05:00	0.262	0.256	0.257	0.385	0.390	0.129	0.342	0.160	0.120	0.114	0.114
11/12/25 06:00	0.264	0.257	0.258	0.386	0.385	0.143	0.340	0.197	0.211	0.114	0.114
11/12/25 07:00	0.272	0.258	0.262	0.390	0.380	0.168	0.346	0.233	0.120	0.112	0.114
11/12/25 08:00	0.275	0.264	0.266	0.393	0.376	0.191	0.347	0.239	0.120	0.112	0.114
11/12/25 09:00	0.278	0.265	0.266	0.389	0.371	0.199	0.349	0.223	0.112	0.107	0.114
11/12/25 10:00	0.276	0.265	0.265	0.368	0.361	0.196	0.348	0.200	0.120	0.114	0.114
11/12/25 11:00	0.272	0.263	0.264	0.341	0.348	0.184	0.343	0.182	0.104	0.114	0.114
11/12/25 12:00	0.270	0.263	0.263	0.331	0.336	0.175	0.346	0.166	0.112	0.114	0.114
11/12/25 13:00	0.271	0.264	0.260	0.340	0.343	0.167	0.345	0.172	0.112	0.114	0.114
11/12/25 14:00	0.271	0.264	0.262	0.354	0.354	0.188	0.350	0.199	0.120	0.114	0.120
11/12/25 15:00	0.272	0.264	0.266	0.369	0.367	0.223	0.361	0.230	0.226	0.145	0.145
11/12/25 16:00	0.273	0.265	0.265	0.392	0.381	0.261	0.365	0.269	0.227	0.120	0.145
11/12/25 17:00	0.279	0.268	0.262	0.393	0.380	0.285	0.364	0.269	0.226	0.120	0.145
11/12/25 18:00	0.276	0.267	0.257	0.390	0.378	0.296	0.368	0.254	0.221	0.112	0.145
11/12/25 19:00	0.273	0.265	0.257	0.380	0.377	0.304	0.372	0.248	0.221	0.112	0.120
11/12/25 20:00	0.272	0.262	0.258	0.365	0.379	0.317	0.374	0.250	0.226	0.142	0.142
11/12/25 21:00	0.270	0.261	0.257	0.347	0.384	0.326	0.376	0.266	0.221	0.145	0.145
11/12/25 22:00	0.268	0.258	0.257	0.325	0.387	0.334	0.381	0.279	0.221	0.112	0.120
11/12/25 23:00	0.265	0.257	0.257	0.315	0.391	0.340	0.381	0.293	0.221	0.112	0.120
12/12/25 00:00	0.264	0.257	0.257	0.302	0.394	0.351	0.381	0.312	0.197	0.112	0.141
12/12/25 01:00	0.263	0.257	0.257	0.290	0.396	0.361	0.381	0.320	0.201	0.141	0.141
12/12/25 02:00	0.263	0.256	0.257	0.272	0.395	0.369	0.385	0.317	0.197	0.141	0.142
12/12/25 03:00	0.263	0.256	0.257	0.260	0.394	0.381	0.388	0.296	0.197	0.141	0.141
12/12/25 04:00	0.263	0.256	0.257	0.255	0.393	0.378	0.385	0.281	0.226	0.141	0.120
12/12/25 05:00	0.265	0.257	0.257	0.252	0.390	0.378	0.383	0.282	0.226	0.145	0.120
12/12/25 06:00	0.271	0.263	0.256	0.249	0.389	0.376	0.381	0.296	0.226	0.145	0.145
12/12/25 07:00	0.280	0.267	0.258	0.258	0.389	0.370	0.381	0.313	0.228	0.145	0.145
12/12/25 08:00	0.283	0.269	0.260	0.278	0.389	0.358	0.380	0.323	0.238	0.155	0.142
12/12/25 09:00	0.283	0.268	0.261	0.287	0.372	0.334	0.379	0.333	0.221	0.145	0.145
12/12/25 10:00	0.281	0.265	0.264	0.295	0.333	0.300	0.367	0.327	0.221	0.145	0.145
12/12/25 11:00	0.278	0.263	0.265	0.307	0.306	0.277	0.356	0.320	0.221	0.145	0.145
12/12/25 12:00	0.276	0.263	0.265	0.315	0.284	0.276	0.352	0.313	0.221	0.145	0.145
12/12/25 13:00	0.276	0.262	0.264	0.323	0.290	0.284	0.356	0.318	0.228	0.145	0.145
12/12/25 14:00	0.278	0.262	0.263	0.335	0.313	0.288	0.363	0.327	0.235	0.191	0.191
12/12/25 15:00	0.279	0.263	0.264	0.347	0.345	0.297	0.369	0.333	0.315	0.295	0.234
12/12/25 16:00	0.279	0.262	0.265	0.369	0.381	0.305	0.376	0.341	0.333	0.234	0.234
12/12/25 17:00	0.283	0.265	0.267	0.374	0.386	0.322	0.373	0.337	0.372	0.264	0.234
12/12/25 18:00	0.280	0.262	0.267	0.373	0.382	0.327	0.372	0.334	0.396	0.234	0.234
12/12/25 19:00	0.277	0.259	0.266	0.365	0.383	0.327	0.369	0.323	0.396	0.240	0.240
12/12/25 20:00	0.273	0.258	0.261	0.356	0.385	0.314	0.367	0.308	0.315	0.234	0.234
12/12/25 21:00	0.269	0.257	0.261	0.351	0.388	0.307	0.365	0.289	0.301	0.234	0.234
12/12/25 22:00	0.265	0.256	0.260	0.347	0.389	0.292	0.365	0.272	0.302	0.240	0.234
12/12/25 23:00	0.264	0.256	0.259	0.343	0.390	0.276	0.364	0.259	0.307	0.240	0.234
13/12/25 00:00	0.265	0.254	0.260	0.339	0.390	0.257	0.364	0.256	0.307	0.234	0.234
13/12/25 01:00	0.264	0.253	0.259	0.331	0.389	0.264	0.365	0.254	0.301	0.207	0.212
13/12/25 02:00	0.263	0.253	0.258	0.327	0.391	0.284	0.366	0.257	0.307	0.219	0.234
13/12/25 03:00	0.263	0.249	0.257	0.329	0.391	0.290	0.367	0.257	0.307	0.219	0.234
13/12/25 04:00	0.263	0.250	0.257	0.329	0.392	0.300	0.366	0.272	0.307	0.219	0.234
13/12/25 05:00	0.264	0.253	0.256	0.327	0.391	0.324	0.360	0.287	0.307	0.219	0.234
13/12/25 06:00	0.269	0.255	0.257	0.339	0.389	0.348	0.356	0.302	0.301	0.234	0.234
13/12/25 07:00	0.276	0.259	0.258	0.350	0.389	0.372	0.356	0.323	0.341	0.243	0.243
13/12/25 08:00	0.277	0.261	0.259	0.351	0.391	0.376	0.355	0.348	0.366	0.264	0.234
13/12/25 09:00	0.277	0.261	0.261	0.355	0.371	0.371	0.356	0.348	0.300	0.240	0.302
13/12/25 10:00	0.276	0.259	0.263	0.353	0.333	0.351	0.353	0.320	0.300	0.240	0.234
13/12/25 11:00	0.275	0.260	0.264	0.346	0.311	0.325	0.351	0.274	0.300	0.240	0.234
13/12/25 12:00	0.275	0.260	0.264	0.341	0.303	0.329	0.353	0.249	0.300	0.240	0.234
13/12/25 13:00	0.275	0.259	0.262	0.344	0.302	0.327	0.358	0.220	0.297	0.240	0.234
13/12/25 14:00	0.275	0.258	0.261	0.352	0.343	0.326	0.368	0.230	0.307	0.234	0.234
13/12/25 15:00	0.277	0.258	0.260	0.364	0.373	0.338	0.376	0.279	0.341	0.259	0.234
13/12/25 16:00	0.279	0.259	0.261	0.376	0.387	0.344	0.382	0.354	0.500	0.268	0.234
13/12/25 17:00	0.282	0.264	0.264	0.379	0.388	0.339	0.383	0.352	0.500	0.268	0.234
13/12/25 18:00	0.282	0.262	0.265	0.375	0.383	0.327	0.380	0.343	0.500	0.234	0.234
13/12/25 19:00	0.278	0.260	0.262	0.371	0.382	0.312	0.376	0.336	0.500	0.234	0.234
13/12/25 20:00	0.272	0.258	0.256	0.368	0.382	0.301	0.372	0.326	0.445	0.234	0.234
13/12/25 21:00	0.266	0.257	0.259	0.362	0.381	0.277	0.367	0.307	0.396	0.295	0.295
13/12/25 22:00	0.268	0.256	0.258	0.354	0.384	0.262	0.362	0.288	0.315	0.234	0.234
13/12/25 23:00	0.264	0.256	0.256	0.353	0.390	0.247	0.362	0.270	0.299	0.234	0.234
14/12/25 00:00	0.264	0.256	0.256	0.352	0.398	0.238	0.356	0.245	0.258	0.234	0.234
14/12/25 01:00	0.264	0.255	0.255	0.351	0.405	0.247	0.342	0.226	0.245	0.234	0.234
14/12/25 02:00	0.264	0.255	0.254	0.345	0.408	0.262	0.327	0.215	0.239	0.234	0.234
14/12/25 03:00	0.263	0.252	0.252	0.342	0.411	0.276	0.316	0.208	0.235	0.234	0.234
14/12/25 04:00	0.264	0.250	0.252	0.356	0.413	0.314	0.300	0.203	0.235	0.219	0.219
14/12/25 05:00	0.266	0.249	0.255	0.365	0.411	0.348	0.295	0.194	0.287	0.241	0.241
14/12/25 06:00	0.271	0.250	0.257	0.365	0.408	0.370	0.290	0.177	0.298	0.264	0.264
14/12/25 07:00	0.277	0.253	0.260	0.374	0.406	0.380	0.283	0.166	0.297	0.302	0.234
14/12/25 08:00	0.283	0.256	0.259	0.380	0.404	0.386	0.274	0.160	0.290	0.295	0.234
14/12/25 09:00	0.282	0.257	0.260	0.377	0.390	0.382	0.275	0.152	0.245	0.234	0.234
14/12/25 10:00	0.280	0.256	0.259	0.366	0.331	0.357	0.254	0.140	0.235	0.219	0.234
14/12/25 11:00	0.280	0.256	0.259	0.355	0.297	0.336	0.236	0.130	0.235	0.219	0.219
14/12/25 12:00	0.279	0.257	0.257	0.350	0.288	0.324	0.231	0.136	0.235	0.219	0.219
14/12/25 13:00	0.279	0.257	0.257	0.355	0.288	0.326	0.230	0.153	0.235	0.219	0.219
14/12/25 14:00	0.279	0.257	0.262	0.364	0.310	0.340	0.225	0.165	0.235	0.234	0.234
14/12/25 15:00	0.279	0.257	0.265	0.371	0.350	0.351	0.242	0.176	0.235	0.268	0.234
14/12/25 16:00	0.280	0.257	0.265	0.380	0.394	0.370	0.250	0.189	0.235	0.240	0.234
14/12/25 17:00	0.286	0.259	0.268	0.380	0.403	0.368	0.273	0.204	0.250	0.500	0.315
14/12/25 18:00	0.280	0.259	0.264	0.379	0.403	0.362	0.276	0.202	0.235	0.212	0.219
14/12/25 19:00	0.276	0.258	0.263	0.381	0.398	0.357	0.273	0.197	0.233	0.234	0.234
14/12/25 20:00	0.274	0.258	0.259	0.377	0.400	0.355	0.264	0.180	0.233	0.207	0.207
14/12/25 21:00	0.269	0.256	0.259	0.366	0.396	0.358	0.270	0.151	0.233	0.207	0.207
14/12/25 22:00	0.268	0.256	0.259	0.361	0.392	0.358	0.257	0.143	0.226	0.212	0.212
14/12/25 23:00	0.265	0.256	0.257	0.354	0.390	0.349	0.247	0.131	0.226	0.189	0.183
15/12/25 00:00	0.270	0.256	0.257	0.345	0.393	0.347	0.237	0.121	0.226	0.145	0.145
15/12/25 01:00	0.265	0.256	0.257	0.340	0.399	0.329	0.215	0.118	0.120	0.145	0.145
15/12/25 02:00	0.265	0.254	0.256	0.341	0.399	0.326	0.187	0.118	0.120	0.142	0.142
15/12/25 03:00	0.265	0.247	0.256	0.344	0.396	0.322	0.174	0.118	0.120	0.120	0.120
15/12/25 04:00	0.264	0.245	0.256	0.348	0.392	0.317	0.178	0.120	0.120	0.155	0.120
15/12/25 05:00	0.264	0.247	0.258	0.347	0.387	0.333	0.184	0.128	0.120	0.120	0.120
15/12/25 06:00	0.264	0.252	0.258	0.353	0.384	0.356	0.175	0.163	0.112	0.120	0.120
15/12/25 07:00	0.266	0.255	0.260	0.360	0.381	0.362	0.169	0.206	0.112	0.120	0.120
15/12/25 08:00	0.268	0.253	0.267	0.364	0.377	0.361	0.166	0.221	0.112	0.114	0.120
15/12/25 09:00	0.272	0.256	0.267	0.361	0.359	0.352	0.153	0.212	0.112	0.114	0.114
15/12/25 10:00	0.272	0.257	0.267	0.356	0.316	0.331	0.142	0.185	0.112	0.080	0.081
15/12/25 11:00	0.273	0.257	0.268	0.346	0.292	0.312	0.129	0.174	0.112	0.107	0.095
15/12/25 12:00	0.271	0.257	0.268	0.340	0.275	0.300	0.121	0.167	0.112	0.107	0.072
15/12/25 13:00	0.269	0.257	0.267	0.341	0.282	0.286	0.116	0.166	0.112	0.095	0.095
15/12/25 14:00	0.267	0.258	0.267	0.342	0.308	0.291	0.123	0.188	0.072	0.114	0.114
15/12/25 15:00	0.268	0.260	0.267	0.361	0.340	0.316	0.130	0.211	0.072	0.114	0.114
15/12/25 16:00	0.268	0.256	0.268	0.380	0.376	0.342	0.145	0.268	0.094	0.112	0.114
15/12/25 17:00	0.273	0.258	0.273	0.386	0.383	0.348	0.157	0.293	0.094	0.072	0.072
15/12/25 18:00	0.268	0.260	0.261	0.391	0.381	0.342	0.151	0.281	0.094	0.114	0.112
15/12/25 19:00	0.267	0.260	0.260	0.393	0.377	0.334	0.137	0.265	0.072	0.095	0.095
15/12/25 20:00	0.271	0.258	0.259	0.396	0.376	0.330	0.116	0.243	0.072	0.095	0.095
15/12/25 21:00	0.265	0.256	0.260	0.399	0.363	0.308	0.106	0.228	0.072	0.072	0.072
15/12/25 22:00	0.265	0.256	0.260	0.402	0.356	0.283	0.104	0.212	0.112	0.072	0.072
15/12/25 23:00	0.263	0.256	0.259	0.406	0.356	0.258	0.102	0.217	0.104	0.072	0.112
16/12/25 00:00	0.263	0.256	0.260	0.409	0.355	0.220	0.099	0.250	0.072	0.072	0.072
16/12/25 01:00	0.265	0.256	0.260	0.410	0.359	0.205	0.097	0.266	0.080	0.072	0.072
16/12/25 02:00	0.266	0.254	0.259	0.419	0.363	0.196	0.100	0.271	0.104	0.072	0.072
16/12/25 03:00	0.264	0.254	0.259	0.424	0.369	0.184	0.102	0.263	0.104	0.072	0.072
16/12/25 04:00	0.263	0.254	0.258	0.421	0.378	0.175	0.102	0.268	0.104	0.072	0.072
16/12/25 05:00	0.263	0.255	0.259	0.421	0.382	0.176	0.106	0.286	0.112	0.072	0.081
16/12/25 06:00	0.265	0.258	0.259	0.415	0.389	0.180	0.114	0.296	0.112	0.072	0.081
16/12/25 07:00	0.271	0.264	0.262	0.415	0.388	0.193	0.132	0.309	0.072	0.072	0.072
16/12/25 08:00	0.264	0.261	0.263	0.415	0.397	0.206	0.155	0.323	0.072	0.112	0.112
16/12/25 09:00	0.270	0.262	0.267	0.409	0.389	0.199	0.166	0.319	0.072	0.072	0.081
16/12/25 10:00	0.277	0.260	0.263	0.389	0.361	0.180	0.167	0.284	0.104	0.072	0.072
16/12/25 11:00	0.278	0.263	0.260	0.369	0.347	0.182	0.166	0.270	0.104	0.072	0.072
16/12/25 12:00	0.278	0.261	0.259	0.359	0.348	0.176	0.162	0.273	0.104	0.072	0.072
16/12/25 13:00	0.278	0.261	0.260	0.363	0.347	0.169	0.158	0.284	0.072	0.072	0.072
16/12/25 14:00	0.275	0.262	0.260	0.373	0.362	0.171	0.156	0.295	0.112	0.120	0.120
16/12/25 15:00	0.271	0.262	0.261	0.393	0.382	0.181	0.167	0.329	0.120	0.120	0.120
16/12/25 16:00	0.268	0.264	0.266	0.415	0.407	0.184	0.170	0.361	0.094	0.112	0.142
16/12/25 17:00	0.272	0.264	0.268	0.419	0.410	0.186	0.173	0.364	0.095	0.127	0.127
16/12/25 18:00	0.274	0.264	0.261	0.419	0.410	0.185	0.168	0.367	0.094	0.120	0.141
16/12/25 19:00	0.272	0.262	0.261	0.419	0.410	0.180	0.159	0.375	0.104	0.114	0.114
16/12/25 20:00	0.270	0.260	0.260	0.418	0.410	0.165	0.146	0.376	0.094	0.112	0.114
16/12/25 21:00	0.269	0.259	0.259	0.419	0.407	0.158	0.134	0.379	0.120	0.112	0.114
16/12/25 22:00	0.267	0.258	0.260	0.421	0.400	0.154	0.125	0.386	0.120	0.120	0.114
16/12/25 23:00	0.265	0.257	0.259	0.426	0.395	0.153	0.123	0.381	0.112	0.114	0.114
17/12/25 00:00	0.265	0.255	0.258	0.431	0.392	0.151	0.121	0.370	0.112	0.114	0.114
17/12/25 01:00	0.264	0.255	0.260	0.432	0.385	0.146	0.125	0.368	0.120	0.114	0.120
17/12/25 02:00	0.263	0.254	0.261	0.436	0.379	0.144	0.131	0.375	0.112	0.120	0.120
17/12/25 03:00	0.263	0.254	0.258	0.435	0.364	0.147	0.143	0.374	0.120	0.120	0.120
17/12/25 04:00	0.263	0.254	0.256	0.431	0.353	0.147	0.166	0.371	0.120	0.142	0.142
17/12/25 05:00	0.264	0.255	0.257	0.427	0.347	0.139	0.206	0.366	0.221	0.142	0.142
17/12/25 06:00	0.271	0.257	0.259	0.419	0.346	0.139	0.244	0.365	0.226	0.145	0.145
17/12/25 07:00	0.277	0.261	0.264	0.414	0.343	0.139	0.253	0.374	0.228	0.145	0.145
17/12/25 08:00	0.280	0.263	0.268	0.413	0.342	0.141	0.271	0.379	0.226	0.145	0.145
17/12/25 09:00	0.280	0.260	0.263	0.411	0.337	0.136	0.262	0.376	0.221	0.145	0.145
17/12/25 10:00	0.279	0.259	0.261	0.403	0.309	0.129	0.255	0.359	0.226	0.145	0.145
17/12/25 11:00	0.278	0.258	0.260	0.399	0.291	0.118	0.242	0.341	0.226	0.145	0.145
17/12/25 12:00	0.277	0.256	0.260	0.394	0.283	0.100	0.237	0.324	0.226	0.145	0.145
17/12/25 13:00	0.277	0.256	0.260	0.392	0.282	0.091	0.244	0.320	0.228	0.145	0.145
17/12/25 14:00	0.277	0.258	0.261	0.397	0.293	0.095	0.259	0.314	0.240	0.197	0.191
17/12/25 15:00	0.277	0.260	0.266	0.402	0.316	0.117	0.265	0.313	0.235	0.207	0.219
17/12/25 16:00	0.277	0.260	0.266	0.403	0.342	0.152	0.280	0.320	0.235	0.234	0.234
17/12/25 17:00	0.279	0.260	0.270	0.405	0.348	0.169	0.284	0.309	0.237	0.234	0.234
17/12/25 18:00	0.279	0.258	0.265	0.403	0.351	0.177	0.279	0.300	0.241	0.234	0.234
17/12/25 19:00	0.277	0.257	0.265	0.402	0.350	0.177	0.266	0.276	0.235	0.234	0.234
17/12/25 20:00	0.276	0.256	0.262	0.402	0.349	0.167	0.236	0.245	0.235	0.234	0.234
17/12/25 21:00	0.271	0.256	0.261	0.409	0.346	0.155	0.201	0.224	0.235	0.219	0.234
17/12/25 22:00	0.267	0.255	0.261	0.411	0.346	0.149	0.177	0.195	0.230	0.219	0.234
17/12/25 23:00	0.266	0.254	0.259	0.415	0.348	0.145	0.152	0.145	0.230	0.219	0.219
18/12/25 00:00	0.264	0.256	0.259	0.419	0.341	0.146	0.115	0.106	0.230	0.207	0.219
18/12/25 01:00	0.264	0.254	0.257	0.418	0.340	0.155	0.102	0.079	0.230	0.207	0.219
18/12/25 02:00	0.263	0.254	0.257	0.418	0.349	0.160	0.100	0.075	0.230	0.207	0.219
18/12/25 03:00	0.263	0.252	0.257	0.419	0.357	0.163	0.100	0.077	0.230	0.197	0.219
18/12/25 04:00	0.263	0.253	0.256	0.421	0.366	0.165	0.102	0.077	0.235	0.197	0.219
18/12/25 05:00	0.264	0.254	0.257	0.423	0.375	0.170	0.104	0.080	0.235	0.219	0.219
18/12/25 06:00	0.268	0.257	0.259	0.415	0.376	0.190	0.106	0.090	0.235	0.207	0.207
18/12/25 07:00	0.274	0.260	0.264	0.412	0.367	0.199	0.106	0.103	0.241	0.219	0.219
18/12/25 08:00	0.275	0.265	0.267	0.410	0.359	0.196	0.109	0.119	0.240	0.219	0.219
18/12/25 09:00	0.274	0.264	0.264	0.407	0.331	0.191	0.110	0.124	0.237	0.219	0.219
18/12/25 10:00	0.273	0.261	0.263	0.394	0.300	0.184	0.100	0.117	0.241	0.234	0.234
18/12/25 11:00	0.272	0.263	0.262	0.385	0.296	0.171	0.095	0.104	0.239	0.234	0.234
18/12/25 12:00	0.271	0.262	0.259	0.380	0.300	0.158	0.094	0.095	0.239	0.234	0.219
18/12/25 13:00	0.271	0.262	0.259	0.381	0.298	0.156	0.098	0.091	0.239	0.219	0.219
18/12/25 14:00	0.272	0.262	0.262	0.387	0.298	0.167	0.101	0.113	0.239	0.219	0.219
18/12/25 15:00	0.271	0.262	0.263	0.398	0.308	0.173	0.104	0.132	0.261	0.219	0.219
18/12/25 16:00	0.271	0.264	0.263	0.406	0.310	0.180	0.116	0.133	0.260	0.240	0.234
18/12/25 17:00	0.272	0.266	0.264	0.406	0.314	0.180	0.127	0.117	0.261	0.240	0.234
18/12/25 18:00	0.267	0.264	0.260	0.404	0.307	0.179	0.125	0.105	0.260	0.240	0.234
18/12/25 19:00	0.265	0.262	0.260	0.404	0.298	0.173	0.111	0.086	0.244	0.240	0.234
18/12/25 20:00	0.266	0.261	0.259	0.404	0.282	0.166	0.101	0.079	0.239	0.243	0.243
18/12/25 21:00	0.266	0.258	0.259	0.402	0.270	0.156	0.093	0.075	0.239	0.240	0.240
18/12/25 22:00	0.265	0.257	0.258	0.401	0.260	0.145	0.090	0.067	0.239	0.240	0.240
18/12/25 23:00	0.264	0.255	0.256	0.400	0.246	0.145	0.085	0.060	0.235	0.241	0.234
19/12/25 00:00	0.264	0.253	0.259	0.399	0.219	0.141	0.082	0.059	0.239	0.240	0.234
19/12/25 01:00	0.264	0.251	0.257	0.397	0.208	0.141	0.082	0.060	0.239	0.219	0.234
19/12/25 02:00	0.265	0.251	0.255	0.385	0.207	0.139	0.081	0.062	0.235	0.207	0.219
19/12/25 03:00	0.265	0.250	0.253	0.367	0.203	0.142	0.081	0.072	0.235	0.212	0.219
19/12/25 04:00	0.264	0.247	0.251	0.369	0.198	0.145	0.079	0.082	0.239	0.212	0.219
19/12/25 05:00	0.266	0.248	0.252	0.360	0.208	0.156	0.080	0.101	0.239	0.234	0.234
19/12/25 06:00	0.265	0.254	0.251	0.364	0.231	0.179	0.089	0.144	0.254	0.240	0.234
19/12/25 07:00	0.271	0.259	0.256	0.373	0.248	0.201	0.100	0.210	0.303	0.315	0.264
19/12/25 08:00	0.276	0.260	0.257	0.379	0.251	0.205	0.117	0.245	0.396	0.315	0.268
19/12/25 09:00	0.280	0.259	0.259	0.379	0.248	0.209	0.127	0.266	0.260	0.264	0.264
19/12/25 10:00	0.278	0.258	0.257	0.370	0.237	0.220	0.126	0.258	0.258	0.240	0.234
19/12/25 11:00	0.273	0.258	0.257	0.357	0.229	0.226	0.127	0.231	0.260	0.241	0.234
19/12/25 12:00	0.273	0.257	0.261	0.353	0.223	0.223	0.122	0.206	0.258	0.241	0.234
19/12/25 13:00	0.273	0.257	0.259	0.348	0.220	0.243	0.115	0.188	0.294	0.264	0.234
19/12/25 14:00	0.273	0.257	0.259	0.348	0.226	0.261	0.126	0.195	0.315	0.315	0.234
19/12/25 15:00	0.273	0.258	0.259	0.347	0.241	0.277	0.147	0.219	0.315	0.315	0.234
19/12/25 16:00	0.273	0.258	0.261	0.345	0.250	0.305	0.163	0.267	0.320	0.315	0.234
19/12/25 17:00	0.273	0.259	0.267	0.337	0.250	0.320	0.166	0.276	0.423	0.315	0.234
19/12/25 18:00	0.273	0.259	0.268	0.362	0.247	0.312	0.156	0.278	0.423	0.315	0.315
19/12/25 19:00	0.273	0.258	0.270	0.374	0.243	0.284	0.140	0.282	0.396	0.315	0.268
19/12/25 20:00	0.272	0.257	0.259	0.380	0.235	0.264	0.131	0.278	0.396	0.315	0.268
19/12/25 21:00	0.268	0.256	0.260	0.381	0.230	0.244	0.126	0.273	0.396	0.302	0.234
19/12/25 22:00	0.266	0.256	0.264	0.386	0.228	0.230	0.116	0.279	0.396	0.240	0.234
19/12/25 23:00	0.265	0.254	0.260	0.396	0.216	0.201	0.108	0.283	0.500	0.315	0.315
20/12/25 00:00	0.263	0.252	0.263	0.409	0.194	0.183	0.104	0.296	0.261	0.241	0.241
20/12/25 01:00	0.263	0.252	0.258	0.416	0.169	0.166	0.104	0.303	0.260	0.240	0.234
20/12/25 02:00	0.263	0.252	0.257	0.421	0.160	0.158	0.103	0.307	0.261	0.240	0.234
20/12/25 03:00	0.262	0.247	0.254	0.424	0.158	0.152	0.107	0.315	0.266	0.240	0.234
20/12/25 04:00	0.262	0.250	0.254	0.423	0.164	0.145	0.118	0.322	0.277	0.241	0.234
20/12/25 05:00	0.263	0.254	0.254	0.418	0.175	0.141	0.140	0.325	0.286	0.268	0.234
20/12/25 06:00	0.266	0.256	0.255	0.413	0.206	0.146	0.186	0.342	0.396	0.315	0.315
20/12/25 07:00	0.271	0.258	0.255	0.410	0.236	0.162	0.220	0.353	0.396	0.315	0.234
20/12/25 08:00	0.272	0.258	0.257	0.411	0.250	0.169	0.242	0.354	0.396	0.315	0.234
20/12/25 09:00	0.272	0.261	0.261	0.406	0.245	0.166	0.242	0.347	0.366	0.268	0.234
20/12/25 10:00	0.271	0.258	0.260	0.388	0.236	0.156	0.204	0.316	0.366	0.264	0.234
20/12/25 11:00	0.271	0.262	0.260	0.371	0.231	0.134	0.165	0.287	0.327	0.315	0.264
20/12/25 12:00	0.271	0.258	0.263	0.358	0.236	0.130	0.148	0.291	0.327	0.240	0.234
20/12/25 13:00	0.271	0.265	0.261	0.362	0.246	0.137	0.140	0.303	0.327	0.240	0.234
20/12/25 14:00	0.270	0.261	0.260	0.375	0.267	0.145	0.149	0.315	0.348	0.264	0.234
20/12/25 15:00	0.270	0.258	0.260	0.392	0.293	0.155	0.173	0.324	0.500	0.264	0.234
20/12/25 16:00	0.271	0.258	0.261	0.412	0.329	0.179	0.194	0.331	0.396	0.234	0.234
20/12/25 17:00	0.275	0.263	0.264	0.416	0.359	0.183	0.191	0.322	0.281	0.212	0.219
20/12/25 18:00	0.273	0.258	0.264	0.416	0.376	0.174	0.177	0.312	0.228	0.207	0.219
20/12/25 19:00	0.273	0.257	0.259	0.414	0.389	0.158	0.162	0.299	0.228	0.189	0.219
20/12/25 20:00	0.267	0.256	0.258	0.412	0.399	0.142	0.135	0.289	0.228	0.189	0.189
20/12/25 21:00	0.265	0.256	0.259	0.411	0.409	0.132	0.116	0.273	0.226	0.141	0.141
20/12/25 22:00	0.264	0.255	0.261	0.413	0.413	0.120	0.108	0.263	0.226	0.145	0.145
20/12/25 23:00	0.262	0.254	0.257	0.417	0.419	0.118	0.101	0.259	0.217	0.145	0.145
21/12/25 00:00	0.261	0.253	0.258	0.420	0.421	0.114	0.089	0.266	0.120	0.120	0.145
21/12/25 01:00	0.261	0.253	0.256	0.422	0.430	0.113	0.083	0.269	0.120	0.120	0.141
21/12/25 02:00	0.261	0.244	0.256	0.422	0.430	0.115	0.085	0.268	0.120	0.120	0.141
21/12/25 03:00	0.259	0.254	0.255	0.421	0.426	0.117	0.094	0.270	0.157	0.141	0.141
21/12/25 04:00	0.260	0.255	0.256	0.419	0.416	0.114	0.108	0.284	0.195	0.141	0.141
21/12/25 05:00	0.262	0.254	0.258	0.417	0.405	0.115	0.121	0.286	0.187	0.141	0.141
21/12/25 06:00	0.265	0.254	0.261	0.414	0.396	0.109	0.124	0.292	0.120	0.141	0.141
21/12/25 07:00	0.270	0.256	0.264	0.412	0.390	0.112	0.120	0.301	0.112	0.112	0.120
21/12/25 08:00	0.272	0.254	0.266	0.409	0.375	0.116	0.111	0.316	0.112	0.112	0.120
21/12/25 09:00	0.274	0.256	0.265	0.389	0.351	0.117	0.101	0.315	0.110	0.120	0.141
21/12/25 10:00	0.271	0.257	0.265	0.348	0.312	0.123	0.087	0.280	0.104	0.114	0.120
21/12/25 11:00	0.269	0.257	0.265	0.322	0.282	0.124	0.079	0.230	0.104	0.114	0.120
21/12/25 12:00	0.270	0.257	0.266	0.319	0.261	0.108	0.075	0.200	0.104	0.120	0.127
21/12/25 13:00	0.267	0.256	0.265	0.337	0.254	0.104	0.076	0.194	0.112	0.120	0.141
21/12/25 14:00	0.267	0.257	0.263	0.353	0.258	0.108	0.078	0.203	0.120	0.120	0.141
21/12/25 15:00	0.266	0.257	0.261	0.377	0.276	0.117	0.079	0.248	0.120	0.120	0.141
21/12/25 16:00	0.266	0.257	0.261	0.405	0.292	0.135	0.080	0.291	0.112	0.120	0.141
21/12/25 17:00	0.274	0.259	0.263	0.410	0.294	0.142	0.081	0.269	0.120	0.124	0.112
21/12/25 18:00	0.269	0.258	0.259	0.409	0.288	0.138	0.080	0.236	0.112	0.114	0.120
21/12/25 19:00	0.265	0.257	0.261	0.409	0.293	0.134	0.082	0.204	0.112	0.114	0.120
21/12/25 20:00	0.265	0.254	0.258	0.406	0.309	0.126	0.083	0.174	0.112	0.114	0.120
21/12/25 21:00	0.265	0.254	0.258	0.404	0.316	0.114	0.081	0.135	0.112	0.114	0.120
21/12/25 22:00	0.264	0.253	0.260	0.404	0.323	0.109	0.082	0.124	0.112	0.114	0.114
21/12/25 23:00	0.264	0.253	0.259	0.406	0.335	0.106	0.082	0.114	0.112	0.114	0.114
22/12/25 00:00	0.265	0.248	0.249	0.407	0.355	0.105	0.078	0.111	0.112	0.114	0.114
22/12/25 01:00	0.263	0.251	0.254	0.410	0.375	0.107	0.076	0.114	0.112	0.114	0.114
22/12/25 02:00	0.262	0.248	0.246	0.414	0.397	0.104	0.077	0.117	0.112	0.114	0.114
22/12/25 03:00	0.258	0.253	0.246	0.417	0.413	0.105	0.077	0.121	0.112	0.114	0.114
22/12/25 04:00	0.259	0.253	0.242	0.416	0.422	0.107	0.078	0.129	0.112	0.114	0.114
22/12/25 05:00	0.260	0.251	0.243	0.414	0.424	0.108	0.082	0.135	0.112	0.114	0.114
22/12/25 06:00	0.261	0.253	0.254	0.406	0.416	0.108	0.084	0.168	0.112	0.120	0.120
22/12/25 07:00	0.256	0.252	0.263	0.400	0.407	0.111	0.088	0.209	0.112	0.120	0.120
22/12/25 08:00	0.262	0.254	0.260	0.396	0.400	0.117	0.089	0.246	0.120	0.120	0.120
22/12/25 09:00	0.269	0.256	0.261	0.387	0.382	0.121	0.091	0.246	0.120	0.112	0.120
22/12/25 10:00	0.269	0.258	0.264	0.364	0.335	0.115	0.086	0.213	0.120	0.112	0.120
22/12/25 11:00	0.268	0.259	0.265	0.346	0.278	0.107	0.077	0.203	0.120	0.112	0.120
22/12/25 12:00	0.271	0.256	0.264	0.336	0.248	0.103	0.072	0.199	0.112	0.120	0.120
22/12/25 13:00	0.267	0.257	0.263	0.334	0.254	0.100	0.070	0.200	0.112	0.112	0.120
22/12/25 14:00	0.266	0.257	0.263	0.351	0.274	0.100	0.073	0.216	0.195	0.112	0.120
22/12/25 15:00	0.266	0.258	0.262	0.371	0.304	0.104	0.084	0.251	0.170	0.112	0.120
22/12/25 16:00	0.267	0.258	0.265	0.396	0.334	0.110	0.103	0.271	0.170	0.145	0.120
22/12/25 17:00	0.274	0.259	0.266	0.396	0.348	0.111	0.124	0.271	0.175	0.145	0.145
22/12/25 18:00	0.275	0.258	0.266	0.386	0.353	0.107	0.129	0.266	0.197	0.141	0.141
22/12/25 19:00	0.271	0.257	0.265	0.385	0.340	0.107	0.126	0.263	0.197	0.141	0.141
22/12/25 20:00	0.270	0.256	0.262	0.382	0.344	0.104	0.123	0.247	0.170	0.145	0.145
22/12/25 21:00	0.267	0.255	0.260	0.385	0.347	0.099	0.125	0.222	0.170	0.145	0.145
22/12/25 22:00	0.272	0.255	0.261	0.390	0.355	0.097	0.109	0.185	0.170	0.141	0.141
22/12/25 23:00	0.273	0.248	0.259	0.392	0.363	0.101	0.105	0.158	0.170	0.145	0.120
23/12/25 00:00	0.262	0.251	0.258	0.394	0.368	0.109	0.108	0.132	0.120	0.120	0.120
23/12/25 01:00	0.263	0.254	0.256	0.388	0.372	0.115	0.105	0.110	0.112	0.120	0.112
23/12/25 02:00	0.265	0.254	0.256	0.381	0.378	0.120	0.098	0.103	0.112	0.120	0.112
23/12/25 03:00	0.263	0.254	0.256	0.372	0.395	0.118	0.084	0.092	0.112	0.120	0.112
23/12/25 04:00	0.258	0.252	0.256	0.356	0.414	0.114	0.080	0.095	0.120	0.141	0.141
23/12/25 05:00	0.261	0.241	0.258	0.347	0.425	0.110	0.087	0.098	0.120	0.141	0.141
23/12/25 06:00	0.267	0.251	0.260	0.367	0.428	0.108	0.091	0.105	0.120	0.141	0.141
23/12/25 07:00	0.265	0.254	0.262	0.368	0.426	0.113	0.102	0.115	0.112	0.120	0.120
23/12/25 08:00	0.264	0.258	0.265	0.362	0.427	0.115	0.114	0.130	0.112	0.120	0.112
23/12/25 09:00	0.265	0.258	0.265	0.352	0.422	0.116	0.116	0.130	0.112	0.120	0.112
23/12/25 10:00	0.271	0.257	0.265	0.334	0.403	0.111	0.100	0.127	0.112	0.114	0.114
23/12/25 11:00	0.273	0.257	0.266	0.325	0.390	0.105	0.086	0.120	0.112	0.114	0.114
23/12/25 12:00	0.273	0.257	0.266	0.314	0.388	0.098	0.077	0.118	0.112	0.120	0.120
23/12/25 13:00	0.266	0.256	0.266	0.305	0.382	0.100	0.093	0.122	0.112	0.120	0.112
23/12/25 14:00	0.266	0.257	0.263	0.308	0.378	0.106	0.118	0.126	0.112	0.120	0.112
23/12/25 15:00	0.267	0.257	0.262	0.318	0.342	0.114	0.149	0.126	0.112	0.120	0.120
23/12/25 16:00	0.270	0.257	0.262	0.322	0.341	0.119	0.184	0.122	0.112	0.112	0.120
23/12/25 17:00	0.273	0.259	0.265	0.312	0.339	0.118	0.212	0.120	0.112	0.120	0.120
23/12/25 18:00	0.275	0.259	0.264	0.305	0.320	0.115	0.227	0.117	0.112	0.120	0.120
23/12/25 19:00	0.276	0.258	0.261	0.298	0.306	0.106	0.243	0.108	0.112	0.114	0.114
23/12/25 20:00	0.269	0.257	0.259	0.290	0.291	0.099	0.254	0.098	0.112	0.114	0.114
23/12/25 21:00	0.265	0.256	0.258	0.279	0.278	0.095	0.268	0.088	0.112	0.114	0.114
23/12/25 22:00	0.266	0.255	0.256	0.279	0.270	0.092	0.273	0.084	0.112	0.114	0.114
23/12/25 23:00	0.265	0.255	0.254	0.283	0.255	0.090	0.287	0.081	0.112	0.072	0.072
24/12/25 00:00	0.260	0.256	0.250	0.292	0.224	0.090	0.299	0.073	0.094	0.072	0.072
24/12/25 01:00	0.259	0.256	0.252	0.301	0.204	0.095	0.313	0.071	0.072	0.072	0.072
24/12/25 02:00	0.258	0.255	0.245	0.301	0.198	0.096	0.310	0.072	0.072	0.072	0.072
24/12/25 03:00	0.257	0.253	0.245	0.293	0.199	0.097	0.300	0.073	0.072	0.072	0.072
24/12/25 04:00	0.261	0.245	0.244	0.289	0.206	0.097	0.284	0.076	0.112	0.072	0.081
24/12/25 05:00	0.261	0.246	0.246	0.297	0.208	0.097	0.273	0.083	0.112	0.072	0.081
24/12/25 06:00	0.262	0.254	0.256	0.310	0.218	0.100	0.272	0.091	0.112	0.072	0.081
24/12/25 07:00	0.263	0.256	0.264	0.316	0.237	0.102	0.273	0.096	0.112	0.072	0.112
24/12/25 08:00	0.266	0.256	0.262	0.322	0.268	0.105	0.272	0.103	0.072	0.114	0.114
24/12/25 09:00	0.274	0.257	0.269	0.340	0.283	0.100	0.264	0.102	0.072	0.095	0.095
24/12/25 10:00	0.271	0.256	0.265	0.338	0.273	0.098	0.254	0.080	0.072	0.095	0.095
24/12/25 11:00	0.268	0.257	0.262	0.338	0.262	0.087	0.242	0.063	0.112	0.114	0.114
24/12/25 12:00	0.268	0.257	0.263	0.343	0.253	0.087	0.236	0.056	0.112	0.114	0.114
24/12/25 13:00	0.267	0.257	0.261	0.356	0.246	0.083	0.243	0.052	0.112	0.114	0.114
24/12/25 14:00	0.266	0.257	0.261	0.376	0.266	0.085	0.268	0.057	0.112	0.072	0.081
24/12/25 15:00	0.266	0.257	0.258	0.389	0.293	0.086	0.284	0.070	0.112	0.072	0.112
24/12/25 16:00	0.275	0.258	0.263	0.400	0.350	0.088	0.293	0.098	0.112	0.095	0.112
24/12/25 17:00	0.283	0.259	0.266	0.398	0.385	0.086	0.302	0.105	0.112	0.095	0.112
24/12/25 18:00	0.285	0.257	0.267	0.394	0.391	0.084	0.312	0.101	0.112	0.095	0.112
24/12/25 19:00	0.275	0.256	0.267	0.388	0.383	0.082	0.317	0.097	0.112	0.095	0.095
24/12/25 20:00	0.265	0.256	0.260	0.381	0.375	0.081	0.326	0.092	0.112	0.095	0.095
24/12/25 21:00	0.267	0.255	0.255	0.368	0.353	0.081	0.319	0.090	0.112	0.095	0.095
24/12/25 22:00	0.268	0.256	0.255	0.345	0.319	0.083	0.318	0.085	0.112	0.095	0.095
24/12/25 23:00	0.272	0.254	0.254	0.331	0.302	0.097	0.310	0.081	0.112	0.095	0.095
25/12/25 00:00	0.278	0.252	0.254	0.318	0.284	0.097	0.298	0.083	0.112	0.095	0.095
25/12/25 01:00	0.275	0.252	0.253	0.310	0.269	0.095	0.299	0.085	0.112	0.095	0.095
25/12/25 02:00	0.274	0.247	0.247	0.302	0.258	0.096	0.303	0.086	0.104	0.095	0.095
25/12/25 03:00	0.264	0.245	0.246	0.289	0.259	0.097	0.304	0.086	0.112	0.112	0.112
25/12/25 04:00	0.262	0.244	0.246	0.278	0.260	0.097	0.303	0.087	0.112	0.107	0.114
25/12/25 05:00	0.262	0.247	0.246	0.273	0.251	0.099	0.301	0.091	0.112	0.112	0.114
25/12/25 06:00	0.267	0.244	0.252	0.268	0.248	0.101	0.315	0.098	0.112	0.114	0.114
25/12/25 07:00	0.268	0.247	0.252	0.272	0.265	0.108	0.322	0.105	0.112	0.114	0.114
25/12/25 08:00	0.261	0.253	0.264	0.278	0.294	0.115	0.328	0.113	0.112	0.114	0.114
25/12/25 09:00	0.264	0.255	0.255	0.281	0.305	0.129	0.326	0.116	0.112	0.114	0.114
25/12/25 10:00	0.276	0.256	0.258	0.264	0.308	0.129	0.316	0.090	0.112	0.114	0.114
25/12/25 11:00	0.268	0.256	0.261	0.246	0.315	0.117	0.294	0.076	0.112	0.114	0.114
25/12/25 12:00	0.261	0.255	0.260	0.230	0.322	0.119	0.280	0.069	0.112	0.114	0.114
25/12/25 13:00	0.266	0.256	0.257	0.229	0.332	0.113	0.274	0.069	0.112	0.114	0.114
25/12/25 14:00	0.262	0.256	0.258	0.251	0.352	0.112	0.283	0.083	0.112	0.114	0.114
25/12/25 15:00	0.262	0.256	0.260	0.280	0.359	0.122	0.303	0.116	0.112	0.114	0.114
25/12/25 16:00	0.263	0.258	0.263	0.306	0.373	0.132	0.317	0.164	0.112	0.114	0.114
25/12/25 17:00	0.276	0.262	0.264	0.312	0.393	0.133	0.318	0.173	0.112	0.114	0.114
25/12/25 18:00	0.274	0.260	0.264	0.313	0.402	0.126	0.308	0.179	0.112	0.114	0.114
25/12/25 19:00	0.274	0.258	0.263	0.312	0.400	0.116	0.301	0.184	0.112	0.114	0.114
25/12/25 20:00	0.267	0.256	0.262	0.310	0.378	0.113	0.310	0.185	0.112	0.095	0.095
25/12/25 21:00	0.270	0.256	0.262	0.310	0.358	0.110	0.321	0.188	0.112	0.095	0.095
25/12/25 22:00	0.264	0.256	0.262	0.314	0.348	0.110	0.337	0.194	0.112	0.072	0.095
25/12/25 23:00	0.264	0.255	0.261	0.321	0.320	0.110	0.345	0.203	0.112	0.072	0.081
26/12/25 00:00	0.262	0.256	0.259	0.328	0.307	0.105	0.345	0.206	0.095	0.072	0.072
26/12/25 01:00	0.264	0.256	0.254	0.332	0.263	0.099	0.345	0.211	0.112	0.072	0.072
26/12/25 02:00	0.262	0.255	0.252	0.335	0.228	0.097	0.351	0.203	0.112	0.072	0.072
26/12/25 03:00	0.263	0.255	0.249	0.338	0.209	0.097	0.349	0.210	0.112	0.072	0.072
26/12/25 04:00	0.264	0.255	0.248	0.322	0.196	0.099	0.353	0.214	0.112	0.095	0.095
26/12/25 05:00	0.262	0.252	0.248	0.320	0.180	0.101	0.357	0.208	0.112	0.114	0.114
26/12/25 06:00	0.265	0.252	0.248	0.324	0.172	0.104	0.359	0.218	0.112	0.114	0.114
26/12/25 07:00	0.265	0.252	0.250	0.326	0.169	0.110	0.362	0.231	0.112	0.114	0.114
26/12/25 08:00	0.265	0.254	0.254	0.324	0.165	0.108	0.364	0.236	0.112	0.114	0.114
26/12/25 09:00	0.268	0.256	0.257	0.317	0.158	0.112	0.369	0.245	0.112	0.114	0.114
26/12/25 10:00	0.271	0.256	0.268	0.291	0.151	0.098	0.360	0.199	0.112	0.114	0.112
26/12/25 11:00	0.273	0.257	0.260	0.269	0.154	0.081	0.349	0.164	0.112	0.114	0.114
26/12/25 12:00	0.273	0.257	0.261	0.266	0.149	0.081	0.341	0.155	0.112	0.112	0.114
26/12/25 13:00	0.266	0.256	0.263	0.274	0.153	0.092	0.345	0.158	0.112	0.114	0.114
26/12/25 14:00	0.265	0.257	0.260	0.292	0.163	0.105	0.356	0.169	0.112	0.114	0.114
26/12/25 15:00	0.265	0.258	0.258	0.322	0.193	0.145	0.368	0.195	0.072	0.112	0.114
26/12/25 16:00	0.267	0.258	0.261	0.346	0.250	0.196	0.376	0.248	0.080	0.112	0.114
26/12/25 17:00	0.276	0.260	0.270	0.351	0.275	0.246	0.378	0.249	0.094	0.112	0.114
26/12/25 18:00	0.274	0.260	0.273	0.351	0.266	0.278	0.379	0.252	0.112	0.114	0.114
26/12/25 19:00	0.273	0.259	0.276	0.355	0.253	0.296	0.380	0.258	0.072	0.112	0.114
26/12/25 20:00	0.269	0.257	0.258	0.357	0.238	0.309	0.381	0.269	0.072	0.112	0.114
26/12/25 21:00	0.268	0.257	0.256	0.363	0.219	0.308	0.381	0.268	0.112	0.114	0.114
26/12/25 22:00	0.269	0.257	0.254	0.372	0.210	0.313	0.383	0.264	0.112	0.095	0.112
26/12/25 23:00	0.265	0.256	0.249	0.372	0.204	0.309	0.384	0.266	0.112	0.095	0.095
27/12/25 00:00	0.265	0.254	0.243	0.378	0.191	0.310	0.384	0.262	0.112	0.072	0.081
27/12/25 01:00	0.265	0.254	0.242	0.381	0.183	0.305	0.381	0.253	0.094	0.072	0.112
27/12/25 02:00	0.263	0.253	0.242	0.390	0.180	0.297	0.377	0.244	0.072	0.072	0.072
27/12/25 03:00	0.262	0.253	0.241	0.387	0.180	0.282	0.378	0.242	0.072	0.072	0.072
27/12/25 04:00	0.262	0.253	0.241	0.388	0.182	0.258	0.378	0.242	0.072	0.072	0.072
27/12/25 05:00	0.263	0.254	0.249	0.387	0.206	0.236	0.380	0.243	0.072	0.072	0.072
27/12/25 06:00	0.265	0.255	0.258	0.388	0.241	0.225	0.381	0.234	0.094	0.072	0.072
27/12/25 07:00	0.271	0.258	0.268	0.393	0.279	0.214	0.380	0.237	0.094	0.072	0.072
27/12/25 08:00	0.271	0.258	0.258	0.392	0.295	0.187	0.379	0.229	0.094	0.072	0.072
27/12/25 09:00	0.275	0.259	0.268	0.390	0.296	0.177	0.375	0.225	0.112	0.072	0.112
27/12/25 10:00	0.278	0.259	0.268	0.371	0.251	0.157	0.357	0.202	0.072	0.072	0.072
27/12/25 11:00	0.277	0.259	0.261	0.355	0.211	0.137	0.337	0.177	0.072	0.072	0.072
27/12/25 12:00	0.271	0.259	0.260	0.345	0.200	0.132	0.316	0.168	0.072	0.072	0.072
27/12/25 13:00	0.271	0.259	0.264	0.341	0.203	0.131	0.313	0.178	0.072	0.072	0.072
27/12/25 14:00	0.271	0.259	0.257	0.356	0.210	0.131	0.331	0.188	0.072	0.072	0.072
27/12/25 15:00	0.272	0.260	0.257	0.371	0.215	0.131	0.351	0.221	0.104	0.095	0.095
27/12/25 16:00	0.273	0.261	0.260	0.370	0.234	0.137	0.378	0.245	0.104	0.095	0.095
27/12/25 17:00	0.273	0.263	0.273	0.365	0.232	0.134	0.380	0.248	0.112	0.095	0.095
27/12/25 18:00	0.274	0.261	0.277	0.360	0.225	0.126	0.381	0.254	0.112	0.095	0.095
27/12/25 19:00	0.274	0.261	0.276	0.354	0.215	0.120	0.381	0.260	0.112	0.095	0.095
27/12/25 20:00	0.273	0.258	0.270	0.348	0.194	0.111	0.381	0.263	0.104	0.072	0.072
27/12/25 21:00	0.270	0.257	0.269	0.340	0.179	0.100	0.381	0.258	0.112	0.095	0.095
27/12/25 22:00	0.271	0.256	0.260	0.335	0.160	0.096	0.382	0.255	0.072	0.095	0.112
27/12/25 23:00	0.267	0.256	0.259	0.328	0.153	0.095	0.383	0.256	0.112	0.114	0.114
28/12/25 00:00	0.265	0.254	0.262	0.312	0.147	0.099	0.383	0.258	0.112	0.114	0.114
28/12/25 01:00	0.264	0.254	0.266	0.298	0.146	0.099	0.383	0.251	0.112	0.072	0.112
28/12/25 02:00	0.263	0.253	0.258	0.293	0.143	0.100	0.383	0.238	0.112	0.072	0.112
28/12/25 03:00	0.263	0.253	0.254	0.291	0.140	0.100	0.383	0.244	0.104	0.072	0.112
28/12/25 04:00	0.263	0.253	0.249	0.283	0.140	0.100	0.381	0.264	0.104	0.072	0.112
28/12/25 05:00	0.263	0.253	0.249	0.285	0.141	0.102	0.380	0.285	0.112	0.072	0.112
28/12/25 06:00	0.264	0.253	0.256	0.306	0.143	0.111	0.379	0.293	0.112	0.072	0.112
28/12/25 07:00	0.269	0.254	0.261	0.313	0.145	0.109	0.378	0.299	0.072	0.072	0.112
28/12/25 08:00	0.271	0.256	0.263	0.319	0.153	0.110	0.376	0.308	0.094	0.095	0.095
28/12/25 09:00	0.272	0.257	0.265	0.304	0.161	0.103	0.369	0.296	0.094	0.095	0.095
28/12/25 10:00	0.273	0.257	0.264	0.283	0.159	0.095	0.350	0.227	0.094	0.072	0.072
28/12/25 11:00	0.271	0.256	0.264	0.278	0.156	0.087	0.333	0.183	0.095	0.120	0.120
28/12/25 12:00	0.273	0.256	0.264	0.275	0.147	0.083	0.322	0.163	0.104	0.120	0.120
28/12/25 13:00	0.271	0.256	0.264	0.267	0.138	0.084	0.318	0.160	0.120	0.120	0.120
28/12/25 14:00	0.271	0.256	0.264	0.259	0.136	0.089	0.330	0.181	0.146	0.145	0.145
28/12/25 15:00	0.270	0.257	0.264	0.281	0.139	0.097	0.345	0.226	0.202	0.145	0.145
28/12/25 16:00	0.271	0.258	0.265	0.302	0.150	0.105	0.359	0.301	0.152	0.145	0.142
28/12/25 17:00	0.272	0.259	0.267	0.326	0.156	0.112	0.359	0.319	0.146	0.127	0.127
28/12/25 18:00	0.273	0.261	0.267	0.334	0.154	0.111	0.354	0.322	0.120	0.141	0.121
28/12/25 19:00	0.273	0.260	0.266	0.334	0.147	0.109	0.344	0.321	0.112	0.127	0.120
28/12/25 20:00	0.271	0.259	0.263	0.330	0.144	0.100	0.344	0.325	0.120	0.120	0.120
28/12/25 21:00	0.268	0.256	0.261	0.322	0.141	0.088	0.344	0.323	0.120	0.120	0.120
28/12/25 22:00	0.265	0.256	0.262	0.317	0.139	0.083	0.342	0.316	0.120	0.145	0.145
28/12/25 23:00	0.264	0.254	0.260	0.322	0.136	0.081	0.336	0.303	0.120	0.145	0.145
29/12/25 00:00	0.267	0.254	0.258	0.319	0.143	0.073	0.317	0.298	0.112	0.141	0.141
29/12/25 01:00	0.264	0.253	0.258	0.315	0.143	0.071	0.310	0.292	0.120	0.142	0.141
29/12/25 02:00	0.263	0.252	0.258	0.315	0.141	0.070	0.313	0.287	0.120	0.141	0.141
29/12/25 03:00	0.262	0.250	0.256	0.337	0.139	0.071	0.320	0.281	0.120	0.120	0.120
29/12/25 04:00	0.262	0.250	0.256	0.373	0.140	0.073	0.326	0.275	0.120	0.145	0.145
29/12/25 05:00	0.262	0.250	0.257	0.403	0.147	0.075	0.320	0.277	0.120	0.141	0.141
29/12/25 06:00	0.263	0.250	0.260	0.420	0.152	0.081	0.315	0.275	0.195	0.120	0.112
29/12/25 07:00	0.264	0.252	0.263	0.426	0.141	0.079	0.315	0.288	0.170	0.120	0.112
29/12/25 08:00	0.265	0.253	0.266	0.428	0.141	0.081	0.309	0.297	0.112	0.120	0.112
29/12/25 09:00	0.268	0.254	0.266	0.422	0.140	0.087	0.310	0.298	0.094	0.112	0.114
29/12/25 10:00	0.269	0.257	0.268	0.398	0.134	0.081	0.298	0.290	0.094	0.112	0.114
29/12/25 11:00	0.268	0.257	0.266	0.361	0.129	0.069	0.283	0.278	0.072	0.112	0.114
29/12/25 12:00	0.268	0.255	0.266	0.350	0.123	0.062	0.276	0.267	0.072	0.114	0.114
29/12/25 13:00	0.266	0.254	0.265	0.340	0.121	0.062	0.264	0.254	0.072	0.114	0.112
29/12/25 14:00	0.265	0.254	0.265	0.333	0.130	0.070	0.259	0.245	0.072	0.114	0.112
29/12/25 15:00	0.265	0.255	0.266	0.326	0.149	0.081	0.256	0.254	0.072	0.114	0.112
29/12/25 16:00	0.264	0.256	0.268	0.310	0.164	0.095	0.248	0.264	0.072	0.114	0.114
29/12/25 17:00	0.271	0.261	0.269	0.302	0.176	0.110	0.247	0.264	0.072	0.114	0.114
29/12/25 18:00	0.276	0.262	0.266	0.295	0.180	0.115	0.242	0.261	0.072	0.114	0.114
29/12/25 19:00	0.272	0.262	0.262	0.292	0.168	0.119	0.235	0.253	0.072	0.114	0.114
29/12/25 20:00	0.267	0.261	0.266	0.288	0.157	0.109	0.223	0.237	0.072	0.095	0.095
29/12/25 21:00	0.265	0.259	0.263	0.283	0.152	0.091	0.216	0.216	0.072	0.095	0.095
29/12/25 22:00	0.273	0.257	0.260	0.277	0.149	0.077	0.197	0.210	0.072	0.072	0.072
29/12/25 23:00	0.271	0.254	0.266	0.253	0.149	0.071	0.166	0.197	0.072	0.072	0.072
30/12/25 00:00	0.270	0.254	0.266	0.240	0.155	0.073	0.148	0.187	0.072	0.072	0.072
30/12/25 01:00	0.271	0.254	0.262	0.230	0.160	0.078	0.134	0.186	0.072	0.072	0.072
30/12/25 02:00	0.271	0.253	0.263	0.218	0.170	0.081	0.131	0.186	0.072	0.072	0.072
30/12/25 03:00	0.264	0.251	0.258	0.219	0.174	0.081	0.133	0.173	0.072	0.072	0.072
30/12/25 04:00	0.264	0.251	0.256	0.227	0.178	0.082	0.134	0.182	0.072	0.072	0.072
30/12/25 05:00	0.266	0.251	0.257	0.226	0.180	0.086	0.137	0.191	0.072	0.072	0.072
30/12/25 06:00	0.266	0.254	0.264	0.228	0.178	0.092	0.150	0.205	0.072	0.072	0.072
30/12/25 07:00	0.268	0.259	0.262	0.236	0.175	0.101	0.177	0.222	0.072	0.072	0.072
30/12/25 08:00	0.264	0.260	0.265	0.246	0.168	0.114	0.191	0.231	0.072	0.072	0.072
30/12/25 09:00	0.267	0.260	0.267	0.237	0.158	0.123	0.192	0.230	0.072	0.072	0.072
30/12/25 10:00	0.266	0.260	0.267	0.225	0.142	0.101	0.183	0.174	0.072	0.072	0.072
30/12/25 11:00	0.265	0.260	0.265	0.218	0.132	0.084	0.169	0.153	0.072	0.072	0.072
30/12/25 12:00	0.265	0.258	0.267	0.223	0.133	0.079	0.157	0.134	0.072	0.072	0.072
30/12/25 13:00	0.265	0.259	0.265	0.225	0.135	0.077	0.157	0.129	0.072	0.072	0.072
30/12/25 14:00	0.262	0.257	0.265	0.234	0.134	0.079	0.154	0.174	0.072	0.072	0.072
30/12/25 15:00	0.262	0.258	0.266	0.243	0.137	0.101	0.155	0.213	0.072	0.072	0.072
30/12/25 16:00	0.266	0.258	0.266	0.251	0.143	0.127	0.168	0.283	0.072	0.072	0.072
30/12/25 17:00	0.268	0.268	0.268	0.260	0.143	0.122	0.173	0.290	0.072	0.072	0.072
30/12/25 18:00	0.273	0.263	0.266	0.262	0.146	0.114	0.168	0.289	0.072	0.072	0.072
30/12/25 19:00	0.270	0.265	0.264	0.258	0.143	0.104	0.158	0.291	0.072	0.072	0.072
30/12/25 20:00	0.269	0.258	0.264	0.253	0.140	0.100	0.150	0.290	0.072	0.072	0.072
30/12/25 21:00	0.266	0.256	0.261	0.253	0.137	0.094	0.142	0.297	0.072	0.072	0.072
30/12/25 22:00	0.266	0.255	0.261	0.245	0.136	0.089	0.131	0.296	0.072	0.072	0.072
30/12/25 23:00	0.266	0.255	0.267	0.228	0.136	0.084	0.113	0.288	0.072	0.072	0.072
31/12/25 00:00	0.264	0.254	0.261	0.206	0.139	0.079	0.100	0.274	0.072	0.072	0.072
31/12/25 01:00	0.263	0.254	0.261	0.194	0.141	0.078	0.090	0.269	0.072	0.072	0.072
31/12/25 02:00	0.263	0.254	0.262	0.182	0.146	0.078	0.091	0.263	0.072	0.072	0.072
31/12/25 03:00	0.262	0.255	0.260	0.179	0.164	0.081	0.092	0.249	0.072	0.072	0.072
31/12/25 04:00	0.261	0.255	0.255	0.180	0.181	0.082	0.091	0.233	0.072	0.072	0.072
31/12/25 05:00	0.262	0.255	0.256	0.182	0.179	0.080	0.090	0.229	0.072	0.072	0.072
31/12/25 06:00	0.263	0.255	0.266	0.185	0.174	0.081	0.098	0.233	0.072	0.072	0.072
31/12/25 07:00	0.265	0.255	0.261	0.205	0.172	0.083	0.106	0.226	0.072	0.072	0.072
31/12/25 08:00	0.267	0.257	0.261	0.230	0.156	0.080	0.111	0.213	0.072	0.072	0.072
31/12/25 09:00	0.269	0.260	0.267	0.236	0.145	0.080	0.119	0.202	0.072	0.072	0.072
31/12/25 10:00	0.270	0.262	0.271	0.235	0.133	0.076	0.117	0.161	0.072	0.072	0.072
31/12/25 11:00	0.271	0.258	0.270	0.225	0.121	0.071	0.112	0.140	0.072	0.072	0.072
31/12/25 12:00	0.271	0.258	0.268	0.208	0.120	0.067	0.109	0.121	0.072	0.072	0.072
31/12/25 13:00	0.270	0.258	0.265	0.192	0.122	0.061	0.107	0.128	0.072	0.072	0.072
31/12/25 14:00	0.268	0.258	0.265	0.215	0.125	0.061	0.105	0.148	0.072	0.072	0.072
31/12/25 15:00	0.267	0.259	0.267	0.230	0.130	0.068	0.101	0.164	0.072	0.072	0.072
31/12/25 16:00	0.270	0.260	0.268	0.248	0.135	0.078	0.103	0.191	0.072	0.072	0.072
31/12/25 17:00	0.272	0.262	0.269	0.260	0.139	0.081	0.108	0.203	0.072	0.072	0.072
31/12/25 18:00	0.272	0.262	0.269	0.262	0.142	0.078	0.102	0.200	0.072	0.072	0.072
31/12/25 19:00	0.267	0.262	0.267	0.260	0.140	0.075	0.093	0.187	0.072	0.072	0.072
31/12/25 20:00	0.264	0.260	0.267	0.247	0.134	0.075	0.085	0.171	0.072	0.072	0.072
31/12/25 21:00	0.262	0.259	0.265	0.229	0.131	0.074	0.082	0.149	0.072	0.072	0.072
31/12/25 22:00	0.264	0.258	0.264	0.238	0.133	0.075	0.080	0.122	0.072	0.072	0.072
31/12/25 23:00	0.262	0.257	0.265	0.252	0.129	0.073	0.076	0.112	0.072	0.072	0.072
