datum	Electriciteitsprofiel from ned.nl (standaard dag profiel)
01/01/25 00:00	0.0096%
01/01/25 01:00	0.0092%
01/01/25 02:00	0.0089%
01/01/25 03:00	0.0088%
01/01/25 04:00	0.0088%
01/01/25 05:00	0.0090%
01/01/25 06:00	0.0093%
01/01/25 07:00	0.0096%
01/01/25 08:00	0.0100%
01/01/25 09:00	0.0107%
01/01/25 10:00	0.0112%
01/01/25 11:00	0.0116%
01/01/25 12:00	0.0117%
01/01/25 13:00	0.0118%
01/01/25 14:00	0.0117%
01/01/25 15:00	0.0121%
01/01/25 16:00	0.0134%
01/01/25 17:00	0.0133%
01/01/25 18:00	0.0129%
01/01/25 19:00	0.0126%
01/01/25 20:00	0.0121%
01/01/25 21:00	0.0107%
01/01/25 22:00	0.0102%
01/01/25 23:00	0.0109%
02/01/25 00:00	0.0090%
02/01/25 01:00	0.0085%
02/01/25 02:00	0.0083%
02/01/25 03:00	0.0084%
02/01/25 04:00	0.0087%
02/01/25 05:00	0.0110%
02/01/25 06:00	0.0124%
02/01/25 07:00	0.0136%
02/01/25 08:00	0.0142%
02/01/25 09:00	0.0133%
02/01/25 10:00	0.0135%
02/01/25 11:00	0.0138%
02/01/25 12:00	0.0137%
02/01/25 13:00	0.0135%
02/01/25 14:00	0.0136%
02/01/25 15:00	0.0136%
02/01/25 16:00	0.0157%
02/01/25 17:00	0.0153%
02/01/25 18:00	0.0133%
02/01/25 19:00	0.0127%
02/01/25 20:00	0.0120%
02/01/25 21:00	0.0112%
02/01/25 22:00	0.0104%
02/01/25 23:00	0.0098%
03/01/25 00:00	0.0096%
03/01/25 01:00	0.0093%
03/01/25 02:00	0.0092%
03/01/25 03:00	0.0094%
03/01/25 04:00	0.0097%
03/01/25 05:00	0.0107%
03/01/25 06:00	0.0119%
03/01/25 07:00	0.0130%
03/01/25 08:00	0.0150%
03/01/25 09:00	0.0145%
03/01/25 10:00	0.0147%
03/01/25 11:00	0.0146%
03/01/25 12:00	0.0144%
03/01/25 13:00	0.0144%
03/01/25 14:00	0.0159%
03/01/25 15:00	0.0143%
03/01/25 16:00	0.0160%
03/01/25 17:00	0.0140%
03/01/25 18:00	0.0133%
03/01/25 19:00	0.0127%
03/01/25 20:00	0.0134%
03/01/25 21:00	0.0112%
03/01/25 22:00	0.0124%
03/01/25 23:00	0.0112%
04/01/25 00:00	0.0094%
04/01/25 01:00	0.0091%
04/01/25 02:00	0.0090%
04/01/25 03:00	0.0089%
04/01/25 04:00	0.0090%
04/01/25 05:00	0.0094%
04/01/25 06:00	0.0100%
04/01/25 07:00	0.0108%
04/01/25 08:00	0.0117%
04/01/25 09:00	0.0125%
04/01/25 10:00	0.0128%
04/01/25 11:00	0.0129%
04/01/25 12:00	0.0128%
04/01/25 13:00	0.0141%
04/01/25 14:00	0.0142%
04/01/25 15:00	0.0142%
04/01/25 16:00	0.0149%
04/01/25 17:00	0.0146%
04/01/25 18:00	0.0139%
04/01/25 19:00	0.0119%
04/01/25 20:00	0.0113%
04/01/25 21:00	0.0108%
04/01/25 22:00	0.0102%
04/01/25 23:00	0.0098%
05/01/25 00:00	0.0106%
05/01/25 01:00	0.0101%
05/01/25 02:00	0.0100%
05/01/25 03:00	0.0089%
05/01/25 04:00	0.0090%
05/01/25 05:00	0.0094%
05/01/25 06:00	0.0101%
05/01/25 07:00	0.0109%
05/01/25 08:00	0.0117%
05/01/25 09:00	0.0137%
05/01/25 10:00	0.0143%
05/01/25 11:00	0.0147%
05/01/25 12:00	0.0135%
05/01/25 13:00	0.0133%
05/01/25 14:00	0.0130%
05/01/25 15:00	0.0129%
05/01/25 16:00	0.0135%
05/01/25 17:00	0.0132%
05/01/25 18:00	0.0127%
05/01/25 19:00	0.0122%
05/01/25 20:00	0.0117%
05/01/25 21:00	0.0111%
05/01/25 22:00	0.0104%
05/01/25 23:00	0.0101%
06/01/25 00:00	0.0097%
06/01/25 01:00	0.0095%
06/01/25 02:00	0.0094%
06/01/25 03:00	0.0094%
06/01/25 04:00	0.0098%
06/01/25 05:00	0.0109%
06/01/25 06:00	0.0126%
06/01/25 07:00	0.0138%
06/01/25 08:00	0.0144%
06/01/25 09:00	0.0148%
06/01/25 10:00	0.0150%
06/01/25 11:00	0.0150%
06/01/25 12:00	0.0151%
06/01/25 13:00	0.0147%
06/01/25 14:00	0.0154%
06/01/25 15:00	0.0147%
06/01/25 16:00	0.0163%
06/01/25 17:00	0.0161%
06/01/25 18:00	0.0154%
06/01/25 19:00	0.0145%
06/01/25 20:00	0.0136%
06/01/25 21:00	0.0120%
06/01/25 22:00	0.0112%
06/01/25 23:00	0.0108%
07/01/25 00:00	0.0103%
07/01/25 01:00	0.0101%
07/01/25 02:00	0.0100%
07/01/25 03:00	0.0101%
07/01/25 04:00	0.0104%
07/01/25 05:00	0.0114%
07/01/25 06:00	0.0130%
07/01/25 07:00	0.0156%
07/01/25 08:00	0.0158%
07/01/25 09:00	0.0152%
07/01/25 10:00	0.0153%
07/01/25 11:00	0.0151%
07/01/25 12:00	0.0152%
07/01/25 13:00	0.0150%
07/01/25 14:00	0.0152%
07/01/25 15:00	0.0163%
07/01/25 16:00	0.0170%
07/01/25 17:00	0.0165%
07/01/25 18:00	0.0154%
07/01/25 19:00	0.0137%
07/01/25 20:00	0.0129%
07/01/25 21:00	0.0121%
07/01/25 22:00	0.0112%
07/01/25 23:00	0.0107%
08/01/25 00:00	0.0104%
08/01/25 01:00	0.0101%
08/01/25 02:00	0.0100%
08/01/25 03:00	0.0099%
08/01/25 04:00	0.0102%
08/01/25 05:00	0.0113%
08/01/25 06:00	0.0131%
08/01/25 07:00	0.0157%
08/01/25 08:00	0.0164%
08/01/25 09:00	0.0153%
08/01/25 10:00	0.0153%
08/01/25 11:00	0.0151%
08/01/25 12:00	0.0150%
08/01/25 13:00	0.0147%
08/01/25 14:00	0.0147%
08/01/25 15:00	0.0162%
08/01/25 16:00	0.0163%
08/01/25 17:00	0.0162%
08/01/25 18:00	0.0154%
08/01/25 19:00	0.0133%
08/01/25 20:00	0.0125%
08/01/25 21:00	0.0117%
08/01/25 22:00	0.0108%
08/01/25 23:00	0.0100%
09/01/25 00:00	0.0096%
09/01/25 01:00	0.0094%
09/01/25 02:00	0.0094%
09/01/25 03:00	0.0095%
09/01/25 04:00	0.0097%
09/01/25 05:00	0.0109%
09/01/25 06:00	0.0143%
09/01/25 07:00	0.0156%
09/01/25 08:00	0.0162%
09/01/25 09:00	0.0166%
09/01/25 10:00	0.0169%
09/01/25 11:00	0.0151%
09/01/25 12:00	0.0152%
09/01/25 13:00	0.0149%
09/01/25 14:00	0.0150%
09/01/25 15:00	0.0151%
09/01/25 16:00	0.0154%
09/01/25 17:00	0.0165%
09/01/25 18:00	0.0144%
09/01/25 19:00	0.0138%
09/01/25 20:00	0.0131%
09/01/25 21:00	0.0122%
09/01/25 22:00	0.0114%
09/01/25 23:00	0.0108%
10/01/25 00:00	0.0103%
10/01/25 01:00	0.0101%
10/01/25 02:00	0.0099%
10/01/25 03:00	0.0100%
10/01/25 04:00	0.0102%
10/01/25 05:00	0.0114%
10/01/25 06:00	0.0131%
10/01/25 07:00	0.0161%
10/01/25 08:00	0.0167%
10/01/25 09:00	0.0156%
10/01/25 10:00	0.0155%
10/01/25 11:00	0.0153%
10/01/25 12:00	0.0154%
10/01/25 13:00	0.0150%
10/01/25 14:00	0.0149%
10/01/25 15:00	0.0163%
10/01/25 16:00	0.0167%
10/01/25 17:00	0.0161%
10/01/25 18:00	0.0153%
10/01/25 19:00	0.0129%
10/01/25 20:00	0.0123%
10/01/25 21:00	0.0116%
10/01/25 22:00	0.0108%
10/01/25 23:00	0.0103%
11/01/25 00:00	0.0099%
11/01/25 01:00	0.0097%
11/01/25 02:00	0.0095%
11/01/25 03:00	0.0094%
11/01/25 04:00	0.0095%
11/01/25 05:00	0.0099%
11/01/25 06:00	0.0107%
11/01/25 07:00	0.0131%
11/01/25 08:00	0.0143%
11/01/25 09:00	0.0151%
11/01/25 10:00	0.0137%
11/01/25 11:00	0.0133%
11/01/25 12:00	0.0132%
11/01/25 13:00	0.0131%
11/01/25 14:00	0.0131%
11/01/25 15:00	0.0132%
11/01/25 16:00	0.0137%
11/01/25 17:00	0.0133%
11/01/25 18:00	0.0143%
11/01/25 19:00	0.0137%
11/01/25 20:00	0.0115%
11/01/25 21:00	0.0109%
11/01/25 22:00	0.0103%
11/01/25 23:00	0.0114%
12/01/25 00:00	0.0093%
12/01/25 01:00	0.0091%
12/01/25 02:00	0.0090%
12/01/25 03:00	0.0090%
12/01/25 04:00	0.0090%
12/01/25 05:00	0.0092%
12/01/25 06:00	0.0096%
12/01/25 07:00	0.0104%
12/01/25 08:00	0.0111%
12/01/25 09:00	0.0118%
12/01/25 10:00	0.0121%
12/01/25 11:00	0.0123%
12/01/25 12:00	0.0123%
12/01/25 13:00	0.0122%
12/01/25 14:00	0.0122%
12/01/25 15:00	0.0137%
12/01/25 16:00	0.0144%
12/01/25 17:00	0.0144%
12/01/25 18:00	0.0141%
12/01/25 19:00	0.0133%
12/01/25 20:00	0.0127%
12/01/25 21:00	0.0107%
12/01/25 22:00	0.0100%
12/01/25 23:00	0.0096%
13/01/25 00:00	0.0092%
13/01/25 01:00	0.0091%
13/01/25 02:00	0.0091%
13/01/25 03:00	0.0093%
13/01/25 04:00	0.0096%
13/01/25 05:00	0.0110%
13/01/25 06:00	0.0147%
13/01/25 07:00	0.0165%
13/01/25 08:00	0.0169%
13/01/25 09:00	0.0158%
13/01/25 10:00	0.0156%
13/01/25 11:00	0.0154%
13/01/25 12:00	0.0153%
13/01/25 13:00	0.0150%
13/01/25 14:00	0.0150%
13/01/25 15:00	0.0163%
13/01/25 16:00	0.0169%
13/01/25 17:00	0.0165%
13/01/25 18:00	0.0144%
13/01/25 19:00	0.0138%
13/01/25 20:00	0.0130%
13/01/25 21:00	0.0121%
13/01/25 22:00	0.0113%
13/01/25 23:00	0.0107%
14/01/25 00:00	0.0103%
14/01/25 01:00	0.0101%
14/01/25 02:00	0.0100%
14/01/25 03:00	0.0100%
14/01/25 04:00	0.0103%
14/01/25 05:00	0.0116%
14/01/25 06:00	0.0149%
14/01/25 07:00	0.0165%
14/01/25 08:00	0.0168%
14/01/25 09:00	0.0158%
14/01/25 10:00	0.0155%
14/01/25 11:00	0.0154%
14/01/25 12:00	0.0153%
14/01/25 13:00	0.0152%
14/01/25 14:00	0.0151%
14/01/25 15:00	0.0162%
14/01/25 16:00	0.0170%
14/01/25 17:00	0.0162%
14/01/25 18:00	0.0141%
14/01/25 19:00	0.0133%
14/01/25 20:00	0.0125%
14/01/25 21:00	0.0116%
14/01/25 22:00	0.0106%
14/01/25 23:00	0.0100%
15/01/25 00:00	0.0095%
15/01/25 01:00	0.0093%
15/01/25 02:00	0.0090%
15/01/25 03:00	0.0091%
15/01/25 04:00	0.0095%
15/01/25 05:00	0.0106%
15/01/25 06:00	0.0124%
15/01/25 07:00	0.0155%
15/01/25 08:00	0.0160%
15/01/25 09:00	0.0165%
15/01/25 10:00	0.0147%
15/01/25 11:00	0.0146%
15/01/25 12:00	0.0146%
15/01/25 13:00	0.0145%
15/01/25 14:00	0.0144%
15/01/25 15:00	0.0160%
15/01/25 16:00	0.0168%
15/01/25 17:00	0.0161%
15/01/25 18:00	0.0135%
15/01/25 19:00	0.0129%
15/01/25 20:00	0.0122%
15/01/25 21:00	0.0113%
15/01/25 22:00	0.0105%
15/01/25 23:00	0.0098%
16/01/25 00:00	0.0094%
16/01/25 01:00	0.0093%
16/01/25 02:00	0.0091%
16/01/25 03:00	0.0091%
16/01/25 04:00	0.0095%
16/01/25 05:00	0.0106%
16/01/25 06:00	0.0124%
16/01/25 07:00	0.0158%
16/01/25 08:00	0.0161%
16/01/25 09:00	0.0147%
16/01/25 10:00	0.0150%
16/01/25 11:00	0.0149%
16/01/25 12:00	0.0150%
16/01/25 13:00	0.0149%
16/01/25 14:00	0.0147%
16/01/25 15:00	0.0166%
16/01/25 16:00	0.0173%
16/01/25 17:00	0.0167%
16/01/25 18:00	0.0161%
16/01/25 19:00	0.0134%
16/01/25 20:00	0.0127%
16/01/25 21:00	0.0118%
16/01/25 22:00	0.0110%
16/01/25 23:00	0.0105%
17/01/25 00:00	0.0100%
17/01/25 01:00	0.0098%
17/01/25 02:00	0.0097%
17/01/25 03:00	0.0097%
17/01/25 04:00	0.0100%
17/01/25 05:00	0.0111%
17/01/25 06:00	0.0148%
17/01/25 07:00	0.0166%
17/01/25 08:00	0.0169%
17/01/25 09:00	0.0154%
17/01/25 10:00	0.0157%
17/01/25 11:00	0.0156%
17/01/25 12:00	0.0155%
17/01/25 13:00	0.0154%
17/01/25 14:00	0.0151%
17/01/25 15:00	0.0148%
17/01/25 16:00	0.0173%
17/01/25 17:00	0.0168%
17/01/25 18:00	0.0160%
17/01/25 19:00	0.0133%
17/01/25 20:00	0.0126%
17/01/25 21:00	0.0118%
17/01/25 22:00	0.0110%
17/01/25 23:00	0.0104%
18/01/25 00:00	0.0100%
18/01/25 01:00	0.0097%
18/01/25 02:00	0.0096%
18/01/25 03:00	0.0095%
18/01/25 04:00	0.0096%
18/01/25 05:00	0.0101%
18/01/25 06:00	0.0108%
18/01/25 07:00	0.0137%
18/01/25 08:00	0.0127%
18/01/25 09:00	0.0135%
18/01/25 10:00	0.0137%
18/01/25 11:00	0.0136%
18/01/25 12:00	0.0135%
18/01/25 13:00	0.0135%
18/01/25 14:00	0.0135%
18/01/25 15:00	0.0153%
18/01/25 16:00	0.0160%
18/01/25 17:00	0.0158%
18/01/25 18:00	0.0152%
18/01/25 19:00	0.0146%
18/01/25 20:00	0.0119%
18/01/25 21:00	0.0113%
18/01/25 22:00	0.0107%
18/01/25 23:00	0.0101%
19/01/25 00:00	0.0097%
19/01/25 01:00	0.0094%
19/01/25 02:00	0.0093%
19/01/25 03:00	0.0093%
19/01/25 04:00	0.0093%
19/01/25 05:00	0.0095%
19/01/25 06:00	0.0100%
19/01/25 07:00	0.0108%
19/01/25 08:00	0.0116%
19/01/25 09:00	0.0125%
19/01/25 10:00	0.0128%
19/01/25 11:00	0.0131%
19/01/25 12:00	0.0132%
19/01/25 13:00	0.0132%
19/01/25 14:00	0.0131%
19/01/25 15:00	0.0149%
19/01/25 16:00	0.0158%
19/01/25 17:00	0.0158%
19/01/25 18:00	0.0152%
19/01/25 19:00	0.0146%
19/01/25 20:00	0.0140%
19/01/25 21:00	0.0113%
19/01/25 22:00	0.0105%
19/01/25 23:00	0.0100%
20/01/25 00:00	0.0097%
20/01/25 01:00	0.0095%
20/01/25 02:00	0.0095%
20/01/25 03:00	0.0095%
20/01/25 04:00	0.0100%
20/01/25 05:00	0.0112%
20/01/25 06:00	0.0130%
20/01/25 07:00	0.0166%
20/01/25 08:00	0.0166%
20/01/25 09:00	0.0156%
20/01/25 10:00	0.0157%
20/01/25 11:00	0.0156%
20/01/25 12:00	0.0156%
20/01/25 13:00	0.0155%
20/01/25 14:00	0.0154%
20/01/25 15:00	0.0174%
20/01/25 16:00	0.0187%
20/01/25 17:00	0.0178%
20/01/25 18:00	0.0162%
20/01/25 19:00	0.0140%
20/01/25 20:00	0.0132%
20/01/25 21:00	0.0122%
20/01/25 22:00	0.0113%
20/01/25 23:00	0.0107%
21/01/25 00:00	0.0103%
21/01/25 01:00	0.0101%
21/01/25 02:00	0.0100%
21/01/25 03:00	0.0100%
21/01/25 04:00	0.0104%
21/01/25 05:00	0.0116%
21/01/25 06:00	0.0134%
21/01/25 07:00	0.0170%
21/01/25 08:00	0.0172%
21/01/25 09:00	0.0157%
21/01/25 10:00	0.0158%
21/01/25 11:00	0.0156%
21/01/25 12:00	0.0154%
21/01/25 13:00	0.0153%
21/01/25 14:00	0.0154%
21/01/25 15:00	0.0172%
21/01/25 16:00	0.0183%
21/01/25 17:00	0.0175%
21/01/25 18:00	0.0165%
21/01/25 19:00	0.0139%
21/01/25 20:00	0.0132%
21/01/25 21:00	0.0122%
21/01/25 22:00	0.0113%
21/01/25 23:00	0.0107%
22/01/25 00:00	0.0102%
22/01/25 01:00	0.0100%
22/01/25 02:00	0.0099%
22/01/25 03:00	0.0098%
22/01/25 04:00	0.0102%
22/01/25 05:00	0.0113%
22/01/25 06:00	0.0150%
22/01/25 07:00	0.0167%
22/01/25 08:00	0.0171%
22/01/25 09:00	0.0154%
22/01/25 10:00	0.0154%
22/01/25 11:00	0.0153%
22/01/25 12:00	0.0153%
22/01/25 13:00	0.0153%
22/01/25 14:00	0.0169%
22/01/25 15:00	0.0167%
22/01/25 16:00	0.0172%
22/01/25 17:00	0.0147%
22/01/25 18:00	0.0140%
22/01/25 19:00	0.0134%
22/01/25 20:00	0.0127%
22/01/25 21:00	0.0118%
22/01/25 22:00	0.0109%
22/01/25 23:00	0.0102%
23/01/25 00:00	0.0099%
23/01/25 01:00	0.0097%
23/01/25 02:00	0.0094%
23/01/25 03:00	0.0095%
23/01/25 04:00	0.0100%
23/01/25 05:00	0.0112%
23/01/25 06:00	0.0143%
23/01/25 07:00	0.0157%
23/01/25 08:00	0.0162%
23/01/25 09:00	0.0166%
23/01/25 10:00	0.0164%
23/01/25 11:00	0.0150%
23/01/25 12:00	0.0151%
23/01/25 13:00	0.0152%
23/01/25 14:00	0.0154%
23/01/25 15:00	0.0154%
23/01/25 16:00	0.0156%
23/01/25 17:00	0.0163%
23/01/25 18:00	0.0146%
23/01/25 19:00	0.0139%
23/01/25 20:00	0.0132%
23/01/25 21:00	0.0123%
23/01/25 22:00	0.0115%
23/01/25 23:00	0.0108%
24/01/25 00:00	0.0104%
24/01/25 01:00	0.0101%
24/01/25 02:00	0.0101%
24/01/25 03:00	0.0101%
24/01/25 04:00	0.0103%
24/01/25 05:00	0.0113%
24/01/25 06:00	0.0143%
24/01/25 07:00	0.0157%
24/01/25 08:00	0.0163%
24/01/25 09:00	0.0156%
24/01/25 10:00	0.0159%
24/01/25 11:00	0.0158%
24/01/25 12:00	0.0157%
24/01/25 13:00	0.0155%
24/01/25 14:00	0.0154%
24/01/25 15:00	0.0153%
24/01/25 16:00	0.0153%
24/01/25 17:00	0.0158%
24/01/25 18:00	0.0150%
24/01/25 19:00	0.0130%
24/01/25 20:00	0.0122%
24/01/25 21:00	0.0122%
24/01/25 22:00	0.0105%
24/01/25 23:00	0.0100%
25/01/25 00:00	0.0095%
25/01/25 01:00	0.0092%
25/01/25 02:00	0.0089%
25/01/25 03:00	0.0091%
25/01/25 04:00	0.0091%
25/01/25 05:00	0.0095%
25/01/25 06:00	0.0102%
25/01/25 07:00	0.0111%
25/01/25 08:00	0.0119%
25/01/25 09:00	0.0128%
25/01/25 10:00	0.0129%
25/01/25 11:00	0.0130%
25/01/25 12:00	0.0128%
25/01/25 13:00	0.0126%
25/01/25 14:00	0.0125%
25/01/25 15:00	0.0126%
25/01/25 16:00	0.0139%
25/01/25 17:00	0.0139%
25/01/25 18:00	0.0134%
25/01/25 19:00	0.0127%
25/01/25 20:00	0.0122%
25/01/25 21:00	0.0116%
25/01/25 22:00	0.0100%
25/01/25 23:00	0.0095%
26/01/25 00:00	0.0103%
26/01/25 01:00	0.0089%
26/01/25 02:00	0.0087%
26/01/25 03:00	0.0087%
26/01/25 04:00	0.0087%
26/01/25 05:00	0.0090%
26/01/25 06:00	0.0096%
26/01/25 07:00	0.0114%
26/01/25 08:00	0.0121%
26/01/25 09:00	0.0117%
26/01/25 10:00	0.0121%
26/01/25 11:00	0.0125%
26/01/25 12:00	0.0126%
26/01/25 13:00	0.0124%
26/01/25 14:00	0.0123%
26/01/25 15:00	0.0139%
26/01/25 16:00	0.0146%
26/01/25 17:00	0.0146%
26/01/25 18:00	0.0131%
26/01/25 19:00	0.0126%
26/01/25 20:00	0.0122%
26/01/25 21:00	0.0115%
26/01/25 22:00	0.0107%
26/01/25 23:00	0.0101%
27/01/25 00:00	0.0099%
27/01/25 01:00	0.0097%
27/01/25 02:00	0.0096%
27/01/25 03:00	0.0098%
27/01/25 04:00	0.0102%
27/01/25 05:00	0.0114%
27/01/25 06:00	0.0131%
27/01/25 07:00	0.0142%
27/01/25 08:00	0.0147%
27/01/25 09:00	0.0150%
27/01/25 10:00	0.0152%
27/01/25 11:00	0.0150%
27/01/25 12:00	0.0148%
27/01/25 13:00	0.0144%
27/01/25 14:00	0.0145%
27/01/25 15:00	0.0156%
27/01/25 16:00	0.0158%
27/01/25 17:00	0.0155%
27/01/25 18:00	0.0148%
27/01/25 19:00	0.0140%
27/01/25 20:00	0.0132%
27/01/25 21:00	0.0115%
27/01/25 22:00	0.0107%
27/01/25 23:00	0.0103%
28/01/25 00:00	0.0100%
28/01/25 01:00	0.0098%
28/01/25 02:00	0.0096%
28/01/25 03:00	0.0097%
28/01/25 04:00	0.0100%
28/01/25 05:00	0.0113%
28/01/25 06:00	0.0129%
28/01/25 07:00	0.0151%
28/01/25 08:00	0.0157%
28/01/25 09:00	0.0151%
28/01/25 10:00	0.0151%
28/01/25 11:00	0.0148%
28/01/25 12:00	0.0147%
28/01/25 13:00	0.0147%
28/01/25 14:00	0.0146%
28/01/25 15:00	0.0157%
28/01/25 16:00	0.0160%
28/01/25 17:00	0.0156%
28/01/25 18:00	0.0150%
28/01/25 19:00	0.0133%
28/01/25 20:00	0.0126%
28/01/25 21:00	0.0118%
28/01/25 22:00	0.0110%
28/01/25 23:00	0.0103%
29/01/25 00:00	0.0099%
29/01/25 01:00	0.0097%
29/01/25 02:00	0.0097%
29/01/25 03:00	0.0096%
29/01/25 04:00	0.0100%
29/01/25 05:00	0.0112%
29/01/25 06:00	0.0128%
29/01/25 07:00	0.0152%
29/01/25 08:00	0.0147%
29/01/25 09:00	0.0150%
29/01/25 10:00	0.0149%
29/01/25 11:00	0.0150%
29/01/25 12:00	0.0147%
29/01/25 13:00	0.0146%
29/01/25 14:00	0.0146%
29/01/25 15:00	0.0158%
29/01/25 16:00	0.0159%
29/01/25 17:00	0.0157%
29/01/25 18:00	0.0149%
29/01/25 19:00	0.0140%
29/01/25 20:00	0.0122%
29/01/25 21:00	0.0113%
29/01/25 22:00	0.0106%
29/01/25 23:00	0.0099%
30/01/25 00:00	0.0095%
30/01/25 01:00	0.0092%
30/01/25 02:00	0.0091%
30/01/25 03:00	0.0091%
30/01/25 04:00	0.0094%
30/01/25 05:00	0.0106%
30/01/25 06:00	0.0124%
30/01/25 07:00	0.0150%
30/01/25 08:00	0.0157%
30/01/25 09:00	0.0145%
30/01/25 10:00	0.0145%
30/01/25 11:00	0.0146%
30/01/25 12:00	0.0145%
30/01/25 13:00	0.0143%
30/01/25 14:00	0.0144%
30/01/25 15:00	0.0160%
30/01/25 16:00	0.0162%
30/01/25 17:00	0.0161%
30/01/25 18:00	0.0154%
30/01/25 19:00	0.0132%
30/01/25 20:00	0.0125%
30/01/25 21:00	0.0116%
30/01/25 22:00	0.0108%
30/01/25 23:00	0.0103%
31/01/25 00:00	0.0100%
31/01/25 01:00	0.0098%
31/01/25 02:00	0.0096%
31/01/25 03:00	0.0095%
31/01/25 04:00	0.0100%
31/01/25 05:00	0.0111%
31/01/25 06:00	0.0128%
31/01/25 07:00	0.0156%
31/01/25 08:00	0.0147%
31/01/25 09:00	0.0149%
31/01/25 10:00	0.0149%
31/01/25 11:00	0.0147%
31/01/25 12:00	0.0145%
31/01/25 13:00	0.0143%
31/01/25 14:00	0.0142%
31/01/25 15:00	0.0157%
31/01/25 16:00	0.0159%
31/01/25 17:00	0.0158%
31/01/25 18:00	0.0151%
31/01/25 19:00	0.0143%
31/01/25 20:00	0.0121%
31/01/25 21:00	0.0113%
31/01/25 22:00	0.0107%
31/01/25 23:00	0.0102%
01/02/25 00:00	0.0098%
01/02/25 01:00	0.0095%
01/02/25 02:00	0.0093%
01/02/25 03:00	0.0094%
01/02/25 04:00	0.0094%
01/02/25 05:00	0.0099%
01/02/25 06:00	0.0107%
01/02/25 07:00	0.0130%
01/02/25 08:00	0.0131%
01/02/25 09:00	0.0139%
01/02/25 10:00	0.0136%
01/02/25 11:00	0.0134%
01/02/25 12:00	0.0133%
01/02/25 13:00	0.0130%
01/02/25 14:00	0.0128%
01/02/25 15:00	0.0145%
01/02/25 16:00	0.0142%
01/02/25 17:00	0.0145%
01/02/25 18:00	0.0140%
01/02/25 19:00	0.0134%
01/02/25 20:00	0.0114%
01/02/25 21:00	0.0109%
01/02/25 22:00	0.0103%
01/02/25 23:00	0.0099%
02/02/25 00:00	0.0096%
02/02/25 01:00	0.0093%
02/02/25 02:00	0.0091%
02/02/25 03:00	0.0091%
02/02/25 04:00	0.0091%
02/02/25 05:00	0.0095%
02/02/25 06:00	0.0100%
02/02/25 07:00	0.0106%
02/02/25 08:00	0.0126%
02/02/25 09:00	0.0131%
02/02/25 10:00	0.0134%
02/02/25 11:00	0.0133%
02/02/25 12:00	0.0130%
02/02/25 13:00	0.0127%
02/02/25 14:00	0.0125%
02/02/25 15:00	0.0127%
02/02/25 16:00	0.0143%
02/02/25 17:00	0.0147%
02/02/25 18:00	0.0143%
02/02/25 19:00	0.0138%
02/02/25 20:00	0.0132%
02/02/25 21:00	0.0124%
02/02/25 22:00	0.0102%
02/02/25 23:00	0.0098%
03/02/25 00:00	0.0096%
03/02/25 01:00	0.0095%
03/02/25 02:00	0.0095%
03/02/25 03:00	0.0095%
03/02/25 04:00	0.0099%
03/02/25 05:00	0.0112%
03/02/25 06:00	0.0151%
03/02/25 07:00	0.0166%
03/02/25 08:00	0.0179%
03/02/25 09:00	0.0162%
03/02/25 10:00	0.0160%
03/02/25 11:00	0.0155%
03/02/25 12:00	0.0153%
03/02/25 13:00	0.0151%
03/02/25 14:00	0.0150%
03/02/25 15:00	0.0153%
03/02/25 16:00	0.0168%
03/02/25 17:00	0.0165%
03/02/25 18:00	0.0160%
03/02/25 19:00	0.0134%
03/02/25 20:00	0.0127%
03/02/25 21:00	0.0118%
03/02/25 22:00	0.0109%
03/02/25 23:00	0.0103%
04/02/25 00:00	0.0099%
04/02/25 01:00	0.0098%
04/02/25 02:00	0.0097%
04/02/25 03:00	0.0097%
04/02/25 04:00	0.0101%
04/02/25 05:00	0.0130%
04/02/25 06:00	0.0148%
04/02/25 07:00	0.0165%
04/02/25 08:00	0.0168%
04/02/25 09:00	0.0155%
04/02/25 10:00	0.0160%
04/02/25 11:00	0.0160%
04/02/25 12:00	0.0158%
04/02/25 13:00	0.0156%
04/02/25 14:00	0.0157%
04/02/25 15:00	0.0160%
04/02/25 16:00	0.0172%
04/02/25 17:00	0.0170%
04/02/25 18:00	0.0146%
04/02/25 19:00	0.0141%
04/02/25 20:00	0.0133%
04/02/25 21:00	0.0124%
04/02/25 22:00	0.0114%
04/02/25 23:00	0.0107%
05/02/25 00:00	0.0104%
05/02/25 01:00	0.0101%
05/02/25 02:00	0.0100%
05/02/25 03:00	0.0099%
05/02/25 04:00	0.0101%
05/02/25 05:00	0.0112%
05/02/25 06:00	0.0145%
05/02/25 07:00	0.0157%
05/02/25 08:00	0.0147%
05/02/25 09:00	0.0154%
05/02/25 10:00	0.0155%
05/02/25 11:00	0.0155%
05/02/25 12:00	0.0154%
05/02/25 13:00	0.0152%
05/02/25 14:00	0.0150%
05/02/25 15:00	0.0149%
05/02/25 16:00	0.0165%
05/02/25 17:00	0.0163%
05/02/25 18:00	0.0157%
05/02/25 19:00	0.0148%
05/02/25 20:00	0.0124%
05/02/25 21:00	0.0116%
05/02/25 22:00	0.0108%
05/02/25 23:00	0.0102%
06/02/25 00:00	0.0098%
06/02/25 01:00	0.0096%
06/02/25 02:00	0.0094%
06/02/25 03:00	0.0094%
06/02/25 04:00	0.0099%
06/02/25 05:00	0.0111%
06/02/25 06:00	0.0146%
06/02/25 07:00	0.0161%
06/02/25 08:00	0.0166%
06/02/25 09:00	0.0155%
06/02/25 10:00	0.0154%
06/02/25 11:00	0.0154%
06/02/25 12:00	0.0153%
06/02/25 13:00	0.0150%
06/02/25 14:00	0.0153%
06/02/25 15:00	0.0155%
06/02/25 16:00	0.0166%
06/02/25 17:00	0.0164%
06/02/25 18:00	0.0159%
06/02/25 19:00	0.0137%
06/02/25 20:00	0.0129%
06/02/25 21:00	0.0120%
06/02/25 22:00	0.0111%
06/02/25 23:00	0.0105%
07/02/25 00:00	0.0103%
07/02/25 01:00	0.0102%
07/02/25 02:00	0.0102%
07/02/25 03:00	0.0102%
07/02/25 04:00	0.0106%
07/02/25 05:00	0.0119%
07/02/25 06:00	0.0150%
07/02/25 07:00	0.0163%
07/02/25 08:00	0.0170%
07/02/25 09:00	0.0163%
07/02/25 10:00	0.0166%
07/02/25 11:00	0.0167%
07/02/25 12:00	0.0166%
07/02/25 13:00	0.0164%
07/02/25 14:00	0.0162%
07/02/25 15:00	0.0156%
07/02/25 16:00	0.0168%
07/02/25 17:00	0.0166%
07/02/25 18:00	0.0157%
07/02/25 19:00	0.0138%
07/02/25 20:00	0.0131%
07/02/25 21:00	0.0123%
07/02/25 22:00	0.0116%
07/02/25 23:00	0.0110%
08/02/25 00:00	0.0106%
08/02/25 01:00	0.0102%
08/02/25 02:00	0.0099%
08/02/25 03:00	0.0099%
08/02/25 04:00	0.0099%
08/02/25 05:00	0.0103%
08/02/25 06:00	0.0110%
08/02/25 07:00	0.0118%
08/02/25 08:00	0.0128%
08/02/25 09:00	0.0135%
08/02/25 10:00	0.0139%
08/02/25 11:00	0.0136%
08/02/25 12:00	0.0146%
08/02/25 13:00	0.0131%
08/02/25 14:00	0.0130%
08/02/25 15:00	0.0129%
08/02/25 16:00	0.0144%
08/02/25 17:00	0.0144%
08/02/25 18:00	0.0139%
08/02/25 19:00	0.0132%
08/02/25 20:00	0.0126%
08/02/25 21:00	0.0107%
08/02/25 22:00	0.0101%
08/02/25 23:00	0.0096%
09/02/25 00:00	0.0092%
09/02/25 01:00	0.0090%
09/02/25 02:00	0.0090%
09/02/25 03:00	0.0089%
09/02/25 04:00	0.0090%
09/02/25 05:00	0.0092%
09/02/25 06:00	0.0097%
09/02/25 07:00	0.0104%
09/02/25 08:00	0.0116%
09/02/25 09:00	0.0122%
09/02/25 10:00	0.0126%
09/02/25 11:00	0.0127%
09/02/25 12:00	0.0128%
09/02/25 13:00	0.0126%
09/02/25 14:00	0.0127%
09/02/25 15:00	0.0143%
09/02/25 16:00	0.0145%
09/02/25 17:00	0.0147%
09/02/25 18:00	0.0128%
09/02/25 19:00	0.0137%
09/02/25 20:00	0.0131%
09/02/25 21:00	0.0125%
09/02/25 22:00	0.0106%
09/02/25 23:00	0.0102%
10/02/25 00:00	0.0100%
10/02/25 01:00	0.0098%
10/02/25 02:00	0.0098%
10/02/25 03:00	0.0099%
10/02/25 04:00	0.0103%
10/02/25 05:00	0.0129%
10/02/25 06:00	0.0149%
10/02/25 07:00	0.0164%
10/02/25 08:00	0.0171%
10/02/25 09:00	0.0164%
10/02/25 10:00	0.0165%
10/02/25 11:00	0.0164%
10/02/25 12:00	0.0162%
10/02/25 13:00	0.0161%
10/02/25 14:00	0.0159%
10/02/25 15:00	0.0158%
10/02/25 16:00	0.0173%
10/02/25 17:00	0.0170%
10/02/25 18:00	0.0150%
10/02/25 19:00	0.0144%
10/02/25 20:00	0.0135%
10/02/25 21:00	0.0126%
10/02/25 22:00	0.0117%
10/02/25 23:00	0.0112%
11/02/25 00:00	0.0108%
11/02/25 01:00	0.0105%
11/02/25 02:00	0.0103%
11/02/25 03:00	0.0103%
11/02/25 04:00	0.0105%
11/02/25 05:00	0.0117%
11/02/25 06:00	0.0136%
11/02/25 07:00	0.0163%
11/02/25 08:00	0.0172%
11/02/25 09:00	0.0174%
11/02/25 10:00	0.0160%
11/02/25 11:00	0.0162%
11/02/25 12:00	0.0161%
11/02/25 13:00	0.0157%
11/02/25 14:00	0.0153%
11/02/25 15:00	0.0152%
11/02/25 16:00	0.0170%
11/02/25 17:00	0.0169%
11/02/25 18:00	0.0161%
11/02/25 19:00	0.0137%
11/02/25 20:00	0.0129%
11/02/25 21:00	0.0120%
11/02/25 22:00	0.0110%
11/02/25 23:00	0.0103%
12/02/25 00:00	0.0099%
12/02/25 01:00	0.0096%
12/02/25 02:00	0.0095%
12/02/25 03:00	0.0095%
12/02/25 04:00	0.0099%
12/02/25 05:00	0.0110%
12/02/25 06:00	0.0127%
12/02/25 07:00	0.0158%
12/02/25 08:00	0.0167%
12/02/25 09:00	0.0156%
12/02/25 10:00	0.0159%
12/02/25 11:00	0.0157%
12/02/25 12:00	0.0155%
12/02/25 13:00	0.0154%
12/02/25 14:00	0.0149%
12/02/25 15:00	0.0147%
12/02/25 16:00	0.0169%
12/02/25 17:00	0.0167%
12/02/25 18:00	0.0159%
12/02/25 19:00	0.0151%
12/02/25 20:00	0.0126%
12/02/25 21:00	0.0119%
12/02/25 22:00	0.0110%
12/02/25 23:00	0.0103%
13/02/25 00:00	0.0099%
13/02/25 01:00	0.0097%
13/02/25 02:00	0.0097%
13/02/25 03:00	0.0097%
13/02/25 04:00	0.0102%
13/02/25 05:00	0.0115%
13/02/25 06:00	0.0134%
13/02/25 07:00	0.0167%
13/02/25 08:00	0.0174%
13/02/25 09:00	0.0176%
13/02/25 10:00	0.0164%
13/02/25 11:00	0.0161%
13/02/25 12:00	0.0158%
13/02/25 13:00	0.0156%
13/02/25 14:00	0.0158%
13/02/25 15:00	0.0157%
13/02/25 16:00	0.0177%
13/02/25 17:00	0.0172%
13/02/25 18:00	0.0165%
13/02/25 19:00	0.0139%
13/02/25 20:00	0.0131%
13/02/25 21:00	0.0122%
13/02/25 22:00	0.0113%
13/02/25 23:00	0.0107%
14/02/25 00:00	0.0102%
14/02/25 01:00	0.0100%
14/02/25 02:00	0.0100%
14/02/25 03:00	0.0100%
14/02/25 04:00	0.0103%
14/02/25 05:00	0.0114%
14/02/25 06:00	0.0149%
14/02/25 07:00	0.0162%
14/02/25 08:00	0.0173%
14/02/25 09:00	0.0159%
14/02/25 10:00	0.0156%
14/02/25 11:00	0.0154%
14/02/25 12:00	0.0153%
14/02/25 13:00	0.0150%
14/02/25 14:00	0.0149%
14/02/25 15:00	0.0150%
14/02/25 16:00	0.0170%
14/02/25 17:00	0.0168%
14/02/25 18:00	0.0157%
14/02/25 19:00	0.0132%
14/02/25 20:00	0.0124%
14/02/25 21:00	0.0116%
14/02/25 22:00	0.0110%
14/02/25 23:00	0.0103%
15/02/25 00:00	0.0098%
15/02/25 01:00	0.0096%
15/02/25 02:00	0.0095%
15/02/25 03:00	0.0094%
15/02/25 04:00	0.0094%
15/02/25 05:00	0.0099%
15/02/25 06:00	0.0123%
15/02/25 07:00	0.0132%
15/02/25 08:00	0.0126%
15/02/25 09:00	0.0133%
15/02/25 10:00	0.0135%
15/02/25 11:00	0.0134%
15/02/25 12:00	0.0132%
15/02/25 13:00	0.0131%
15/02/25 14:00	0.0131%
15/02/25 15:00	0.0131%
15/02/25 16:00	0.0152%
15/02/25 17:00	0.0154%
15/02/25 18:00	0.0146%
15/02/25 19:00	0.0138%
15/02/25 20:00	0.0116%
15/02/25 21:00	0.0110%
15/02/25 22:00	0.0105%
15/02/25 23:00	0.0100%
16/02/25 00:00	0.0096%
16/02/25 01:00	0.0094%
16/02/25 02:00	0.0093%
16/02/25 03:00	0.0093%
16/02/25 04:00	0.0094%
16/02/25 05:00	0.0097%
16/02/25 06:00	0.0102%
16/02/25 07:00	0.0110%
16/02/25 08:00	0.0123%
16/02/25 09:00	0.0126%
16/02/25 10:00	0.0130%
16/02/25 11:00	0.0136%
16/02/25 12:00	0.0136%
16/02/25 13:00	0.0133%
16/02/25 14:00	0.0131%
16/02/25 15:00	0.0131%
16/02/25 16:00	0.0150%
16/02/25 17:00	0.0149%
16/02/25 18:00	0.0146%
16/02/25 19:00	0.0141%
16/02/25 20:00	0.0134%
16/02/25 21:00	0.0127%
16/02/25 22:00	0.0106%
16/02/25 23:00	0.0101%
17/02/25 00:00	0.0098%
17/02/25 01:00	0.0097%
17/02/25 02:00	0.0096%
17/02/25 03:00	0.0097%
17/02/25 04:00	0.0101%
17/02/25 05:00	0.0114%
17/02/25 06:00	0.0149%
17/02/25 07:00	0.0167%
17/02/25 08:00	0.0163%
17/02/25 09:00	0.0163%
17/02/25 10:00	0.0163%
17/02/25 11:00	0.0162%
17/02/25 12:00	0.0158%
17/02/25 13:00	0.0153%
17/02/25 14:00	0.0150%
17/02/25 15:00	0.0151%
17/02/25 16:00	0.0173%
17/02/25 17:00	0.0171%
17/02/25 18:00	0.0163%
17/02/25 19:00	0.0153%
17/02/25 20:00	0.0131%
17/02/25 21:00	0.0122%
17/02/25 22:00	0.0114%
17/02/25 23:00	0.0107%
18/02/25 00:00	0.0103%
18/02/25 01:00	0.0101%
18/02/25 02:00	0.0100%
18/02/25 03:00	0.0101%
18/02/25 04:00	0.0106%
18/02/25 05:00	0.0119%
18/02/25 06:00	0.0155%
18/02/25 07:00	0.0168%
18/02/25 08:00	0.0173%
18/02/25 09:00	0.0159%
18/02/25 10:00	0.0159%
18/02/25 11:00	0.0159%
18/02/25 12:00	0.0159%
18/02/25 13:00	0.0157%
18/02/25 14:00	0.0155%
18/02/25 15:00	0.0154%
18/02/25 16:00	0.0177%
18/02/25 17:00	0.0170%
18/02/25 18:00	0.0164%
18/02/25 19:00	0.0141%
18/02/25 20:00	0.0133%
18/02/25 21:00	0.0124%
18/02/25 22:00	0.0116%
18/02/25 23:00	0.0109%
19/02/25 00:00	0.0105%
19/02/25 01:00	0.0103%
19/02/25 02:00	0.0102%
19/02/25 03:00	0.0102%
19/02/25 04:00	0.0107%
19/02/25 05:00	0.0119%
19/02/25 06:00	0.0152%
19/02/25 07:00	0.0166%
19/02/25 08:00	0.0174%
19/02/25 09:00	0.0160%
19/02/25 10:00	0.0160%
19/02/25 11:00	0.0160%
19/02/25 12:00	0.0158%
19/02/25 13:00	0.0155%
19/02/25 14:00	0.0152%
19/02/25 15:00	0.0152%
19/02/25 16:00	0.0166%
19/02/25 17:00	0.0165%
19/02/25 18:00	0.0159%
19/02/25 19:00	0.0137%
19/02/25 20:00	0.0129%
19/02/25 21:00	0.0121%
19/02/25 22:00	0.0112%
19/02/25 23:00	0.0104%
20/02/25 00:00	0.0099%
20/02/25 01:00	0.0098%
20/02/25 02:00	0.0098%
20/02/25 03:00	0.0097%
20/02/25 04:00	0.0101%
20/02/25 05:00	0.0113%
20/02/25 06:00	0.0139%
20/02/25 07:00	0.0152%
20/02/25 08:00	0.0161%
20/02/25 09:00	0.0153%
20/02/25 10:00	0.0152%
20/02/25 11:00	0.0151%
20/02/25 12:00	0.0150%
20/02/25 13:00	0.0148%
20/02/25 14:00	0.0148%
20/02/25 15:00	0.0144%
20/02/25 16:00	0.0155%
20/02/25 17:00	0.0153%
20/02/25 18:00	0.0149%
20/02/25 19:00	0.0130%
20/02/25 20:00	0.0122%
20/02/25 21:00	0.0114%
20/02/25 22:00	0.0107%
20/02/25 23:00	0.0101%
21/02/25 00:00	0.0096%
21/02/25 01:00	0.0093%
21/02/25 02:00	0.0090%
21/02/25 03:00	0.0091%
21/02/25 04:00	0.0094%
21/02/25 05:00	0.0111%
21/02/25 06:00	0.0130%
21/02/25 07:00	0.0140%
21/02/25 08:00	0.0151%
21/02/25 09:00	0.0143%
21/02/25 10:00	0.0146%
21/02/25 11:00	0.0148%
21/02/25 12:00	0.0146%
21/02/25 13:00	0.0142%
21/02/25 14:00	0.0138%
21/02/25 15:00	0.0136%
21/02/25 16:00	0.0144%
21/02/25 17:00	0.0140%
21/02/25 18:00	0.0127%
21/02/25 19:00	0.0120%
21/02/25 20:00	0.0114%
21/02/25 21:00	0.0106%
21/02/25 22:00	0.0099%
21/02/25 23:00	0.0094%
22/02/25 00:00	0.0091%
22/02/25 01:00	0.0089%
22/02/25 02:00	0.0088%
22/02/25 03:00	0.0087%
22/02/25 04:00	0.0086%
22/02/25 05:00	0.0091%
22/02/25 06:00	0.0099%
22/02/25 07:00	0.0106%
22/02/25 08:00	0.0116%
22/02/25 09:00	0.0123%
22/02/25 10:00	0.0127%
22/02/25 11:00	0.0128%
22/02/25 12:00	0.0127%
22/02/25 13:00	0.0125%
22/02/25 14:00	0.0122%
22/02/25 15:00	0.0121%
22/02/25 16:00	0.0131%
22/02/25 17:00	0.0131%
22/02/25 18:00	0.0126%
22/02/25 19:00	0.0121%
22/02/25 20:00	0.0105%
22/02/25 21:00	0.0108%
22/02/25 22:00	0.0103%
22/02/25 23:00	0.0091%
23/02/25 00:00	0.0087%
23/02/25 01:00	0.0085%
23/02/25 02:00	0.0085%
23/02/25 03:00	0.0083%
23/02/25 04:00	0.0082%
23/02/25 05:00	0.0086%
23/02/25 06:00	0.0097%
23/02/25 07:00	0.0104%
23/02/25 08:00	0.0110%
23/02/25 09:00	0.0116%
23/02/25 10:00	0.0121%
23/02/25 11:00	0.0128%
23/02/25 12:00	0.0129%
23/02/25 13:00	0.0127%
23/02/25 14:00	0.0121%
23/02/25 15:00	0.0119%
23/02/25 16:00	0.0132%
23/02/25 17:00	0.0130%
23/02/25 18:00	0.0126%
23/02/25 19:00	0.0121%
23/02/25 20:00	0.0110%
23/02/25 21:00	0.0104%
23/02/25 22:00	0.0098%
23/02/25 23:00	0.0095%
24/02/25 00:00	0.0092%
24/02/25 01:00	0.0091%
24/02/25 02:00	0.0090%
24/02/25 03:00	0.0091%
24/02/25 04:00	0.0096%
24/02/25 05:00	0.0106%
24/02/25 06:00	0.0121%
24/02/25 07:00	0.0133%
24/02/25 08:00	0.0141%
24/02/25 09:00	0.0148%
24/02/25 10:00	0.0151%
24/02/25 11:00	0.0150%
24/02/25 12:00	0.0151%
24/02/25 13:00	0.0146%
24/02/25 14:00	0.0145%
24/02/25 15:00	0.0145%
24/02/25 16:00	0.0153%
24/02/25 17:00	0.0150%
24/02/25 18:00	0.0145%
24/02/25 19:00	0.0136%
24/02/25 20:00	0.0128%
24/02/25 21:00	0.0119%
24/02/25 22:00	0.0103%
24/02/25 23:00	0.0097%
25/02/25 00:00	0.0092%
25/02/25 01:00	0.0086%
25/02/25 02:00	0.0088%
25/02/25 03:00	0.0087%
25/02/25 04:00	0.0091%
25/02/25 05:00	0.0103%
25/02/25 06:00	0.0129%
25/02/25 07:00	0.0145%
25/02/25 08:00	0.0143%
25/02/25 09:00	0.0143%
25/02/25 10:00	0.0142%
25/02/25 11:00	0.0140%
25/02/25 12:00	0.0140%
25/02/25 13:00	0.0137%
25/02/25 14:00	0.0136%
25/02/25 15:00	0.0150%
25/02/25 16:00	0.0153%
25/02/25 17:00	0.0150%
25/02/25 18:00	0.0144%
25/02/25 19:00	0.0123%
25/02/25 20:00	0.0117%
25/02/25 21:00	0.0108%
25/02/25 22:00	0.0100%
25/02/25 23:00	0.0094%
26/02/25 00:00	0.0090%
26/02/25 01:00	0.0089%
26/02/25 02:00	0.0088%
26/02/25 03:00	0.0089%
26/02/25 04:00	0.0092%
26/02/25 05:00	0.0104%
26/02/25 06:00	0.0133%
26/02/25 07:00	0.0145%
26/02/25 08:00	0.0154%
26/02/25 09:00	0.0141%
26/02/25 10:00	0.0146%
26/02/25 11:00	0.0148%
26/02/25 12:00	0.0146%
26/02/25 13:00	0.0143%
26/02/25 14:00	0.0142%
26/02/25 15:00	0.0141%
26/02/25 16:00	0.0153%
26/02/25 17:00	0.0150%
26/02/25 18:00	0.0146%
26/02/25 19:00	0.0128%
26/02/25 20:00	0.0121%
26/02/25 21:00	0.0113%
26/02/25 22:00	0.0105%
26/02/25 23:00	0.0100%
27/02/25 00:00	0.0094%
27/02/25 01:00	0.0092%
27/02/25 02:00	0.0091%
27/02/25 03:00	0.0090%
27/02/25 04:00	0.0094%
27/02/25 05:00	0.0106%
27/02/25 06:00	0.0135%
27/02/25 07:00	0.0148%
27/02/25 08:00	0.0157%
27/02/25 09:00	0.0145%
27/02/25 10:00	0.0146%
27/02/25 11:00	0.0146%
27/02/25 12:00	0.0145%
27/02/25 13:00	0.0145%
27/02/25 14:00	0.0145%
27/02/25 15:00	0.0145%
27/02/25 16:00	0.0159%
27/02/25 17:00	0.0157%
27/02/25 18:00	0.0150%
27/02/25 19:00	0.0130%
27/02/25 20:00	0.0123%
27/02/25 21:00	0.0115%
27/02/25 22:00	0.0107%
27/02/25 23:00	0.0100%
28/02/25 00:00	0.0095%
28/02/25 01:00	0.0093%
28/02/25 02:00	0.0092%
28/02/25 03:00	0.0092%
28/02/25 04:00	0.0095%
28/02/25 05:00	0.0107%
28/02/25 06:00	0.0136%
28/02/25 07:00	0.0150%
28/02/25 08:00	0.0144%
28/02/25 09:00	0.0147%
28/02/25 10:00	0.0145%
28/02/25 11:00	0.0146%
28/02/25 12:00	0.0145%
28/02/25 13:00	0.0142%
28/02/25 14:00	0.0140%
28/02/25 15:00	0.0140%
28/02/25 16:00	0.0159%
28/02/25 17:00	0.0150%
28/02/25 18:00	0.0146%
28/02/25 19:00	0.0138%
28/02/25 20:00	0.0116%
28/02/25 21:00	0.0109%
28/02/25 22:00	0.0102%
28/02/25 23:00	0.0096%
01/03/25 00:00	0.0093%
01/03/25 01:00	0.0090%
01/03/25 02:00	0.0088%
01/03/25 03:00	0.0088%
01/03/25 04:00	0.0089%
01/03/25 05:00	0.0093%
01/03/25 06:00	0.0113%
01/03/25 07:00	0.0123%
01/03/25 08:00	0.0130%
01/03/25 09:00	0.0118%
01/03/25 10:00	0.0118%
01/03/25 11:00	0.0117%
01/03/25 12:00	0.0116%
01/03/25 13:00	0.0113%
01/03/25 14:00	0.0112%
01/03/25 15:00	0.0115%
01/03/25 16:00	0.0140%
01/03/25 17:00	0.0138%
01/03/25 18:00	0.0134%
01/03/25 19:00	0.0115%
01/03/25 20:00	0.0110%
01/03/25 21:00	0.0104%
01/03/25 22:00	0.0098%
01/03/25 23:00	0.0094%
02/03/25 00:00	0.0090%
02/03/25 01:00	0.0089%
02/03/25 02:00	0.0088%
02/03/25 03:00	0.0088%
02/03/25 04:00	0.0089%
02/03/25 05:00	0.0092%
02/03/25 06:00	0.0095%
02/03/25 07:00	0.0103%
02/03/25 08:00	0.0108%
02/03/25 09:00	0.0107%
02/03/25 10:00	0.0109%
02/03/25 11:00	0.0112%
02/03/25 12:00	0.0111%
02/03/25 13:00	0.0108%
02/03/25 14:00	0.0105%
02/03/25 15:00	0.0107%
02/03/25 16:00	0.0129%
02/03/25 17:00	0.0131%
02/03/25 18:00	0.0130%
02/03/25 19:00	0.0125%
02/03/25 20:00	0.0119%
02/03/25 21:00	0.0113%
02/03/25 22:00	0.0096%
02/03/25 23:00	0.0093%
03/03/25 00:00	0.0090%
03/03/25 01:00	0.0089%
03/03/25 02:00	0.0089%
03/03/25 03:00	0.0090%
03/03/25 04:00	0.0095%
03/03/25 05:00	0.0108%
03/03/25 06:00	0.0136%
03/03/25 07:00	0.0152%
03/03/25 08:00	0.0139%
03/03/25 09:00	0.0133%
03/03/25 10:00	0.0133%
03/03/25 11:00	0.0132%
03/03/25 12:00	0.0128%
03/03/25 13:00	0.0126%
03/03/25 14:00	0.0124%
03/03/25 15:00	0.0126%
03/03/25 16:00	0.0148%
03/03/25 17:00	0.0148%
03/03/25 18:00	0.0145%
03/03/25 19:00	0.0137%
03/03/25 20:00	0.0117%
03/03/25 21:00	0.0109%
03/03/25 22:00	0.0101%
03/03/25 23:00	0.0095%
04/03/25 00:00	0.0092%
04/03/25 01:00	0.0091%
04/03/25 02:00	0.0090%
04/03/25 03:00	0.0091%
04/03/25 04:00	0.0097%
04/03/25 05:00	0.0121%
04/03/25 06:00	0.0138%
04/03/25 07:00	0.0148%
04/03/25 08:00	0.0137%
04/03/25 09:00	0.0135%
04/03/25 10:00	0.0134%
04/03/25 11:00	0.0132%
04/03/25 12:00	0.0131%
04/03/25 13:00	0.0128%
04/03/25 14:00	0.0125%
04/03/25 15:00	0.0126%
04/03/25 16:00	0.0148%
04/03/25 17:00	0.0148%
04/03/25 18:00	0.0144%
04/03/25 19:00	0.0124%
04/03/25 20:00	0.0117%
04/03/25 21:00	0.0109%
04/03/25 22:00	0.0102%
04/03/25 23:00	0.0097%
05/03/25 00:00	0.0093%
05/03/25 01:00	0.0091%
05/03/25 02:00	0.0090%
05/03/25 03:00	0.0092%
05/03/25 04:00	0.0096%
05/03/25 05:00	0.0107%
05/03/25 06:00	0.0134%
05/03/25 07:00	0.0147%
05/03/25 08:00	0.0136%
05/03/25 09:00	0.0131%
05/03/25 10:00	0.0128%
05/03/25 11:00	0.0124%
05/03/25 12:00	0.0122%
05/03/25 13:00	0.0121%
05/03/25 14:00	0.0121%
05/03/25 15:00	0.0126%
05/03/25 16:00	0.0151%
05/03/25 17:00	0.0158%
05/03/25 18:00	0.0155%
05/03/25 19:00	0.0145%
05/03/25 20:00	0.0127%
05/03/25 21:00	0.0111%
05/03/25 22:00	0.0099%
05/03/25 23:00	0.0095%
06/03/25 00:00	0.0089%
06/03/25 01:00	0.0087%
06/03/25 02:00	0.0087%
06/03/25 03:00	0.0087%
06/03/25 04:00	0.0091%
06/03/25 05:00	0.0113%
06/03/25 06:00	0.0128%
06/03/25 07:00	0.0130%
06/03/25 08:00	0.0130%
06/03/25 09:00	0.0128%
06/03/25 10:00	0.0129%
06/03/25 11:00	0.0128%
06/03/25 12:00	0.0128%
06/03/25 13:00	0.0125%
06/03/25 14:00	0.0122%
06/03/25 15:00	0.0123%
06/03/25 16:00	0.0142%
06/03/25 17:00	0.0139%
06/03/25 18:00	0.0135%
06/03/25 19:00	0.0128%
06/03/25 20:00	0.0112%
06/03/25 21:00	0.0104%
06/03/25 22:00	0.0098%
06/03/25 23:00	0.0091%
07/03/25 00:00	0.0086%
07/03/25 01:00	0.0083%
07/03/25 02:00	0.0083%
07/03/25 03:00	0.0084%
07/03/25 04:00	0.0088%
07/03/25 05:00	0.0099%
07/03/25 06:00	0.0121%
07/03/25 07:00	0.0126%
07/03/25 08:00	0.0126%
07/03/25 09:00	0.0125%
07/03/25 10:00	0.0126%
07/03/25 11:00	0.0126%
07/03/25 12:00	0.0126%
07/03/25 13:00	0.0123%
07/03/25 14:00	0.0120%
07/03/25 15:00	0.0119%
07/03/25 16:00	0.0136%
07/03/25 17:00	0.0136%
07/03/25 18:00	0.0130%
07/03/25 19:00	0.0123%
07/03/25 20:00	0.0114%
07/03/25 21:00	0.0099%
07/03/25 22:00	0.0093%
07/03/25 23:00	0.0088%
08/03/25 00:00	0.0084%
08/03/25 01:00	0.0081%
08/03/25 02:00	0.0080%
08/03/25 03:00	0.0080%
08/03/25 04:00	0.0089%
08/03/25 05:00	0.0095%
08/03/25 06:00	0.0099%
08/03/25 07:00	0.0102%
08/03/25 08:00	0.0104%
08/03/25 09:00	0.0106%
08/03/25 10:00	0.0108%
08/03/25 11:00	0.0109%
08/03/25 12:00	0.0107%
08/03/25 13:00	0.0106%
08/03/25 14:00	0.0104%
08/03/25 15:00	0.0104%
08/03/25 16:00	0.0121%
08/03/25 17:00	0.0123%
08/03/25 18:00	0.0117%
08/03/25 19:00	0.0105%
08/03/25 20:00	0.0100%
08/03/25 21:00	0.0095%
08/03/25 22:00	0.0089%
08/03/25 23:00	0.0084%
09/03/25 00:00	0.0080%
09/03/25 01:00	0.0078%
09/03/25 02:00	0.0077%
09/03/25 03:00	0.0077%
09/03/25 04:00	0.0078%
09/03/25 05:00	0.0080%
09/03/25 06:00	0.0083%
09/03/25 07:00	0.0093%
09/03/25 08:00	0.0097%
09/03/25 09:00	0.0099%
09/03/25 10:00	0.0101%
09/03/25 11:00	0.0102%
09/03/25 12:00	0.0103%
09/03/25 13:00	0.0099%
09/03/25 14:00	0.0099%
09/03/25 15:00	0.0099%
09/03/25 16:00	0.0116%
09/03/25 17:00	0.0121%
09/03/25 18:00	0.0119%
09/03/25 19:00	0.0114%
09/03/25 20:00	0.0108%
09/03/25 21:00	0.0102%
09/03/25 22:00	0.0087%
09/03/25 23:00	0.0082%
10/03/25 00:00	0.0079%
10/03/25 01:00	0.0078%
10/03/25 02:00	0.0078%
10/03/25 03:00	0.0080%
10/03/25 04:00	0.0085%
10/03/25 05:00	0.0111%
10/03/25 06:00	0.0125%
10/03/25 07:00	0.0137%
10/03/25 08:00	0.0126%
10/03/25 09:00	0.0124%
10/03/25 10:00	0.0124%
10/03/25 11:00	0.0123%
10/03/25 12:00	0.0122%
10/03/25 13:00	0.0120%
10/03/25 14:00	0.0119%
10/03/25 15:00	0.0122%
10/03/25 16:00	0.0142%
10/03/25 17:00	0.0142%
10/03/25 18:00	0.0137%
10/03/25 19:00	0.0118%
10/03/25 20:00	0.0111%
10/03/25 21:00	0.0103%
10/03/25 22:00	0.0095%
10/03/25 23:00	0.0089%
11/03/25 00:00	0.0086%
11/03/25 01:00	0.0084%
11/03/25 02:00	0.0084%
11/03/25 03:00	0.0085%
11/03/25 04:00	0.0089%
11/03/25 05:00	0.0102%
11/03/25 06:00	0.0131%
11/03/25 07:00	0.0143%
11/03/25 08:00	0.0137%
11/03/25 09:00	0.0136%
11/03/25 10:00	0.0134%
11/03/25 11:00	0.0132%
11/03/25 12:00	0.0132%
11/03/25 13:00	0.0130%
11/03/25 14:00	0.0131%
11/03/25 15:00	0.0135%
11/03/25 16:00	0.0156%
11/03/25 17:00	0.0155%
11/03/25 18:00	0.0149%
11/03/25 19:00	0.0140%
11/03/25 20:00	0.0118%
11/03/25 21:00	0.0109%
11/03/25 22:00	0.0101%
11/03/25 23:00	0.0095%
12/03/25 00:00	0.0090%
12/03/25 01:00	0.0088%
12/03/25 02:00	0.0088%
12/03/25 03:00	0.0088%
12/03/25 04:00	0.0092%
12/03/25 05:00	0.0104%
12/03/25 06:00	0.0132%
12/03/25 07:00	0.0145%
12/03/25 08:00	0.0134%
12/03/25 09:00	0.0133%
12/03/25 10:00	0.0132%
12/03/25 11:00	0.0133%
12/03/25 12:00	0.0131%
12/03/25 13:00	0.0129%
12/03/25 14:00	0.0129%
12/03/25 15:00	0.0132%
12/03/25 16:00	0.0153%
12/03/25 17:00	0.0155%
12/03/25 18:00	0.0148%
12/03/25 19:00	0.0139%
12/03/25 20:00	0.0118%
12/03/25 21:00	0.0110%
12/03/25 22:00	0.0102%
12/03/25 23:00	0.0095%
13/03/25 00:00	0.0091%
13/03/25 01:00	0.0089%
13/03/25 02:00	0.0088%
13/03/25 03:00	0.0088%
13/03/25 04:00	0.0093%
13/03/25 05:00	0.0104%
13/03/25 06:00	0.0136%
13/03/25 07:00	0.0149%
13/03/25 08:00	0.0133%
13/03/25 09:00	0.0133%
13/03/25 10:00	0.0133%
13/03/25 11:00	0.0132%
13/03/25 12:00	0.0132%
13/03/25 13:00	0.0132%
13/03/25 14:00	0.0132%
13/03/25 15:00	0.0137%
13/03/25 16:00	0.0158%
13/03/25 17:00	0.0156%
13/03/25 18:00	0.0152%
13/03/25 19:00	0.0143%
13/03/25 20:00	0.0119%
13/03/25 21:00	0.0110%
13/03/25 22:00	0.0103%
13/03/25 23:00	0.0097%
14/03/25 00:00	0.0093%
14/03/25 01:00	0.0091%
14/03/25 02:00	0.0091%
14/03/25 03:00	0.0091%
14/03/25 04:00	0.0095%
14/03/25 05:00	0.0122%
14/03/25 06:00	0.0138%
14/03/25 07:00	0.0150%
14/03/25 08:00	0.0134%
14/03/25 09:00	0.0132%
14/03/25 10:00	0.0133%
14/03/25 11:00	0.0132%
14/03/25 12:00	0.0132%
14/03/25 13:00	0.0132%
14/03/25 14:00	0.0132%
14/03/25 15:00	0.0136%
14/03/25 16:00	0.0156%
14/03/25 17:00	0.0156%
14/03/25 18:00	0.0149%
14/03/25 19:00	0.0125%
14/03/25 20:00	0.0118%
14/03/25 21:00	0.0111%
14/03/25 22:00	0.0103%
14/03/25 23:00	0.0097%
15/03/25 00:00	0.0092%
15/03/25 01:00	0.0089%
15/03/25 02:00	0.0089%
15/03/25 03:00	0.0089%
15/03/25 04:00	0.0089%
15/03/25 05:00	0.0094%
15/03/25 06:00	0.0100%
15/03/25 07:00	0.0109%
15/03/25 08:00	0.0114%
15/03/25 09:00	0.0116%
15/03/25 10:00	0.0118%
15/03/25 11:00	0.0117%
15/03/25 12:00	0.0116%
15/03/25 13:00	0.0113%
15/03/25 14:00	0.0114%
15/03/25 15:00	0.0115%
15/03/25 16:00	0.0135%
15/03/25 17:00	0.0139%
15/03/25 18:00	0.0134%
15/03/25 19:00	0.0128%
15/03/25 20:00	0.0120%
15/03/25 21:00	0.0114%
15/03/25 22:00	0.0097%
15/03/25 23:00	0.0092%
16/03/25 00:00	0.0088%
16/03/25 01:00	0.0086%
16/03/25 02:00	0.0085%
16/03/25 03:00	0.0085%
16/03/25 04:00	0.0086%
16/03/25 05:00	0.0089%
16/03/25 06:00	0.0094%
16/03/25 07:00	0.0098%
16/03/25 08:00	0.0101%
16/03/25 09:00	0.0103%
16/03/25 10:00	0.0106%
16/03/25 11:00	0.0108%
16/03/25 12:00	0.0107%
16/03/25 13:00	0.0106%
16/03/25 14:00	0.0105%
16/03/25 15:00	0.0107%
16/03/25 16:00	0.0127%
16/03/25 17:00	0.0132%
16/03/25 18:00	0.0128%
16/03/25 19:00	0.0122%
16/03/25 20:00	0.0115%
16/03/25 21:00	0.0098%
16/03/25 22:00	0.0093%
16/03/25 23:00	0.0098%
17/03/25 00:00	0.0085%
17/03/25 01:00	0.0083%
17/03/25 02:00	0.0083%
17/03/25 03:00	0.0085%
17/03/25 04:00	0.0090%
17/03/25 05:00	0.0113%
17/03/25 06:00	0.0130%
17/03/25 07:00	0.0131%
17/03/25 08:00	0.0133%
17/03/25 09:00	0.0133%
17/03/25 10:00	0.0132%
17/03/25 11:00	0.0131%
17/03/25 12:00	0.0132%
17/03/25 13:00	0.0130%
17/03/25 14:00	0.0126%
17/03/25 15:00	0.0127%
17/03/25 16:00	0.0145%
17/03/25 17:00	0.0148%
17/03/25 18:00	0.0144%
17/03/25 19:00	0.0136%
17/03/25 20:00	0.0119%
17/03/25 21:00	0.0109%
17/03/25 22:00	0.0101%
17/03/25 23:00	0.0095%
18/03/25 00:00	0.0091%
18/03/25 01:00	0.0088%
18/03/25 02:00	0.0088%
18/03/25 03:00	0.0088%
18/03/25 04:00	0.0094%
18/03/25 05:00	0.0117%
18/03/25 06:00	0.0133%
18/03/25 07:00	0.0130%
18/03/25 08:00	0.0131%
18/03/25 09:00	0.0131%
18/03/25 10:00	0.0132%
18/03/25 11:00	0.0132%
18/03/25 12:00	0.0130%
18/03/25 13:00	0.0129%
18/03/25 14:00	0.0126%
18/03/25 15:00	0.0126%
18/03/25 16:00	0.0145%
18/03/25 17:00	0.0148%
18/03/25 18:00	0.0143%
18/03/25 19:00	0.0137%
18/03/25 20:00	0.0117%
18/03/25 21:00	0.0108%
18/03/25 22:00	0.0099%
18/03/25 23:00	0.0092%
19/03/25 00:00	0.0088%
19/03/25 01:00	0.0086%
19/03/25 02:00	0.0086%
19/03/25 03:00	0.0087%
19/03/25 04:00	0.0091%
19/03/25 05:00	0.0113%
19/03/25 06:00	0.0129%
19/03/25 07:00	0.0127%
19/03/25 08:00	0.0126%
19/03/25 09:00	0.0127%
19/03/25 10:00	0.0126%
19/03/25 11:00	0.0125%
19/03/25 12:00	0.0124%
19/03/25 13:00	0.0122%
19/03/25 14:00	0.0119%
19/03/25 15:00	0.0120%
19/03/25 16:00	0.0137%
19/03/25 17:00	0.0143%
19/03/25 18:00	0.0137%
19/03/25 19:00	0.0129%
19/03/25 20:00	0.0109%
19/03/25 21:00	0.0102%
19/03/25 22:00	0.0095%
19/03/25 23:00	0.0088%
20/03/25 00:00	0.0084%
20/03/25 01:00	0.0082%
20/03/25 02:00	0.0081%
20/03/25 03:00	0.0082%
20/03/25 04:00	0.0086%
20/03/25 05:00	0.0106%
20/03/25 06:00	0.0121%
20/03/25 07:00	0.0121%
20/03/25 08:00	0.0123%
20/03/25 09:00	0.0122%
20/03/25 10:00	0.0123%
20/03/25 11:00	0.0123%
20/03/25 12:00	0.0122%
20/03/25 13:00	0.0120%
20/03/25 14:00	0.0118%
20/03/25 15:00	0.0118%
20/03/25 16:00	0.0133%
20/03/25 17:00	0.0141%
20/03/25 18:00	0.0136%
20/03/25 19:00	0.0126%
20/03/25 20:00	0.0109%
20/03/25 21:00	0.0101%
20/03/25 22:00	0.0095%
20/03/25 23:00	0.0088%
21/03/25 00:00	0.0090%
21/03/25 01:00	0.0081%
21/03/25 02:00	0.0080%
21/03/25 03:00	0.0082%
21/03/25 04:00	0.0093%
21/03/25 05:00	0.0104%
21/03/25 06:00	0.0120%
21/03/25 07:00	0.0127%
21/03/25 08:00	0.0122%
21/03/25 09:00	0.0123%
21/03/25 10:00	0.0127%
21/03/25 11:00	0.0128%
21/03/25 12:00	0.0128%
21/03/25 13:00	0.0125%
21/03/25 14:00	0.0124%
21/03/25 15:00	0.0123%
21/03/25 16:00	0.0128%
21/03/25 17:00	0.0131%
21/03/25 18:00	0.0120%
21/03/25 19:00	0.0114%
21/03/25 20:00	0.0107%
21/03/25 21:00	0.0100%
21/03/25 22:00	0.0095%
21/03/25 23:00	0.0089%
22/03/25 00:00	0.0084%
22/03/25 01:00	0.0081%
22/03/25 02:00	0.0081%
22/03/25 03:00	0.0080%
22/03/25 04:00	0.0081%
22/03/25 05:00	0.0084%
22/03/25 06:00	0.0091%
22/03/25 07:00	0.0101%
22/03/25 08:00	0.0106%
22/03/25 09:00	0.0108%
22/03/25 10:00	0.0111%
22/03/25 11:00	0.0112%
22/03/25 12:00	0.0110%
22/03/25 13:00	0.0107%
22/03/25 14:00	0.0107%
22/03/25 15:00	0.0108%
22/03/25 16:00	0.0121%
22/03/25 17:00	0.0121%
22/03/25 18:00	0.0116%
22/03/25 19:00	0.0109%
22/03/25 20:00	0.0103%
22/03/25 21:00	0.0098%
22/03/25 22:00	0.0089%
22/03/25 23:00	0.0085%
23/03/25 00:00	0.0081%
23/03/25 01:00	0.0077%
23/03/25 02:00	0.0076%
23/03/25 03:00	0.0075%
23/03/25 04:00	0.0074%
23/03/25 05:00	0.0076%
23/03/25 06:00	0.0081%
23/03/25 07:00	0.0089%
23/03/25 08:00	0.0094%
23/03/25 09:00	0.0097%
23/03/25 10:00	0.0099%
23/03/25 11:00	0.0100%
23/03/25 12:00	0.0100%
23/03/25 13:00	0.0098%
23/03/25 14:00	0.0097%
23/03/25 15:00	0.0099%
23/03/25 16:00	0.0116%
23/03/25 17:00	0.0118%
23/03/25 18:00	0.0113%
23/03/25 19:00	0.0110%
23/03/25 20:00	0.0104%
23/03/25 21:00	0.0098%
23/03/25 22:00	0.0085%
23/03/25 23:00	0.0080%
24/03/25 00:00	0.0077%
24/03/25 01:00	0.0076%
24/03/25 02:00	0.0075%
24/03/25 03:00	0.0077%
24/03/25 04:00	0.0081%
24/03/25 05:00	0.0091%
24/03/25 06:00	0.0118%
24/03/25 07:00	0.0131%
24/03/25 08:00	0.0122%
24/03/25 09:00	0.0122%
24/03/25 10:00	0.0123%
24/03/25 11:00	0.0122%
24/03/25 12:00	0.0121%
24/03/25 13:00	0.0119%
24/03/25 14:00	0.0119%
24/03/25 15:00	0.0122%
24/03/25 16:00	0.0139%
24/03/25 17:00	0.0141%
24/03/25 18:00	0.0135%
24/03/25 19:00	0.0128%
24/03/25 20:00	0.0109%
24/03/25 21:00	0.0101%
24/03/25 22:00	0.0094%
24/03/25 23:00	0.0088%
25/03/25 00:00	0.0083%
25/03/25 01:00	0.0081%
25/03/25 02:00	0.0081%
25/03/25 03:00	0.0081%
25/03/25 04:00	0.0085%
25/03/25 05:00	0.0096%
25/03/25 06:00	0.0123%
25/03/25 07:00	0.0136%
25/03/25 08:00	0.0127%
25/03/25 09:00	0.0127%
25/03/25 10:00	0.0127%
25/03/25 11:00	0.0126%
25/03/25 12:00	0.0124%
25/03/25 13:00	0.0122%
25/03/25 14:00	0.0123%
25/03/25 15:00	0.0126%
25/03/25 16:00	0.0143%
25/03/25 17:00	0.0140%
25/03/25 18:00	0.0138%
25/03/25 19:00	0.0131%
25/03/25 20:00	0.0111%
25/03/25 21:00	0.0103%
25/03/25 22:00	0.0095%
25/03/25 23:00	0.0088%
26/03/25 00:00	0.0084%
26/03/25 01:00	0.0082%
26/03/25 02:00	0.0081%
26/03/25 03:00	0.0081%
26/03/25 04:00	0.0086%
26/03/25 05:00	0.0096%
26/03/25 06:00	0.0122%
26/03/25 07:00	0.0135%
26/03/25 08:00	0.0127%
26/03/25 09:00	0.0125%
26/03/25 10:00	0.0125%
26/03/25 11:00	0.0125%
26/03/25 12:00	0.0124%
26/03/25 13:00	0.0122%
26/03/25 14:00	0.0121%
26/03/25 15:00	0.0124%
26/03/25 16:00	0.0140%
26/03/25 17:00	0.0144%
26/03/25 18:00	0.0137%
26/03/25 19:00	0.0131%
26/03/25 20:00	0.0112%
26/03/25 21:00	0.0104%
26/03/25 22:00	0.0096%
26/03/25 23:00	0.0090%
27/03/25 00:00	0.0086%
27/03/25 01:00	0.0084%
27/03/25 02:00	0.0084%
27/03/25 03:00	0.0085%
27/03/25 04:00	0.0089%
27/03/25 05:00	0.0109%
27/03/25 06:00	0.0128%
27/03/25 07:00	0.0133%
27/03/25 08:00	0.0124%
27/03/25 09:00	0.0124%
27/03/25 10:00	0.0125%
27/03/25 11:00	0.0124%
27/03/25 12:00	0.0124%
27/03/25 13:00	0.0122%
27/03/25 14:00	0.0120%
27/03/25 15:00	0.0120%
27/03/25 16:00	0.0124%
27/03/25 17:00	0.0136%
27/03/25 18:00	0.0133%
27/03/25 19:00	0.0128%
27/03/25 20:00	0.0111%
27/03/25 21:00	0.0103%
27/03/25 22:00	0.0095%
27/03/25 23:00	0.0089%
28/03/25 00:00	0.0086%
28/03/25 01:00	0.0084%
28/03/25 02:00	0.0084%
28/03/25 03:00	0.0083%
28/03/25 04:00	0.0088%
28/03/25 05:00	0.0107%
28/03/25 06:00	0.0124%
28/03/25 07:00	0.0126%
28/03/25 08:00	0.0129%
28/03/25 09:00	0.0129%
28/03/25 10:00	0.0132%
28/03/25 11:00	0.0132%
28/03/25 12:00	0.0131%
28/03/25 13:00	0.0130%
28/03/25 14:00	0.0128%
28/03/25 15:00	0.0127%
28/03/25 16:00	0.0140%
28/03/25 17:00	0.0137%
28/03/25 18:00	0.0132%
28/03/25 19:00	0.0124%
28/03/25 20:00	0.0107%
28/03/25 21:00	0.0100%
28/03/25 22:00	0.0093%
28/03/25 23:00	0.0087%
29/03/25 00:00	0.0090%
29/03/25 01:00	0.0080%
29/03/25 02:00	0.0079%
29/03/25 03:00	0.0079%
29/03/25 04:00	0.0081%
29/03/25 05:00	0.0083%
29/03/25 06:00	0.0099%
29/03/25 07:00	0.0098%
29/03/25 08:00	0.0104%
29/03/25 09:00	0.0107%
29/03/25 10:00	0.0111%
29/03/25 11:00	0.0110%
29/03/25 12:00	0.0111%
29/03/25 13:00	0.0110%
29/03/25 14:00	0.0106%
29/03/25 15:00	0.0105%
29/03/25 16:00	0.0109%
29/03/25 17:00	0.0123%
29/03/25 18:00	0.0120%
29/03/25 19:00	0.0115%
29/03/25 20:00	0.0109%
29/03/25 21:00	0.0098%
29/03/25 22:00	0.0094%
29/03/25 23:00	0.0090%
30/03/25 00:00	0.0087%
30/03/25 01:00	0.0084%
30/03/25 02:00	0.0085%
30/03/25 03:00	0.0085%
30/03/25 04:00	0.0086%
30/03/25 05:00	0.0087%
30/03/25 06:00	0.0095%
30/03/25 07:00	0.0102%
30/03/25 08:00	0.0103%
30/03/25 09:00	0.0106%
30/03/25 10:00	0.0109%
30/03/25 11:00	0.0109%
30/03/25 12:00	0.0108%
30/03/25 13:00	0.0105%
30/03/25 14:00	0.0105%
30/03/25 15:00	0.0112%
30/03/25 16:00	0.0116%
30/03/25 17:00	0.0122%
30/03/25 18:00	0.0118%
30/03/25 19:00	0.0114%
30/03/25 20:00	0.0109%
30/03/25 21:00	0.0095%
30/03/25 22:00	0.0097%
30/03/25 23:00	0.0092%
31/03/25 00:00	0.0082%
31/03/25 01:00	0.0082%
31/03/25 02:00	0.0083%
31/03/25 03:00	0.0085%
31/03/25 04:00	0.0096%
31/03/25 05:00	0.0119%
31/03/25 06:00	0.0134%
31/03/25 07:00	0.0135%
31/03/25 08:00	0.0125%
31/03/25 09:00	0.0125%
31/03/25 10:00	0.0127%
31/03/25 11:00	0.0127%
31/03/25 12:00	0.0125%
31/03/25 13:00	0.0123%
31/03/25 14:00	0.0122%
31/03/25 15:00	0.0123%
31/03/25 16:00	0.0122%
31/03/25 17:00	0.0132%
31/03/25 18:00	0.0126%
31/03/25 19:00	0.0120%
31/03/25 20:00	0.0103%
31/03/25 21:00	0.0095%
31/03/25 22:00	0.0089%
31/03/25 23:00	0.0084%
01/04/25 00:00	0.0082%
01/04/25 01:00	0.0081%
01/04/25 02:00	0.0082%
01/04/25 03:00	0.0086%
01/04/25 04:00	0.0107%
01/04/25 05:00	0.0125%
01/04/25 06:00	0.0137%
01/04/25 07:00	0.0133%
01/04/25 08:00	0.0123%
01/04/25 09:00	0.0125%
01/04/25 10:00	0.0126%
01/04/25 11:00	0.0125%
01/04/25 12:00	0.0125%
01/04/25 13:00	0.0123%
01/04/25 14:00	0.0123%
01/04/25 15:00	0.0125%
01/04/25 16:00	0.0124%
01/04/25 17:00	0.0133%
01/04/25 18:00	0.0126%
01/04/25 19:00	0.0113%
01/04/25 20:00	0.0105%
01/04/25 21:00	0.0098%
01/04/25 22:00	0.0091%
01/04/25 23:00	0.0087%
02/04/25 00:00	0.0084%
02/04/25 01:00	0.0083%
02/04/25 02:00	0.0084%
02/04/25 03:00	0.0087%
02/04/25 04:00	0.0106%
02/04/25 05:00	0.0121%
02/04/25 06:00	0.0133%
02/04/25 07:00	0.0127%
02/04/25 08:00	0.0127%
02/04/25 09:00	0.0128%
02/04/25 10:00	0.0130%
02/04/25 11:00	0.0130%
02/04/25 12:00	0.0129%
02/04/25 13:00	0.0127%
02/04/25 14:00	0.0126%
02/04/25 15:00	0.0128%
02/04/25 16:00	0.0125%
02/04/25 17:00	0.0133%
02/04/25 18:00	0.0126%
02/04/25 19:00	0.0120%
02/04/25 20:00	0.0107%
02/04/25 21:00	0.0098%
02/04/25 22:00	0.0091%
02/04/25 23:00	0.0087%
03/04/25 00:00	0.0084%
03/04/25 01:00	0.0082%
03/04/25 02:00	0.0082%
03/04/25 03:00	0.0085%
03/04/25 04:00	0.0097%
03/04/25 05:00	0.0118%
03/04/25 06:00	0.0130%
03/04/25 07:00	0.0124%
03/04/25 08:00	0.0124%
03/04/25 09:00	0.0124%
03/04/25 10:00	0.0125%
03/04/25 11:00	0.0126%
03/04/25 12:00	0.0125%
03/04/25 13:00	0.0123%
03/04/25 14:00	0.0123%
03/04/25 15:00	0.0123%
03/04/25 16:00	0.0128%
03/04/25 17:00	0.0128%
03/04/25 18:00	0.0121%
03/04/25 19:00	0.0116%
03/04/25 20:00	0.0101%
03/04/25 21:00	0.0093%
03/04/25 22:00	0.0087%
03/04/25 23:00	0.0082%
04/04/25 00:00	0.0079%
04/04/25 01:00	0.0077%
04/04/25 02:00	0.0077%
04/04/25 03:00	0.0081%
04/04/25 04:00	0.0099%
04/04/25 05:00	0.0113%
04/04/25 06:00	0.0125%
04/04/25 07:00	0.0119%
04/04/25 08:00	0.0119%
04/04/25 09:00	0.0122%
04/04/25 10:00	0.0124%
04/04/25 11:00	0.0124%
04/04/25 12:00	0.0123%
04/04/25 13:00	0.0121%
04/04/25 14:00	0.0120%
04/04/25 15:00	0.0120%
04/04/25 16:00	0.0125%
04/04/25 17:00	0.0126%
04/04/25 18:00	0.0119%
04/04/25 19:00	0.0106%
04/04/25 20:00	0.0099%
04/04/25 21:00	0.0094%
04/04/25 22:00	0.0087%
04/04/25 23:00	0.0083%
05/04/25 00:00	0.0084%
05/04/25 01:00	0.0077%
05/04/25 02:00	0.0078%
05/04/25 03:00	0.0078%
05/04/25 04:00	0.0088%
05/04/25 05:00	0.0094%
05/04/25 06:00	0.0104%
05/04/25 07:00	0.0103%
05/04/25 08:00	0.0107%
05/04/25 09:00	0.0109%
05/04/25 10:00	0.0111%
05/04/25 11:00	0.0112%
05/04/25 12:00	0.0110%
05/04/25 13:00	0.0108%
05/04/25 14:00	0.0107%
05/04/25 15:00	0.0111%
05/04/25 16:00	0.0112%
05/04/25 17:00	0.0118%
05/04/25 18:00	0.0112%
05/04/25 19:00	0.0102%
05/04/25 20:00	0.0097%
05/04/25 21:00	0.0092%
05/04/25 22:00	0.0087%
05/04/25 23:00	0.0084%
06/04/25 00:00	0.0081%
06/04/25 01:00	0.0079%
06/04/25 02:00	0.0078%
06/04/25 03:00	0.0079%
06/04/25 04:00	0.0082%
06/04/25 05:00	0.0086%
06/04/25 06:00	0.0094%
06/04/25 07:00	0.0098%
06/04/25 08:00	0.0100%
06/04/25 09:00	0.0102%
06/04/25 10:00	0.0106%
06/04/25 11:00	0.0108%
06/04/25 12:00	0.0107%
06/04/25 13:00	0.0104%
06/04/25 14:00	0.0102%
06/04/25 15:00	0.0107%
06/04/25 16:00	0.0114%
06/04/25 17:00	0.0117%
06/04/25 18:00	0.0113%
06/04/25 19:00	0.0109%
06/04/25 20:00	0.0102%
06/04/25 21:00	0.0096%
06/04/25 22:00	0.0083%
06/04/25 23:00	0.0080%
07/04/25 00:00	0.0078%
07/04/25 01:00	0.0078%
07/04/25 02:00	0.0079%
07/04/25 03:00	0.0084%
07/04/25 04:00	0.0104%
07/04/25 05:00	0.0123%
07/04/25 06:00	0.0131%
07/04/25 07:00	0.0122%
07/04/25 08:00	0.0121%
07/04/25 09:00	0.0121%
07/04/25 10:00	0.0122%
07/04/25 11:00	0.0122%
07/04/25 12:00	0.0120%
07/04/25 13:00	0.0119%
07/04/25 14:00	0.0118%
07/04/25 15:00	0.0120%
07/04/25 16:00	0.0120%
07/04/25 17:00	0.0131%
07/04/25 18:00	0.0126%
07/04/25 19:00	0.0120%
07/04/25 20:00	0.0103%
07/04/25 21:00	0.0095%
07/04/25 22:00	0.0089%
07/04/25 23:00	0.0084%
08/04/25 00:00	0.0081%
08/04/25 01:00	0.0080%
08/04/25 02:00	0.0080%
08/04/25 03:00	0.0085%
08/04/25 04:00	0.0106%
08/04/25 05:00	0.0123%
08/04/25 06:00	0.0131%
08/04/25 07:00	0.0122%
08/04/25 08:00	0.0121%
08/04/25 09:00	0.0121%
08/04/25 10:00	0.0122%
08/04/25 11:00	0.0120%
08/04/25 12:00	0.0118%
08/04/25 13:00	0.0118%
08/04/25 14:00	0.0116%
08/04/25 15:00	0.0119%
08/04/25 16:00	0.0119%
08/04/25 17:00	0.0130%
08/04/25 18:00	0.0127%
08/04/25 19:00	0.0121%
08/04/25 20:00	0.0103%
08/04/25 21:00	0.0094%
08/04/25 22:00	0.0087%
08/04/25 23:00	0.0083%
09/04/25 00:00	0.0080%
09/04/25 01:00	0.0079%
09/04/25 02:00	0.0080%
09/04/25 03:00	0.0083%
09/04/25 04:00	0.0105%
09/04/25 05:00	0.0122%
09/04/25 06:00	0.0134%
09/04/25 07:00	0.0126%
09/04/25 08:00	0.0124%
09/04/25 09:00	0.0124%
09/04/25 10:00	0.0123%
09/04/25 11:00	0.0122%
09/04/25 12:00	0.0121%
09/04/25 13:00	0.0121%
09/04/25 14:00	0.0121%
09/04/25 15:00	0.0123%
09/04/25 16:00	0.0123%
09/04/25 17:00	0.0133%
09/04/25 18:00	0.0129%
09/04/25 19:00	0.0121%
09/04/25 20:00	0.0105%
09/04/25 21:00	0.0097%
09/04/25 22:00	0.0090%
09/04/25 23:00	0.0085%
10/04/25 00:00	0.0082%
10/04/25 01:00	0.0081%
10/04/25 02:00	0.0081%
10/04/25 03:00	0.0085%
10/04/25 04:00	0.0105%
10/04/25 05:00	0.0121%
10/04/25 06:00	0.0134%
10/04/25 07:00	0.0138%
10/04/25 08:00	0.0128%
10/04/25 09:00	0.0125%
10/04/25 10:00	0.0123%
10/04/25 11:00	0.0122%
10/04/25 12:00	0.0123%
10/04/25 13:00	0.0121%
10/04/25 14:00	0.0120%
10/04/25 15:00	0.0121%
10/04/25 16:00	0.0120%
10/04/25 17:00	0.0131%
10/04/25 18:00	0.0126%
10/04/25 19:00	0.0112%
10/04/25 20:00	0.0104%
10/04/25 21:00	0.0098%
10/04/25 22:00	0.0090%
10/04/25 23:00	0.0085%
11/04/25 00:00	0.0083%
11/04/25 01:00	0.0082%
11/04/25 02:00	0.0082%
11/04/25 03:00	0.0085%
11/04/25 04:00	0.0095%
11/04/25 05:00	0.0117%
11/04/25 06:00	0.0131%
11/04/25 07:00	0.0123%
11/04/25 08:00	0.0123%
11/04/25 09:00	0.0123%
11/04/25 10:00	0.0123%
11/04/25 11:00	0.0123%
11/04/25 12:00	0.0121%
11/04/25 13:00	0.0118%
11/04/25 14:00	0.0116%
11/04/25 15:00	0.0118%
11/04/25 16:00	0.0116%
11/04/25 17:00	0.0123%
11/04/25 18:00	0.0119%
11/04/25 19:00	0.0113%
11/04/25 20:00	0.0106%
11/04/25 21:00	0.0092%
11/04/25 22:00	0.0085%
11/04/25 23:00	0.0081%
12/04/25 00:00	0.0084%
12/04/25 01:00	0.0076%
12/04/25 02:00	0.0076%
12/04/25 03:00	0.0076%
12/04/25 04:00	0.0087%
12/04/25 05:00	0.0087%
12/04/25 06:00	0.0100%
12/04/25 07:00	0.0099%
12/04/25 08:00	0.0103%
12/04/25 09:00	0.0105%
12/04/25 10:00	0.0107%
12/04/25 11:00	0.0108%
12/04/25 12:00	0.0108%
12/04/25 13:00	0.0105%
12/04/25 14:00	0.0105%
12/04/25 15:00	0.0108%
12/04/25 16:00	0.0113%
12/04/25 17:00	0.0115%
12/04/25 18:00	0.0108%
12/04/25 19:00	0.0099%
12/04/25 20:00	0.0095%
12/04/25 21:00	0.0090%
12/04/25 22:00	0.0084%
12/04/25 23:00	0.0080%
13/04/25 00:00	0.0077%
13/04/25 01:00	0.0074%
13/04/25 02:00	0.0075%
13/04/25 03:00	0.0075%
13/04/25 04:00	0.0076%
13/04/25 05:00	0.0080%
13/04/25 06:00	0.0090%
13/04/25 07:00	0.0095%
13/04/25 08:00	0.0099%
13/04/25 09:00	0.0102%
13/04/25 10:00	0.0105%
13/04/25 11:00	0.0105%
13/04/25 12:00	0.0104%
13/04/25 13:00	0.0102%
13/04/25 14:00	0.0101%
13/04/25 15:00	0.0106%
13/04/25 16:00	0.0112%
13/04/25 17:00	0.0114%
13/04/25 18:00	0.0109%
13/04/25 19:00	0.0104%
13/04/25 20:00	0.0097%
13/04/25 21:00	0.0091%
13/04/25 22:00	0.0082%
13/04/25 23:00	0.0078%
14/04/25 00:00	0.0076%
14/04/25 01:00	0.0075%
14/04/25 02:00	0.0075%
14/04/25 03:00	0.0080%
14/04/25 04:00	0.0097%
14/04/25 05:00	0.0112%
14/04/25 06:00	0.0125%
14/04/25 07:00	0.0120%
14/04/25 08:00	0.0120%
14/04/25 09:00	0.0120%
14/04/25 10:00	0.0119%
14/04/25 11:00	0.0118%
14/04/25 12:00	0.0117%
14/04/25 13:00	0.0116%
14/04/25 14:00	0.0115%
14/04/25 15:00	0.0118%
14/04/25 16:00	0.0122%
14/04/25 17:00	0.0125%
14/04/25 18:00	0.0119%
14/04/25 19:00	0.0108%
14/04/25 20:00	0.0101%
14/04/25 21:00	0.0094%
14/04/25 22:00	0.0088%
14/04/25 23:00	0.0084%
15/04/25 00:00	0.0082%
15/04/25 01:00	0.0080%
15/04/25 02:00	0.0080%
15/04/25 03:00	0.0083%
15/04/25 04:00	0.0093%
15/04/25 05:00	0.0108%
15/04/25 06:00	0.0124%
15/04/25 07:00	0.0122%
15/04/25 08:00	0.0123%
15/04/25 09:00	0.0125%
15/04/25 10:00	0.0126%
15/04/25 11:00	0.0125%
15/04/25 12:00	0.0124%
15/04/25 13:00	0.0122%
15/04/25 14:00	0.0125%
15/04/25 15:00	0.0129%
15/04/25 16:00	0.0131%
15/04/25 17:00	0.0128%
15/04/25 18:00	0.0120%
15/04/25 19:00	0.0113%
15/04/25 20:00	0.0106%
15/04/25 21:00	0.0093%
15/04/25 22:00	0.0086%
15/04/25 23:00	0.0082%
16/04/25 00:00	0.0081%
16/04/25 01:00	0.0079%
16/04/25 02:00	0.0079%
16/04/25 03:00	0.0082%
16/04/25 04:00	0.0092%
16/04/25 05:00	0.0115%
16/04/25 06:00	0.0129%
16/04/25 07:00	0.0126%
16/04/25 08:00	0.0127%
16/04/25 09:00	0.0127%
16/04/25 10:00	0.0125%
16/04/25 11:00	0.0124%
16/04/25 12:00	0.0123%
16/04/25 13:00	0.0121%
16/04/25 14:00	0.0122%
16/04/25 15:00	0.0127%
16/04/25 16:00	0.0134%
16/04/25 17:00	0.0130%
16/04/25 18:00	0.0123%
16/04/25 19:00	0.0118%
16/04/25 20:00	0.0102%
16/04/25 21:00	0.0094%
16/04/25 22:00	0.0088%
16/04/25 23:00	0.0083%
17/04/25 00:00	0.0080%
17/04/25 01:00	0.0080%
17/04/25 02:00	0.0079%
17/04/25 03:00	0.0083%
17/04/25 04:00	0.0094%
17/04/25 05:00	0.0118%
17/04/25 06:00	0.0131%
17/04/25 07:00	0.0138%
17/04/25 08:00	0.0127%
17/04/25 09:00	0.0125%
17/04/25 10:00	0.0125%
17/04/25 11:00	0.0123%
17/04/25 12:00	0.0121%
17/04/25 13:00	0.0122%
17/04/25 14:00	0.0124%
17/04/25 15:00	0.0129%
17/04/25 16:00	0.0127%
17/04/25 17:00	0.0131%
17/04/25 18:00	0.0126%
17/04/25 19:00	0.0121%
17/04/25 20:00	0.0104%
17/04/25 21:00	0.0096%
17/04/25 22:00	0.0090%
17/04/25 23:00	0.0086%
18/04/25 00:00	0.0082%
18/04/25 01:00	0.0081%
18/04/25 02:00	0.0080%
18/04/25 03:00	0.0084%
18/04/25 04:00	0.0093%
18/04/25 05:00	0.0104%
18/04/25 06:00	0.0127%
18/04/25 07:00	0.0131%
18/04/25 08:00	0.0121%
18/04/25 09:00	0.0119%
18/04/25 10:00	0.0118%
18/04/25 11:00	0.0119%
18/04/25 12:00	0.0116%
18/04/25 13:00	0.0114%
18/04/25 14:00	0.0114%
18/04/25 15:00	0.0115%
18/04/25 16:00	0.0114%
18/04/25 17:00	0.0122%
18/04/25 18:00	0.0118%
18/04/25 19:00	0.0113%
18/04/25 20:00	0.0107%
18/04/25 21:00	0.0092%
18/04/25 22:00	0.0086%
18/04/25 23:00	0.0082%
19/04/25 00:00	0.0080%
19/04/25 01:00	0.0078%
19/04/25 02:00	0.0077%
19/04/25 03:00	0.0078%
19/04/25 04:00	0.0081%
19/04/25 05:00	0.0089%
19/04/25 06:00	0.0095%
19/04/25 07:00	0.0099%
19/04/25 08:00	0.0102%
19/04/25 09:00	0.0104%
19/04/25 10:00	0.0104%
19/04/25 11:00	0.0105%
19/04/25 12:00	0.0106%
19/04/25 13:00	0.0103%
19/04/25 14:00	0.0104%
19/04/25 15:00	0.0105%
19/04/25 16:00	0.0105%
19/04/25 17:00	0.0113%
19/04/25 18:00	0.0110%
19/04/25 19:00	0.0107%
19/04/25 20:00	0.0100%
19/04/25 21:00	0.0094%
19/04/25 22:00	0.0089%
19/04/25 23:00	0.0079%
20/04/25 00:00	0.0076%
20/04/25 01:00	0.0075%
20/04/25 02:00	0.0074%
20/04/25 03:00	0.0082%
20/04/25 04:00	0.0082%
20/04/25 05:00	0.0080%
20/04/25 06:00	0.0086%
20/04/25 07:00	0.0091%
20/04/25 08:00	0.0093%
20/04/25 09:00	0.0094%
20/04/25 10:00	0.0096%
20/04/25 11:00	0.0098%
20/04/25 12:00	0.0094%
20/04/25 13:00	0.0093%
20/04/25 14:00	0.0092%
20/04/25 15:00	0.0098%
20/04/25 16:00	0.0100%
20/04/25 17:00	0.0108%
20/04/25 18:00	0.0104%
20/04/25 19:00	0.0102%
20/04/25 20:00	0.0096%
20/04/25 21:00	0.0084%
20/04/25 22:00	0.0079%
20/04/25 23:00	0.0076%
21/04/25 00:00	0.0073%
21/04/25 01:00	0.0073%
21/04/25 02:00	0.0073%
21/04/25 03:00	0.0074%
21/04/25 04:00	0.0077%
21/04/25 05:00	0.0082%
21/04/25 06:00	0.0091%
21/04/25 07:00	0.0095%
21/04/25 08:00	0.0099%
21/04/25 09:00	0.0101%
21/04/25 10:00	0.0102%
21/04/25 11:00	0.0099%
21/04/25 12:00	0.0098%
21/04/25 13:00	0.0097%
21/04/25 14:00	0.0100%
21/04/25 15:00	0.0106%
21/04/25 16:00	0.0113%
21/04/25 17:00	0.0113%
21/04/25 18:00	0.0110%
21/04/25 19:00	0.0107%
21/04/25 20:00	0.0101%
21/04/25 21:00	0.0094%
21/04/25 22:00	0.0082%
21/04/25 23:00	0.0077%
22/04/25 00:00	0.0076%
22/04/25 01:00	0.0074%
22/04/25 02:00	0.0075%
22/04/25 03:00	0.0079%
22/04/25 04:00	0.0089%
22/04/25 05:00	0.0111%
22/04/25 06:00	0.0126%
22/04/25 07:00	0.0121%
22/04/25 08:00	0.0121%
22/04/25 09:00	0.0121%
22/04/25 10:00	0.0121%
22/04/25 11:00	0.0120%
22/04/25 12:00	0.0119%
22/04/25 13:00	0.0117%
22/04/25 14:00	0.0116%
22/04/25 15:00	0.0118%
22/04/25 16:00	0.0115%
22/04/25 17:00	0.0124%
22/04/25 18:00	0.0124%
22/04/25 19:00	0.0115%
22/04/25 20:00	0.0106%
22/04/25 21:00	0.0093%
22/04/25 22:00	0.0086%
22/04/25 23:00	0.0082%
23/04/25 00:00	0.0080%
23/04/25 01:00	0.0078%
23/04/25 02:00	0.0078%
23/04/25 03:00	0.0082%
23/04/25 04:00	0.0100%
23/04/25 05:00	0.0115%
23/04/25 06:00	0.0127%
23/04/25 07:00	0.0121%
23/04/25 08:00	0.0122%
23/04/25 09:00	0.0121%
23/04/25 10:00	0.0123%
23/04/25 11:00	0.0121%
23/04/25 12:00	0.0120%
23/04/25 13:00	0.0120%
23/04/25 14:00	0.0121%
23/04/25 15:00	0.0126%
23/04/25 16:00	0.0124%
23/04/25 17:00	0.0132%
23/04/25 18:00	0.0126%
23/04/25 19:00	0.0118%
23/04/25 20:00	0.0103%
23/04/25 21:00	0.0096%
23/04/25 22:00	0.0089%
23/04/25 23:00	0.0084%
24/04/25 00:00	0.0082%
24/04/25 01:00	0.0081%
24/04/25 02:00	0.0081%
24/04/25 03:00	0.0084%
24/04/25 04:00	0.0095%
24/04/25 05:00	0.0118%
24/04/25 06:00	0.0131%
24/04/25 07:00	0.0138%
24/04/25 08:00	0.0129%
24/04/25 09:00	0.0130%
24/04/25 10:00	0.0129%
24/04/25 11:00	0.0128%
24/04/25 12:00	0.0126%
24/04/25 13:00	0.0126%
24/04/25 14:00	0.0127%
24/04/25 15:00	0.0131%
24/04/25 16:00	0.0131%
24/04/25 17:00	0.0133%
24/04/25 18:00	0.0127%
24/04/25 19:00	0.0122%
24/04/25 20:00	0.0105%
24/04/25 21:00	0.0097%
24/04/25 22:00	0.0090%
24/04/25 23:00	0.0085%
25/04/25 00:00	0.0082%
25/04/25 01:00	0.0081%
25/04/25 02:00	0.0081%
25/04/25 03:00	0.0085%
25/04/25 04:00	0.0103%
25/04/25 05:00	0.0116%
25/04/25 06:00	0.0130%
25/04/25 07:00	0.0123%
25/04/25 08:00	0.0121%
25/04/25 09:00	0.0120%
25/04/25 10:00	0.0119%
25/04/25 11:00	0.0119%
25/04/25 12:00	0.0117%
25/04/25 13:00	0.0115%
25/04/25 14:00	0.0115%
25/04/25 15:00	0.0117%
25/04/25 16:00	0.0115%
25/04/25 17:00	0.0123%
25/04/25 18:00	0.0120%
25/04/25 19:00	0.0114%
25/04/25 20:00	0.0098%
25/04/25 21:00	0.0092%
25/04/25 22:00	0.0085%
25/04/25 23:00	0.0081%
26/04/25 00:00	0.0079%
26/04/25 01:00	0.0078%
26/04/25 02:00	0.0077%
26/04/25 03:00	0.0077%
26/04/25 04:00	0.0079%
26/04/25 05:00	0.0085%
26/04/25 06:00	0.0089%
26/04/25 07:00	0.0094%
26/04/25 08:00	0.0097%
26/04/25 09:00	0.0099%
26/04/25 10:00	0.0102%
26/04/25 11:00	0.0101%
26/04/25 12:00	0.0099%
26/04/25 13:00	0.0096%
26/04/25 14:00	0.0095%
26/04/25 15:00	0.0098%
26/04/25 16:00	0.0098%
26/04/25 17:00	0.0104%
26/04/25 18:00	0.0103%
26/04/25 19:00	0.0100%
26/04/25 20:00	0.0096%
26/04/25 21:00	0.0091%
26/04/25 22:00	0.0088%
26/04/25 23:00	0.0077%
27/04/25 00:00	0.0079%
27/04/25 01:00	0.0078%
27/04/25 02:00	0.0073%
27/04/25 03:00	0.0074%
27/04/25 04:00	0.0074%
27/04/25 05:00	0.0080%
27/04/25 06:00	0.0084%
27/04/25 07:00	0.0089%
27/04/25 08:00	0.0094%
27/04/25 09:00	0.0098%
27/04/25 10:00	0.0103%
27/04/25 11:00	0.0105%
27/04/25 12:00	0.0102%
27/04/25 13:00	0.0098%
27/04/25 14:00	0.0098%
27/04/25 15:00	0.0100%
27/04/25 16:00	0.0100%
27/04/25 17:00	0.0105%
27/04/25 18:00	0.0105%
27/04/25 19:00	0.0101%
27/04/25 20:00	0.0096%
27/04/25 21:00	0.0085%
27/04/25 22:00	0.0080%
27/04/25 23:00	0.0076%
28/04/25 00:00	0.0075%
28/04/25 01:00	0.0075%
28/04/25 02:00	0.0076%
28/04/25 03:00	0.0079%
28/04/25 04:00	0.0095%
28/04/25 05:00	0.0110%
28/04/25 06:00	0.0110%
28/04/25 07:00	0.0114%
28/04/25 08:00	0.0117%
28/04/25 09:00	0.0117%
28/04/25 10:00	0.0118%
28/04/25 11:00	0.0120%
28/04/25 12:00	0.0118%
28/04/25 13:00	0.0116%
28/04/25 14:00	0.0115%
28/04/25 15:00	0.0116%
28/04/25 16:00	0.0114%
28/04/25 17:00	0.0119%
28/04/25 18:00	0.0119%
28/04/25 19:00	0.0112%
28/04/25 20:00	0.0105%
28/04/25 21:00	0.0092%
28/04/25 22:00	0.0085%
28/04/25 23:00	0.0080%
29/04/25 00:00	0.0078%
29/04/25 01:00	0.0077%
29/04/25 02:00	0.0077%
29/04/25 03:00	0.0080%
29/04/25 04:00	0.0094%
29/04/25 05:00	0.0109%
29/04/25 06:00	0.0110%
29/04/25 07:00	0.0114%
29/04/25 08:00	0.0117%
29/04/25 09:00	0.0119%
29/04/25 10:00	0.0118%
29/04/25 11:00	0.0119%
29/04/25 12:00	0.0118%
29/04/25 13:00	0.0117%
29/04/25 14:00	0.0117%
29/04/25 15:00	0.0118%
29/04/25 16:00	0.0115%
29/04/25 17:00	0.0121%
29/04/25 18:00	0.0120%
29/04/25 19:00	0.0113%
29/04/25 20:00	0.0108%
29/04/25 21:00	0.0093%
29/04/25 22:00	0.0087%
29/04/25 23:00	0.0082%
30/04/25 00:00	0.0079%
30/04/25 01:00	0.0078%
30/04/25 02:00	0.0078%
30/04/25 03:00	0.0081%
30/04/25 04:00	0.0093%
30/04/25 05:00	0.0108%
30/04/25 06:00	0.0110%
30/04/25 07:00	0.0114%
30/04/25 08:00	0.0118%
30/04/25 09:00	0.0120%
30/04/25 10:00	0.0121%
30/04/25 11:00	0.0122%
30/04/25 12:00	0.0121%
30/04/25 13:00	0.0120%
30/04/25 14:00	0.0120%
30/04/25 15:00	0.0120%
30/04/25 16:00	0.0116%
30/04/25 17:00	0.0122%
30/04/25 18:00	0.0122%
30/04/25 19:00	0.0113%
30/04/25 20:00	0.0107%
30/04/25 21:00	0.0094%
30/04/25 22:00	0.0087%
30/04/25 23:00	0.0082%
01/05/25 00:00	0.0080%
01/05/25 01:00	0.0078%
01/05/25 02:00	0.0078%
01/05/25 03:00	0.0081%
01/05/25 04:00	0.0088%
01/05/25 05:00	0.0104%
01/05/25 06:00	0.0113%
01/05/25 07:00	0.0119%
01/05/25 08:00	0.0123%
01/05/25 09:00	0.0125%
01/05/25 10:00	0.0129%
01/05/25 11:00	0.0130%
01/05/25 12:00	0.0129%
01/05/25 13:00	0.0127%
01/05/25 14:00	0.0125%
01/05/25 15:00	0.0126%
01/05/25 16:00	0.0127%
01/05/25 17:00	0.0127%
01/05/25 18:00	0.0122%
01/05/25 19:00	0.0115%
01/05/25 20:00	0.0109%
01/05/25 21:00	0.0097%
01/05/25 22:00	0.0095%
01/05/25 23:00	0.0086%
02/05/25 00:00	0.0083%
02/05/25 01:00	0.0081%
02/05/25 02:00	0.0080%
02/05/25 03:00	0.0083%
02/05/25 04:00	0.0089%
02/05/25 05:00	0.0109%
02/05/25 06:00	0.0114%
02/05/25 07:00	0.0119%
02/05/25 08:00	0.0124%
02/05/25 09:00	0.0125%
02/05/25 10:00	0.0123%
02/05/25 11:00	0.0125%
02/05/25 12:00	0.0127%
02/05/25 13:00	0.0125%
02/05/25 14:00	0.0124%
02/05/25 15:00	0.0123%
02/05/25 16:00	0.0125%
02/05/25 17:00	0.0123%
02/05/25 18:00	0.0118%
02/05/25 19:00	0.0110%
02/05/25 20:00	0.0105%
02/05/25 21:00	0.0094%
02/05/25 22:00	0.0088%
02/05/25 23:00	0.0083%
03/05/25 00:00	0.0079%
03/05/25 01:00	0.0082%
03/05/25 02:00	0.0082%
03/05/25 03:00	0.0082%
03/05/25 04:00	0.0083%
03/05/25 05:00	0.0093%
03/05/25 06:00	0.0094%
03/05/25 07:00	0.0101%
03/05/25 08:00	0.0106%
03/05/25 09:00	0.0108%
03/05/25 10:00	0.0108%
03/05/25 11:00	0.0109%
03/05/25 12:00	0.0108%
03/05/25 13:00	0.0105%
03/05/25 14:00	0.0108%
03/05/25 15:00	0.0112%
03/05/25 16:00	0.0111%
03/05/25 17:00	0.0111%
03/05/25 18:00	0.0106%
03/05/25 19:00	0.0100%
03/05/25 20:00	0.0100%
03/05/25 21:00	0.0090%
03/05/25 22:00	0.0084%
03/05/25 23:00	0.0080%
04/05/25 00:00	0.0079%
04/05/25 01:00	0.0079%
04/05/25 02:00	0.0077%
04/05/25 03:00	0.0077%
04/05/25 04:00	0.0076%
04/05/25 05:00	0.0083%
04/05/25 06:00	0.0091%
04/05/25 07:00	0.0096%
04/05/25 08:00	0.0099%
04/05/25 09:00	0.0104%
04/05/25 10:00	0.0106%
04/05/25 11:00	0.0106%
04/05/25 12:00	0.0104%
04/05/25 13:00	0.0104%
04/05/25 14:00	0.0106%
04/05/25 15:00	0.0110%
04/05/25 16:00	0.0109%
04/05/25 17:00	0.0112%
04/05/25 18:00	0.0109%
04/05/25 19:00	0.0104%
04/05/25 20:00	0.0098%
04/05/25 21:00	0.0092%
04/05/25 22:00	0.0087%
04/05/25 23:00	0.0079%
05/05/25 00:00	0.0076%
05/05/25 01:00	0.0076%
05/05/25 02:00	0.0076%
05/05/25 03:00	0.0078%
05/05/25 04:00	0.0088%
05/05/25 05:00	0.0099%
05/05/25 06:00	0.0098%
05/05/25 07:00	0.0105%
05/05/25 08:00	0.0112%
05/05/25 09:00	0.0114%
05/05/25 10:00	0.0115%
05/05/25 11:00	0.0116%
05/05/25 12:00	0.0114%
05/05/25 13:00	0.0113%
05/05/25 14:00	0.0113%
05/05/25 15:00	0.0116%
05/05/25 16:00	0.0115%
05/05/25 17:00	0.0120%
05/05/25 18:00	0.0118%
05/05/25 19:00	0.0111%
05/05/25 20:00	0.0104%
05/05/25 21:00	0.0091%
05/05/25 22:00	0.0085%
05/05/25 23:00	0.0081%
06/05/25 00:00	0.0080%
06/05/25 01:00	0.0079%
06/05/25 02:00	0.0079%
06/05/25 03:00	0.0084%
06/05/25 04:00	0.0100%
06/05/25 05:00	0.0117%
06/05/25 06:00	0.0119%
06/05/25 07:00	0.0123%
06/05/25 08:00	0.0126%
06/05/25 09:00	0.0128%
06/05/25 10:00	0.0128%
06/05/25 11:00	0.0128%
06/05/25 12:00	0.0127%
06/05/25 13:00	0.0126%
06/05/25 14:00	0.0126%
06/05/25 15:00	0.0131%
06/05/25 16:00	0.0129%
06/05/25 17:00	0.0134%
06/05/25 18:00	0.0128%
06/05/25 19:00	0.0119%
06/05/25 20:00	0.0110%
06/05/25 21:00	0.0095%
06/05/25 22:00	0.0088%
06/05/25 23:00	0.0084%
07/05/25 00:00	0.0081%
07/05/25 01:00	0.0081%
07/05/25 02:00	0.0082%
07/05/25 03:00	0.0085%
07/05/25 04:00	0.0103%
07/05/25 05:00	0.0119%
07/05/25 06:00	0.0127%
07/05/25 07:00	0.0124%
07/05/25 08:00	0.0126%
07/05/25 09:00	0.0127%
07/05/25 10:00	0.0125%
07/05/25 11:00	0.0128%
07/05/25 12:00	0.0126%
07/05/25 13:00	0.0124%
07/05/25 14:00	0.0125%
07/05/25 15:00	0.0127%
07/05/25 16:00	0.0124%
07/05/25 17:00	0.0129%
07/05/25 18:00	0.0127%
07/05/25 19:00	0.0118%
07/05/25 20:00	0.0103%
07/05/25 21:00	0.0096%
07/05/25 22:00	0.0088%
07/05/25 23:00	0.0084%
08/05/25 00:00	0.0082%
08/05/25 01:00	0.0080%
08/05/25 02:00	0.0080%
08/05/25 03:00	0.0085%
08/05/25 04:00	0.0101%
08/05/25 05:00	0.0119%
08/05/25 06:00	0.0126%
08/05/25 07:00	0.0122%
08/05/25 08:00	0.0124%
08/05/25 09:00	0.0127%
08/05/25 10:00	0.0129%
08/05/25 11:00	0.0128%
08/05/25 12:00	0.0127%
08/05/25 13:00	0.0126%
08/05/25 14:00	0.0126%
08/05/25 15:00	0.0128%
08/05/25 16:00	0.0124%
08/05/25 17:00	0.0129%
08/05/25 18:00	0.0127%
08/05/25 19:00	0.0117%
08/05/25 20:00	0.0101%
08/05/25 21:00	0.0095%
08/05/25 22:00	0.0087%
08/05/25 23:00	0.0083%
09/05/25 00:00	0.0082%
09/05/25 01:00	0.0081%
09/05/25 02:00	0.0081%
09/05/25 03:00	0.0084%
09/05/25 04:00	0.0100%
09/05/25 05:00	0.0116%
09/05/25 06:00	0.0116%
09/05/25 07:00	0.0121%
09/05/25 08:00	0.0125%
09/05/25 09:00	0.0130%
09/05/25 10:00	0.0129%
09/05/25 11:00	0.0130%
09/05/25 12:00	0.0127%
09/05/25 13:00	0.0125%
09/05/25 14:00	0.0124%
09/05/25 15:00	0.0125%
09/05/25 16:00	0.0121%
09/05/25 17:00	0.0125%
09/05/25 18:00	0.0123%
09/05/25 19:00	0.0113%
09/05/25 20:00	0.0099%
09/05/25 21:00	0.0094%
09/05/25 22:00	0.0094%
09/05/25 23:00	0.0082%
10/05/25 00:00	0.0078%
10/05/25 01:00	0.0077%
10/05/25 02:00	0.0081%
10/05/25 03:00	0.0082%
10/05/25 04:00	0.0080%
10/05/25 05:00	0.0087%
10/05/25 06:00	0.0094%
10/05/25 07:00	0.0101%
10/05/25 08:00	0.0105%
10/05/25 09:00	0.0110%
10/05/25 10:00	0.0112%
10/05/25 11:00	0.0114%
10/05/25 12:00	0.0113%
10/05/25 13:00	0.0109%
10/05/25 14:00	0.0108%
10/05/25 15:00	0.0111%
10/05/25 16:00	0.0110%
10/05/25 17:00	0.0114%
10/05/25 18:00	0.0114%
10/05/25 19:00	0.0105%
10/05/25 20:00	0.0099%
10/05/25 21:00	0.0090%
10/05/25 22:00	0.0085%
10/05/25 23:00	0.0081%
11/05/25 00:00	0.0082%
11/05/25 01:00	0.0080%
11/05/25 02:00	0.0074%
11/05/25 03:00	0.0074%
11/05/25 04:00	0.0074%
11/05/25 05:00	0.0081%
11/05/25 06:00	0.0088%
11/05/25 07:00	0.0094%
11/05/25 08:00	0.0100%
11/05/25 09:00	0.0105%
11/05/25 10:00	0.0111%
11/05/25 11:00	0.0113%
11/05/25 12:00	0.0111%
11/05/25 13:00	0.0107%
11/05/25 14:00	0.0104%
11/05/25 15:00	0.0106%
11/05/25 16:00	0.0106%
11/05/25 17:00	0.0110%
11/05/25 18:00	0.0111%
11/05/25 19:00	0.0105%
11/05/25 20:00	0.0101%
11/05/25 21:00	0.0091%
11/05/25 22:00	0.0086%
11/05/25 23:00	0.0082%
12/05/25 00:00	0.0079%
12/05/25 01:00	0.0077%
12/05/25 02:00	0.0077%
12/05/25 03:00	0.0079%
12/05/25 04:00	0.0094%
12/05/25 05:00	0.0110%
12/05/25 06:00	0.0121%
12/05/25 07:00	0.0123%
12/05/25 08:00	0.0125%
12/05/25 09:00	0.0128%
12/05/25 10:00	0.0130%
12/05/25 11:00	0.0131%
12/05/25 12:00	0.0130%
12/05/25 13:00	0.0128%
12/05/25 14:00	0.0126%
12/05/25 15:00	0.0128%
12/05/25 16:00	0.0124%
12/05/25 17:00	0.0127%
12/05/25 18:00	0.0126%
12/05/25 19:00	0.0114%
12/05/25 20:00	0.0103%
12/05/25 21:00	0.0097%
12/05/25 22:00	0.0090%
12/05/25 23:00	0.0084%
13/05/25 00:00	0.0081%
13/05/25 01:00	0.0080%
13/05/25 02:00	0.0081%
13/05/25 03:00	0.0082%
13/05/25 04:00	0.0097%
13/05/25 05:00	0.0112%
13/05/25 06:00	0.0116%
13/05/25 07:00	0.0122%
13/05/25 08:00	0.0126%
13/05/25 09:00	0.0127%
13/05/25 10:00	0.0130%
13/05/25 11:00	0.0131%
13/05/25 12:00	0.0129%
13/05/25 13:00	0.0128%
13/05/25 14:00	0.0127%
13/05/25 15:00	0.0127%
13/05/25 16:00	0.0123%
13/05/25 17:00	0.0127%
13/05/25 18:00	0.0128%
13/05/25 19:00	0.0117%
13/05/25 20:00	0.0109%
13/05/25 21:00	0.0096%
13/05/25 22:00	0.0089%
13/05/25 23:00	0.0084%
14/05/25 00:00	0.0081%
14/05/25 01:00	0.0079%
14/05/25 02:00	0.0079%
14/05/25 03:00	0.0081%
14/05/25 04:00	0.0096%
14/05/25 05:00	0.0111%
14/05/25 06:00	0.0115%
14/05/25 07:00	0.0122%
14/05/25 08:00	0.0125%
14/05/25 09:00	0.0127%
14/05/25 10:00	0.0128%
14/05/25 11:00	0.0130%
14/05/25 12:00	0.0129%
14/05/25 13:00	0.0130%
14/05/25 14:00	0.0129%
14/05/25 15:00	0.0130%
14/05/25 16:00	0.0125%
14/05/25 17:00	0.0127%
14/05/25 18:00	0.0127%
14/05/25 19:00	0.0117%
14/05/25 20:00	0.0110%
14/05/25 21:00	0.0097%
14/05/25 22:00	0.0090%
14/05/25 23:00	0.0086%
15/05/25 00:00	0.0082%
15/05/25 01:00	0.0081%
15/05/25 02:00	0.0081%
15/05/25 03:00	0.0083%
15/05/25 04:00	0.0098%
15/05/25 05:00	0.0116%
15/05/25 06:00	0.0125%
15/05/25 07:00	0.0123%
15/05/25 08:00	0.0128%
15/05/25 09:00	0.0129%
15/05/25 10:00	0.0130%
15/05/25 11:00	0.0130%
15/05/25 12:00	0.0130%
15/05/25 13:00	0.0129%
15/05/25 14:00	0.0127%
15/05/25 15:00	0.0129%
15/05/25 16:00	0.0126%
15/05/25 17:00	0.0122%
15/05/25 18:00	0.0126%
15/05/25 19:00	0.0116%
15/05/25 20:00	0.0110%
15/05/25 21:00	0.0098%
15/05/25 22:00	0.0090%
15/05/25 23:00	0.0084%
16/05/25 00:00	0.0081%
16/05/25 01:00	0.0080%
16/05/25 02:00	0.0080%
16/05/25 03:00	0.0082%
16/05/25 04:00	0.0096%
16/05/25 05:00	0.0111%
16/05/25 06:00	0.0121%
16/05/25 07:00	0.0123%
16/05/25 08:00	0.0126%
16/05/25 09:00	0.0126%
16/05/25 10:00	0.0128%
16/05/25 11:00	0.0129%
16/05/25 12:00	0.0127%
16/05/25 13:00	0.0124%
16/05/25 14:00	0.0124%
16/05/25 15:00	0.0126%
16/05/25 16:00	0.0123%
16/05/25 17:00	0.0120%
16/05/25 18:00	0.0122%
16/05/25 19:00	0.0112%
16/05/25 20:00	0.0106%
16/05/25 21:00	0.0096%
16/05/25 22:00	0.0088%
16/05/25 23:00	0.0083%
17/05/25 00:00	0.0079%
17/05/25 01:00	0.0077%
17/05/25 02:00	0.0077%
17/05/25 03:00	0.0077%
17/05/25 04:00	0.0080%
17/05/25 05:00	0.0087%
17/05/25 06:00	0.0096%
17/05/25 07:00	0.0104%
17/05/25 08:00	0.0108%
17/05/25 09:00	0.0112%
17/05/25 10:00	0.0113%
17/05/25 11:00	0.0113%
17/05/25 12:00	0.0112%
17/05/25 13:00	0.0111%
17/05/25 14:00	0.0110%
17/05/25 15:00	0.0112%
17/05/25 16:00	0.0110%
17/05/25 17:00	0.0107%
17/05/25 18:00	0.0110%
17/05/25 19:00	0.0103%
17/05/25 20:00	0.0099%
17/05/25 21:00	0.0094%
17/05/25 22:00	0.0090%
17/05/25 23:00	0.0085%
18/05/25 00:00	0.0076%
18/05/25 01:00	0.0075%
18/05/25 02:00	0.0075%
18/05/25 03:00	0.0074%
18/05/25 04:00	0.0074%
18/05/25 05:00	0.0081%
18/05/25 06:00	0.0086%
18/05/25 07:00	0.0094%
18/05/25 08:00	0.0098%
18/05/25 09:00	0.0101%
18/05/25 10:00	0.0103%
18/05/25 11:00	0.0104%
18/05/25 12:00	0.0103%
18/05/25 13:00	0.0104%
18/05/25 14:00	0.0102%
18/05/25 15:00	0.0109%
18/05/25 16:00	0.0108%
18/05/25 17:00	0.0106%
18/05/25 18:00	0.0110%
18/05/25 19:00	0.0103%
18/05/25 20:00	0.0099%
18/05/25 21:00	0.0092%
18/05/25 22:00	0.0088%
18/05/25 23:00	0.0084%
19/05/25 00:00	0.0077%
19/05/25 01:00	0.0076%
19/05/25 02:00	0.0076%
19/05/25 03:00	0.0078%
19/05/25 04:00	0.0095%
19/05/25 05:00	0.0110%
19/05/25 06:00	0.0114%
19/05/25 07:00	0.0120%
19/05/25 08:00	0.0123%
19/05/25 09:00	0.0126%
19/05/25 10:00	0.0129%
19/05/25 11:00	0.0129%
19/05/25 12:00	0.0128%
19/05/25 13:00	0.0128%
19/05/25 14:00	0.0125%
19/05/25 15:00	0.0126%
19/05/25 16:00	0.0121%
19/05/25 17:00	0.0125%
19/05/25 18:00	0.0125%
19/05/25 19:00	0.0114%
19/05/25 20:00	0.0107%
19/05/25 21:00	0.0095%
19/05/25 22:00	0.0088%
19/05/25 23:00	0.0083%
20/05/25 00:00	0.0081%
20/05/25 01:00	0.0079%
20/05/25 02:00	0.0079%
20/05/25 03:00	0.0081%
20/05/25 04:00	0.0097%
20/05/25 05:00	0.0110%
20/05/25 06:00	0.0115%
20/05/25 07:00	0.0121%
20/05/25 08:00	0.0125%
20/05/25 09:00	0.0129%
20/05/25 10:00	0.0127%
20/05/25 11:00	0.0128%
20/05/25 12:00	0.0127%
20/05/25 13:00	0.0128%
20/05/25 14:00	0.0126%
20/05/25 15:00	0.0126%
20/05/25 16:00	0.0121%
20/05/25 17:00	0.0124%
20/05/25 18:00	0.0124%
20/05/25 19:00	0.0114%
20/05/25 20:00	0.0107%
20/05/25 21:00	0.0095%
20/05/25 22:00	0.0088%
20/05/25 23:00	0.0083%
21/05/25 00:00	0.0081%
21/05/25 01:00	0.0079%
21/05/25 02:00	0.0080%
21/05/25 03:00	0.0082%
21/05/25 04:00	0.0092%
21/05/25 05:00	0.0111%
21/05/25 06:00	0.0117%
21/05/25 07:00	0.0124%
21/05/25 08:00	0.0126%
21/05/25 09:00	0.0128%
21/05/25 10:00	0.0127%
21/05/25 11:00	0.0129%
21/05/25 12:00	0.0127%
21/05/25 13:00	0.0125%
21/05/25 14:00	0.0125%
21/05/25 15:00	0.0129%
21/05/25 16:00	0.0124%
21/05/25 17:00	0.0120%
21/05/25 18:00	0.0122%
21/05/25 19:00	0.0115%
21/05/25 20:00	0.0108%
21/05/25 21:00	0.0101%
21/05/25 22:00	0.0095%
21/05/25 23:00	0.0085%
22/05/25 00:00	0.0087%
22/05/25 01:00	0.0079%
22/05/25 02:00	0.0080%
22/05/25 03:00	0.0082%
22/05/25 04:00	0.0092%
22/05/25 05:00	0.0114%
22/05/25 06:00	0.0120%
22/05/25 07:00	0.0126%
22/05/25 08:00	0.0127%
22/05/25 09:00	0.0129%
22/05/25 10:00	0.0130%
22/05/25 11:00	0.0131%
22/05/25 12:00	0.0130%
22/05/25 13:00	0.0129%
22/05/25 14:00	0.0127%
22/05/25 15:00	0.0129%
22/05/25 16:00	0.0125%
22/05/25 17:00	0.0121%
22/05/25 18:00	0.0125%
22/05/25 19:00	0.0115%
22/05/25 20:00	0.0110%
22/05/25 21:00	0.0103%
22/05/25 22:00	0.0090%
22/05/25 23:00	0.0086%
23/05/25 00:00	0.0083%
23/05/25 01:00	0.0081%
23/05/25 02:00	0.0082%
23/05/25 03:00	0.0084%
23/05/25 04:00	0.0101%
23/05/25 05:00	0.0115%
23/05/25 06:00	0.0119%
23/05/25 07:00	0.0125%
23/05/25 08:00	0.0127%
23/05/25 09:00	0.0128%
23/05/25 10:00	0.0130%
23/05/25 11:00	0.0129%
23/05/25 12:00	0.0128%
23/05/25 13:00	0.0126%
23/05/25 14:00	0.0126%
23/05/25 15:00	0.0125%
23/05/25 16:00	0.0122%
23/05/25 17:00	0.0123%
23/05/25 18:00	0.0119%
23/05/25 19:00	0.0111%
23/05/25 20:00	0.0106%
23/05/25 21:00	0.0092%
23/05/25 22:00	0.0087%
23/05/25 23:00	0.0083%
24/05/25 00:00	0.0086%
24/05/25 01:00	0.0078%
24/05/25 02:00	0.0078%
24/05/25 03:00	0.0077%
24/05/25 04:00	0.0083%
24/05/25 05:00	0.0090%
24/05/25 06:00	0.0098%
24/05/25 07:00	0.0104%
24/05/25 08:00	0.0109%
24/05/25 09:00	0.0110%
24/05/25 10:00	0.0112%
24/05/25 11:00	0.0112%
24/05/25 12:00	0.0111%
24/05/25 13:00	0.0112%
24/05/25 14:00	0.0113%
24/05/25 15:00	0.0117%
24/05/25 16:00	0.0122%
24/05/25 17:00	0.0115%
24/05/25 18:00	0.0109%
24/05/25 19:00	0.0105%
24/05/25 20:00	0.0101%
24/05/25 21:00	0.0091%
24/05/25 22:00	0.0087%
24/05/25 23:00	0.0083%
25/05/25 00:00	0.0081%
25/05/25 01:00	0.0079%
25/05/25 02:00	0.0078%
25/05/25 03:00	0.0078%
25/05/25 04:00	0.0078%
25/05/25 05:00	0.0084%
25/05/25 06:00	0.0094%
25/05/25 07:00	0.0099%
25/05/25 08:00	0.0101%
25/05/25 09:00	0.0106%
25/05/25 10:00	0.0109%
25/05/25 11:00	0.0109%
25/05/25 12:00	0.0108%
25/05/25 13:00	0.0106%
25/05/25 14:00	0.0105%
25/05/25 15:00	0.0111%
25/05/25 16:00	0.0109%
25/05/25 17:00	0.0110%
25/05/25 18:00	0.0108%
25/05/25 19:00	0.0103%
25/05/25 20:00	0.0099%
25/05/25 21:00	0.0093%
25/05/25 22:00	0.0088%
25/05/25 23:00	0.0080%
26/05/25 00:00	0.0077%
26/05/25 01:00	0.0077%
26/05/25 02:00	0.0077%
26/05/25 03:00	0.0079%
26/05/25 04:00	0.0089%
26/05/25 05:00	0.0110%
26/05/25 06:00	0.0122%
26/05/25 07:00	0.0123%
26/05/25 08:00	0.0126%
26/05/25 09:00	0.0127%
26/05/25 10:00	0.0130%
26/05/25 11:00	0.0130%
26/05/25 12:00	0.0128%
26/05/25 13:00	0.0129%
26/05/25 14:00	0.0127%
26/05/25 15:00	0.0130%
26/05/25 16:00	0.0125%
26/05/25 17:00	0.0126%
26/05/25 18:00	0.0124%
26/05/25 19:00	0.0115%
26/05/25 20:00	0.0109%
26/05/25 21:00	0.0097%
26/05/25 22:00	0.0091%
26/05/25 23:00	0.0087%
27/05/25 00:00	0.0085%
27/05/25 01:00	0.0085%
27/05/25 02:00	0.0086%
27/05/25 03:00	0.0088%
27/05/25 04:00	0.0097%
27/05/25 05:00	0.0115%
27/05/25 06:00	0.0127%
27/05/25 07:00	0.0132%
27/05/25 08:00	0.0133%
27/05/25 09:00	0.0131%
27/05/25 10:00	0.0130%
27/05/25 11:00	0.0131%
27/05/25 12:00	0.0129%
27/05/25 13:00	0.0131%
27/05/25 14:00	0.0130%
27/05/25 15:00	0.0139%
27/05/25 16:00	0.0135%
27/05/25 17:00	0.0130%
27/05/25 18:00	0.0125%
27/05/25 19:00	0.0118%
27/05/25 20:00	0.0114%
27/05/25 21:00	0.0101%
27/05/25 22:00	0.0095%
27/05/25 23:00	0.0090%
28/05/25 00:00	0.0088%
28/05/25 01:00	0.0087%
28/05/25 02:00	0.0086%
28/05/25 03:00	0.0088%
28/05/25 04:00	0.0096%
28/05/25 05:00	0.0112%
28/05/25 06:00	0.0130%
28/05/25 07:00	0.0127%
28/05/25 08:00	0.0128%
28/05/25 09:00	0.0129%
28/05/25 10:00	0.0129%
28/05/25 11:00	0.0129%
28/05/25 12:00	0.0126%
28/05/25 13:00	0.0127%
28/05/25 14:00	0.0124%
28/05/25 15:00	0.0126%
28/05/25 16:00	0.0121%
28/05/25 17:00	0.0122%
28/05/25 18:00	0.0119%
28/05/25 19:00	0.0112%
28/05/25 20:00	0.0105%
28/05/25 21:00	0.0092%
28/05/25 22:00	0.0091%
28/05/25 23:00	0.0081%
29/05/25 00:00	0.0084%
29/05/25 01:00	0.0082%
29/05/25 02:00	0.0082%
29/05/25 03:00	0.0081%
29/05/25 04:00	0.0084%
29/05/25 05:00	0.0090%
29/05/25 06:00	0.0091%
29/05/25 07:00	0.0098%
29/05/25 08:00	0.0104%
29/05/25 09:00	0.0108%
29/05/25 10:00	0.0110%
29/05/25 11:00	0.0110%
29/05/25 12:00	0.0109%
29/05/25 13:00	0.0110%
29/05/25 14:00	0.0110%
29/05/25 15:00	0.0114%
29/05/25 16:00	0.0114%
29/05/25 17:00	0.0110%
29/05/25 18:00	0.0108%
29/05/25 19:00	0.0101%
29/05/25 20:00	0.0098%
29/05/25 21:00	0.0093%
29/05/25 22:00	0.0089%
29/05/25 23:00	0.0085%
30/05/25 00:00	0.0082%
30/05/25 01:00	0.0080%
30/05/25 02:00	0.0079%
30/05/25 03:00	0.0079%
30/05/25 04:00	0.0086%
30/05/25 05:00	0.0096%
30/05/25 06:00	0.0105%
30/05/25 07:00	0.0113%
30/05/25 08:00	0.0117%
30/05/25 09:00	0.0118%
30/05/25 10:00	0.0120%
30/05/25 11:00	0.0120%
30/05/25 12:00	0.0119%
30/05/25 13:00	0.0118%
30/05/25 14:00	0.0116%
30/05/25 15:00	0.0118%
30/05/25 16:00	0.0115%
30/05/25 17:00	0.0116%
30/05/25 18:00	0.0114%
30/05/25 19:00	0.0106%
30/05/25 20:00	0.0101%
30/05/25 21:00	0.0095%
30/05/25 22:00	0.0089%
30/05/25 23:00	0.0080%
31/05/25 00:00	0.0077%
31/05/25 01:00	0.0075%
31/05/25 02:00	0.0074%
31/05/25 03:00	0.0073%
31/05/25 04:00	0.0078%
31/05/25 05:00	0.0084%
31/05/25 06:00	0.0092%
31/05/25 07:00	0.0101%
31/05/25 08:00	0.0104%
31/05/25 09:00	0.0107%
31/05/25 10:00	0.0108%
31/05/25 11:00	0.0108%
31/05/25 12:00	0.0108%
31/05/25 13:00	0.0107%
31/05/25 14:00	0.0107%
31/05/25 15:00	0.0108%
31/05/25 16:00	0.0107%
31/05/25 17:00	0.0112%
31/05/25 18:00	0.0112%
31/05/25 19:00	0.0104%
31/05/25 20:00	0.0100%
31/05/25 21:00	0.0093%
31/05/25 22:00	0.0088%
31/05/25 23:00	0.0082%
01/06/25 00:00	0.0083%
01/06/25 01:00	0.0081%
01/06/25 02:00	0.0076%
01/06/25 03:00	0.0075%
01/06/25 04:00	0.0077%
01/06/25 05:00	0.0082%
01/06/25 06:00	0.0088%
01/06/25 07:00	0.0093%
01/06/25 08:00	0.0099%
01/06/25 09:00	0.0102%
01/06/25 10:00	0.0105%
01/06/25 11:00	0.0105%
01/06/25 12:00	0.0105%
01/06/25 13:00	0.0104%
01/06/25 14:00	0.0106%
01/06/25 15:00	0.0110%
01/06/25 16:00	0.0111%
01/06/25 17:00	0.0108%
01/06/25 18:00	0.0109%
01/06/25 19:00	0.0103%
01/06/25 20:00	0.0099%
01/06/25 21:00	0.0093%
01/06/25 22:00	0.0083%
01/06/25 23:00	0.0081%
02/06/25 00:00	0.0079%
02/06/25 01:00	0.0077%
02/06/25 02:00	0.0076%
02/06/25 03:00	0.0078%
02/06/25 04:00	0.0088%
02/06/25 05:00	0.0108%
02/06/25 06:00	0.0115%
02/06/25 07:00	0.0121%
02/06/25 08:00	0.0125%
02/06/25 09:00	0.0126%
02/06/25 10:00	0.0128%
02/06/25 11:00	0.0129%
02/06/25 12:00	0.0128%
02/06/25 13:00	0.0129%
02/06/25 14:00	0.0127%
02/06/25 15:00	0.0125%
02/06/25 16:00	0.0119%
02/06/25 17:00	0.0121%
02/06/25 18:00	0.0121%
02/06/25 19:00	0.0115%
02/06/25 20:00	0.0106%
02/06/25 21:00	0.0098%
02/06/25 22:00	0.0087%
02/06/25 23:00	0.0082%
03/06/25 00:00	0.0080%
03/06/25 01:00	0.0079%
03/06/25 02:00	0.0079%
03/06/25 03:00	0.0081%
03/06/25 04:00	0.0098%
03/06/25 05:00	0.0111%
03/06/25 06:00	0.0116%
03/06/25 07:00	0.0125%
03/06/25 08:00	0.0130%
03/06/25 09:00	0.0132%
03/06/25 10:00	0.0133%
03/06/25 11:00	0.0135%
03/06/25 12:00	0.0134%
03/06/25 13:00	0.0131%
03/06/25 14:00	0.0129%
03/06/25 15:00	0.0130%
03/06/25 16:00	0.0124%
03/06/25 17:00	0.0126%
03/06/25 18:00	0.0123%
03/06/25 19:00	0.0114%
03/06/25 20:00	0.0109%
03/06/25 21:00	0.0096%
03/06/25 22:00	0.0090%
03/06/25 23:00	0.0084%
04/06/25 00:00	0.0082%
04/06/25 01:00	0.0080%
04/06/25 02:00	0.0080%
04/06/25 03:00	0.0082%
04/06/25 04:00	0.0096%
04/06/25 05:00	0.0112%
04/06/25 06:00	0.0123%
04/06/25 07:00	0.0123%
04/06/25 08:00	0.0127%
04/06/25 09:00	0.0127%
04/06/25 10:00	0.0128%
04/06/25 11:00	0.0128%
04/06/25 12:00	0.0128%
04/06/25 13:00	0.0129%
04/06/25 14:00	0.0128%
04/06/25 15:00	0.0127%
04/06/25 16:00	0.0124%
04/06/25 17:00	0.0119%
04/06/25 18:00	0.0122%
04/06/25 19:00	0.0113%
04/06/25 20:00	0.0107%
04/06/25 21:00	0.0094%
04/06/25 22:00	0.0088%
04/06/25 23:00	0.0084%
05/06/25 00:00	0.0081%
05/06/25 01:00	0.0079%
05/06/25 02:00	0.0080%
05/06/25 03:00	0.0082%
05/06/25 04:00	0.0097%
05/06/25 05:00	0.0112%
05/06/25 06:00	0.0123%
05/06/25 07:00	0.0125%
05/06/25 08:00	0.0129%
05/06/25 09:00	0.0131%
05/06/25 10:00	0.0131%
05/06/25 11:00	0.0131%
05/06/25 12:00	0.0128%
05/06/25 13:00	0.0129%
05/06/25 14:00	0.0129%
05/06/25 15:00	0.0129%
05/06/25 16:00	0.0127%
05/06/25 17:00	0.0128%
05/06/25 18:00	0.0122%
05/06/25 19:00	0.0115%
05/06/25 20:00	0.0104%
05/06/25 21:00	0.0098%
05/06/25 22:00	0.0092%
05/06/25 23:00	0.0089%
06/06/25 00:00	0.0087%
06/06/25 01:00	0.0085%
06/06/25 02:00	0.0085%
06/06/25 03:00	0.0086%
06/06/25 04:00	0.0093%
06/06/25 05:00	0.0108%
06/06/25 06:00	0.0120%
06/06/25 07:00	0.0127%
06/06/25 08:00	0.0128%
06/06/25 09:00	0.0130%
06/06/25 10:00	0.0131%
06/06/25 11:00	0.0132%
06/06/25 12:00	0.0130%
06/06/25 13:00	0.0127%
06/06/25 14:00	0.0126%
06/06/25 15:00	0.0128%
06/06/25 16:00	0.0123%
06/06/25 17:00	0.0117%
06/06/25 18:00	0.0117%
06/06/25 19:00	0.0108%
06/06/25 20:00	0.0103%
06/06/25 21:00	0.0097%
06/06/25 22:00	0.0091%
06/06/25 23:00	0.0086%
07/06/25 00:00	0.0078%
07/06/25 01:00	0.0077%
07/06/25 02:00	0.0076%
07/06/25 03:00	0.0076%
07/06/25 04:00	0.0084%
07/06/25 05:00	0.0093%
07/06/25 06:00	0.0097%
07/06/25 07:00	0.0104%
07/06/25 08:00	0.0109%
07/06/25 09:00	0.0113%
07/06/25 10:00	0.0113%
07/06/25 11:00	0.0112%
07/06/25 12:00	0.0111%
07/06/25 13:00	0.0110%
07/06/25 14:00	0.0109%
07/06/25 15:00	0.0112%
07/06/25 16:00	0.0110%
07/06/25 17:00	0.0108%
07/06/25 18:00	0.0110%
07/06/25 19:00	0.0102%
07/06/25 20:00	0.0097%
07/06/25 21:00	0.0088%
07/06/25 22:00	0.0089%
07/06/25 23:00	0.0081%
08/06/25 00:00	0.0079%
08/06/25 01:00	0.0079%
08/06/25 02:00	0.0079%
08/06/25 03:00	0.0078%
08/06/25 04:00	0.0078%
08/06/25 05:00	0.0084%
08/06/25 06:00	0.0088%
08/06/25 07:00	0.0093%
08/06/25 08:00	0.0098%
08/06/25 09:00	0.0104%
08/06/25 10:00	0.0108%
08/06/25 11:00	0.0107%
08/06/25 12:00	0.0106%
08/06/25 13:00	0.0107%
08/06/25 14:00	0.0106%
08/06/25 15:00	0.0109%
08/06/25 16:00	0.0109%
08/06/25 17:00	0.0107%
08/06/25 18:00	0.0108%
08/06/25 19:00	0.0101%
08/06/25 20:00	0.0099%
08/06/25 21:00	0.0094%
08/06/25 22:00	0.0088%
08/06/25 23:00	0.0082%
09/06/25 00:00	0.0072%
09/06/25 01:00	0.0074%
09/06/25 02:00	0.0074%
09/06/25 03:00	0.0073%
09/06/25 04:00	0.0077%
09/06/25 05:00	0.0082%
09/06/25 06:00	0.0090%
09/06/25 07:00	0.0096%
09/06/25 08:00	0.0101%
09/06/25 09:00	0.0105%
09/06/25 10:00	0.0106%
09/06/25 11:00	0.0108%
09/06/25 12:00	0.0106%
09/06/25 13:00	0.0105%
09/06/25 14:00	0.0106%
09/06/25 15:00	0.0111%
09/06/25 16:00	0.0110%
09/06/25 17:00	0.0111%
09/06/25 18:00	0.0110%
09/06/25 19:00	0.0104%
09/06/25 20:00	0.0100%
09/06/25 21:00	0.0094%
09/06/25 22:00	0.0088%
09/06/25 23:00	0.0081%
10/06/25 00:00	0.0080%
10/06/25 01:00	0.0079%
10/06/25 02:00	0.0079%
10/06/25 03:00	0.0081%
10/06/25 04:00	0.0091%
10/06/25 05:00	0.0107%
10/06/25 06:00	0.0120%
10/06/25 07:00	0.0127%
10/06/25 08:00	0.0131%
10/06/25 09:00	0.0133%
10/06/25 10:00	0.0132%
10/06/25 11:00	0.0130%
10/06/25 12:00	0.0129%
10/06/25 13:00	0.0130%
10/06/25 14:00	0.0129%
10/06/25 15:00	0.0130%
10/06/25 16:00	0.0124%
10/06/25 17:00	0.0124%
10/06/25 18:00	0.0122%
10/06/25 19:00	0.0113%
10/06/25 20:00	0.0106%
10/06/25 21:00	0.0099%
10/06/25 22:00	0.0093%
10/06/25 23:00	0.0083%
11/06/25 00:00	0.0080%
11/06/25 01:00	0.0078%
11/06/25 02:00	0.0078%
11/06/25 03:00	0.0080%
11/06/25 04:00	0.0096%
11/06/25 05:00	0.0110%
11/06/25 06:00	0.0116%
11/06/25 07:00	0.0120%
11/06/25 08:00	0.0124%
11/06/25 09:00	0.0126%
11/06/25 10:00	0.0126%
11/06/25 11:00	0.0128%
11/06/25 12:00	0.0129%
11/06/25 13:00	0.0128%
11/06/25 14:00	0.0128%
11/06/25 15:00	0.0127%
11/06/25 16:00	0.0122%
11/06/25 17:00	0.0124%
11/06/25 18:00	0.0125%
11/06/25 19:00	0.0116%
11/06/25 20:00	0.0109%
11/06/25 21:00	0.0099%
11/06/25 22:00	0.0091%
11/06/25 23:00	0.0086%
12/06/25 00:00	0.0084%
12/06/25 01:00	0.0082%
12/06/25 02:00	0.0081%
12/06/25 03:00	0.0081%
12/06/25 04:00	0.0098%
12/06/25 05:00	0.0112%
12/06/25 06:00	0.0118%
12/06/25 07:00	0.0126%
12/06/25 08:00	0.0132%
12/06/25 09:00	0.0135%
12/06/25 10:00	0.0138%
12/06/25 11:00	0.0141%
12/06/25 12:00	0.0140%
12/06/25 13:00	0.0138%
12/06/25 14:00	0.0136%
12/06/25 15:00	0.0136%
12/06/25 16:00	0.0130%
12/06/25 17:00	0.0130%
12/06/25 18:00	0.0127%
12/06/25 19:00	0.0117%
12/06/25 20:00	0.0112%
12/06/25 21:00	0.0100%
12/06/25 22:00	0.0093%
12/06/25 23:00	0.0088%
13/06/25 00:00	0.0085%
13/06/25 01:00	0.0083%
13/06/25 02:00	0.0082%
13/06/25 03:00	0.0083%
13/06/25 04:00	0.0098%
13/06/25 05:00	0.0112%
13/06/25 06:00	0.0123%
13/06/25 07:00	0.0126%
13/06/25 08:00	0.0131%
13/06/25 09:00	0.0135%
13/06/25 10:00	0.0135%
13/06/25 11:00	0.0136%
13/06/25 12:00	0.0135%
13/06/25 13:00	0.0134%
13/06/25 14:00	0.0133%
13/06/25 15:00	0.0132%
13/06/25 16:00	0.0127%
13/06/25 17:00	0.0129%
13/06/25 18:00	0.0126%
13/06/25 19:00	0.0116%
13/06/25 20:00	0.0107%
13/06/25 21:00	0.0104%
13/06/25 22:00	0.0097%
13/06/25 23:00	0.0093%
14/06/25 00:00	0.0088%
14/06/25 01:00	0.0084%
14/06/25 02:00	0.0081%
14/06/25 03:00	0.0079%
14/06/25 04:00	0.0083%
14/06/25 05:00	0.0091%
14/06/25 06:00	0.0098%
14/06/25 07:00	0.0107%
14/06/25 08:00	0.0112%
14/06/25 09:00	0.0116%
14/06/25 10:00	0.0117%
14/06/25 11:00	0.0117%
14/06/25 12:00	0.0115%
14/06/25 13:00	0.0113%
14/06/25 14:00	0.0112%
14/06/25 15:00	0.0116%
14/06/25 16:00	0.0114%
14/06/25 17:00	0.0117%
14/06/25 18:00	0.0115%
14/06/25 19:00	0.0106%
14/06/25 20:00	0.0101%
14/06/25 21:00	0.0097%
14/06/25 22:00	0.0087%
14/06/25 23:00	0.0087%
15/06/25 00:00	0.0079%
15/06/25 01:00	0.0077%
15/06/25 02:00	0.0077%
15/06/25 03:00	0.0076%
15/06/25 04:00	0.0076%
15/06/25 05:00	0.0082%
15/06/25 06:00	0.0088%
15/06/25 07:00	0.0095%
15/06/25 08:00	0.0099%
15/06/25 09:00	0.0104%
15/06/25 10:00	0.0108%
15/06/25 11:00	0.0110%
15/06/25 12:00	0.0110%
15/06/25 13:00	0.0107%
15/06/25 14:00	0.0107%
15/06/25 15:00	0.0112%
15/06/25 16:00	0.0110%
15/06/25 17:00	0.0111%
15/06/25 18:00	0.0110%
15/06/25 19:00	0.0104%
15/06/25 20:00	0.0099%
15/06/25 21:00	0.0094%
15/06/25 22:00	0.0089%
15/06/25 23:00	0.0080%
16/06/25 00:00	0.0078%
16/06/25 01:00	0.0077%
16/06/25 02:00	0.0077%
16/06/25 03:00	0.0078%
16/06/25 04:00	0.0089%
16/06/25 05:00	0.0108%
16/06/25 06:00	0.0119%
16/06/25 07:00	0.0123%
16/06/25 08:00	0.0125%
16/06/25 09:00	0.0128%
16/06/25 10:00	0.0129%
16/06/25 11:00	0.0130%
16/06/25 12:00	0.0132%
16/06/25 13:00	0.0132%
16/06/25 14:00	0.0131%
16/06/25 15:00	0.0129%
16/06/25 16:00	0.0124%
16/06/25 17:00	0.0124%
16/06/25 18:00	0.0123%
16/06/25 19:00	0.0116%
16/06/25 20:00	0.0108%
16/06/25 21:00	0.0097%
16/06/25 22:00	0.0090%
16/06/25 23:00	0.0085%
17/06/25 00:00	0.0083%
17/06/25 01:00	0.0081%
17/06/25 02:00	0.0080%
17/06/25 03:00	0.0081%
17/06/25 04:00	0.0096%
17/06/25 05:00	0.0105%
17/06/25 06:00	0.0116%
17/06/25 07:00	0.0125%
17/06/25 08:00	0.0131%
17/06/25 09:00	0.0132%
17/06/25 10:00	0.0134%
17/06/25 11:00	0.0135%
17/06/25 12:00	0.0134%
17/06/25 13:00	0.0132%
17/06/25 14:00	0.0131%
17/06/25 15:00	0.0131%
17/06/25 16:00	0.0125%
17/06/25 17:00	0.0125%
17/06/25 18:00	0.0125%
17/06/25 19:00	0.0119%
17/06/25 20:00	0.0109%
17/06/25 21:00	0.0103%
17/06/25 22:00	0.0091%
17/06/25 23:00	0.0087%
18/06/25 00:00	0.0084%
18/06/25 01:00	0.0082%
18/06/25 02:00	0.0082%
18/06/25 03:00	0.0082%
18/06/25 04:00	0.0092%
18/06/25 05:00	0.0111%
18/06/25 06:00	0.0117%
18/06/25 07:00	0.0124%
18/06/25 08:00	0.0130%
18/06/25 09:00	0.0134%
18/06/25 10:00	0.0133%
18/06/25 11:00	0.0134%
18/06/25 12:00	0.0134%
18/06/25 13:00	0.0134%
18/06/25 14:00	0.0134%
18/06/25 15:00	0.0133%
18/06/25 16:00	0.0128%
18/06/25 17:00	0.0129%
18/06/25 18:00	0.0127%
18/06/25 19:00	0.0120%
18/06/25 20:00	0.0112%
18/06/25 21:00	0.0105%
18/06/25 22:00	0.0093%
18/06/25 23:00	0.0088%
19/06/25 00:00	0.0085%
19/06/25 01:00	0.0083%
19/06/25 02:00	0.0083%
19/06/25 03:00	0.0083%
19/06/25 04:00	0.0094%
19/06/25 05:00	0.0107%
19/06/25 06:00	0.0119%
19/06/25 07:00	0.0128%
19/06/25 08:00	0.0130%
19/06/25 09:00	0.0132%
19/06/25 10:00	0.0132%
19/06/25 11:00	0.0133%
19/06/25 12:00	0.0133%
19/06/25 13:00	0.0132%
19/06/25 14:00	0.0132%
19/06/25 15:00	0.0132%
19/06/25 16:00	0.0127%
19/06/25 17:00	0.0129%
19/06/25 18:00	0.0127%
19/06/25 19:00	0.0120%
19/06/25 20:00	0.0111%
19/06/25 21:00	0.0105%
19/06/25 22:00	0.0097%
19/06/25 23:00	0.0088%
20/06/25 00:00	0.0085%
20/06/25 01:00	0.0083%
20/06/25 02:00	0.0083%
20/06/25 03:00	0.0083%
20/06/25 04:00	0.0098%
20/06/25 05:00	0.0105%
20/06/25 06:00	0.0116%
20/06/25 07:00	0.0124%
20/06/25 08:00	0.0130%
20/06/25 09:00	0.0133%
20/06/25 10:00	0.0134%
20/06/25 11:00	0.0133%
20/06/25 12:00	0.0133%
20/06/25 13:00	0.0132%
20/06/25 14:00	0.0130%
20/06/25 15:00	0.0129%
20/06/25 16:00	0.0124%
20/06/25 17:00	0.0125%
20/06/25 18:00	0.0124%
20/06/25 19:00	0.0114%
20/06/25 20:00	0.0107%
20/06/25 21:00	0.0102%
20/06/25 22:00	0.0090%
20/06/25 23:00	0.0086%
21/06/25 00:00	0.0083%
21/06/25 01:00	0.0080%
21/06/25 02:00	0.0083%
21/06/25 03:00	0.0077%
21/06/25 04:00	0.0082%
21/06/25 05:00	0.0088%
21/06/25 06:00	0.0096%
21/06/25 07:00	0.0105%
21/06/25 08:00	0.0111%
21/06/25 09:00	0.0115%
21/06/25 10:00	0.0119%
21/06/25 11:00	0.0120%
21/06/25 12:00	0.0119%
21/06/25 13:00	0.0116%
21/06/25 14:00	0.0116%
21/06/25 15:00	0.0115%
21/06/25 16:00	0.0113%
21/06/25 17:00	0.0116%
21/06/25 18:00	0.0116%
21/06/25 19:00	0.0109%
21/06/25 20:00	0.0103%
21/06/25 21:00	0.0100%
21/06/25 22:00	0.0090%
21/06/25 23:00	0.0086%
22/06/25 00:00	0.0086%
22/06/25 01:00	0.0080%
22/06/25 02:00	0.0080%
22/06/25 03:00	0.0077%
22/06/25 04:00	0.0080%
22/06/25 05:00	0.0086%
22/06/25 06:00	0.0092%
22/06/25 07:00	0.0099%
22/06/25 08:00	0.0107%
22/06/25 09:00	0.0112%
22/06/25 10:00	0.0112%
22/06/25 11:00	0.0110%
22/06/25 12:00	0.0111%
22/06/25 13:00	0.0110%
22/06/25 14:00	0.0114%
22/06/25 15:00	0.0115%
22/06/25 16:00	0.0115%
22/06/25 17:00	0.0117%
22/06/25 18:00	0.0116%
22/06/25 19:00	0.0110%
22/06/25 20:00	0.0105%
22/06/25 21:00	0.0101%
22/06/25 22:00	0.0092%
22/06/25 23:00	0.0088%
23/06/25 00:00	0.0088%
23/06/25 01:00	0.0085%
23/06/25 02:00	0.0085%
23/06/25 03:00	0.0087%
23/06/25 04:00	0.0097%
23/06/25 05:00	0.0118%
23/06/25 06:00	0.0125%
23/06/25 07:00	0.0131%
23/06/25 08:00	0.0132%
23/06/25 09:00	0.0131%
23/06/25 10:00	0.0132%
23/06/25 11:00	0.0133%
23/06/25 12:00	0.0133%
23/06/25 13:00	0.0133%
23/06/25 14:00	0.0131%
23/06/25 15:00	0.0130%
23/06/25 16:00	0.0127%
23/06/25 17:00	0.0122%
23/06/25 18:00	0.0122%
23/06/25 19:00	0.0114%
23/06/25 20:00	0.0109%
23/06/25 21:00	0.0102%
23/06/25 22:00	0.0096%
23/06/25 23:00	0.0087%
24/06/25 00:00	0.0085%
24/06/25 01:00	0.0084%
24/06/25 02:00	0.0083%
24/06/25 03:00	0.0084%
24/06/25 04:00	0.0098%
24/06/25 05:00	0.0107%
24/06/25 06:00	0.0119%
24/06/25 07:00	0.0128%
24/06/25 08:00	0.0130%
24/06/25 09:00	0.0132%
24/06/25 10:00	0.0132%
24/06/25 11:00	0.0134%
24/06/25 12:00	0.0131%
24/06/25 13:00	0.0131%
24/06/25 14:00	0.0132%
24/06/25 15:00	0.0134%
24/06/25 16:00	0.0128%
24/06/25 17:00	0.0128%
24/06/25 18:00	0.0126%
24/06/25 19:00	0.0119%
24/06/25 20:00	0.0113%
24/06/25 21:00	0.0106%
24/06/25 22:00	0.0095%
24/06/25 23:00	0.0090%
25/06/25 00:00	0.0087%
25/06/25 01:00	0.0086%
25/06/25 02:00	0.0086%
25/06/25 03:00	0.0086%
25/06/25 04:00	0.0095%
25/06/25 05:00	0.0108%
25/06/25 06:00	0.0124%
25/06/25 07:00	0.0126%
25/06/25 08:00	0.0134%
25/06/25 09:00	0.0130%
25/06/25 10:00	0.0132%
25/06/25 11:00	0.0134%
25/06/25 12:00	0.0133%
25/06/25 13:00	0.0133%
25/06/25 14:00	0.0133%
25/06/25 15:00	0.0133%
25/06/25 16:00	0.0127%
25/06/25 17:00	0.0129%
25/06/25 18:00	0.0128%
25/06/25 19:00	0.0123%
25/06/25 20:00	0.0114%
25/06/25 21:00	0.0102%
25/06/25 22:00	0.0094%
25/06/25 23:00	0.0090%
26/06/25 00:00	0.0086%
26/06/25 01:00	0.0084%
26/06/25 02:00	0.0085%
26/06/25 03:00	0.0086%
26/06/25 04:00	0.0101%
26/06/25 05:00	0.0118%
26/06/25 06:00	0.0129%
26/06/25 07:00	0.0132%
26/06/25 08:00	0.0132%
26/06/25 09:00	0.0134%
26/06/25 10:00	0.0135%
26/06/25 11:00	0.0135%
26/06/25 12:00	0.0134%
26/06/25 13:00	0.0135%
26/06/25 14:00	0.0135%
26/06/25 15:00	0.0136%
26/06/25 16:00	0.0133%
26/06/25 17:00	0.0130%
26/06/25 18:00	0.0132%
26/06/25 19:00	0.0122%
26/06/25 20:00	0.0114%
26/06/25 21:00	0.0103%
26/06/25 22:00	0.0097%
26/06/25 23:00	0.0090%
27/06/25 00:00	0.0087%
27/06/25 01:00	0.0086%
27/06/25 02:00	0.0085%
27/06/25 03:00	0.0086%
27/06/25 04:00	0.0092%
27/06/25 05:00	0.0109%
27/06/25 06:00	0.0123%
27/06/25 07:00	0.0124%
27/06/25 08:00	0.0127%
27/06/25 09:00	0.0128%
27/06/25 10:00	0.0127%
27/06/25 11:00	0.0128%
27/06/25 12:00	0.0130%
27/06/25 13:00	0.0128%
27/06/25 14:00	0.0127%
27/06/25 15:00	0.0128%
27/06/25 16:00	0.0124%
27/06/25 17:00	0.0125%
27/06/25 18:00	0.0123%
27/06/25 19:00	0.0117%
27/06/25 20:00	0.0110%
27/06/25 21:00	0.0100%
27/06/25 22:00	0.0095%
27/06/25 23:00	0.0089%
28/06/25 00:00	0.0086%
28/06/25 01:00	0.0084%
28/06/25 02:00	0.0083%
28/06/25 03:00	0.0080%
28/06/25 04:00	0.0086%
28/06/25 05:00	0.0093%
28/06/25 06:00	0.0103%
28/06/25 07:00	0.0111%
28/06/25 08:00	0.0115%
28/06/25 09:00	0.0117%
28/06/25 10:00	0.0117%
28/06/25 11:00	0.0117%
28/06/25 12:00	0.0116%
28/06/25 13:00	0.0115%
28/06/25 14:00	0.0115%
28/06/25 15:00	0.0118%
28/06/25 16:00	0.0117%
28/06/25 17:00	0.0118%
28/06/25 18:00	0.0117%
28/06/25 19:00	0.0111%
28/06/25 20:00	0.0105%
28/06/25 21:00	0.0102%
28/06/25 22:00	0.0096%
28/06/25 23:00	0.0088%
29/06/25 00:00	0.0084%
29/06/25 01:00	0.0082%
29/06/25 02:00	0.0080%
29/06/25 03:00	0.0078%
29/06/25 04:00	0.0080%
29/06/25 05:00	0.0084%
29/06/25 06:00	0.0092%
29/06/25 07:00	0.0099%
29/06/25 08:00	0.0104%
29/06/25 09:00	0.0108%
29/06/25 10:00	0.0112%
29/06/25 11:00	0.0114%
29/06/25 12:00	0.0114%
29/06/25 13:00	0.0112%
29/06/25 14:00	0.0112%
29/06/25 15:00	0.0116%
29/06/25 16:00	0.0114%
29/06/25 17:00	0.0117%
29/06/25 18:00	0.0117%
29/06/25 19:00	0.0113%
29/06/25 20:00	0.0107%
29/06/25 21:00	0.0101%
29/06/25 22:00	0.0094%
29/06/25 23:00	0.0086%
30/06/25 00:00	0.0083%
30/06/25 01:00	0.0081%
30/06/25 02:00	0.0081%
30/06/25 03:00	0.0082%
30/06/25 04:00	0.0097%
30/06/25 05:00	0.0107%
30/06/25 06:00	0.0118%
30/06/25 07:00	0.0126%
30/06/25 08:00	0.0130%
30/06/25 09:00	0.0135%
30/06/25 10:00	0.0138%
30/06/25 11:00	0.0138%
30/06/25 12:00	0.0139%
30/06/25 13:00	0.0136%
30/06/25 14:00	0.0135%
30/06/25 15:00	0.0135%
30/06/25 16:00	0.0131%
30/06/25 17:00	0.0135%
30/06/25 18:00	0.0137%
30/06/25 19:00	0.0129%
30/06/25 20:00	0.0120%
30/06/25 21:00	0.0111%
30/06/25 22:00	0.0100%
30/06/25 23:00	0.0095%
01/07/25 00:00	0.0091%
01/07/25 01:00	0.0088%
01/07/25 02:00	0.0087%
01/07/25 03:00	0.0087%
01/07/25 04:00	0.0099%
01/07/25 05:00	0.0112%
01/07/25 06:00	0.0123%
01/07/25 07:00	0.0132%
01/07/25 08:00	0.0138%
01/07/25 09:00	0.0142%
01/07/25 10:00	0.0145%
01/07/25 11:00	0.0146%
01/07/25 12:00	0.0144%
01/07/25 13:00	0.0142%
01/07/25 14:00	0.0141%
01/07/25 15:00	0.0141%
01/07/25 16:00	0.0140%
01/07/25 17:00	0.0141%
01/07/25 18:00	0.0143%
01/07/25 19:00	0.0137%
01/07/25 20:00	0.0125%
01/07/25 21:00	0.0116%
01/07/25 22:00	0.0103%
01/07/25 23:00	0.0098%
02/07/25 00:00	0.0094%
02/07/25 01:00	0.0092%
02/07/25 02:00	0.0091%
02/07/25 03:00	0.0092%
02/07/25 04:00	0.0106%
02/07/25 05:00	0.0117%
02/07/25 06:00	0.0127%
02/07/25 07:00	0.0135%
02/07/25 08:00	0.0139%
02/07/25 09:00	0.0142%
02/07/25 10:00	0.0145%
02/07/25 11:00	0.0148%
02/07/25 12:00	0.0148%
02/07/25 13:00	0.0145%
02/07/25 14:00	0.0144%
02/07/25 15:00	0.0147%
02/07/25 16:00	0.0147%
02/07/25 17:00	0.0142%
02/07/25 18:00	0.0135%
02/07/25 19:00	0.0123%
02/07/25 20:00	0.0115%
02/07/25 21:00	0.0105%
02/07/25 22:00	0.0099%
02/07/25 23:00	0.0094%
03/07/25 00:00	0.0090%
03/07/25 01:00	0.0087%
03/07/25 02:00	0.0086%
03/07/25 03:00	0.0086%
03/07/25 04:00	0.0095%
03/07/25 05:00	0.0114%
03/07/25 06:00	0.0120%
03/07/25 07:00	0.0127%
03/07/25 08:00	0.0131%
03/07/25 09:00	0.0134%
03/07/25 10:00	0.0136%
03/07/25 11:00	0.0136%
03/07/25 12:00	0.0137%
03/07/25 13:00	0.0136%
03/07/25 14:00	0.0133%
03/07/25 15:00	0.0131%
03/07/25 16:00	0.0127%
03/07/25 17:00	0.0123%
03/07/25 18:00	0.0126%
03/07/25 19:00	0.0117%
03/07/25 20:00	0.0111%
03/07/25 21:00	0.0105%
03/07/25 22:00	0.0097%
03/07/25 23:00	0.0087%
04/07/25 00:00	0.0084%
04/07/25 01:00	0.0082%
04/07/25 02:00	0.0082%
04/07/25 03:00	0.0087%
04/07/25 04:00	0.0097%
04/07/25 05:00	0.0111%
04/07/25 06:00	0.0117%
04/07/25 07:00	0.0126%
04/07/25 08:00	0.0131%
04/07/25 09:00	0.0136%
04/07/25 10:00	0.0136%
04/07/25 11:00	0.0136%
04/07/25 12:00	0.0133%
04/07/25 13:00	0.0132%
04/07/25 14:00	0.0131%
04/07/25 15:00	0.0130%
04/07/25 16:00	0.0126%
04/07/25 17:00	0.0122%
04/07/25 18:00	0.0125%
04/07/25 19:00	0.0117%
04/07/25 20:00	0.0110%
04/07/25 21:00	0.0099%
04/07/25 22:00	0.0093%
04/07/25 23:00	0.0089%
05/07/25 00:00	0.0089%
05/07/25 01:00	0.0083%
05/07/25 02:00	0.0082%
05/07/25 03:00	0.0082%
05/07/25 04:00	0.0085%
05/07/25 05:00	0.0092%
05/07/25 06:00	0.0099%
05/07/25 07:00	0.0106%
05/07/25 08:00	0.0111%
05/07/25 09:00	0.0115%
05/07/25 10:00	0.0118%
05/07/25 11:00	0.0116%
05/07/25 12:00	0.0114%
05/07/25 13:00	0.0114%
05/07/25 14:00	0.0114%
05/07/25 15:00	0.0118%
05/07/25 16:00	0.0118%
05/07/25 17:00	0.0114%
05/07/25 18:00	0.0111%
05/07/25 19:00	0.0106%
05/07/25 20:00	0.0103%
05/07/25 21:00	0.0099%
05/07/25 22:00	0.0094%
05/07/25 23:00	0.0087%
06/07/25 00:00	0.0083%
06/07/25 01:00	0.0081%
06/07/25 02:00	0.0080%
06/07/25 03:00	0.0078%
06/07/25 04:00	0.0078%
06/07/25 05:00	0.0085%
06/07/25 06:00	0.0092%
06/07/25 07:00	0.0099%
06/07/25 08:00	0.0104%
06/07/25 09:00	0.0108%
06/07/25 10:00	0.0111%
06/07/25 11:00	0.0109%
06/07/25 12:00	0.0109%
06/07/25 13:00	0.0107%
06/07/25 14:00	0.0106%
06/07/25 15:00	0.0110%
06/07/25 16:00	0.0111%
06/07/25 17:00	0.0114%
06/07/25 18:00	0.0112%
06/07/25 19:00	0.0105%
06/07/25 20:00	0.0100%
06/07/25 21:00	0.0095%
06/07/25 22:00	0.0094%
06/07/25 23:00	0.0083%
07/07/25 00:00	0.0080%
07/07/25 01:00	0.0079%
07/07/25 02:00	0.0080%
07/07/25 03:00	0.0082%
07/07/25 04:00	0.0096%
07/07/25 05:00	0.0114%
07/07/25 06:00	0.0127%
07/07/25 07:00	0.0131%
07/07/25 08:00	0.0128%
07/07/25 09:00	0.0130%
07/07/25 10:00	0.0131%
07/07/25 11:00	0.0132%
07/07/25 12:00	0.0132%
07/07/25 13:00	0.0133%
07/07/25 14:00	0.0131%
07/07/25 15:00	0.0131%
07/07/25 16:00	0.0127%
07/07/25 17:00	0.0122%
07/07/25 18:00	0.0119%
07/07/25 19:00	0.0115%
07/07/25 20:00	0.0108%
07/07/25 21:00	0.0096%
07/07/25 22:00	0.0089%
07/07/25 23:00	0.0086%
08/07/25 00:00	0.0085%
08/07/25 01:00	0.0082%
08/07/25 02:00	0.0081%
08/07/25 03:00	0.0083%
08/07/25 04:00	0.0099%
08/07/25 05:00	0.0114%
08/07/25 06:00	0.0123%
08/07/25 07:00	0.0124%
08/07/25 08:00	0.0126%
08/07/25 09:00	0.0130%
08/07/25 10:00	0.0132%
08/07/25 11:00	0.0132%
08/07/25 12:00	0.0132%
08/07/25 13:00	0.0130%
08/07/25 14:00	0.0130%
08/07/25 15:00	0.0131%
08/07/25 16:00	0.0126%
08/07/25 17:00	0.0122%
08/07/25 18:00	0.0123%
08/07/25 19:00	0.0115%
08/07/25 20:00	0.0109%
08/07/25 21:00	0.0096%
08/07/25 22:00	0.0090%
08/07/25 23:00	0.0085%
09/07/25 00:00	0.0082%
09/07/25 01:00	0.0080%
09/07/25 02:00	0.0080%
09/07/25 03:00	0.0081%
09/07/25 04:00	0.0090%
09/07/25 05:00	0.0112%
09/07/25 06:00	0.0123%
09/07/25 07:00	0.0123%
09/07/25 08:00	0.0126%
09/07/25 09:00	0.0127%
09/07/25 10:00	0.0129%
09/07/25 11:00	0.0131%
09/07/25 12:00	0.0132%
09/07/25 13:00	0.0131%
09/07/25 14:00	0.0129%
09/07/25 15:00	0.0129%
09/07/25 16:00	0.0124%
09/07/25 17:00	0.0125%
09/07/25 18:00	0.0123%
09/07/25 19:00	0.0116%
09/07/25 20:00	0.0109%
09/07/25 21:00	0.0098%
09/07/25 22:00	0.0091%
09/07/25 23:00	0.0086%
10/07/25 00:00	0.0084%
10/07/25 01:00	0.0082%
10/07/25 02:00	0.0081%
10/07/25 03:00	0.0083%
10/07/25 04:00	0.0092%
10/07/25 05:00	0.0106%
10/07/25 06:00	0.0117%
10/07/25 07:00	0.0123%
10/07/25 08:00	0.0125%
10/07/25 09:00	0.0128%
10/07/25 10:00	0.0133%
10/07/25 11:00	0.0131%
10/07/25 12:00	0.0131%
10/07/25 13:00	0.0133%
10/07/25 14:00	0.0131%
10/07/25 15:00	0.0132%
10/07/25 16:00	0.0127%
10/07/25 17:00	0.0129%
10/07/25 18:00	0.0128%
10/07/25 19:00	0.0119%
10/07/25 20:00	0.0112%
10/07/25 21:00	0.0106%
10/07/25 22:00	0.0098%
10/07/25 23:00	0.0088%
11/07/25 00:00	0.0086%
11/07/25 01:00	0.0084%
11/07/25 02:00	0.0083%
11/07/25 03:00	0.0084%
11/07/25 04:00	0.0098%
11/07/25 05:00	0.0106%
11/07/25 06:00	0.0123%
11/07/25 07:00	0.0123%
11/07/25 08:00	0.0128%
11/07/25 09:00	0.0129%
11/07/25 10:00	0.0130%
11/07/25 11:00	0.0132%
11/07/25 12:00	0.0133%
11/07/25 13:00	0.0131%
11/07/25 14:00	0.0129%
11/07/25 15:00	0.0129%
11/07/25 16:00	0.0124%
11/07/25 17:00	0.0120%
11/07/25 18:00	0.0123%
11/07/25 19:00	0.0114%
11/07/25 20:00	0.0108%
11/07/25 21:00	0.0097%
11/07/25 22:00	0.0098%
11/07/25 23:00	0.0087%
12/07/25 00:00	0.0083%
12/07/25 01:00	0.0081%
12/07/25 02:00	0.0080%
12/07/25 03:00	0.0079%
12/07/25 04:00	0.0081%
12/07/25 05:00	0.0089%
12/07/25 06:00	0.0096%
12/07/25 07:00	0.0104%
12/07/25 08:00	0.0111%
12/07/25 09:00	0.0117%
12/07/25 10:00	0.0119%
12/07/25 11:00	0.0120%
12/07/25 12:00	0.0119%
12/07/25 13:00	0.0118%
12/07/25 14:00	0.0115%
12/07/25 15:00	0.0116%
12/07/25 16:00	0.0114%
12/07/25 17:00	0.0111%
12/07/25 18:00	0.0113%
12/07/25 19:00	0.0106%
12/07/25 20:00	0.0102%
12/07/25 21:00	0.0098%
12/07/25 22:00	0.0093%
12/07/25 23:00	0.0088%
13/07/25 00:00	0.0080%
13/07/25 01:00	0.0078%
13/07/25 02:00	0.0077%
13/07/25 03:00	0.0076%
13/07/25 04:00	0.0077%
13/07/25 05:00	0.0083%
13/07/25 06:00	0.0088%
13/07/25 07:00	0.0096%
13/07/25 08:00	0.0100%
13/07/25 09:00	0.0106%
13/07/25 10:00	0.0110%
13/07/25 11:00	0.0109%
13/07/25 12:00	0.0110%
13/07/25 13:00	0.0111%
13/07/25 14:00	0.0110%
13/07/25 15:00	0.0112%
13/07/25 16:00	0.0110%
13/07/25 17:00	0.0115%
13/07/25 18:00	0.0113%
13/07/25 19:00	0.0107%
13/07/25 20:00	0.0103%
13/07/25 21:00	0.0098%
13/07/25 22:00	0.0093%
13/07/25 23:00	0.0084%
14/07/25 00:00	0.0082%
14/07/25 01:00	0.0081%
14/07/25 02:00	0.0081%
14/07/25 03:00	0.0082%
14/07/25 04:00	0.0097%
14/07/25 05:00	0.0112%
14/07/25 06:00	0.0123%
14/07/25 07:00	0.0124%
14/07/25 08:00	0.0128%
14/07/25 09:00	0.0131%
14/07/25 10:00	0.0132%
14/07/25 11:00	0.0134%
14/07/25 12:00	0.0133%
14/07/25 13:00	0.0133%
14/07/25 14:00	0.0132%
14/07/25 15:00	0.0134%
14/07/25 16:00	0.0129%
14/07/25 17:00	0.0125%
14/07/25 18:00	0.0129%
14/07/25 19:00	0.0120%
14/07/25 20:00	0.0114%
14/07/25 21:00	0.0102%
14/07/25 22:00	0.0095%
14/07/25 23:00	0.0090%
15/07/25 00:00	0.0088%
15/07/25 01:00	0.0086%
15/07/25 02:00	0.0085%
15/07/25 03:00	0.0086%
15/07/25 04:00	0.0092%
15/07/25 05:00	0.0114%
15/07/25 06:00	0.0124%
15/07/25 07:00	0.0127%
15/07/25 08:00	0.0131%
15/07/25 09:00	0.0134%
15/07/25 10:00	0.0134%
15/07/25 11:00	0.0133%
15/07/25 12:00	0.0137%
15/07/25 13:00	0.0137%
15/07/25 14:00	0.0132%
15/07/25 15:00	0.0134%
15/07/25 16:00	0.0128%
15/07/25 17:00	0.0129%
15/07/25 18:00	0.0125%
15/07/25 19:00	0.0116%
15/07/25 20:00	0.0111%
15/07/25 21:00	0.0099%
15/07/25 22:00	0.0094%
15/07/25 23:00	0.0090%
16/07/25 00:00	0.0087%
16/07/25 01:00	0.0084%
16/07/25 02:00	0.0084%
16/07/25 03:00	0.0086%
16/07/25 04:00	0.0092%
16/07/25 05:00	0.0108%
16/07/25 06:00	0.0124%
16/07/25 07:00	0.0125%
16/07/25 08:00	0.0129%
16/07/25 09:00	0.0131%
16/07/25 10:00	0.0130%
16/07/25 11:00	0.0132%
16/07/25 12:00	0.0132%
16/07/25 13:00	0.0130%
16/07/25 14:00	0.0130%
16/07/25 15:00	0.0130%
16/07/25 16:00	0.0125%
16/07/25 17:00	0.0126%
16/07/25 18:00	0.0123%
16/07/25 19:00	0.0114%
16/07/25 20:00	0.0108%
16/07/25 21:00	0.0102%
16/07/25 22:00	0.0091%
16/07/25 23:00	0.0086%
17/07/25 00:00	0.0083%
17/07/25 01:00	0.0081%
17/07/25 02:00	0.0081%
17/07/25 03:00	0.0083%
17/07/25 04:00	0.0090%
17/07/25 05:00	0.0111%
17/07/25 06:00	0.0116%
17/07/25 07:00	0.0122%
17/07/25 08:00	0.0127%
17/07/25 09:00	0.0131%
17/07/25 10:00	0.0131%
17/07/25 11:00	0.0133%
17/07/25 12:00	0.0131%
17/07/25 13:00	0.0129%
17/07/25 14:00	0.0128%
17/07/25 15:00	0.0128%
17/07/25 16:00	0.0124%
17/07/25 17:00	0.0126%
17/07/25 18:00	0.0124%
17/07/25 19:00	0.0115%
17/07/25 20:00	0.0110%
17/07/25 21:00	0.0103%
17/07/25 22:00	0.0091%
17/07/25 23:00	0.0087%
18/07/25 00:00	0.0084%
18/07/25 01:00	0.0082%
18/07/25 02:00	0.0082%
18/07/25 03:00	0.0083%
18/07/25 04:00	0.0090%
18/07/25 05:00	0.0110%
18/07/25 06:00	0.0114%
18/07/25 07:00	0.0121%
18/07/25 08:00	0.0124%
18/07/25 09:00	0.0128%
18/07/25 10:00	0.0130%
18/07/25 11:00	0.0131%
18/07/25 12:00	0.0130%
18/07/25 13:00	0.0126%
18/07/25 14:00	0.0127%
18/07/25 15:00	0.0127%
18/07/25 16:00	0.0122%
18/07/25 17:00	0.0124%
18/07/25 18:00	0.0123%
18/07/25 19:00	0.0115%
18/07/25 20:00	0.0109%
18/07/25 21:00	0.0103%
18/07/25 22:00	0.0092%
18/07/25 23:00	0.0087%
19/07/25 00:00	0.0089%
19/07/25 01:00	0.0087%
19/07/25 02:00	0.0081%
19/07/25 03:00	0.0080%
19/07/25 04:00	0.0082%
19/07/25 05:00	0.0089%
19/07/25 06:00	0.0097%
19/07/25 07:00	0.0105%
19/07/25 08:00	0.0111%
19/07/25 09:00	0.0117%
19/07/25 10:00	0.0119%
19/07/25 11:00	0.0122%
19/07/25 12:00	0.0121%
19/07/25 13:00	0.0119%
19/07/25 14:00	0.0117%
19/07/25 15:00	0.0118%
19/07/25 16:00	0.0118%
19/07/25 17:00	0.0122%
19/07/25 18:00	0.0115%
19/07/25 19:00	0.0107%
19/07/25 20:00	0.0104%
19/07/25 21:00	0.0097%
19/07/25 22:00	0.0091%
19/07/25 23:00	0.0085%
20/07/25 00:00	0.0082%
20/07/25 01:00	0.0080%
20/07/25 02:00	0.0079%
20/07/25 03:00	0.0078%
20/07/25 04:00	0.0078%
20/07/25 05:00	0.0084%
20/07/25 06:00	0.0091%
20/07/25 07:00	0.0097%
20/07/25 08:00	0.0105%
20/07/25 09:00	0.0110%
20/07/25 10:00	0.0113%
20/07/25 11:00	0.0114%
20/07/25 12:00	0.0112%
20/07/25 13:00	0.0112%
20/07/25 14:00	0.0112%
20/07/25 15:00	0.0113%
20/07/25 16:00	0.0117%
20/07/25 17:00	0.0114%
20/07/25 18:00	0.0111%
20/07/25 19:00	0.0106%
20/07/25 20:00	0.0101%
20/07/25 21:00	0.0096%
20/07/25 22:00	0.0087%
20/07/25 23:00	0.0083%
21/07/25 00:00	0.0081%
21/07/25 01:00	0.0080%
21/07/25 02:00	0.0081%
21/07/25 03:00	0.0082%
21/07/25 04:00	0.0094%
21/07/25 05:00	0.0104%
21/07/25 06:00	0.0114%
21/07/25 07:00	0.0122%
21/07/25 08:00	0.0129%
21/07/25 09:00	0.0132%
21/07/25 10:00	0.0132%
21/07/25 11:00	0.0133%
21/07/25 12:00	0.0131%
21/07/25 13:00	0.0130%
21/07/25 14:00	0.0130%
21/07/25 15:00	0.0127%
21/07/25 16:00	0.0129%
21/07/25 17:00	0.0126%
21/07/25 18:00	0.0120%
21/07/25 19:00	0.0113%
21/07/25 20:00	0.0107%
21/07/25 21:00	0.0095%
21/07/25 22:00	0.0090%
21/07/25 23:00	0.0085%
22/07/25 00:00	0.0084%
22/07/25 01:00	0.0082%
22/07/25 02:00	0.0081%
22/07/25 03:00	0.0083%
22/07/25 04:00	0.0089%
22/07/25 05:00	0.0109%
22/07/25 06:00	0.0121%
22/07/25 07:00	0.0121%
22/07/25 08:00	0.0125%
22/07/25 09:00	0.0128%
22/07/25 10:00	0.0130%
22/07/25 11:00	0.0132%
22/07/25 12:00	0.0129%
22/07/25 13:00	0.0130%
22/07/25 14:00	0.0129%
22/07/25 15:00	0.0130%
22/07/25 16:00	0.0125%
22/07/25 17:00	0.0126%
22/07/25 18:00	0.0123%
22/07/25 19:00	0.0114%
22/07/25 20:00	0.0109%
22/07/25 21:00	0.0098%
22/07/25 22:00	0.0092%
22/07/25 23:00	0.0087%
23/07/25 00:00	0.0085%
23/07/25 01:00	0.0083%
23/07/25 02:00	0.0082%
23/07/25 03:00	0.0084%
23/07/25 04:00	0.0090%
23/07/25 05:00	0.0110%
23/07/25 06:00	0.0116%
23/07/25 07:00	0.0122%
23/07/25 08:00	0.0125%
23/07/25 09:00	0.0127%
23/07/25 10:00	0.0128%
23/07/25 11:00	0.0130%
23/07/25 12:00	0.0130%
23/07/25 13:00	0.0131%
23/07/25 14:00	0.0128%
23/07/25 15:00	0.0128%
23/07/25 16:00	0.0124%
23/07/25 17:00	0.0125%
23/07/25 18:00	0.0120%
23/07/25 19:00	0.0112%
23/07/25 20:00	0.0107%
23/07/25 21:00	0.0102%
23/07/25 22:00	0.0090%
23/07/25 23:00	0.0085%
24/07/25 00:00	0.0082%
24/07/25 01:00	0.0081%
24/07/25 02:00	0.0081%
24/07/25 03:00	0.0082%
24/07/25 04:00	0.0094%
24/07/25 05:00	0.0103%
24/07/25 06:00	0.0113%
24/07/25 07:00	0.0119%
24/07/25 08:00	0.0122%
24/07/25 09:00	0.0126%
24/07/25 10:00	0.0129%
24/07/25 11:00	0.0130%
24/07/25 12:00	0.0128%
24/07/25 13:00	0.0129%
24/07/25 14:00	0.0126%
24/07/25 15:00	0.0127%
24/07/25 16:00	0.0123%
24/07/25 17:00	0.0125%
24/07/25 18:00	0.0123%
24/07/25 19:00	0.0113%
24/07/25 20:00	0.0109%
24/07/25 21:00	0.0096%
24/07/25 22:00	0.0096%
24/07/25 23:00	0.0086%
25/07/25 00:00	0.0083%
25/07/25 01:00	0.0082%
25/07/25 02:00	0.0082%
25/07/25 03:00	0.0083%
25/07/25 04:00	0.0089%
25/07/25 05:00	0.0102%
25/07/25 06:00	0.0122%
25/07/25 07:00	0.0120%
25/07/25 08:00	0.0121%
25/07/25 09:00	0.0122%
25/07/25 10:00	0.0121%
25/07/25 11:00	0.0122%
25/07/25 12:00	0.0121%
25/07/25 13:00	0.0119%
25/07/25 14:00	0.0119%
25/07/25 15:00	0.0119%
25/07/25 16:00	0.0116%
25/07/25 17:00	0.0114%
25/07/25 18:00	0.0117%
25/07/25 19:00	0.0109%
25/07/25 20:00	0.0104%
25/07/25 21:00	0.0099%
25/07/25 22:00	0.0094%
25/07/25 23:00	0.0083%
26/07/25 00:00	0.0079%
26/07/25 01:00	0.0077%
26/07/25 02:00	0.0076%
26/07/25 03:00	0.0076%
26/07/25 04:00	0.0077%
26/07/25 05:00	0.0085%
26/07/25 06:00	0.0091%
26/07/25 07:00	0.0100%
26/07/25 08:00	0.0108%
26/07/25 09:00	0.0110%
26/07/25 10:00	0.0111%
26/07/25 11:00	0.0112%
26/07/25 12:00	0.0110%
26/07/25 13:00	0.0108%
26/07/25 14:00	0.0106%
26/07/25 15:00	0.0109%
26/07/25 16:00	0.0108%
26/07/25 17:00	0.0113%
26/07/25 18:00	0.0109%
26/07/25 19:00	0.0102%
26/07/25 20:00	0.0099%
26/07/25 21:00	0.0094%
26/07/25 22:00	0.0090%
26/07/25 23:00	0.0081%
27/07/25 00:00	0.0079%
27/07/25 01:00	0.0077%
27/07/25 02:00	0.0076%
27/07/25 03:00	0.0075%
27/07/25 04:00	0.0074%
27/07/25 05:00	0.0080%
27/07/25 06:00	0.0086%
27/07/25 07:00	0.0091%
27/07/25 08:00	0.0097%
27/07/25 09:00	0.0101%
27/07/25 10:00	0.0104%
27/07/25 11:00	0.0105%
27/07/25 12:00	0.0104%
27/07/25 13:00	0.0103%
27/07/25 14:00	0.0104%
27/07/25 15:00	0.0106%
27/07/25 16:00	0.0107%
27/07/25 17:00	0.0110%
27/07/25 18:00	0.0106%
27/07/25 19:00	0.0100%
27/07/25 20:00	0.0097%
27/07/25 21:00	0.0092%
27/07/25 22:00	0.0087%
27/07/25 23:00	0.0079%
28/07/25 00:00	0.0078%
28/07/25 01:00	0.0077%
28/07/25 02:00	0.0077%
28/07/25 03:00	0.0079%
28/07/25 04:00	0.0085%
28/07/25 05:00	0.0104%
28/07/25 06:00	0.0113%
28/07/25 07:00	0.0115%
28/07/25 08:00	0.0119%
28/07/25 09:00	0.0123%
28/07/25 10:00	0.0122%
28/07/25 11:00	0.0124%
28/07/25 12:00	0.0124%
28/07/25 13:00	0.0123%
28/07/25 14:00	0.0124%
28/07/25 15:00	0.0123%
28/07/25 16:00	0.0120%
28/07/25 17:00	0.0120%
28/07/25 18:00	0.0117%
28/07/25 19:00	0.0108%
28/07/25 20:00	0.0103%
28/07/25 21:00	0.0092%
28/07/25 22:00	0.0088%
28/07/25 23:00	0.0083%
29/07/25 00:00	0.0080%
29/07/25 01:00	0.0079%
29/07/25 02:00	0.0078%
29/07/25 03:00	0.0080%
29/07/25 04:00	0.0086%
29/07/25 05:00	0.0104%
29/07/25 06:00	0.0109%
29/07/25 07:00	0.0117%
29/07/25 08:00	0.0120%
29/07/25 09:00	0.0123%
29/07/25 10:00	0.0125%
29/07/25 11:00	0.0125%
29/07/25 12:00	0.0125%
29/07/25 13:00	0.0123%
29/07/25 14:00	0.0120%
29/07/25 15:00	0.0121%
29/07/25 16:00	0.0118%
29/07/25 17:00	0.0118%
29/07/25 18:00	0.0116%
29/07/25 19:00	0.0107%
29/07/25 20:00	0.0102%
29/07/25 21:00	0.0096%
29/07/25 22:00	0.0086%
29/07/25 23:00	0.0083%
30/07/25 00:00	0.0081%
30/07/25 01:00	0.0080%
30/07/25 02:00	0.0079%
30/07/25 03:00	0.0081%
30/07/25 04:00	0.0091%
30/07/25 05:00	0.0100%
30/07/25 06:00	0.0114%
30/07/25 07:00	0.0116%
30/07/25 08:00	0.0119%
30/07/25 09:00	0.0125%
30/07/25 10:00	0.0126%
30/07/25 11:00	0.0126%
30/07/25 12:00	0.0126%
30/07/25 13:00	0.0126%
30/07/25 14:00	0.0123%
30/07/25 15:00	0.0124%
30/07/25 16:00	0.0119%
30/07/25 17:00	0.0121%
30/07/25 18:00	0.0118%
30/07/25 19:00	0.0110%
30/07/25 20:00	0.0105%
30/07/25 21:00	0.0094%
30/07/25 22:00	0.0089%
30/07/25 23:00	0.0085%
31/07/25 00:00	0.0083%
31/07/25 01:00	0.0081%
31/07/25 02:00	0.0080%
31/07/25 03:00	0.0082%
31/07/25 04:00	0.0088%
31/07/25 05:00	0.0100%
31/07/25 06:00	0.0110%
31/07/25 07:00	0.0118%
31/07/25 08:00	0.0121%
31/07/25 09:00	0.0123%
31/07/25 10:00	0.0126%
31/07/25 11:00	0.0126%
31/07/25 12:00	0.0125%
31/07/25 13:00	0.0122%
31/07/25 14:00	0.0121%
31/07/25 15:00	0.0123%
31/07/25 16:00	0.0120%
31/07/25 17:00	0.0123%
31/07/25 18:00	0.0118%
31/07/25 19:00	0.0109%
31/07/25 20:00	0.0103%
31/07/25 21:00	0.0097%
31/07/25 22:00	0.0091%
31/07/25 23:00	0.0082%
01/08/25 00:00	0.0080%
01/08/25 01:00	0.0080%
01/08/25 02:00	0.0079%
01/08/25 03:00	0.0081%
01/08/25 04:00	0.0086%
01/08/25 05:00	0.0104%
01/08/25 06:00	0.0113%
01/08/25 07:00	0.0114%
01/08/25 08:00	0.0117%
01/08/25 09:00	0.0120%
01/08/25 10:00	0.0122%
01/08/25 11:00	0.0121%
01/08/25 12:00	0.0120%
01/08/25 13:00	0.0120%
01/08/25 14:00	0.0119%
01/08/25 15:00	0.0120%
01/08/25 16:00	0.0116%
01/08/25 17:00	0.0118%
01/08/25 18:00	0.0114%
01/08/25 19:00	0.0106%
01/08/25 20:00	0.0101%
01/08/25 21:00	0.0090%
01/08/25 22:00	0.0085%
01/08/25 23:00	0.0081%
02/08/25 00:00	0.0084%
02/08/25 01:00	0.0078%
02/08/25 02:00	0.0078%
02/08/25 03:00	0.0078%
02/08/25 04:00	0.0078%
02/08/25 05:00	0.0086%
02/08/25 06:00	0.0094%
02/08/25 07:00	0.0100%
02/08/25 08:00	0.0104%
02/08/25 09:00	0.0107%
02/08/25 10:00	0.0109%
02/08/25 11:00	0.0110%
02/08/25 12:00	0.0108%
02/08/25 13:00	0.0105%
02/08/25 14:00	0.0105%
02/08/25 15:00	0.0106%
02/08/25 16:00	0.0105%
02/08/25 17:00	0.0108%
02/08/25 18:00	0.0103%
02/08/25 19:00	0.0097%
02/08/25 20:00	0.0094%
02/08/25 21:00	0.0089%
02/08/25 22:00	0.0082%
02/08/25 23:00	0.0079%
03/08/25 00:00	0.0077%
03/08/25 01:00	0.0075%
03/08/25 02:00	0.0075%
03/08/25 03:00	0.0075%
03/08/25 04:00	0.0074%
03/08/25 05:00	0.0078%
03/08/25 06:00	0.0084%
03/08/25 07:00	0.0090%
03/08/25 08:00	0.0096%
03/08/25 09:00	0.0102%
03/08/25 10:00	0.0106%
03/08/25 11:00	0.0107%
03/08/25 12:00	0.0106%
03/08/25 13:00	0.0103%
03/08/25 14:00	0.0102%
03/08/25 15:00	0.0107%
03/08/25 16:00	0.0109%
03/08/25 17:00	0.0108%
03/08/25 18:00	0.0102%
03/08/25 19:00	0.0100%
03/08/25 20:00	0.0097%
03/08/25 21:00	0.0091%
03/08/25 22:00	0.0087%
03/08/25 23:00	0.0080%
04/08/25 00:00	0.0079%
04/08/25 01:00	0.0077%
04/08/25 02:00	0.0077%
04/08/25 03:00	0.0083%
04/08/25 04:00	0.0089%
04/08/25 05:00	0.0102%
04/08/25 06:00	0.0110%
04/08/25 07:00	0.0117%
04/08/25 08:00	0.0116%
04/08/25 09:00	0.0119%
04/08/25 10:00	0.0122%
04/08/25 11:00	0.0124%
04/08/25 12:00	0.0124%
04/08/25 13:00	0.0122%
04/08/25 14:00	0.0121%
04/08/25 15:00	0.0126%
04/08/25 16:00	0.0125%
04/08/25 17:00	0.0123%
04/08/25 18:00	0.0112%
04/08/25 19:00	0.0108%
04/08/25 20:00	0.0103%
04/08/25 21:00	0.0095%
04/08/25 22:00	0.0090%
04/08/25 23:00	0.0086%
05/08/25 00:00	0.0084%
05/08/25 01:00	0.0082%
05/08/25 02:00	0.0080%
05/08/25 03:00	0.0082%
05/08/25 04:00	0.0091%
05/08/25 05:00	0.0102%
05/08/25 06:00	0.0109%
05/08/25 07:00	0.0117%
05/08/25 08:00	0.0119%
05/08/25 09:00	0.0121%
05/08/25 10:00	0.0122%
05/08/25 11:00	0.0123%
05/08/25 12:00	0.0121%
05/08/25 13:00	0.0120%
05/08/25 14:00	0.0119%
05/08/25 15:00	0.0122%
05/08/25 16:00	0.0119%
05/08/25 17:00	0.0114%
05/08/25 18:00	0.0115%
05/08/25 19:00	0.0107%
05/08/25 20:00	0.0103%
05/08/25 21:00	0.0096%
05/08/25 22:00	0.0086%
05/08/25 23:00	0.0082%
06/08/25 00:00	0.0080%
06/08/25 01:00	0.0079%
06/08/25 02:00	0.0078%
06/08/25 03:00	0.0080%
06/08/25 04:00	0.0089%
06/08/25 05:00	0.0102%
06/08/25 06:00	0.0105%
06/08/25 07:00	0.0113%
06/08/25 08:00	0.0115%
06/08/25 09:00	0.0117%
06/08/25 10:00	0.0118%
06/08/25 11:00	0.0120%
06/08/25 12:00	0.0119%
06/08/25 13:00	0.0119%
06/08/25 14:00	0.0119%
06/08/25 15:00	0.0118%
06/08/25 16:00	0.0114%
06/08/25 17:00	0.0116%
06/08/25 18:00	0.0113%
06/08/25 19:00	0.0108%
06/08/25 20:00	0.0102%
06/08/25 21:00	0.0091%
06/08/25 22:00	0.0085%
06/08/25 23:00	0.0081%
07/08/25 00:00	0.0079%
07/08/25 01:00	0.0078%
07/08/25 02:00	0.0078%
07/08/25 03:00	0.0080%
07/08/25 04:00	0.0085%
07/08/25 05:00	0.0102%
07/08/25 06:00	0.0106%
07/08/25 07:00	0.0112%
07/08/25 08:00	0.0118%
07/08/25 09:00	0.0124%
07/08/25 10:00	0.0124%
07/08/25 11:00	0.0125%
07/08/25 12:00	0.0124%
07/08/25 13:00	0.0122%
07/08/25 14:00	0.0122%
07/08/25 15:00	0.0122%
07/08/25 16:00	0.0119%
07/08/25 17:00	0.0123%
07/08/25 18:00	0.0115%
07/08/25 19:00	0.0111%
07/08/25 20:00	0.0105%
07/08/25 21:00	0.0099%
07/08/25 22:00	0.0089%
07/08/25 23:00	0.0084%
08/08/25 00:00	0.0083%
08/08/25 01:00	0.0081%
08/08/25 02:00	0.0081%
08/08/25 03:00	0.0083%
08/08/25 04:00	0.0088%
08/08/25 05:00	0.0099%
08/08/25 06:00	0.0113%
08/08/25 07:00	0.0115%
08/08/25 08:00	0.0118%
08/08/25 09:00	0.0121%
08/08/25 10:00	0.0124%
08/08/25 11:00	0.0123%
08/08/25 12:00	0.0121%
08/08/25 13:00	0.0118%
08/08/25 14:00	0.0117%
08/08/25 15:00	0.0118%
08/08/25 16:00	0.0114%
08/08/25 17:00	0.0117%
08/08/25 18:00	0.0115%
08/08/25 19:00	0.0108%
08/08/25 20:00	0.0102%
08/08/25 21:00	0.0097%
08/08/25 22:00	0.0086%
08/08/25 23:00	0.0082%
09/08/25 00:00	0.0084%
09/08/25 01:00	0.0077%
09/08/25 02:00	0.0076%
09/08/25 03:00	0.0077%
09/08/25 04:00	0.0077%
09/08/25 05:00	0.0084%
09/08/25 06:00	0.0089%
09/08/25 07:00	0.0096%
09/08/25 08:00	0.0103%
09/08/25 09:00	0.0107%
09/08/25 10:00	0.0110%
09/08/25 11:00	0.0110%
09/08/25 12:00	0.0111%
09/08/25 13:00	0.0109%
09/08/25 14:00	0.0108%
09/08/25 15:00	0.0110%
09/08/25 16:00	0.0108%
09/08/25 17:00	0.0110%
09/08/25 18:00	0.0108%
09/08/25 19:00	0.0100%
09/08/25 20:00	0.0097%
09/08/25 21:00	0.0092%
09/08/25 22:00	0.0083%
09/08/25 23:00	0.0080%
10/08/25 00:00	0.0077%
10/08/25 01:00	0.0076%
10/08/25 02:00	0.0075%
10/08/25 03:00	0.0075%
10/08/25 04:00	0.0073%
10/08/25 05:00	0.0079%
10/08/25 06:00	0.0085%
10/08/25 07:00	0.0091%
10/08/25 08:00	0.0096%
10/08/25 09:00	0.0100%
10/08/25 10:00	0.0105%
10/08/25 11:00	0.0106%
10/08/25 12:00	0.0105%
10/08/25 13:00	0.0104%
10/08/25 14:00	0.0103%
10/08/25 15:00	0.0106%
10/08/25 16:00	0.0104%
10/08/25 17:00	0.0108%
10/08/25 18:00	0.0108%
10/08/25 19:00	0.0102%
10/08/25 20:00	0.0099%
10/08/25 21:00	0.0093%
10/08/25 22:00	0.0088%
10/08/25 23:00	0.0081%
11/08/25 00:00	0.0079%
11/08/25 01:00	0.0078%
11/08/25 02:00	0.0077%
11/08/25 03:00	0.0079%
11/08/25 04:00	0.0092%
11/08/25 05:00	0.0105%
11/08/25 06:00	0.0108%
11/08/25 07:00	0.0114%
11/08/25 08:00	0.0119%
11/08/25 09:00	0.0124%
11/08/25 10:00	0.0127%
11/08/25 11:00	0.0127%
11/08/25 12:00	0.0126%
11/08/25 13:00	0.0124%
11/08/25 14:00	0.0122%
11/08/25 15:00	0.0123%
11/08/25 16:00	0.0121%
11/08/25 17:00	0.0126%
11/08/25 18:00	0.0124%
11/08/25 19:00	0.0116%
11/08/25 20:00	0.0109%
11/08/25 21:00	0.0098%
11/08/25 22:00	0.0092%
11/08/25 23:00	0.0088%
12/08/25 00:00	0.0085%
12/08/25 01:00	0.0083%
12/08/25 02:00	0.0082%
12/08/25 03:00	0.0085%
12/08/25 04:00	0.0095%
12/08/25 05:00	0.0107%
12/08/25 06:00	0.0112%
12/08/25 07:00	0.0117%
12/08/25 08:00	0.0120%
12/08/25 09:00	0.0123%
12/08/25 10:00	0.0125%
12/08/25 11:00	0.0128%
12/08/25 12:00	0.0130%
12/08/25 13:00	0.0128%
12/08/25 14:00	0.0127%
12/08/25 15:00	0.0128%
12/08/25 16:00	0.0125%
12/08/25 17:00	0.0131%
12/08/25 18:00	0.0128%
12/08/25 19:00	0.0121%
12/08/25 20:00	0.0114%
12/08/25 21:00	0.0101%
12/08/25 22:00	0.0093%
12/08/25 23:00	0.0089%
13/08/25 00:00	0.0086%
13/08/25 01:00	0.0085%
13/08/25 02:00	0.0085%
13/08/25 03:00	0.0087%
13/08/25 04:00	0.0096%
13/08/25 05:00	0.0104%
13/08/25 06:00	0.0114%
13/08/25 07:00	0.0120%
13/08/25 08:00	0.0124%
13/08/25 09:00	0.0127%
13/08/25 10:00	0.0130%
13/08/25 11:00	0.0133%
13/08/25 12:00	0.0131%
13/08/25 13:00	0.0130%
13/08/25 14:00	0.0129%
13/08/25 15:00	0.0130%
13/08/25 16:00	0.0133%
13/08/25 17:00	0.0134%
13/08/25 18:00	0.0130%
13/08/25 19:00	0.0122%
13/08/25 20:00	0.0115%
13/08/25 21:00	0.0103%
13/08/25 22:00	0.0096%
13/08/25 23:00	0.0091%
14/08/25 00:00	0.0089%
14/08/25 01:00	0.0087%
14/08/25 02:00	0.0086%
14/08/25 03:00	0.0089%
14/08/25 04:00	0.0096%
14/08/25 05:00	0.0111%
14/08/25 06:00	0.0119%
14/08/25 07:00	0.0123%
14/08/25 08:00	0.0128%
14/08/25 09:00	0.0129%
14/08/25 10:00	0.0133%
14/08/25 11:00	0.0134%
14/08/25 12:00	0.0132%
14/08/25 13:00	0.0131%
14/08/25 14:00	0.0130%
14/08/25 15:00	0.0132%
14/08/25 16:00	0.0134%
14/08/25 17:00	0.0136%
14/08/25 18:00	0.0133%
14/08/25 19:00	0.0121%
14/08/25 20:00	0.0114%
14/08/25 21:00	0.0102%
14/08/25 22:00	0.0095%
14/08/25 23:00	0.0091%
15/08/25 00:00	0.0088%
15/08/25 01:00	0.0086%
15/08/25 02:00	0.0085%
15/08/25 03:00	0.0087%
15/08/25 04:00	0.0092%
15/08/25 05:00	0.0104%
15/08/25 06:00	0.0119%
15/08/25 07:00	0.0120%
15/08/25 08:00	0.0125%
15/08/25 09:00	0.0130%
15/08/25 10:00	0.0132%
15/08/25 11:00	0.0132%
15/08/25 12:00	0.0132%
15/08/25 13:00	0.0130%
15/08/25 14:00	0.0129%
15/08/25 15:00	0.0128%
15/08/25 16:00	0.0133%
15/08/25 17:00	0.0131%
15/08/25 18:00	0.0123%
15/08/25 19:00	0.0116%
15/08/25 20:00	0.0111%
15/08/25 21:00	0.0099%
15/08/25 22:00	0.0093%
15/08/25 23:00	0.0088%
16/08/25 00:00	0.0090%
16/08/25 01:00	0.0084%
16/08/25 02:00	0.0083%
16/08/25 03:00	0.0083%
16/08/25 04:00	0.0084%
16/08/25 05:00	0.0087%
16/08/25 06:00	0.0096%
16/08/25 07:00	0.0103%
16/08/25 08:00	0.0107%
16/08/25 09:00	0.0108%
16/08/25 10:00	0.0109%
16/08/25 11:00	0.0110%
16/08/25 12:00	0.0108%
16/08/25 13:00	0.0108%
16/08/25 14:00	0.0110%
16/08/25 15:00	0.0110%
16/08/25 16:00	0.0109%
16/08/25 17:00	0.0112%
16/08/25 18:00	0.0108%
16/08/25 19:00	0.0102%
16/08/25 20:00	0.0098%
16/08/25 21:00	0.0088%
16/08/25 22:00	0.0089%
16/08/25 23:00	0.0080%
17/08/25 00:00	0.0078%
17/08/25 01:00	0.0076%
17/08/25 02:00	0.0075%
17/08/25 03:00	0.0075%
17/08/25 04:00	0.0075%
17/08/25 05:00	0.0079%
17/08/25 06:00	0.0085%
17/08/25 07:00	0.0093%
17/08/25 08:00	0.0098%
17/08/25 09:00	0.0100%
17/08/25 10:00	0.0103%
17/08/25 11:00	0.0104%
17/08/25 12:00	0.0103%
17/08/25 13:00	0.0102%
17/08/25 14:00	0.0102%
17/08/25 15:00	0.0106%
17/08/25 16:00	0.0113%
17/08/25 17:00	0.0112%
17/08/25 18:00	0.0104%
17/08/25 19:00	0.0103%
17/08/25 20:00	0.0099%
17/08/25 21:00	0.0093%
17/08/25 22:00	0.0084%
17/08/25 23:00	0.0081%
18/08/25 00:00	0.0079%
18/08/25 01:00	0.0078%
18/08/25 02:00	0.0078%
18/08/25 03:00	0.0081%
18/08/25 04:00	0.0094%
18/08/25 05:00	0.0108%
18/08/25 06:00	0.0119%
18/08/25 07:00	0.0118%
18/08/25 08:00	0.0121%
18/08/25 09:00	0.0125%
18/08/25 10:00	0.0126%
18/08/25 11:00	0.0127%
18/08/25 12:00	0.0127%
18/08/25 13:00	0.0126%
18/08/25 14:00	0.0124%
18/08/25 15:00	0.0125%
18/08/25 16:00	0.0123%
18/08/25 17:00	0.0128%
18/08/25 18:00	0.0127%
18/08/25 19:00	0.0116%
18/08/25 20:00	0.0104%
18/08/25 21:00	0.0098%
18/08/25 22:00	0.0091%
18/08/25 23:00	0.0086%
19/08/25 00:00	0.0084%
19/08/25 01:00	0.0082%
19/08/25 02:00	0.0082%
19/08/25 03:00	0.0085%
19/08/25 04:00	0.0097%
19/08/25 05:00	0.0111%
19/08/25 06:00	0.0115%
19/08/25 07:00	0.0120%
19/08/25 08:00	0.0123%
19/08/25 09:00	0.0127%
19/08/25 10:00	0.0131%
19/08/25 11:00	0.0131%
19/08/25 12:00	0.0132%
19/08/25 13:00	0.0131%
19/08/25 14:00	0.0130%
19/08/25 15:00	0.0130%
19/08/25 16:00	0.0128%
19/08/25 17:00	0.0132%
19/08/25 18:00	0.0126%
19/08/25 19:00	0.0120%
19/08/25 20:00	0.0112%
19/08/25 21:00	0.0099%
19/08/25 22:00	0.0093%
19/08/25 23:00	0.0088%
20/08/25 00:00	0.0086%
20/08/25 01:00	0.0084%
20/08/25 02:00	0.0083%
20/08/25 03:00	0.0085%
20/08/25 04:00	0.0092%
20/08/25 05:00	0.0110%
20/08/25 06:00	0.0122%
20/08/25 07:00	0.0120%
20/08/25 08:00	0.0122%
20/08/25 09:00	0.0126%
20/08/25 10:00	0.0129%
20/08/25 11:00	0.0130%
20/08/25 12:00	0.0128%
20/08/25 13:00	0.0128%
20/08/25 14:00	0.0128%
20/08/25 15:00	0.0128%
20/08/25 16:00	0.0127%
20/08/25 17:00	0.0131%
20/08/25 18:00	0.0125%
20/08/25 19:00	0.0118%
20/08/25 20:00	0.0111%
20/08/25 21:00	0.0098%
20/08/25 22:00	0.0092%
20/08/25 23:00	0.0087%
21/08/25 00:00	0.0085%
21/08/25 01:00	0.0083%
21/08/25 02:00	0.0082%
21/08/25 03:00	0.0085%
21/08/25 04:00	0.0099%
21/08/25 05:00	0.0112%
21/08/25 06:00	0.0122%
21/08/25 07:00	0.0122%
21/08/25 08:00	0.0129%
21/08/25 09:00	0.0131%
21/08/25 10:00	0.0133%
21/08/25 11:00	0.0134%
21/08/25 12:00	0.0133%
21/08/25 13:00	0.0130%
21/08/25 14:00	0.0129%
21/08/25 15:00	0.0130%
21/08/25 16:00	0.0126%
21/08/25 17:00	0.0124%
21/08/25 18:00	0.0122%
21/08/25 19:00	0.0116%
21/08/25 20:00	0.0110%
21/08/25 21:00	0.0096%
21/08/25 22:00	0.0091%
21/08/25 23:00	0.0086%
22/08/25 00:00	0.0084%
22/08/25 01:00	0.0083%
22/08/25 02:00	0.0082%
22/08/25 03:00	0.0084%
22/08/25 04:00	0.0097%
22/08/25 05:00	0.0108%
22/08/25 06:00	0.0121%
22/08/25 07:00	0.0120%
22/08/25 08:00	0.0123%
22/08/25 09:00	0.0123%
22/08/25 10:00	0.0123%
22/08/25 11:00	0.0124%
22/08/25 12:00	0.0123%
22/08/25 13:00	0.0122%
22/08/25 14:00	0.0120%
22/08/25 15:00	0.0124%
22/08/25 16:00	0.0121%
22/08/25 17:00	0.0124%
22/08/25 18:00	0.0116%
22/08/25 19:00	0.0110%
22/08/25 20:00	0.0099%
22/08/25 21:00	0.0093%
22/08/25 22:00	0.0088%
22/08/25 23:00	0.0083%
23/08/25 00:00	0.0081%
23/08/25 01:00	0.0079%
23/08/25 02:00	0.0077%
23/08/25 03:00	0.0078%
23/08/25 04:00	0.0081%
23/08/25 05:00	0.0085%
23/08/25 06:00	0.0094%
23/08/25 07:00	0.0101%
23/08/25 08:00	0.0106%
23/08/25 09:00	0.0109%
23/08/25 10:00	0.0111%
23/08/25 11:00	0.0110%
23/08/25 12:00	0.0109%
23/08/25 13:00	0.0106%
23/08/25 14:00	0.0106%
23/08/25 15:00	0.0108%
23/08/25 16:00	0.0107%
23/08/25 17:00	0.0111%
23/08/25 18:00	0.0105%
23/08/25 19:00	0.0101%
23/08/25 20:00	0.0096%
23/08/25 21:00	0.0092%
23/08/25 22:00	0.0087%
23/08/25 23:00	0.0078%
24/08/25 00:00	0.0076%
24/08/25 01:00	0.0074%
24/08/25 02:00	0.0073%
24/08/25 03:00	0.0074%
24/08/25 04:00	0.0074%
24/08/25 05:00	0.0078%
24/08/25 06:00	0.0084%
24/08/25 07:00	0.0091%
24/08/25 08:00	0.0096%
24/08/25 09:00	0.0100%
24/08/25 10:00	0.0104%
24/08/25 11:00	0.0104%
24/08/25 12:00	0.0102%
24/08/25 13:00	0.0102%
24/08/25 14:00	0.0102%
24/08/25 15:00	0.0105%
24/08/25 16:00	0.0110%
24/08/25 17:00	0.0111%
24/08/25 18:00	0.0107%
24/08/25 19:00	0.0103%
24/08/25 20:00	0.0098%
24/08/25 21:00	0.0092%
24/08/25 22:00	0.0083%
24/08/25 23:00	0.0079%
25/08/25 00:00	0.0077%
25/08/25 01:00	0.0076%
25/08/25 02:00	0.0076%
25/08/25 03:00	0.0079%
25/08/25 04:00	0.0094%
25/08/25 05:00	0.0107%
25/08/25 06:00	0.0112%
25/08/25 07:00	0.0116%
25/08/25 08:00	0.0121%
25/08/25 09:00	0.0123%
25/08/25 10:00	0.0125%
25/08/25 11:00	0.0126%
25/08/25 12:00	0.0126%
25/08/25 13:00	0.0124%
25/08/25 14:00	0.0122%
25/08/25 15:00	0.0124%
25/08/25 16:00	0.0121%
25/08/25 17:00	0.0126%
25/08/25 18:00	0.0122%
25/08/25 19:00	0.0114%
25/08/25 20:00	0.0107%
25/08/25 21:00	0.0094%
25/08/25 22:00	0.0089%
25/08/25 23:00	0.0085%
26/08/25 00:00	0.0083%
26/08/25 01:00	0.0081%
26/08/25 02:00	0.0081%
26/08/25 03:00	0.0083%
26/08/25 04:00	0.0091%
26/08/25 05:00	0.0109%
26/08/25 06:00	0.0116%
26/08/25 07:00	0.0120%
26/08/25 08:00	0.0123%
26/08/25 09:00	0.0128%
26/08/25 10:00	0.0131%
26/08/25 11:00	0.0132%
26/08/25 12:00	0.0129%
26/08/25 13:00	0.0127%
26/08/25 14:00	0.0129%
26/08/25 15:00	0.0131%
26/08/25 16:00	0.0134%
26/08/25 17:00	0.0133%
26/08/25 18:00	0.0126%
26/08/25 19:00	0.0119%
26/08/25 20:00	0.0112%
26/08/25 21:00	0.0099%
26/08/25 22:00	0.0092%
26/08/25 23:00	0.0087%
27/08/25 00:00	0.0085%
27/08/25 01:00	0.0083%
27/08/25 02:00	0.0083%
27/08/25 03:00	0.0085%
27/08/25 04:00	0.0093%
27/08/25 05:00	0.0104%
27/08/25 06:00	0.0125%
27/08/25 07:00	0.0125%
27/08/25 08:00	0.0128%
27/08/25 09:00	0.0129%
27/08/25 10:00	0.0130%
27/08/25 11:00	0.0133%
27/08/25 12:00	0.0131%
27/08/25 13:00	0.0128%
27/08/25 14:00	0.0127%
27/08/25 15:00	0.0128%
27/08/25 16:00	0.0132%
27/08/25 17:00	0.0132%
27/08/25 18:00	0.0125%
27/08/25 19:00	0.0118%
27/08/25 20:00	0.0110%
27/08/25 21:00	0.0098%
27/08/25 22:00	0.0092%
27/08/25 23:00	0.0087%
28/08/25 00:00	0.0085%
28/08/25 01:00	0.0083%
28/08/25 02:00	0.0083%
28/08/25 03:00	0.0084%
28/08/25 04:00	0.0100%
28/08/25 05:00	0.0113%
28/08/25 06:00	0.0126%
28/08/25 07:00	0.0132%
28/08/25 08:00	0.0126%
28/08/25 09:00	0.0128%
28/08/25 10:00	0.0129%
28/08/25 11:00	0.0131%
28/08/25 12:00	0.0131%
28/08/25 13:00	0.0128%
28/08/25 14:00	0.0129%
28/08/25 15:00	0.0130%
28/08/25 16:00	0.0127%
28/08/25 17:00	0.0132%
28/08/25 18:00	0.0124%
28/08/25 19:00	0.0111%
28/08/25 20:00	0.0104%
28/08/25 21:00	0.0097%
28/08/25 22:00	0.0091%
28/08/25 23:00	0.0087%
29/08/25 00:00	0.0085%
29/08/25 01:00	0.0084%
29/08/25 02:00	0.0084%
29/08/25 03:00	0.0086%
29/08/25 04:00	0.0093%
29/08/25 05:00	0.0110%
29/08/25 06:00	0.0123%
29/08/25 07:00	0.0122%
29/08/25 08:00	0.0126%
29/08/25 09:00	0.0133%
29/08/25 10:00	0.0134%
29/08/25 11:00	0.0135%
29/08/25 12:00	0.0132%
29/08/25 13:00	0.0130%
29/08/25 14:00	0.0127%
29/08/25 15:00	0.0130%
29/08/25 16:00	0.0132%
29/08/25 17:00	0.0128%
29/08/25 18:00	0.0119%
29/08/25 19:00	0.0113%
29/08/25 20:00	0.0101%
29/08/25 21:00	0.0096%
29/08/25 22:00	0.0091%
29/08/25 23:00	0.0086%
30/08/25 00:00	0.0084%
30/08/25 01:00	0.0082%
30/08/25 02:00	0.0081%
30/08/25 03:00	0.0080%
30/08/25 04:00	0.0088%
30/08/25 05:00	0.0093%
30/08/25 06:00	0.0098%
30/08/25 07:00	0.0104%
30/08/25 08:00	0.0109%
30/08/25 09:00	0.0114%
30/08/25 10:00	0.0117%
30/08/25 11:00	0.0116%
30/08/25 12:00	0.0115%
30/08/25 13:00	0.0114%
30/08/25 14:00	0.0113%
30/08/25 15:00	0.0113%
30/08/25 16:00	0.0113%
30/08/25 17:00	0.0116%
30/08/25 18:00	0.0110%
30/08/25 19:00	0.0107%
30/08/25 20:00	0.0103%
30/08/25 21:00	0.0093%
30/08/25 22:00	0.0089%
30/08/25 23:00	0.0085%
31/08/25 00:00	0.0084%
31/08/25 01:00	0.0083%
31/08/25 02:00	0.0081%
31/08/25 03:00	0.0080%
31/08/25 04:00	0.0081%
31/08/25 05:00	0.0084%
31/08/25 06:00	0.0092%
31/08/25 07:00	0.0098%
31/08/25 08:00	0.0102%
31/08/25 09:00	0.0106%
31/08/25 10:00	0.0109%
31/08/25 11:00	0.0109%
31/08/25 12:00	0.0109%
31/08/25 13:00	0.0108%
31/08/25 14:00	0.0109%
31/08/25 15:00	0.0113%
31/08/25 16:00	0.0117%
31/08/25 17:00	0.0114%
31/08/25 18:00	0.0109%
31/08/25 19:00	0.0106%
31/08/25 20:00	0.0101%
31/08/25 21:00	0.0095%
31/08/25 22:00	0.0085%
31/08/25 23:00	0.0082%
01/09/25 00:00	0.0080%
01/09/25 01:00	0.0079%
01/09/25 02:00	0.0079%
01/09/25 03:00	0.0083%
01/09/25 04:00	0.0098%
01/09/25 05:00	0.0111%
01/09/25 06:00	0.0124%
01/09/25 07:00	0.0123%
01/09/25 08:00	0.0124%
01/09/25 09:00	0.0124%
01/09/25 10:00	0.0126%
01/09/25 11:00	0.0128%
01/09/25 12:00	0.0130%
01/09/25 13:00	0.0129%
01/09/25 14:00	0.0127%
01/09/25 15:00	0.0128%
01/09/25 16:00	0.0125%
01/09/25 17:00	0.0130%
01/09/25 18:00	0.0124%
01/09/25 19:00	0.0117%
01/09/25 20:00	0.0105%
01/09/25 21:00	0.0098%
01/09/25 22:00	0.0091%
01/09/25 23:00	0.0087%
02/09/25 00:00	0.0084%
02/09/25 01:00	0.0083%
02/09/25 02:00	0.0082%
02/09/25 03:00	0.0085%
02/09/25 04:00	0.0095%
02/09/25 05:00	0.0115%
02/09/25 06:00	0.0118%
02/09/25 07:00	0.0122%
02/09/25 08:00	0.0124%
02/09/25 09:00	0.0130%
02/09/25 10:00	0.0130%
02/09/25 11:00	0.0134%
02/09/25 12:00	0.0130%
02/09/25 13:00	0.0128%
02/09/25 14:00	0.0128%
02/09/25 15:00	0.0135%
02/09/25 16:00	0.0136%
02/09/25 17:00	0.0133%
02/09/25 18:00	0.0123%
02/09/25 19:00	0.0117%
02/09/25 20:00	0.0105%
02/09/25 21:00	0.0098%
02/09/25 22:00	0.0093%
02/09/25 23:00	0.0089%
03/09/25 00:00	0.0087%
03/09/25 01:00	0.0086%
03/09/25 02:00	0.0086%
03/09/25 03:00	0.0089%
03/09/25 04:00	0.0103%
03/09/25 05:00	0.0116%
03/09/25 06:00	0.0131%
03/09/25 07:00	0.0134%
03/09/25 08:00	0.0135%
03/09/25 09:00	0.0135%
03/09/25 10:00	0.0135%
03/09/25 11:00	0.0135%
03/09/25 12:00	0.0135%
03/09/25 13:00	0.0135%
03/09/25 14:00	0.0136%
03/09/25 15:00	0.0138%
03/09/25 16:00	0.0141%
03/09/25 17:00	0.0137%
03/09/25 18:00	0.0130%
03/09/25 19:00	0.0117%
03/09/25 20:00	0.0111%
03/09/25 21:00	0.0104%
03/09/25 22:00	0.0098%
03/09/25 23:00	0.0093%
04/09/25 00:00	0.0091%
04/09/25 01:00	0.0090%
04/09/25 02:00	0.0089%
04/09/25 03:00	0.0091%
04/09/25 04:00	0.0099%
04/09/25 05:00	0.0116%
04/09/25 06:00	0.0124%
04/09/25 07:00	0.0127%
04/09/25 08:00	0.0130%
04/09/25 09:00	0.0133%
04/09/25 10:00	0.0133%
04/09/25 11:00	0.0134%
04/09/25 12:00	0.0132%
04/09/25 13:00	0.0129%
04/09/25 14:00	0.0128%
04/09/25 15:00	0.0132%
04/09/25 16:00	0.0134%
04/09/25 17:00	0.0133%
04/09/25 18:00	0.0129%
04/09/25 19:00	0.0119%
04/09/25 20:00	0.0111%
04/09/25 21:00	0.0099%
04/09/25 22:00	0.0093%
04/09/25 23:00	0.0089%
05/09/25 00:00	0.0086%
05/09/25 01:00	0.0084%
05/09/25 02:00	0.0082%
05/09/25 03:00	0.0085%
05/09/25 04:00	0.0093%
05/09/25 05:00	0.0112%
05/09/25 06:00	0.0123%
05/09/25 07:00	0.0122%
05/09/25 08:00	0.0125%
05/09/25 09:00	0.0128%
05/09/25 10:00	0.0128%
05/09/25 11:00	0.0128%
05/09/25 12:00	0.0127%
05/09/25 13:00	0.0125%
05/09/25 14:00	0.0123%
05/09/25 15:00	0.0122%
05/09/25 16:00	0.0120%
05/09/25 17:00	0.0127%
05/09/25 18:00	0.0118%
05/09/25 19:00	0.0112%
05/09/25 20:00	0.0105%
05/09/25 21:00	0.0094%
05/09/25 22:00	0.0088%
05/09/25 23:00	0.0084%
06/09/25 00:00	0.0081%
06/09/25 01:00	0.0079%
06/09/25 02:00	0.0078%
06/09/25 03:00	0.0079%
06/09/25 04:00	0.0085%
06/09/25 05:00	0.0089%
06/09/25 06:00	0.0094%
06/09/25 07:00	0.0099%
06/09/25 08:00	0.0105%
06/09/25 09:00	0.0107%
06/09/25 10:00	0.0109%
06/09/25 11:00	0.0108%
06/09/25 12:00	0.0107%
06/09/25 13:00	0.0105%
06/09/25 14:00	0.0105%
06/09/25 15:00	0.0106%
06/09/25 16:00	0.0112%
06/09/25 17:00	0.0114%
06/09/25 18:00	0.0108%
06/09/25 19:00	0.0105%
06/09/25 20:00	0.0095%
06/09/25 21:00	0.0090%
06/09/25 22:00	0.0087%
06/09/25 23:00	0.0083%
07/09/25 00:00	0.0081%
07/09/25 01:00	0.0078%
07/09/25 02:00	0.0077%
07/09/25 03:00	0.0078%
07/09/25 04:00	0.0079%
07/09/25 05:00	0.0082%
07/09/25 06:00	0.0089%
07/09/25 07:00	0.0094%
07/09/25 08:00	0.0100%
07/09/25 09:00	0.0105%
07/09/25 10:00	0.0110%
07/09/25 11:00	0.0111%
07/09/25 12:00	0.0111%
07/09/25 13:00	0.0109%
07/09/25 14:00	0.0109%
07/09/25 15:00	0.0113%
07/09/25 16:00	0.0118%
07/09/25 17:00	0.0118%
07/09/25 18:00	0.0113%
07/09/25 19:00	0.0110%
07/09/25 20:00	0.0103%
07/09/25 21:00	0.0097%
07/09/25 22:00	0.0088%
07/09/25 23:00	0.0084%
08/09/25 00:00	0.0083%
08/09/25 01:00	0.0080%
08/09/25 02:00	0.0082%
08/09/25 03:00	0.0085%
08/09/25 04:00	0.0095%
08/09/25 05:00	0.0111%
08/09/25 06:00	0.0124%
08/09/25 07:00	0.0124%
08/09/25 08:00	0.0125%
08/09/25 09:00	0.0125%
08/09/25 10:00	0.0127%
08/09/25 11:00	0.0127%
08/09/25 12:00	0.0125%
08/09/25 13:00	0.0125%
08/09/25 14:00	0.0124%
08/09/25 15:00	0.0125%
08/09/25 16:00	0.0128%
08/09/25 17:00	0.0131%
08/09/25 18:00	0.0123%
08/09/25 19:00	0.0115%
08/09/25 20:00	0.0103%
08/09/25 21:00	0.0095%
08/09/25 22:00	0.0090%
08/09/25 23:00	0.0086%
09/09/25 00:00	0.0085%
09/09/25 01:00	0.0083%
09/09/25 02:00	0.0083%
09/09/25 03:00	0.0085%
09/09/25 04:00	0.0099%
09/09/25 05:00	0.0116%
09/09/25 06:00	0.0124%
09/09/25 07:00	0.0125%
09/09/25 08:00	0.0129%
09/09/25 09:00	0.0130%
09/09/25 10:00	0.0131%
09/09/25 11:00	0.0129%
09/09/25 12:00	0.0126%
09/09/25 13:00	0.0123%
09/09/25 14:00	0.0123%
09/09/25 15:00	0.0124%
09/09/25 16:00	0.0129%
09/09/25 17:00	0.0132%
09/09/25 18:00	0.0121%
09/09/25 19:00	0.0108%
09/09/25 20:00	0.0102%
09/09/25 21:00	0.0095%
09/09/25 22:00	0.0089%
09/09/25 23:00	0.0085%
10/09/25 00:00	0.0083%
10/09/25 01:00	0.0081%
10/09/25 02:00	0.0081%
10/09/25 03:00	0.0084%
10/09/25 04:00	0.0098%
10/09/25 05:00	0.0115%
10/09/25 06:00	0.0125%
10/09/25 07:00	0.0122%
10/09/25 08:00	0.0122%
10/09/25 09:00	0.0122%
10/09/25 10:00	0.0125%
10/09/25 11:00	0.0126%
10/09/25 12:00	0.0127%
10/09/25 13:00	0.0127%
10/09/25 14:00	0.0127%
10/09/25 15:00	0.0128%
10/09/25 16:00	0.0131%
10/09/25 17:00	0.0130%
10/09/25 18:00	0.0122%
10/09/25 19:00	0.0110%
10/09/25 20:00	0.0103%
10/09/25 21:00	0.0097%
10/09/25 22:00	0.0092%
10/09/25 23:00	0.0087%
11/09/25 00:00	0.0086%
11/09/25 01:00	0.0085%
11/09/25 02:00	0.0085%
11/09/25 03:00	0.0088%
11/09/25 04:00	0.0098%
11/09/25 05:00	0.0115%
11/09/25 06:00	0.0126%
11/09/25 07:00	0.0125%
11/09/25 08:00	0.0128%
11/09/25 09:00	0.0131%
11/09/25 10:00	0.0130%
11/09/25 11:00	0.0129%
11/09/25 12:00	0.0130%
11/09/25 13:00	0.0129%
11/09/25 14:00	0.0130%
11/09/25 15:00	0.0129%
11/09/25 16:00	0.0133%
11/09/25 17:00	0.0130%
11/09/25 18:00	0.0123%
11/09/25 19:00	0.0118%
11/09/25 20:00	0.0106%
11/09/25 21:00	0.0100%
11/09/25 22:00	0.0095%
11/09/25 23:00	0.0090%
12/09/25 00:00	0.0088%
12/09/25 01:00	0.0088%
12/09/25 02:00	0.0086%
12/09/25 03:00	0.0090%
12/09/25 04:00	0.0099%
12/09/25 05:00	0.0109%
12/09/25 06:00	0.0127%
12/09/25 07:00	0.0130%
12/09/25 08:00	0.0130%
12/09/25 09:00	0.0131%
12/09/25 10:00	0.0130%
12/09/25 11:00	0.0128%
12/09/25 12:00	0.0129%
12/09/25 13:00	0.0128%
12/09/25 14:00	0.0127%
12/09/25 15:00	0.0128%
12/09/25 16:00	0.0130%
12/09/25 17:00	0.0127%
12/09/25 18:00	0.0121%
12/09/25 19:00	0.0113%
12/09/25 20:00	0.0105%
12/09/25 21:00	0.0095%
12/09/25 22:00	0.0089%
12/09/25 23:00	0.0087%
13/09/25 00:00	0.0084%
13/09/25 01:00	0.0080%
13/09/25 02:00	0.0080%
13/09/25 03:00	0.0082%
13/09/25 04:00	0.0085%
13/09/25 05:00	0.0089%
13/09/25 06:00	0.0099%
13/09/25 07:00	0.0104%
13/09/25 08:00	0.0111%
13/09/25 09:00	0.0113%
13/09/25 10:00	0.0116%
13/09/25 11:00	0.0117%
13/09/25 12:00	0.0114%
13/09/25 13:00	0.0113%
13/09/25 14:00	0.0113%
13/09/25 15:00	0.0115%
13/09/25 16:00	0.0119%
13/09/25 17:00	0.0117%
13/09/25 18:00	0.0111%
13/09/25 19:00	0.0106%
13/09/25 20:00	0.0099%
13/09/25 21:00	0.0096%
13/09/25 22:00	0.0086%
13/09/25 23:00	0.0083%
14/09/25 00:00	0.0080%
14/09/25 01:00	0.0078%
14/09/25 02:00	0.0077%
14/09/25 03:00	0.0076%
14/09/25 04:00	0.0083%
14/09/25 05:00	0.0085%
14/09/25 06:00	0.0093%
14/09/25 07:00	0.0093%
14/09/25 08:00	0.0099%
14/09/25 09:00	0.0105%
14/09/25 10:00	0.0109%
14/09/25 11:00	0.0109%
14/09/25 12:00	0.0106%
14/09/25 13:00	0.0103%
14/09/25 14:00	0.0103%
14/09/25 15:00	0.0109%
14/09/25 16:00	0.0117%
14/09/25 17:00	0.0113%
14/09/25 18:00	0.0110%
14/09/25 19:00	0.0100%
14/09/25 20:00	0.0097%
14/09/25 21:00	0.0093%
14/09/25 22:00	0.0089%
14/09/25 23:00	0.0088%
15/09/25 00:00	0.0088%
15/09/25 01:00	0.0087%
15/09/25 02:00	0.0088%
15/09/25 03:00	0.0090%
15/09/25 04:00	0.0102%
15/09/25 05:00	0.0118%
15/09/25 06:00	0.0129%
15/09/25 07:00	0.0130%
15/09/25 08:00	0.0130%
15/09/25 09:00	0.0129%
15/09/25 10:00	0.0129%
15/09/25 11:00	0.0129%
15/09/25 12:00	0.0127%
15/09/25 13:00	0.0128%
15/09/25 14:00	0.0127%
15/09/25 15:00	0.0131%
15/09/25 16:00	0.0132%
15/09/25 17:00	0.0133%
15/09/25 18:00	0.0127%
15/09/25 19:00	0.0116%
15/09/25 20:00	0.0109%
15/09/25 21:00	0.0102%
15/09/25 22:00	0.0096%
15/09/25 23:00	0.0092%
16/09/25 00:00	0.0090%
16/09/25 01:00	0.0088%
16/09/25 02:00	0.0088%
16/09/25 03:00	0.0091%
16/09/25 04:00	0.0101%
16/09/25 05:00	0.0114%
16/09/25 06:00	0.0125%
16/09/25 07:00	0.0130%
16/09/25 08:00	0.0129%
16/09/25 09:00	0.0132%
16/09/25 10:00	0.0131%
16/09/25 11:00	0.0132%
16/09/25 12:00	0.0128%
16/09/25 13:00	0.0128%
16/09/25 14:00	0.0129%
16/09/25 15:00	0.0132%
16/09/25 16:00	0.0129%
16/09/25 17:00	0.0132%
16/09/25 18:00	0.0125%
16/09/25 19:00	0.0117%
16/09/25 20:00	0.0110%
16/09/25 21:00	0.0103%
16/09/25 22:00	0.0095%
16/09/25 23:00	0.0087%
17/09/25 00:00	0.0084%
17/09/25 01:00	0.0082%
17/09/25 02:00	0.0082%
17/09/25 03:00	0.0084%
17/09/25 04:00	0.0093%
17/09/25 05:00	0.0116%
17/09/25 06:00	0.0129%
17/09/25 07:00	0.0128%
17/09/25 08:00	0.0130%
17/09/25 09:00	0.0130%
17/09/25 10:00	0.0130%
17/09/25 11:00	0.0131%
17/09/25 12:00	0.0130%
17/09/25 13:00	0.0131%
17/09/25 14:00	0.0133%
17/09/25 15:00	0.0143%
17/09/25 16:00	0.0138%
17/09/25 17:00	0.0132%
17/09/25 18:00	0.0129%
17/09/25 19:00	0.0116%
17/09/25 20:00	0.0110%
17/09/25 21:00	0.0103%
17/09/25 22:00	0.0097%
17/09/25 23:00	0.0093%
18/09/25 00:00	0.0090%
18/09/25 01:00	0.0088%
18/09/25 02:00	0.0086%
18/09/25 03:00	0.0089%
18/09/25 04:00	0.0099%
18/09/25 05:00	0.0118%
18/09/25 06:00	0.0129%
18/09/25 07:00	0.0131%
18/09/25 08:00	0.0133%
18/09/25 09:00	0.0132%
18/09/25 10:00	0.0133%
18/09/25 11:00	0.0131%
18/09/25 12:00	0.0133%
18/09/25 13:00	0.0131%
18/09/25 14:00	0.0131%
18/09/25 15:00	0.0135%
18/09/25 16:00	0.0139%
18/09/25 17:00	0.0135%
18/09/25 18:00	0.0130%
18/09/25 19:00	0.0120%
18/09/25 20:00	0.0107%
18/09/25 21:00	0.0101%
18/09/25 22:00	0.0094%
18/09/25 23:00	0.0090%
19/09/25 00:00	0.0086%
19/09/25 01:00	0.0084%
19/09/25 02:00	0.0083%
19/09/25 03:00	0.0086%
19/09/25 04:00	0.0098%
19/09/25 05:00	0.0110%
19/09/25 06:00	0.0122%
19/09/25 07:00	0.0121%
19/09/25 08:00	0.0123%
19/09/25 09:00	0.0127%
19/09/25 10:00	0.0130%
19/09/25 11:00	0.0129%
19/09/25 12:00	0.0127%
19/09/25 13:00	0.0125%
19/09/25 14:00	0.0123%
19/09/25 15:00	0.0124%
19/09/25 16:00	0.0130%
19/09/25 17:00	0.0129%
19/09/25 18:00	0.0119%
19/09/25 19:00	0.0107%
19/09/25 20:00	0.0101%
19/09/25 21:00	0.0096%
19/09/25 22:00	0.0091%
19/09/25 23:00	0.0086%
20/09/25 00:00	0.0083%
20/09/25 01:00	0.0080%
20/09/25 02:00	0.0080%
20/09/25 03:00	0.0080%
20/09/25 04:00	0.0087%
20/09/25 05:00	0.0092%
20/09/25 06:00	0.0096%
20/09/25 07:00	0.0102%
20/09/25 08:00	0.0105%
20/09/25 09:00	0.0111%
20/09/25 10:00	0.0115%
20/09/25 11:00	0.0115%
20/09/25 12:00	0.0113%
20/09/25 13:00	0.0111%
20/09/25 14:00	0.0108%
20/09/25 15:00	0.0114%
20/09/25 16:00	0.0117%
20/09/25 17:00	0.0115%
20/09/25 18:00	0.0110%
20/09/25 19:00	0.0101%
20/09/25 20:00	0.0098%
20/09/25 21:00	0.0095%
20/09/25 22:00	0.0090%
20/09/25 23:00	0.0086%
21/09/25 00:00	0.0085%
21/09/25 01:00	0.0084%
21/09/25 02:00	0.0083%
21/09/25 03:00	0.0083%
21/09/25 04:00	0.0085%
21/09/25 05:00	0.0087%
21/09/25 06:00	0.0095%
21/09/25 07:00	0.0100%
21/09/25 08:00	0.0104%
21/09/25 09:00	0.0106%
21/09/25 10:00	0.0107%
21/09/25 11:00	0.0105%
21/09/25 12:00	0.0104%
21/09/25 13:00	0.0103%
21/09/25 14:00	0.0104%
21/09/25 15:00	0.0113%
21/09/25 16:00	0.0115%
21/09/25 17:00	0.0111%
21/09/25 18:00	0.0107%
21/09/25 19:00	0.0102%
21/09/25 20:00	0.0098%
21/09/25 21:00	0.0088%
21/09/25 22:00	0.0082%
21/09/25 23:00	0.0079%
22/09/25 00:00	0.0078%
22/09/25 01:00	0.0077%
22/09/25 02:00	0.0078%
22/09/25 03:00	0.0082%
22/09/25 04:00	0.0093%
22/09/25 05:00	0.0113%
22/09/25 06:00	0.0123%
22/09/25 07:00	0.0121%
22/09/25 08:00	0.0123%
22/09/25 09:00	0.0127%
22/09/25 10:00	0.0125%
22/09/25 11:00	0.0126%
22/09/25 12:00	0.0125%
22/09/25 13:00	0.0124%
22/09/25 14:00	0.0124%
22/09/25 15:00	0.0126%
22/09/25 16:00	0.0132%
22/09/25 17:00	0.0129%
22/09/25 18:00	0.0123%
22/09/25 19:00	0.0114%
22/09/25 20:00	0.0101%
22/09/25 21:00	0.0094%
22/09/25 22:00	0.0088%
22/09/25 23:00	0.0084%
23/09/25 00:00	0.0081%
23/09/25 01:00	0.0080%
23/09/25 02:00	0.0080%
23/09/25 03:00	0.0083%
23/09/25 04:00	0.0100%
23/09/25 05:00	0.0117%
23/09/25 06:00	0.0129%
23/09/25 07:00	0.0129%
23/09/25 08:00	0.0123%
23/09/25 09:00	0.0124%
23/09/25 10:00	0.0123%
23/09/25 11:00	0.0123%
23/09/25 12:00	0.0120%
23/09/25 13:00	0.0121%
23/09/25 14:00	0.0123%
23/09/25 15:00	0.0127%
23/09/25 16:00	0.0133%
23/09/25 17:00	0.0131%
23/09/25 18:00	0.0118%
23/09/25 19:00	0.0111%
23/09/25 20:00	0.0103%
23/09/25 21:00	0.0095%
23/09/25 22:00	0.0090%
23/09/25 23:00	0.0085%
24/09/25 00:00	0.0083%
24/09/25 01:00	0.0081%
24/09/25 02:00	0.0082%
24/09/25 03:00	0.0085%
24/09/25 04:00	0.0095%
24/09/25 05:00	0.0117%
24/09/25 06:00	0.0129%
24/09/25 07:00	0.0129%
24/09/25 08:00	0.0123%
24/09/25 09:00	0.0126%
24/09/25 10:00	0.0128%
24/09/25 11:00	0.0128%
24/09/25 12:00	0.0127%
24/09/25 13:00	0.0127%
24/09/25 14:00	0.0126%
24/09/25 15:00	0.0130%
24/09/25 16:00	0.0137%
24/09/25 17:00	0.0132%
24/09/25 18:00	0.0128%
24/09/25 19:00	0.0113%
24/09/25 20:00	0.0106%
24/09/25 21:00	0.0100%
24/09/25 22:00	0.0094%
24/09/25 23:00	0.0090%
25/09/25 00:00	0.0087%
25/09/25 01:00	0.0085%
25/09/25 02:00	0.0085%
25/09/25 03:00	0.0088%
25/09/25 04:00	0.0099%
25/09/25 05:00	0.0121%
25/09/25 06:00	0.0133%
25/09/25 07:00	0.0131%
25/09/25 08:00	0.0131%
25/09/25 09:00	0.0132%
25/09/25 10:00	0.0132%
25/09/25 11:00	0.0131%
25/09/25 12:00	0.0130%
25/09/25 13:00	0.0129%
25/09/25 14:00	0.0131%
25/09/25 15:00	0.0135%
25/09/25 16:00	0.0139%
25/09/25 17:00	0.0136%
25/09/25 18:00	0.0130%
25/09/25 19:00	0.0122%
25/09/25 20:00	0.0105%
25/09/25 21:00	0.0100%
25/09/25 22:00	0.0093%
25/09/25 23:00	0.0088%
26/09/25 00:00	0.0086%
26/09/25 01:00	0.0084%
26/09/25 02:00	0.0084%
26/09/25 03:00	0.0087%
26/09/25 04:00	0.0097%
26/09/25 05:00	0.0120%
26/09/25 06:00	0.0131%
26/09/25 07:00	0.0136%
26/09/25 08:00	0.0127%
26/09/25 09:00	0.0126%
26/09/25 10:00	0.0128%
26/09/25 11:00	0.0126%
26/09/25 12:00	0.0125%
26/09/25 13:00	0.0122%
26/09/25 14:00	0.0120%
26/09/25 15:00	0.0124%
26/09/25 16:00	0.0133%
26/09/25 17:00	0.0127%
26/09/25 18:00	0.0122%
26/09/25 19:00	0.0107%
26/09/25 20:00	0.0100%
26/09/25 21:00	0.0094%
26/09/25 22:00	0.0089%
26/09/25 23:00	0.0084%
27/09/25 00:00	0.0082%
27/09/25 01:00	0.0080%
27/09/25 02:00	0.0079%
27/09/25 03:00	0.0079%
27/09/25 04:00	0.0083%
27/09/25 05:00	0.0089%
27/09/25 06:00	0.0104%
27/09/25 07:00	0.0104%
27/09/25 08:00	0.0106%
27/09/25 09:00	0.0107%
27/09/25 10:00	0.0109%
27/09/25 11:00	0.0108%
27/09/25 12:00	0.0106%
27/09/25 13:00	0.0104%
27/09/25 14:00	0.0106%
27/09/25 15:00	0.0112%
27/09/25 16:00	0.0121%
27/09/25 17:00	0.0117%
27/09/25 18:00	0.0112%
27/09/25 19:00	0.0106%
27/09/25 20:00	0.0101%
27/09/25 21:00	0.0089%
27/09/25 22:00	0.0085%
27/09/25 23:00	0.0081%
28/09/25 00:00	0.0077%
28/09/25 01:00	0.0075%
28/09/25 02:00	0.0076%
28/09/25 03:00	0.0076%
28/09/25 04:00	0.0085%
28/09/25 05:00	0.0089%
28/09/25 06:00	0.0088%
28/09/25 07:00	0.0093%
28/09/25 08:00	0.0096%
28/09/25 09:00	0.0101%
28/09/25 10:00	0.0106%
28/09/25 11:00	0.0105%
28/09/25 12:00	0.0102%
28/09/25 13:00	0.0101%
28/09/25 14:00	0.0100%
28/09/25 15:00	0.0107%
28/09/25 16:00	0.0119%
28/09/25 17:00	0.0116%
28/09/25 18:00	0.0113%
28/09/25 19:00	0.0107%
28/09/25 20:00	0.0093%
28/09/25 21:00	0.0087%
28/09/25 22:00	0.0083%
28/09/25 23:00	0.0080%
29/09/25 00:00	0.0078%
29/09/25 01:00	0.0078%
29/09/25 02:00	0.0078%
29/09/25 03:00	0.0081%
29/09/25 04:00	0.0092%
29/09/25 05:00	0.0115%
29/09/25 06:00	0.0124%
29/09/25 07:00	0.0123%
29/09/25 08:00	0.0121%
29/09/25 09:00	0.0122%
29/09/25 10:00	0.0123%
29/09/25 11:00	0.0122%
29/09/25 12:00	0.0121%
29/09/25 13:00	0.0121%
29/09/25 14:00	0.0120%
29/09/25 15:00	0.0131%
29/09/25 16:00	0.0137%
29/09/25 17:00	0.0134%
29/09/25 18:00	0.0122%
29/09/25 19:00	0.0108%
29/09/25 20:00	0.0100%
29/09/25 21:00	0.0094%
29/09/25 22:00	0.0088%
29/09/25 23:00	0.0084%
30/09/25 00:00	0.0081%
30/09/25 01:00	0.0080%
30/09/25 02:00	0.0080%
30/09/25 03:00	0.0083%
30/09/25 04:00	0.0093%
30/09/25 05:00	0.0119%
30/09/25 06:00	0.0128%
30/09/25 07:00	0.0131%
30/09/25 08:00	0.0123%
30/09/25 09:00	0.0122%
30/09/25 10:00	0.0122%
30/09/25 11:00	0.0124%
30/09/25 12:00	0.0121%
30/09/25 13:00	0.0121%
30/09/25 14:00	0.0122%
30/09/25 15:00	0.0127%
30/09/25 16:00	0.0138%
30/09/25 17:00	0.0135%
30/09/25 18:00	0.0123%
30/09/25 19:00	0.0110%
30/09/25 20:00	0.0103%
30/09/25 21:00	0.0095%
30/09/25 22:00	0.0089%
30/09/25 23:00	0.0085%
01/10/25 00:00	0.0084%
01/10/25 01:00	0.0082%
01/10/25 02:00	0.0082%
01/10/25 03:00	0.0085%
01/10/25 04:00	0.0096%
01/10/25 05:00	0.0118%
01/10/25 06:00	0.0132%
01/10/25 07:00	0.0134%
01/10/25 08:00	0.0129%
01/10/25 09:00	0.0131%
01/10/25 10:00	0.0133%
01/10/25 11:00	0.0134%
01/10/25 12:00	0.0131%
01/10/25 13:00	0.0128%
01/10/25 14:00	0.0125%
01/10/25 15:00	0.0130%
01/10/25 16:00	0.0132%
01/10/25 17:00	0.0140%
01/10/25 18:00	0.0127%
01/10/25 19:00	0.0111%
01/10/25 20:00	0.0104%
01/10/25 21:00	0.0096%
01/10/25 22:00	0.0090%
01/10/25 23:00	0.0086%
02/10/25 00:00	0.0083%
02/10/25 01:00	0.0081%
02/10/25 02:00	0.0080%
02/10/25 03:00	0.0084%
02/10/25 04:00	0.0096%
02/10/25 05:00	0.0118%
02/10/25 06:00	0.0134%
02/10/25 07:00	0.0137%
02/10/25 08:00	0.0128%
02/10/25 09:00	0.0129%
02/10/25 10:00	0.0132%
02/10/25 11:00	0.0133%
02/10/25 12:00	0.0132%
02/10/25 13:00	0.0130%
02/10/25 14:00	0.0129%
02/10/25 15:00	0.0133%
02/10/25 16:00	0.0135%
02/10/25 17:00	0.0137%
02/10/25 18:00	0.0128%
02/10/25 19:00	0.0112%
02/10/25 20:00	0.0105%
02/10/25 21:00	0.0099%
02/10/25 22:00	0.0093%
02/10/25 23:00	0.0089%
03/10/25 00:00	0.0086%
03/10/25 01:00	0.0084%
03/10/25 02:00	0.0084%
03/10/25 03:00	0.0088%
03/10/25 04:00	0.0099%
03/10/25 05:00	0.0114%
03/10/25 06:00	0.0132%
03/10/25 07:00	0.0143%
03/10/25 08:00	0.0143%
03/10/25 09:00	0.0145%
03/10/25 10:00	0.0136%
03/10/25 11:00	0.0136%
03/10/25 12:00	0.0135%
03/10/25 13:00	0.0136%
03/10/25 14:00	0.0136%
03/10/25 15:00	0.0139%
03/10/25 16:00	0.0132%
03/10/25 17:00	0.0135%
03/10/25 18:00	0.0130%
03/10/25 19:00	0.0117%
03/10/25 20:00	0.0110%
03/10/25 21:00	0.0105%
03/10/25 22:00	0.0099%
03/10/25 23:00	0.0095%
04/10/25 00:00	0.0092%
04/10/25 01:00	0.0090%
04/10/25 02:00	0.0089%
04/10/25 03:00	0.0090%
04/10/25 04:00	0.0094%
04/10/25 05:00	0.0100%
04/10/25 06:00	0.0106%
04/10/25 07:00	0.0115%
04/10/25 08:00	0.0133%
04/10/25 09:00	0.0122%
04/10/25 10:00	0.0125%
04/10/25 11:00	0.0125%
04/10/25 12:00	0.0122%
04/10/25 13:00	0.0120%
04/10/25 14:00	0.0120%
04/10/25 15:00	0.0126%
04/10/25 16:00	0.0124%
04/10/25 17:00	0.0136%
04/10/25 18:00	0.0120%
04/10/25 19:00	0.0109%
04/10/25 20:00	0.0103%
04/10/25 21:00	0.0098%
04/10/25 22:00	0.0093%
04/10/25 23:00	0.0089%
05/10/25 00:00	0.0087%
05/10/25 01:00	0.0085%
05/10/25 02:00	0.0085%
05/10/25 03:00	0.0085%
05/10/25 04:00	0.0087%
05/10/25 05:00	0.0091%
05/10/25 06:00	0.0098%
05/10/25 07:00	0.0106%
05/10/25 08:00	0.0112%
05/10/25 09:00	0.0114%
05/10/25 10:00	0.0115%
05/10/25 11:00	0.0116%
05/10/25 12:00	0.0114%
05/10/25 13:00	0.0114%
05/10/25 14:00	0.0115%
05/10/25 15:00	0.0123%
05/10/25 16:00	0.0124%
05/10/25 17:00	0.0121%
05/10/25 18:00	0.0123%
05/10/25 19:00	0.0118%
05/10/25 20:00	0.0108%
05/10/25 21:00	0.0102%
05/10/25 22:00	0.0094%
05/10/25 23:00	0.0087%
06/10/25 00:00	0.0084%
06/10/25 01:00	0.0083%
06/10/25 02:00	0.0084%
06/10/25 03:00	0.0086%
06/10/25 04:00	0.0097%
06/10/25 05:00	0.0113%
06/10/25 06:00	0.0134%
06/10/25 07:00	0.0141%
06/10/25 08:00	0.0134%
06/10/25 09:00	0.0137%
06/10/25 10:00	0.0134%
06/10/25 11:00	0.0134%
06/10/25 12:00	0.0133%
06/10/25 13:00	0.0133%
06/10/25 14:00	0.0137%
06/10/25 15:00	0.0139%
06/10/25 16:00	0.0132%
06/10/25 17:00	0.0138%
06/10/25 18:00	0.0131%
06/10/25 19:00	0.0121%
06/10/25 20:00	0.0114%
06/10/25 21:00	0.0097%
06/10/25 22:00	0.0090%
06/10/25 23:00	0.0085%
07/10/25 00:00	0.0084%
07/10/25 01:00	0.0083%
07/10/25 02:00	0.0083%
07/10/25 03:00	0.0085%
07/10/25 04:00	0.0095%
07/10/25 05:00	0.0111%
07/10/25 06:00	0.0134%
07/10/25 07:00	0.0144%
07/10/25 08:00	0.0141%
07/10/25 09:00	0.0131%
07/10/25 10:00	0.0132%
07/10/25 11:00	0.0132%
07/10/25 12:00	0.0130%
07/10/25 13:00	0.0129%
07/10/25 14:00	0.0133%
07/10/25 15:00	0.0138%
07/10/25 16:00	0.0130%
07/10/25 17:00	0.0136%
07/10/25 18:00	0.0127%
07/10/25 19:00	0.0118%
07/10/25 20:00	0.0104%
07/10/25 21:00	0.0096%
07/10/25 22:00	0.0090%
07/10/25 23:00	0.0085%
08/10/25 00:00	0.0083%
08/10/25 01:00	0.0082%
08/10/25 02:00	0.0082%
08/10/25 03:00	0.0084%
08/10/25 04:00	0.0095%
08/10/25 05:00	0.0110%
08/10/25 06:00	0.0132%
08/10/25 07:00	0.0139%
08/10/25 08:00	0.0138%
08/10/25 09:00	0.0130%
08/10/25 10:00	0.0130%
08/10/25 11:00	0.0129%
08/10/25 12:00	0.0128%
08/10/25 13:00	0.0127%
08/10/25 14:00	0.0129%
08/10/25 15:00	0.0134%
08/10/25 16:00	0.0135%
08/10/25 17:00	0.0136%
08/10/25 18:00	0.0128%
08/10/25 19:00	0.0111%
08/10/25 20:00	0.0104%
08/10/25 21:00	0.0096%
08/10/25 22:00	0.0089%
08/10/25 23:00	0.0084%
09/10/25 00:00	0.0081%
09/10/25 01:00	0.0081%
09/10/25 02:00	0.0081%
09/10/25 03:00	0.0085%
09/10/25 04:00	0.0095%
09/10/25 05:00	0.0119%
09/10/25 06:00	0.0131%
09/10/25 07:00	0.0139%
09/10/25 08:00	0.0137%
09/10/25 09:00	0.0130%
09/10/25 10:00	0.0131%
09/10/25 11:00	0.0131%
09/10/25 12:00	0.0128%
09/10/25 13:00	0.0127%
09/10/25 14:00	0.0131%
09/10/25 15:00	0.0137%
09/10/25 16:00	0.0130%
09/10/25 17:00	0.0133%
09/10/25 18:00	0.0127%
09/10/25 19:00	0.0112%
09/10/25 20:00	0.0104%
09/10/25 21:00	0.0097%
09/10/25 22:00	0.0091%
09/10/25 23:00	0.0085%
10/10/25 00:00	0.0082%
10/10/25 01:00	0.0082%
10/10/25 02:00	0.0082%
10/10/25 03:00	0.0084%
10/10/25 04:00	0.0095%
10/10/25 05:00	0.0112%
10/10/25 06:00	0.0131%
10/10/25 07:00	0.0139%
10/10/25 08:00	0.0139%
10/10/25 09:00	0.0131%
10/10/25 10:00	0.0131%
10/10/25 11:00	0.0129%
10/10/25 12:00	0.0127%
10/10/25 13:00	0.0127%
10/10/25 14:00	0.0130%
10/10/25 15:00	0.0134%
10/10/25 16:00	0.0125%
10/10/25 17:00	0.0129%
10/10/25 18:00	0.0124%
10/10/25 19:00	0.0107%
10/10/25 20:00	0.0100%
10/10/25 21:00	0.0095%
10/10/25 22:00	0.0097%
10/10/25 23:00	0.0084%
11/10/25 00:00	0.0082%
11/10/25 01:00	0.0081%
11/10/25 02:00	0.0080%
11/10/25 03:00	0.0081%
11/10/25 04:00	0.0084%
11/10/25 05:00	0.0091%
11/10/25 06:00	0.0098%
11/10/25 07:00	0.0116%
11/10/25 08:00	0.0122%
11/10/25 09:00	0.0121%
11/10/25 10:00	0.0115%
11/10/25 11:00	0.0115%
11/10/25 12:00	0.0112%
11/10/25 13:00	0.0111%
11/10/25 14:00	0.0113%
11/10/25 15:00	0.0118%
11/10/25 16:00	0.0113%
11/10/25 17:00	0.0117%
11/10/25 18:00	0.0113%
11/10/25 19:00	0.0107%
11/10/25 20:00	0.0095%
11/10/25 21:00	0.0090%
11/10/25 22:00	0.0085%
11/10/25 23:00	0.0082%
12/10/25 00:00	0.0079%
12/10/25 01:00	0.0078%
12/10/25 02:00	0.0077%
12/10/25 03:00	0.0077%
12/10/25 04:00	0.0080%
12/10/25 05:00	0.0085%
12/10/25 06:00	0.0090%
12/10/25 07:00	0.0107%
12/10/25 08:00	0.0113%
12/10/25 09:00	0.0108%
12/10/25 10:00	0.0109%
12/10/25 11:00	0.0109%
12/10/25 12:00	0.0108%
12/10/25 13:00	0.0108%
12/10/25 14:00	0.0110%
12/10/25 15:00	0.0116%
12/10/25 16:00	0.0112%
12/10/25 17:00	0.0118%
12/10/25 18:00	0.0114%
12/10/25 19:00	0.0108%
12/10/25 20:00	0.0103%
12/10/25 21:00	0.0090%
12/10/25 22:00	0.0084%
12/10/25 23:00	0.0080%
13/10/25 00:00	0.0079%
13/10/25 01:00	0.0080%
13/10/25 02:00	0.0080%
13/10/25 03:00	0.0083%
13/10/25 04:00	0.0093%
13/10/25 05:00	0.0109%
13/10/25 06:00	0.0128%
13/10/25 07:00	0.0136%
13/10/25 08:00	0.0130%
13/10/25 09:00	0.0130%
13/10/25 10:00	0.0128%
13/10/25 11:00	0.0130%
13/10/25 12:00	0.0128%
13/10/25 13:00	0.0127%
13/10/25 14:00	0.0129%
13/10/25 15:00	0.0133%
13/10/25 16:00	0.0135%
13/10/25 17:00	0.0138%
13/10/25 18:00	0.0128%
13/10/25 19:00	0.0117%
13/10/25 20:00	0.0103%
13/10/25 21:00	0.0095%
13/10/25 22:00	0.0090%
13/10/25 23:00	0.0086%
14/10/25 00:00	0.0083%
14/10/25 01:00	0.0083%
14/10/25 02:00	0.0083%
14/10/25 03:00	0.0086%
14/10/25 04:00	0.0096%
14/10/25 05:00	0.0111%
14/10/25 06:00	0.0130%
14/10/25 07:00	0.0139%
14/10/25 08:00	0.0133%
14/10/25 09:00	0.0132%
14/10/25 10:00	0.0131%
14/10/25 11:00	0.0131%
14/10/25 12:00	0.0129%
14/10/25 13:00	0.0128%
14/10/25 14:00	0.0130%
14/10/25 15:00	0.0134%
14/10/25 16:00	0.0136%
14/10/25 17:00	0.0142%
14/10/25 18:00	0.0131%
14/10/25 19:00	0.0119%
14/10/25 20:00	0.0104%
14/10/25 21:00	0.0097%
14/10/25 22:00	0.0091%
14/10/25 23:00	0.0086%
15/10/25 00:00	0.0084%
15/10/25 01:00	0.0084%
15/10/25 02:00	0.0085%
15/10/25 03:00	0.0086%
15/10/25 04:00	0.0097%
15/10/25 05:00	0.0112%
15/10/25 06:00	0.0136%
15/10/25 07:00	0.0141%
15/10/25 08:00	0.0141%
15/10/25 09:00	0.0131%
15/10/25 10:00	0.0131%
15/10/25 11:00	0.0133%
15/10/25 12:00	0.0133%
15/10/25 13:00	0.0131%
15/10/25 14:00	0.0134%
15/10/25 15:00	0.0139%
15/10/25 16:00	0.0137%
15/10/25 17:00	0.0139%
15/10/25 18:00	0.0129%
15/10/25 19:00	0.0112%
15/10/25 20:00	0.0105%
15/10/25 21:00	0.0098%
15/10/25 22:00	0.0092%
15/10/25 23:00	0.0088%
16/10/25 00:00	0.0085%
16/10/25 01:00	0.0085%
16/10/25 02:00	0.0085%
16/10/25 03:00	0.0088%
16/10/25 04:00	0.0100%
16/10/25 05:00	0.0116%
16/10/25 06:00	0.0134%
16/10/25 07:00	0.0142%
16/10/25 08:00	0.0143%
16/10/25 09:00	0.0134%
16/10/25 10:00	0.0133%
16/10/25 11:00	0.0132%
16/10/25 12:00	0.0131%
16/10/25 13:00	0.0131%
16/10/25 14:00	0.0133%
16/10/25 15:00	0.0137%
16/10/25 16:00	0.0128%
16/10/25 17:00	0.0137%
16/10/25 18:00	0.0132%
16/10/25 19:00	0.0123%
16/10/25 20:00	0.0105%
16/10/25 21:00	0.0098%
16/10/25 22:00	0.0093%
16/10/25 23:00	0.0088%
17/10/25 00:00	0.0085%
17/10/25 01:00	0.0083%
17/10/25 02:00	0.0082%
17/10/25 03:00	0.0085%
17/10/25 04:00	0.0096%
17/10/25 05:00	0.0112%
17/10/25 06:00	0.0133%
17/10/25 07:00	0.0141%
17/10/25 08:00	0.0141%
17/10/25 09:00	0.0131%
17/10/25 10:00	0.0132%
17/10/25 11:00	0.0133%
17/10/25 12:00	0.0130%
17/10/25 13:00	0.0130%
17/10/25 14:00	0.0131%
17/10/25 15:00	0.0135%
17/10/25 16:00	0.0135%
17/10/25 17:00	0.0131%
17/10/25 18:00	0.0125%
17/10/25 19:00	0.0108%
17/10/25 20:00	0.0101%
17/10/25 21:00	0.0095%
17/10/25 22:00	0.0089%
17/10/25 23:00	0.0085%
18/10/25 00:00	0.0082%
18/10/25 01:00	0.0080%
18/10/25 02:00	0.0079%
18/10/25 03:00	0.0080%
18/10/25 04:00	0.0084%
18/10/25 05:00	0.0091%
18/10/25 06:00	0.0106%
18/10/25 07:00	0.0116%
18/10/25 08:00	0.0119%
18/10/25 09:00	0.0116%
18/10/25 10:00	0.0118%
18/10/25 11:00	0.0116%
18/10/25 12:00	0.0115%
18/10/25 13:00	0.0112%
18/10/25 14:00	0.0112%
18/10/25 15:00	0.0118%
18/10/25 16:00	0.0123%
18/10/25 17:00	0.0122%
18/10/25 18:00	0.0117%
18/10/25 19:00	0.0103%
18/10/25 20:00	0.0098%
18/10/25 21:00	0.0093%
18/10/25 22:00	0.0089%
18/10/25 23:00	0.0085%
19/10/25 00:00	0.0082%
19/10/25 01:00	0.0081%
19/10/25 02:00	0.0081%
19/10/25 03:00	0.0082%
19/10/25 04:00	0.0084%
19/10/25 05:00	0.0089%
19/10/25 06:00	0.0101%
19/10/25 07:00	0.0110%
19/10/25 08:00	0.0106%
19/10/25 09:00	0.0111%
19/10/25 10:00	0.0114%
19/10/25 11:00	0.0116%
19/10/25 12:00	0.0116%
19/10/25 13:00	0.0112%
19/10/25 14:00	0.0111%
19/10/25 15:00	0.0119%
19/10/25 16:00	0.0125%
19/10/25 17:00	0.0124%
19/10/25 18:00	0.0118%
19/10/25 19:00	0.0112%
19/10/25 20:00	0.0100%
19/10/25 21:00	0.0096%
19/10/25 22:00	0.0092%
19/10/25 23:00	0.0087%
20/10/25 00:00	0.0084%
20/10/25 01:00	0.0084%
20/10/25 02:00	0.0084%
20/10/25 03:00	0.0088%
20/10/25 04:00	0.0099%
20/10/25 05:00	0.0114%
20/10/25 06:00	0.0132%
20/10/25 07:00	0.0139%
20/10/25 08:00	0.0145%
20/10/25 09:00	0.0134%
20/10/25 10:00	0.0134%
20/10/25 11:00	0.0134%
20/10/25 12:00	0.0133%
20/10/25 13:00	0.0131%
20/10/25 14:00	0.0132%
20/10/25 15:00	0.0139%
20/10/25 16:00	0.0138%
20/10/25 17:00	0.0133%
20/10/25 18:00	0.0128%
20/10/25 19:00	0.0115%
20/10/25 20:00	0.0107%
20/10/25 21:00	0.0100%
20/10/25 22:00	0.0094%
20/10/25 23:00	0.0091%
21/10/25 00:00	0.0088%
21/10/25 01:00	0.0089%
21/10/25 02:00	0.0089%
21/10/25 03:00	0.0093%
21/10/25 04:00	0.0104%
21/10/25 05:00	0.0118%
21/10/25 06:00	0.0129%
21/10/25 07:00	0.0142%
21/10/25 08:00	0.0146%
21/10/25 09:00	0.0138%
21/10/25 10:00	0.0138%
21/10/25 11:00	0.0139%
21/10/25 12:00	0.0135%
21/10/25 13:00	0.0135%
21/10/25 14:00	0.0137%
21/10/25 15:00	0.0143%
21/10/25 16:00	0.0135%
21/10/25 17:00	0.0139%
21/10/25 18:00	0.0132%
21/10/25 19:00	0.0123%
21/10/25 20:00	0.0115%
21/10/25 21:00	0.0101%
21/10/25 22:00	0.0095%
21/10/25 23:00	0.0091%
22/10/25 00:00	0.0088%
22/10/25 01:00	0.0086%
22/10/25 02:00	0.0086%
22/10/25 03:00	0.0090%
22/10/25 04:00	0.0099%
22/10/25 05:00	0.0114%
22/10/25 06:00	0.0123%
22/10/25 07:00	0.0138%
22/10/25 08:00	0.0138%
22/10/25 09:00	0.0132%
22/10/25 10:00	0.0132%
22/10/25 11:00	0.0132%
22/10/25 12:00	0.0131%
22/10/25 13:00	0.0128%
22/10/25 14:00	0.0131%
22/10/25 15:00	0.0137%
22/10/25 16:00	0.0137%
22/10/25 17:00	0.0139%
22/10/25 18:00	0.0129%
22/10/25 19:00	0.0118%
22/10/25 20:00	0.0104%
22/10/25 21:00	0.0096%
22/10/25 22:00	0.0092%
22/10/25 23:00	0.0089%
23/10/25 00:00	0.0089%
23/10/25 01:00	0.0088%
23/10/25 02:00	0.0090%
23/10/25 03:00	0.0095%
23/10/25 04:00	0.0107%
23/10/25 05:00	0.0121%
23/10/25 06:00	0.0135%
23/10/25 07:00	0.0144%
23/10/25 08:00	0.0140%
23/10/25 09:00	0.0141%
23/10/25 10:00	0.0143%
23/10/25 11:00	0.0142%
23/10/25 12:00	0.0136%
23/10/25 13:00	0.0139%
23/10/25 14:00	0.0143%
23/10/25 15:00	0.0144%
23/10/25 16:00	0.0146%
23/10/25 17:00	0.0142%
23/10/25 18:00	0.0137%
23/10/25 19:00	0.0121%
23/10/25 20:00	0.0121%
23/10/25 21:00	0.0108%
23/10/25 22:00	0.0101%
23/10/25 23:00	0.0091%
24/10/25 00:00	0.0088%
24/10/25 01:00	0.0089%
24/10/25 02:00	0.0094%
24/10/25 03:00	0.0097%
24/10/25 04:00	0.0106%
24/10/25 05:00	0.0121%
24/10/25 06:00	0.0141%
24/10/25 07:00	0.0148%
24/10/25 08:00	0.0150%
24/10/25 09:00	0.0143%
24/10/25 10:00	0.0142%
24/10/25 11:00	0.0142%
24/10/25 12:00	0.0141%
24/10/25 13:00	0.0138%
24/10/25 14:00	0.0140%
24/10/25 15:00	0.0145%
24/10/25 16:00	0.0143%
24/10/25 17:00	0.0142%
24/10/25 18:00	0.0134%
24/10/25 19:00	0.0119%
24/10/25 20:00	0.0113%
24/10/25 21:00	0.0107%
24/10/25 22:00	0.0101%
24/10/25 23:00	0.0097%
25/10/25 00:00	0.0094%
25/10/25 01:00	0.0093%
25/10/25 02:00	0.0092%
25/10/25 03:00	0.0093%
25/10/25 04:00	0.0097%
25/10/25 05:00	0.0104%
25/10/25 06:00	0.0111%
25/10/25 07:00	0.0120%
25/10/25 08:00	0.0127%
25/10/25 09:00	0.0129%
25/10/25 10:00	0.0128%
25/10/25 11:00	0.0129%
25/10/25 12:00	0.0126%
25/10/25 13:00	0.0125%
25/10/25 14:00	0.0126%
25/10/25 15:00	0.0133%
25/10/25 16:00	0.0134%
25/10/25 17:00	0.0134%
25/10/25 18:00	0.0128%
25/10/25 19:00	0.0119%
25/10/25 20:00	0.0112%
25/10/25 21:00	0.0101%
25/10/25 22:00	0.0102%
25/10/25 23:00	0.0093%
26/10/25 00:00	0.0090%
26/10/25 01:00	0.0089%
26/10/25 02:00	0.0089%
26/10/25 03:00	0.0089%
26/10/25 04:00	0.0091%
26/10/25 05:00	0.0094%
26/10/25 06:00	0.0099%
26/10/25 07:00	0.0109%
26/10/25 08:00	0.0116%
26/10/25 09:00	0.0120%
26/10/25 10:00	0.0123%
26/10/25 11:00	0.0125%
26/10/25 12:00	0.0126%
26/10/25 13:00	0.0122%
26/10/25 14:00	0.0122%
26/10/25 15:00	0.0127%
26/10/25 16:00	0.0135%
26/10/25 17:00	0.0139%
26/10/25 18:00	0.0140%
26/10/25 19:00	0.0128%
26/10/25 20:00	0.0122%
26/10/25 21:00	0.0112%
26/10/25 22:00	0.0102%
26/10/25 23:00	0.0097%
27/10/25 00:00	0.0094%
27/10/25 01:00	0.0093%
27/10/25 02:00	0.0092%
27/10/25 03:00	0.0093%
27/10/25 04:00	0.0096%
27/10/25 05:00	0.0108%
27/10/25 06:00	0.0124%
27/10/25 07:00	0.0137%
27/10/25 08:00	0.0154%
27/10/25 09:00	0.0146%
27/10/25 10:00	0.0147%
27/10/25 11:00	0.0145%
27/10/25 12:00	0.0145%
27/10/25 13:00	0.0144%
27/10/25 14:00	0.0143%
27/10/25 15:00	0.0148%
27/10/25 16:00	0.0148%
27/10/25 17:00	0.0154%
27/10/25 18:00	0.0150%
27/10/25 19:00	0.0139%
27/10/25 20:00	0.0131%
27/10/25 21:00	0.0123%
27/10/25 22:00	0.0104%
27/10/25 23:00	0.0098%
28/10/25 00:00	0.0094%
28/10/25 01:00	0.0092%
28/10/25 02:00	0.0092%
28/10/25 03:00	0.0093%
28/10/25 04:00	0.0097%
28/10/25 05:00	0.0109%
28/10/25 06:00	0.0126%
28/10/25 07:00	0.0145%
28/10/25 08:00	0.0153%
28/10/25 09:00	0.0144%
28/10/25 10:00	0.0142%
28/10/25 11:00	0.0143%
28/10/25 12:00	0.0142%
28/10/25 13:00	0.0140%
28/10/25 14:00	0.0141%
28/10/25 15:00	0.0145%
28/10/25 16:00	0.0146%
28/10/25 17:00	0.0150%
28/10/25 18:00	0.0147%
28/10/25 19:00	0.0137%
28/10/25 20:00	0.0128%
28/10/25 21:00	0.0112%
28/10/25 22:00	0.0102%
28/10/25 23:00	0.0097%
29/10/25 00:00	0.0094%
29/10/25 01:00	0.0091%
29/10/25 02:00	0.0090%
29/10/25 03:00	0.0090%
29/10/25 04:00	0.0094%
29/10/25 05:00	0.0105%
29/10/25 06:00	0.0120%
29/10/25 07:00	0.0144%
29/10/25 08:00	0.0149%
29/10/25 09:00	0.0139%
29/10/25 10:00	0.0141%
29/10/25 11:00	0.0141%
29/10/25 12:00	0.0139%
29/10/25 13:00	0.0138%
29/10/25 14:00	0.0138%
29/10/25 15:00	0.0147%
29/10/25 16:00	0.0151%
29/10/25 17:00	0.0146%
29/10/25 18:00	0.0140%
29/10/25 19:00	0.0123%
29/10/25 20:00	0.0116%
29/10/25 21:00	0.0108%
29/10/25 22:00	0.0101%
29/10/25 23:00	0.0095%
30/10/25 00:00	0.0091%
30/10/25 01:00	0.0092%
30/10/25 02:00	0.0091%
30/10/25 03:00	0.0091%
30/10/25 04:00	0.0094%
30/10/25 05:00	0.0105%
30/10/25 06:00	0.0122%
30/10/25 07:00	0.0144%
30/10/25 08:00	0.0151%
30/10/25 09:00	0.0142%
30/10/25 10:00	0.0142%
30/10/25 11:00	0.0142%
30/10/25 12:00	0.0140%
30/10/25 13:00	0.0137%
30/10/25 14:00	0.0138%
30/10/25 15:00	0.0138%
30/10/25 16:00	0.0148%
30/10/25 17:00	0.0147%
30/10/25 18:00	0.0141%
30/10/25 19:00	0.0135%
30/10/25 20:00	0.0117%
30/10/25 21:00	0.0109%
30/10/25 22:00	0.0102%
30/10/25 23:00	0.0097%
31/10/25 00:00	0.0093%
31/10/25 01:00	0.0094%
31/10/25 02:00	0.0091%
31/10/25 03:00	0.0092%
31/10/25 04:00	0.0095%
31/10/25 05:00	0.0106%
31/10/25 06:00	0.0131%
31/10/25 07:00	0.0141%
31/10/25 08:00	0.0147%
31/10/25 09:00	0.0138%
31/10/25 10:00	0.0138%
31/10/25 11:00	0.0137%
31/10/25 12:00	0.0138%
31/10/25 13:00	0.0137%
31/10/25 14:00	0.0138%
31/10/25 15:00	0.0146%
31/10/25 16:00	0.0149%
31/10/25 17:00	0.0145%
31/10/25 18:00	0.0129%
31/10/25 19:00	0.0122%
31/10/25 20:00	0.0115%
31/10/25 21:00	0.0108%
31/10/25 22:00	0.0102%
31/10/25 23:00	0.0097%
01/11/25 00:00	0.0093%
01/11/25 01:00	0.0091%
01/11/25 02:00	0.0089%
01/11/25 03:00	0.0090%
01/11/25 04:00	0.0091%
01/11/25 05:00	0.0093%
01/11/25 06:00	0.0102%
01/11/25 07:00	0.0110%
01/11/25 08:00	0.0119%
01/11/25 09:00	0.0126%
01/11/25 10:00	0.0130%
01/11/25 11:00	0.0132%
01/11/25 12:00	0.0130%
01/11/25 13:00	0.0127%
01/11/25 14:00	0.0128%
01/11/25 15:00	0.0129%
01/11/25 16:00	0.0135%
01/11/25 17:00	0.0134%
01/11/25 18:00	0.0127%
01/11/25 19:00	0.0121%
01/11/25 20:00	0.0117%
01/11/25 21:00	0.0104%
01/11/25 22:00	0.0106%
01/11/25 23:00	0.0094%
02/11/25 00:00	0.0090%
02/11/25 01:00	0.0087%
02/11/25 02:00	0.0086%
02/11/25 03:00	0.0084%
02/11/25 04:00	0.0084%
02/11/25 05:00	0.0087%
02/11/25 06:00	0.0091%
02/11/25 07:00	0.0099%
02/11/25 08:00	0.0107%
02/11/25 09:00	0.0111%
02/11/25 10:00	0.0120%
02/11/25 11:00	0.0123%
02/11/25 12:00	0.0122%
02/11/25 13:00	0.0120%
02/11/25 14:00	0.0119%
02/11/25 15:00	0.0121%
02/11/25 16:00	0.0132%
02/11/25 17:00	0.0132%
02/11/25 18:00	0.0126%
02/11/25 19:00	0.0119%
02/11/25 20:00	0.0113%
02/11/25 21:00	0.0099%
02/11/25 22:00	0.0102%
02/11/25 23:00	0.0090%
03/11/25 00:00	0.0086%
03/11/25 01:00	0.0085%
03/11/25 02:00	0.0087%
03/11/25 03:00	0.0088%
03/11/25 04:00	0.0093%
03/11/25 05:00	0.0105%
03/11/25 06:00	0.0131%
03/11/25 07:00	0.0150%
03/11/25 08:00	0.0156%
03/11/25 09:00	0.0145%
03/11/25 10:00	0.0146%
03/11/25 11:00	0.0146%
03/11/25 12:00	0.0146%
03/11/25 13:00	0.0146%
03/11/25 14:00	0.0147%
03/11/25 15:00	0.0146%
03/11/25 16:00	0.0150%
03/11/25 17:00	0.0152%
03/11/25 18:00	0.0145%
03/11/25 19:00	0.0138%
03/11/25 20:00	0.0122%
03/11/25 21:00	0.0114%
03/11/25 22:00	0.0107%
03/11/25 23:00	0.0101%
04/11/25 00:00	0.0097%
04/11/25 01:00	0.0095%
04/11/25 02:00	0.0093%
04/11/25 03:00	0.0092%
04/11/25 04:00	0.0095%
04/11/25 05:00	0.0105%
04/11/25 06:00	0.0122%
04/11/25 07:00	0.0140%
04/11/25 08:00	0.0147%
04/11/25 09:00	0.0150%
04/11/25 10:00	0.0143%
04/11/25 11:00	0.0144%
04/11/25 12:00	0.0144%
04/11/25 13:00	0.0140%
04/11/25 14:00	0.0138%
04/11/25 15:00	0.0138%
04/11/25 16:00	0.0150%
04/11/25 17:00	0.0146%
04/11/25 18:00	0.0139%
04/11/25 19:00	0.0126%
04/11/25 20:00	0.0118%
04/11/25 21:00	0.0110%
04/11/25 22:00	0.0102%
04/11/25 23:00	0.0097%
05/11/25 00:00	0.0092%
05/11/25 01:00	0.0090%
05/11/25 02:00	0.0087%
05/11/25 03:00	0.0088%
05/11/25 04:00	0.0092%
05/11/25 05:00	0.0102%
05/11/25 06:00	0.0118%
05/11/25 07:00	0.0136%
05/11/25 08:00	0.0143%
05/11/25 09:00	0.0137%
05/11/25 10:00	0.0141%
05/11/25 11:00	0.0141%
05/11/25 12:00	0.0138%
05/11/25 13:00	0.0138%
05/11/25 14:00	0.0137%
05/11/25 15:00	0.0144%
05/11/25 16:00	0.0149%
05/11/25 17:00	0.0144%
05/11/25 18:00	0.0137%
05/11/25 19:00	0.0123%
05/11/25 20:00	0.0115%
05/11/25 21:00	0.0107%
05/11/25 22:00	0.0100%
05/11/25 23:00	0.0094%
06/11/25 00:00	0.0089%
06/11/25 01:00	0.0087%
06/11/25 02:00	0.0086%
06/11/25 03:00	0.0086%
06/11/25 04:00	0.0090%
06/11/25 05:00	0.0101%
06/11/25 06:00	0.0116%
06/11/25 07:00	0.0137%
06/11/25 08:00	0.0136%
06/11/25 09:00	0.0135%
06/11/25 10:00	0.0136%
06/11/25 11:00	0.0135%
06/11/25 12:00	0.0135%
06/11/25 13:00	0.0134%
06/11/25 14:00	0.0134%
06/11/25 15:00	0.0145%
06/11/25 16:00	0.0149%
06/11/25 17:00	0.0145%
06/11/25 18:00	0.0139%
06/11/25 19:00	0.0132%
06/11/25 20:00	0.0116%
06/11/25 21:00	0.0107%
06/11/25 22:00	0.0100%
06/11/25 23:00	0.0094%
07/11/25 00:00	0.0091%
07/11/25 01:00	0.0088%
07/11/25 02:00	0.0086%
07/11/25 03:00	0.0087%
07/11/25 04:00	0.0090%
07/11/25 05:00	0.0101%
07/11/25 06:00	0.0116%
07/11/25 07:00	0.0138%
07/11/25 08:00	0.0145%
07/11/25 09:00	0.0137%
07/11/25 10:00	0.0138%
07/11/25 11:00	0.0138%
07/11/25 12:00	0.0137%
07/11/25 13:00	0.0135%
07/11/25 14:00	0.0135%
07/11/25 15:00	0.0134%
07/11/25 16:00	0.0146%
07/11/25 17:00	0.0141%
07/11/25 18:00	0.0134%
07/11/25 19:00	0.0127%
07/11/25 20:00	0.0110%
07/11/25 21:00	0.0103%
07/11/25 22:00	0.0098%
07/11/25 23:00	0.0092%
08/11/25 00:00	0.0088%
08/11/25 01:00	0.0086%
08/11/25 02:00	0.0084%
08/11/25 03:00	0.0084%
08/11/25 04:00	0.0085%
08/11/25 05:00	0.0089%
08/11/25 06:00	0.0095%
08/11/25 07:00	0.0104%
08/11/25 08:00	0.0115%
08/11/25 09:00	0.0119%
08/11/25 10:00	0.0119%
08/11/25 11:00	0.0120%
08/11/25 12:00	0.0118%
08/11/25 13:00	0.0118%
08/11/25 14:00	0.0118%
08/11/25 15:00	0.0115%
08/11/25 16:00	0.0131%
08/11/25 17:00	0.0130%
08/11/25 18:00	0.0124%
08/11/25 19:00	0.0118%
08/11/25 20:00	0.0112%
08/11/25 21:00	0.0106%
08/11/25 22:00	0.0091%
08/11/25 23:00	0.0087%
09/11/25 00:00	0.0084%
09/11/25 01:00	0.0081%
09/11/25 02:00	0.0080%
09/11/25 03:00	0.0079%
09/11/25 04:00	0.0080%
09/11/25 05:00	0.0082%
09/11/25 06:00	0.0087%
09/11/25 07:00	0.0093%
09/11/25 08:00	0.0104%
09/11/25 09:00	0.0109%
09/11/25 10:00	0.0113%
09/11/25 11:00	0.0116%
09/11/25 12:00	0.0114%
09/11/25 13:00	0.0114%
09/11/25 14:00	0.0115%
09/11/25 15:00	0.0115%
09/11/25 16:00	0.0129%
09/11/25 17:00	0.0129%
09/11/25 18:00	0.0124%
09/11/25 19:00	0.0120%
09/11/25 20:00	0.0114%
09/11/25 21:00	0.0108%
09/11/25 22:00	0.0095%
09/11/25 23:00	0.0089%
10/11/25 00:00	0.0086%
10/11/25 01:00	0.0085%
10/11/25 02:00	0.0085%
10/11/25 03:00	0.0086%
10/11/25 04:00	0.0090%
10/11/25 05:00	0.0103%
10/11/25 06:00	0.0121%
10/11/25 07:00	0.0144%
10/11/25 08:00	0.0154%
10/11/25 09:00	0.0153%
10/11/25 10:00	0.0144%
10/11/25 11:00	0.0142%
10/11/25 12:00	0.0143%
10/11/25 13:00	0.0141%
10/11/25 14:00	0.0142%
10/11/25 15:00	0.0140%
10/11/25 16:00	0.0157%
10/11/25 17:00	0.0153%
10/11/25 18:00	0.0145%
10/11/25 19:00	0.0128%
10/11/25 20:00	0.0120%
10/11/25 21:00	0.0112%
10/11/25 22:00	0.0104%
10/11/25 23:00	0.0097%
11/11/25 00:00	0.0094%
11/11/25 01:00	0.0093%
11/11/25 02:00	0.0092%
11/11/25 03:00	0.0091%
11/11/25 04:00	0.0094%
11/11/25 05:00	0.0106%
11/11/25 06:00	0.0121%
11/11/25 07:00	0.0139%
11/11/25 08:00	0.0151%
11/11/25 09:00	0.0151%
11/11/25 10:00	0.0142%
11/11/25 11:00	0.0142%
11/11/25 12:00	0.0143%
11/11/25 13:00	0.0143%
11/11/25 14:00	0.0143%
11/11/25 15:00	0.0150%
11/11/25 16:00	0.0156%
11/11/25 17:00	0.0150%
11/11/25 18:00	0.0133%
11/11/25 19:00	0.0127%
11/11/25 20:00	0.0119%
11/11/25 21:00	0.0112%
11/11/25 22:00	0.0105%
11/11/25 23:00	0.0100%
12/11/25 00:00	0.0096%
12/11/25 01:00	0.0093%
12/11/25 02:00	0.0093%
12/11/25 03:00	0.0093%
12/11/25 04:00	0.0097%
12/11/25 05:00	0.0108%
12/11/25 06:00	0.0129%
12/11/25 07:00	0.0142%
12/11/25 08:00	0.0150%
12/11/25 09:00	0.0141%
12/11/25 10:00	0.0143%
12/11/25 11:00	0.0142%
12/11/25 12:00	0.0140%
12/11/25 13:00	0.0143%
12/11/25 14:00	0.0142%
12/11/25 15:00	0.0143%
12/11/25 16:00	0.0152%
12/11/25 17:00	0.0146%
12/11/25 18:00	0.0139%
12/11/25 19:00	0.0126%
12/11/25 20:00	0.0121%
12/11/25 21:00	0.0112%
12/11/25 22:00	0.0103%
12/11/25 23:00	0.0097%
13/11/25 00:00	0.0092%
13/11/25 01:00	0.0091%
13/11/25 02:00	0.0092%
13/11/25 03:00	0.0092%
13/11/25 04:00	0.0094%
13/11/25 05:00	0.0105%
13/11/25 06:00	0.0122%
13/11/25 07:00	0.0131%
13/11/25 08:00	0.0150%
13/11/25 09:00	0.0151%
13/11/25 10:00	0.0144%
13/11/25 11:00	0.0141%
13/11/25 12:00	0.0140%
13/11/25 13:00	0.0139%
13/11/25 14:00	0.0142%
13/11/25 15:00	0.0137%
13/11/25 16:00	0.0139%
13/11/25 17:00	0.0143%
13/11/25 18:00	0.0136%
13/11/25 19:00	0.0121%
13/11/25 20:00	0.0123%
13/11/25 21:00	0.0114%
13/11/25 22:00	0.0099%
13/11/25 23:00	0.0093%
14/11/25 00:00	0.0089%
14/11/25 01:00	0.0087%
14/11/25 02:00	0.0087%
14/11/25 03:00	0.0087%
14/11/25 04:00	0.0091%
14/11/25 05:00	0.0102%
14/11/25 06:00	0.0129%
14/11/25 07:00	0.0142%
14/11/25 08:00	0.0148%
14/11/25 09:00	0.0152%
14/11/25 10:00	0.0143%
14/11/25 11:00	0.0144%
14/11/25 12:00	0.0145%
14/11/25 13:00	0.0143%
14/11/25 14:00	0.0140%
14/11/25 15:00	0.0149%
14/11/25 16:00	0.0154%
14/11/25 17:00	0.0139%
14/11/25 18:00	0.0132%
14/11/25 19:00	0.0125%
14/11/25 20:00	0.0119%
14/11/25 21:00	0.0113%
14/11/25 22:00	0.0108%
14/11/25 23:00	0.0102%
15/11/25 00:00	0.0097%
15/11/25 01:00	0.0094%
15/11/25 02:00	0.0092%
15/11/25 03:00	0.0093%
15/11/25 04:00	0.0093%
15/11/25 05:00	0.0097%
15/11/25 06:00	0.0103%
15/11/25 07:00	0.0111%
15/11/25 08:00	0.0120%
15/11/25 09:00	0.0128%
15/11/25 10:00	0.0133%
15/11/25 11:00	0.0134%
15/11/25 12:00	0.0133%
15/11/25 13:00	0.0129%
15/11/25 14:00	0.0127%
15/11/25 15:00	0.0125%
15/11/25 16:00	0.0129%
15/11/25 17:00	0.0138%
15/11/25 18:00	0.0132%
15/11/25 19:00	0.0124%
15/11/25 20:00	0.0118%
15/11/25 21:00	0.0113%
15/11/25 22:00	0.0107%
15/11/25 23:00	0.0093%
16/11/25 00:00	0.0089%
16/11/25 01:00	0.0087%
16/11/25 02:00	0.0085%
16/11/25 03:00	0.0085%
16/11/25 04:00	0.0085%
16/11/25 05:00	0.0088%
16/11/25 06:00	0.0093%
16/11/25 07:00	0.0100%
16/11/25 08:00	0.0109%
16/11/25 09:00	0.0118%
16/11/25 10:00	0.0122%
16/11/25 11:00	0.0135%
16/11/25 12:00	0.0126%
16/11/25 13:00	0.0126%
16/11/25 14:00	0.0127%
16/11/25 15:00	0.0136%
16/11/25 16:00	0.0140%
16/11/25 17:00	0.0139%
16/11/25 18:00	0.0135%
16/11/25 19:00	0.0130%
16/11/25 20:00	0.0112%
16/11/25 21:00	0.0106%
16/11/25 22:00	0.0100%
16/11/25 23:00	0.0095%
17/11/25 00:00	0.0091%
17/11/25 01:00	0.0090%
17/11/25 02:00	0.0093%
17/11/25 03:00	0.0092%
17/11/25 04:00	0.0096%
17/11/25 05:00	0.0108%
17/11/25 06:00	0.0130%
17/11/25 07:00	0.0141%
17/11/25 08:00	0.0161%
17/11/25 09:00	0.0164%
17/11/25 10:00	0.0153%
17/11/25 11:00	0.0153%
17/11/25 12:00	0.0152%
17/11/25 13:00	0.0149%
17/11/25 14:00	0.0151%
17/11/25 15:00	0.0150%
17/11/25 16:00	0.0165%
17/11/25 17:00	0.0159%
17/11/25 18:00	0.0153%
17/11/25 19:00	0.0146%
17/11/25 20:00	0.0127%
17/11/25 21:00	0.0117%
17/11/25 22:00	0.0109%
17/11/25 23:00	0.0101%
18/11/25 00:00	0.0099%
18/11/25 01:00	0.0098%
18/11/25 02:00	0.0091%
18/11/25 03:00	0.0090%
18/11/25 04:00	0.0094%
18/11/25 05:00	0.0103%
18/11/25 06:00	0.0122%
18/11/25 07:00	0.0140%
18/11/25 08:00	0.0143%
18/11/25 09:00	0.0146%
18/11/25 10:00	0.0142%
18/11/25 11:00	0.0141%
18/11/25 12:00	0.0141%
18/11/25 13:00	0.0147%
18/11/25 14:00	0.0151%
18/11/25 15:00	0.0152%
18/11/25 16:00	0.0155%
18/11/25 17:00	0.0151%
18/11/25 18:00	0.0142%
18/11/25 19:00	0.0134%
18/11/25 20:00	0.0124%
18/11/25 21:00	0.0111%
18/11/25 22:00	0.0104%
18/11/25 23:00	0.0099%
19/11/25 00:00	0.0095%
19/11/25 01:00	0.0094%
19/11/25 02:00	0.0092%
19/11/25 03:00	0.0093%
19/11/25 04:00	0.0097%
19/11/25 05:00	0.0109%
19/11/25 06:00	0.0127%
19/11/25 07:00	0.0145%
19/11/25 08:00	0.0157%
19/11/25 09:00	0.0159%
19/11/25 10:00	0.0157%
19/11/25 11:00	0.0155%
19/11/25 12:00	0.0150%
19/11/25 13:00	0.0149%
19/11/25 14:00	0.0153%
19/11/25 15:00	0.0154%
19/11/25 16:00	0.0161%
19/11/25 17:00	0.0155%
19/11/25 18:00	0.0144%
19/11/25 19:00	0.0138%
19/11/25 20:00	0.0127%
19/11/25 21:00	0.0112%
19/11/25 22:00	0.0105%
19/11/25 23:00	0.0097%
20/11/25 00:00	0.0094%
20/11/25 01:00	0.0092%
20/11/25 02:00	0.0091%
20/11/25 03:00	0.0091%
20/11/25 04:00	0.0095%
20/11/25 05:00	0.0105%
20/11/25 06:00	0.0126%
20/11/25 07:00	0.0142%
20/11/25 08:00	0.0149%
20/11/25 09:00	0.0149%
20/11/25 10:00	0.0143%
20/11/25 11:00	0.0144%
20/11/25 12:00	0.0144%
20/11/25 13:00	0.0147%
20/11/25 14:00	0.0152%
20/11/25 15:00	0.0154%
20/11/25 16:00	0.0157%
20/11/25 17:00	0.0154%
20/11/25 18:00	0.0144%
20/11/25 19:00	0.0138%
20/11/25 20:00	0.0127%
20/11/25 21:00	0.0111%
20/11/25 22:00	0.0102%
20/11/25 23:00	0.0098%
21/11/25 00:00	0.0094%
21/11/25 01:00	0.0093%
21/11/25 02:00	0.0093%
21/11/25 03:00	0.0093%
21/11/25 04:00	0.0096%
21/11/25 05:00	0.0109%
21/11/25 06:00	0.0128%
21/11/25 07:00	0.0143%
21/11/25 08:00	0.0153%
21/11/25 09:00	0.0151%
21/11/25 10:00	0.0144%
21/11/25 11:00	0.0142%
21/11/25 12:00	0.0141%
21/11/25 13:00	0.0143%
21/11/25 14:00	0.0150%
21/11/25 15:00	0.0153%
21/11/25 16:00	0.0156%
21/11/25 17:00	0.0152%
21/11/25 18:00	0.0141%
21/11/25 19:00	0.0135%
21/11/25 20:00	0.0123%
21/11/25 21:00	0.0112%
21/11/25 22:00	0.0104%
21/11/25 23:00	0.0100%
22/11/25 00:00	0.0097%
22/11/25 01:00	0.0094%
22/11/25 02:00	0.0094%
22/11/25 03:00	0.0095%
22/11/25 04:00	0.0095%
22/11/25 05:00	0.0099%
22/11/25 06:00	0.0104%
22/11/25 07:00	0.0114%
22/11/25 08:00	0.0126%
22/11/25 09:00	0.0130%
22/11/25 10:00	0.0133%
22/11/25 11:00	0.0133%
22/11/25 12:00	0.0131%
22/11/25 13:00	0.0129%
22/11/25 14:00	0.0131%
22/11/25 15:00	0.0137%
22/11/25 16:00	0.0144%
22/11/25 17:00	0.0141%
22/11/25 18:00	0.0135%
22/11/25 19:00	0.0128%
22/11/25 20:00	0.0118%
22/11/25 21:00	0.0112%
22/11/25 22:00	0.0103%
22/11/25 23:00	0.0100%
23/11/25 00:00	0.0098%
23/11/25 01:00	0.0095%
23/11/25 02:00	0.0094%
23/11/25 03:00	0.0095%
23/11/25 04:00	0.0095%
23/11/25 05:00	0.0097%
23/11/25 06:00	0.0101%
23/11/25 07:00	0.0105%
23/11/25 08:00	0.0109%
23/11/25 09:00	0.0120%
23/11/25 10:00	0.0126%
23/11/25 11:00	0.0127%
23/11/25 12:00	0.0127%
23/11/25 13:00	0.0128%
23/11/25 14:00	0.0131%
23/11/25 15:00	0.0134%
23/11/25 16:00	0.0140%
23/11/25 17:00	0.0140%
23/11/25 18:00	0.0134%
23/11/25 19:00	0.0126%
23/11/25 20:00	0.0118%
23/11/25 21:00	0.0112%
23/11/25 22:00	0.0102%
23/11/25 23:00	0.0098%
24/11/25 00:00	0.0094%
24/11/25 01:00	0.0093%
24/11/25 02:00	0.0094%
24/11/25 03:00	0.0094%
24/11/25 04:00	0.0098%
24/11/25 05:00	0.0111%
24/11/25 06:00	0.0129%
24/11/25 07:00	0.0142%
24/11/25 08:00	0.0154%
24/11/25 09:00	0.0152%
24/11/25 10:00	0.0150%
24/11/25 11:00	0.0150%
24/11/25 12:00	0.0147%
24/11/25 13:00	0.0148%
24/11/25 14:00	0.0151%
24/11/25 15:00	0.0151%
24/11/25 16:00	0.0157%
24/11/25 17:00	0.0150%
24/11/25 18:00	0.0141%
24/11/25 19:00	0.0133%
24/11/25 20:00	0.0124%
24/11/25 21:00	0.0113%
24/11/25 22:00	0.0104%
24/11/25 23:00	0.0100%
25/11/25 00:00	0.0095%
25/11/25 01:00	0.0092%
25/11/25 02:00	0.0092%
25/11/25 03:00	0.0091%
25/11/25 04:00	0.0096%
25/11/25 05:00	0.0111%
25/11/25 06:00	0.0130%
25/11/25 07:00	0.0145%
25/11/25 08:00	0.0154%
25/11/25 09:00	0.0153%
25/11/25 10:00	0.0149%
25/11/25 11:00	0.0147%
25/11/25 12:00	0.0147%
25/11/25 13:00	0.0148%
25/11/25 14:00	0.0152%
25/11/25 15:00	0.0154%
25/11/25 16:00	0.0157%
25/11/25 17:00	0.0152%
25/11/25 18:00	0.0143%
25/11/25 19:00	0.0135%
25/11/25 20:00	0.0126%
25/11/25 21:00	0.0116%
25/11/25 22:00	0.0105%
25/11/25 23:00	0.0098%
26/11/25 00:00	0.0095%
26/11/25 01:00	0.0094%
26/11/25 02:00	0.0092%
26/11/25 03:00	0.0093%
26/11/25 04:00	0.0095%
26/11/25 05:00	0.0110%
26/11/25 06:00	0.0131%
26/11/25 07:00	0.0147%
26/11/25 08:00	0.0157%
26/11/25 09:00	0.0157%
26/11/25 10:00	0.0153%
26/11/25 11:00	0.0151%
26/11/25 12:00	0.0149%
26/11/25 13:00	0.0150%
26/11/25 14:00	0.0155%
26/11/25 15:00	0.0156%
26/11/25 16:00	0.0161%
26/11/25 17:00	0.0155%
26/11/25 18:00	0.0146%
26/11/25 19:00	0.0138%
26/11/25 20:00	0.0127%
26/11/25 21:00	0.0118%
26/11/25 22:00	0.0110%
26/11/25 23:00	0.0105%
27/11/25 00:00	0.0101%
27/11/25 01:00	0.0099%
27/11/25 02:00	0.0098%
27/11/25 03:00	0.0098%
27/11/25 04:00	0.0102%
27/11/25 05:00	0.0113%
27/11/25 06:00	0.0132%
27/11/25 07:00	0.0146%
27/11/25 08:00	0.0156%
27/11/25 09:00	0.0159%
27/11/25 10:00	0.0159%
27/11/25 11:00	0.0156%
27/11/25 12:00	0.0156%
27/11/25 13:00	0.0156%
27/11/25 14:00	0.0155%
27/11/25 15:00	0.0153%
27/11/25 16:00	0.0156%
27/11/25 17:00	0.0150%
27/11/25 18:00	0.0144%
27/11/25 19:00	0.0136%
27/11/25 20:00	0.0127%
27/11/25 21:00	0.0120%
27/11/25 22:00	0.0111%
27/11/25 23:00	0.0104%
28/11/25 00:00	0.0100%
28/11/25 01:00	0.0098%
28/11/25 02:00	0.0097%
28/11/25 03:00	0.0097%
28/11/25 04:00	0.0101%
28/11/25 05:00	0.0111%
28/11/25 06:00	0.0129%
28/11/25 07:00	0.0142%
28/11/25 08:00	0.0148%
28/11/25 09:00	0.0150%
28/11/25 10:00	0.0149%
28/11/25 11:00	0.0147%
28/11/25 12:00	0.0146%
28/11/25 13:00	0.0146%
28/11/25 14:00	0.0146%
28/11/25 15:00	0.0148%
28/11/25 16:00	0.0149%
28/11/25 17:00	0.0146%
28/11/25 18:00	0.0138%
28/11/25 19:00	0.0130%
28/11/25 20:00	0.0125%
28/11/25 21:00	0.0117%
28/11/25 22:00	0.0110%
28/11/25 23:00	0.0103%
29/11/25 00:00	0.0098%
29/11/25 01:00	0.0095%
29/11/25 02:00	0.0093%
29/11/25 03:00	0.0093%
29/11/25 04:00	0.0095%
29/11/25 05:00	0.0098%
29/11/25 06:00	0.0109%
29/11/25 07:00	0.0117%
29/11/25 08:00	0.0129%
29/11/25 09:00	0.0132%
29/11/25 10:00	0.0140%
29/11/25 11:00	0.0139%
29/11/25 12:00	0.0137%
29/11/25 13:00	0.0130%
29/11/25 14:00	0.0129%
29/11/25 15:00	0.0130%
29/11/25 16:00	0.0134%
29/11/25 17:00	0.0131%
29/11/25 18:00	0.0125%
29/11/25 19:00	0.0122%
29/11/25 20:00	0.0117%
29/11/25 21:00	0.0111%
29/11/25 22:00	0.0105%
29/11/25 23:00	0.0099%
30/11/25 00:00	0.0098%
30/11/25 01:00	0.0094%
30/11/25 02:00	0.0093%
30/11/25 03:00	0.0092%
30/11/25 04:00	0.0093%
30/11/25 05:00	0.0097%
30/11/25 06:00	0.0101%
30/11/25 07:00	0.0110%
30/11/25 08:00	0.0118%
30/11/25 09:00	0.0124%
30/11/25 10:00	0.0128%
30/11/25 11:00	0.0132%
30/11/25 12:00	0.0131%
30/11/25 13:00	0.0130%
30/11/25 14:00	0.0134%
30/11/25 15:00	0.0133%
30/11/25 16:00	0.0138%
30/11/25 17:00	0.0135%
30/11/25 18:00	0.0129%
30/11/25 19:00	0.0126%
30/11/25 20:00	0.0121%
30/11/25 21:00	0.0113%
30/11/25 22:00	0.0105%
30/11/25 23:00	0.0099%
01/12/25 00:00	0.0095%
01/12/25 01:00	0.0094%
01/12/25 02:00	0.0095%
01/12/25 03:00	0.0096%
01/12/25 04:00	0.0099%
01/12/25 05:00	0.0112%
01/12/25 06:00	0.0131%
01/12/25 07:00	0.0147%
01/12/25 08:00	0.0155%
01/12/25 09:00	0.0156%
01/12/25 10:00	0.0153%
01/12/25 11:00	0.0155%
01/12/25 12:00	0.0155%
01/12/25 13:00	0.0158%
01/12/25 14:00	0.0158%
01/12/25 15:00	0.0157%
01/12/25 16:00	0.0160%
01/12/25 17:00	0.0154%
01/12/25 18:00	0.0145%
01/12/25 19:00	0.0135%
01/12/25 20:00	0.0129%
01/12/25 21:00	0.0121%
01/12/25 22:00	0.0112%
01/12/25 23:00	0.0105%
02/12/25 00:00	0.0100%
02/12/25 01:00	0.0099%
02/12/25 02:00	0.0098%
02/12/25 03:00	0.0098%
02/12/25 04:00	0.0100%
02/12/25 05:00	0.0112%
02/12/25 06:00	0.0128%
02/12/25 07:00	0.0143%
02/12/25 08:00	0.0151%
02/12/25 09:00	0.0151%
02/12/25 10:00	0.0147%
02/12/25 11:00	0.0145%
02/12/25 12:00	0.0146%
02/12/25 13:00	0.0146%
02/12/25 14:00	0.0149%
02/12/25 15:00	0.0150%
02/12/25 16:00	0.0154%
02/12/25 17:00	0.0146%
02/12/25 18:00	0.0139%
02/12/25 19:00	0.0130%
02/12/25 20:00	0.0123%
02/12/25 21:00	0.0114%
02/12/25 22:00	0.0104%
02/12/25 23:00	0.0099%
03/12/25 00:00	0.0095%
03/12/25 01:00	0.0093%
03/12/25 02:00	0.0091%
03/12/25 03:00	0.0091%
03/12/25 04:00	0.0094%
03/12/25 05:00	0.0105%
03/12/25 06:00	0.0126%
03/12/25 07:00	0.0143%
03/12/25 08:00	0.0147%
03/12/25 09:00	0.0153%
03/12/25 10:00	0.0151%
03/12/25 11:00	0.0150%
03/12/25 12:00	0.0151%
03/12/25 13:00	0.0151%
03/12/25 14:00	0.0153%
03/12/25 15:00	0.0153%
03/12/25 16:00	0.0157%
03/12/25 17:00	0.0151%
03/12/25 18:00	0.0143%
03/12/25 19:00	0.0133%
03/12/25 20:00	0.0125%
03/12/25 21:00	0.0118%
03/12/25 22:00	0.0105%
03/12/25 23:00	0.0099%
04/12/25 00:00	0.0097%
04/12/25 01:00	0.0095%
04/12/25 02:00	0.0094%
04/12/25 03:00	0.0093%
04/12/25 04:00	0.0099%
04/12/25 05:00	0.0113%
04/12/25 06:00	0.0132%
04/12/25 07:00	0.0144%
04/12/25 08:00	0.0148%
04/12/25 09:00	0.0146%
04/12/25 10:00	0.0143%
04/12/25 11:00	0.0145%
04/12/25 12:00	0.0146%
04/12/25 13:00	0.0145%
04/12/25 14:00	0.0149%
04/12/25 15:00	0.0149%
04/12/25 16:00	0.0151%
04/12/25 17:00	0.0148%
04/12/25 18:00	0.0144%
04/12/25 19:00	0.0137%
04/12/25 20:00	0.0128%
04/12/25 21:00	0.0121%
04/12/25 22:00	0.0110%
04/12/25 23:00	0.0104%
05/12/25 00:00	0.0098%
05/12/25 01:00	0.0097%
05/12/25 02:00	0.0096%
05/12/25 03:00	0.0096%
05/12/25 04:00	0.0100%
05/12/25 05:00	0.0115%
05/12/25 06:00	0.0134%
05/12/25 07:00	0.0150%
05/12/25 08:00	0.0155%
05/12/25 09:00	0.0156%
05/12/25 10:00	0.0154%
05/12/25 11:00	0.0152%
05/12/25 12:00	0.0152%
05/12/25 13:00	0.0155%
05/12/25 14:00	0.0156%
05/12/25 15:00	0.0155%
05/12/25 16:00	0.0159%
05/12/25 17:00	0.0153%
05/12/25 18:00	0.0144%
05/12/25 19:00	0.0138%
05/12/25 20:00	0.0130%
05/12/25 21:00	0.0121%
05/12/25 22:00	0.0112%
05/12/25 23:00	0.0106%
06/12/25 00:00	0.0103%
06/12/25 01:00	0.0098%
06/12/25 02:00	0.0095%
06/12/25 03:00	0.0095%
06/12/25 04:00	0.0098%
06/12/25 05:00	0.0104%
06/12/25 06:00	0.0113%
06/12/25 07:00	0.0121%
06/12/25 08:00	0.0130%
06/12/25 09:00	0.0137%
06/12/25 10:00	0.0142%
06/12/25 11:00	0.0141%
06/12/25 12:00	0.0135%
06/12/25 13:00	0.0134%
06/12/25 14:00	0.0134%
06/12/25 15:00	0.0135%
06/12/25 16:00	0.0141%
06/12/25 17:00	0.0135%
06/12/25 18:00	0.0129%
06/12/25 19:00	0.0125%
06/12/25 20:00	0.0120%
06/12/25 21:00	0.0113%
06/12/25 22:00	0.0108%
06/12/25 23:00	0.0103%
07/12/25 00:00	0.0099%
07/12/25 01:00	0.0095%
07/12/25 02:00	0.0092%
07/12/25 03:00	0.0091%
07/12/25 04:00	0.0093%
07/12/25 05:00	0.0096%
07/12/25 06:00	0.0100%
07/12/25 07:00	0.0109%
07/12/25 08:00	0.0117%
07/12/25 09:00	0.0121%
07/12/25 10:00	0.0125%
07/12/25 11:00	0.0129%
07/12/25 12:00	0.0130%
07/12/25 13:00	0.0130%
07/12/25 14:00	0.0130%
07/12/25 15:00	0.0129%
07/12/25 16:00	0.0138%
07/12/25 17:00	0.0135%
07/12/25 18:00	0.0130%
07/12/25 19:00	0.0125%
07/12/25 20:00	0.0121%
07/12/25 21:00	0.0114%
07/12/25 22:00	0.0107%
07/12/25 23:00	0.0101%
08/12/25 00:00	0.0097%
08/12/25 01:00	0.0097%
08/12/25 02:00	0.0096%
08/12/25 03:00	0.0097%
08/12/25 04:00	0.0100%
08/12/25 05:00	0.0109%
08/12/25 06:00	0.0127%
08/12/25 07:00	0.0146%
08/12/25 08:00	0.0150%
08/12/25 09:00	0.0151%
08/12/25 10:00	0.0151%
08/12/25 11:00	0.0150%
08/12/25 12:00	0.0149%
08/12/25 13:00	0.0149%
08/12/25 14:00	0.0152%
08/12/25 15:00	0.0153%
08/12/25 16:00	0.0154%
08/12/25 17:00	0.0149%
08/12/25 18:00	0.0143%
08/12/25 19:00	0.0137%
08/12/25 20:00	0.0127%
08/12/25 21:00	0.0119%
08/12/25 22:00	0.0110%
08/12/25 23:00	0.0103%
09/12/25 00:00	0.0098%
09/12/25 01:00	0.0095%
09/12/25 02:00	0.0093%
09/12/25 03:00	0.0094%
09/12/25 04:00	0.0099%
09/12/25 05:00	0.0109%
09/12/25 06:00	0.0127%
09/12/25 07:00	0.0143%
09/12/25 08:00	0.0146%
09/12/25 09:00	0.0147%
09/12/25 10:00	0.0147%
09/12/25 11:00	0.0148%
09/12/25 12:00	0.0149%
09/12/25 13:00	0.0146%
09/12/25 14:00	0.0148%
09/12/25 15:00	0.0149%
09/12/25 16:00	0.0153%
09/12/25 17:00	0.0149%
09/12/25 18:00	0.0141%
09/12/25 19:00	0.0134%
09/12/25 20:00	0.0126%
09/12/25 21:00	0.0119%
09/12/25 22:00	0.0109%
09/12/25 23:00	0.0104%
10/12/25 00:00	0.0099%
10/12/25 01:00	0.0097%
10/12/25 02:00	0.0095%
10/12/25 03:00	0.0095%
10/12/25 04:00	0.0098%
10/12/25 05:00	0.0109%
10/12/25 06:00	0.0127%
10/12/25 07:00	0.0140%
10/12/25 08:00	0.0145%
10/12/25 09:00	0.0145%
10/12/25 10:00	0.0144%
10/12/25 11:00	0.0145%
10/12/25 12:00	0.0145%
10/12/25 13:00	0.0145%
10/12/25 14:00	0.0146%
10/12/25 15:00	0.0147%
10/12/25 16:00	0.0151%
10/12/25 17:00	0.0146%
10/12/25 18:00	0.0143%
10/12/25 19:00	0.0135%
10/12/25 20:00	0.0128%
10/12/25 21:00	0.0120%
10/12/25 22:00	0.0108%
10/12/25 23:00	0.0104%
11/12/25 00:00	0.0100%
11/12/25 01:00	0.0097%
11/12/25 02:00	0.0096%
11/12/25 03:00	0.0096%
11/12/25 04:00	0.0099%
11/12/25 05:00	0.0111%
11/12/25 06:00	0.0131%
11/12/25 07:00	0.0143%
11/12/25 08:00	0.0145%
11/12/25 09:00	0.0145%
11/12/25 10:00	0.0143%
11/12/25 11:00	0.0140%
11/12/25 12:00	0.0142%
11/12/25 13:00	0.0142%
11/12/25 14:00	0.0146%
11/12/25 15:00	0.0147%
11/12/25 16:00	0.0151%
11/12/25 17:00	0.0147%
11/12/25 18:00	0.0143%
11/12/25 19:00	0.0135%
11/12/25 20:00	0.0127%
11/12/25 21:00	0.0121%
11/12/25 22:00	0.0108%
11/12/25 23:00	0.0104%
12/12/25 00:00	0.0100%
12/12/25 01:00	0.0098%
12/12/25 02:00	0.0097%
12/12/25 03:00	0.0096%
12/12/25 04:00	0.0098%
12/12/25 05:00	0.0111%
12/12/25 06:00	0.0130%
12/12/25 07:00	0.0142%
12/12/25 08:00	0.0145%
12/12/25 09:00	0.0145%
12/12/25 10:00	0.0143%
12/12/25 11:00	0.0142%
12/12/25 12:00	0.0144%
12/12/25 13:00	0.0144%
12/12/25 14:00	0.0145%
12/12/25 15:00	0.0144%
12/12/25 16:00	0.0147%
12/12/25 17:00	0.0144%
12/12/25 18:00	0.0137%
12/12/25 19:00	0.0129%
12/12/25 20:00	0.0123%
12/12/25 21:00	0.0116%
12/12/25 22:00	0.0108%
12/12/25 23:00	0.0103%
13/12/25 00:00	0.0099%
13/12/25 01:00	0.0096%
13/12/25 02:00	0.0095%
13/12/25 03:00	0.0094%
13/12/25 04:00	0.0093%
13/12/25 05:00	0.0095%
13/12/25 06:00	0.0103%
13/12/25 07:00	0.0115%
13/12/25 08:00	0.0126%
13/12/25 09:00	0.0131%
13/12/25 10:00	0.0130%
13/12/25 11:00	0.0130%
13/12/25 12:00	0.0130%
13/12/25 13:00	0.0129%
13/12/25 14:00	0.0129%
13/12/25 15:00	0.0132%
13/12/25 16:00	0.0136%
13/12/25 17:00	0.0133%
13/12/25 18:00	0.0128%
13/12/25 19:00	0.0123%
13/12/25 20:00	0.0118%
13/12/25 21:00	0.0112%
13/12/25 22:00	0.0104%
13/12/25 23:00	0.0103%
14/12/25 00:00	0.0100%
14/12/25 01:00	0.0097%
14/12/25 02:00	0.0094%
14/12/25 03:00	0.0093%
14/12/25 04:00	0.0093%
14/12/25 05:00	0.0097%
14/12/25 06:00	0.0102%
14/12/25 07:00	0.0111%
14/12/25 08:00	0.0120%
14/12/25 09:00	0.0126%
14/12/25 10:00	0.0129%
14/12/25 11:00	0.0133%
14/12/25 12:00	0.0133%
14/12/25 13:00	0.0134%
14/12/25 14:00	0.0134%
14/12/25 15:00	0.0133%
14/12/25 16:00	0.0140%
14/12/25 17:00	0.0136%
14/12/25 18:00	0.0130%
14/12/25 19:00	0.0127%
14/12/25 20:00	0.0122%
14/12/25 21:00	0.0114%
14/12/25 22:00	0.0107%
14/12/25 23:00	0.0102%
15/12/25 00:00	0.0099%
15/12/25 01:00	0.0096%
15/12/25 02:00	0.0094%
15/12/25 03:00	0.0094%
15/12/25 04:00	0.0099%
15/12/25 05:00	0.0111%
15/12/25 06:00	0.0130%
15/12/25 07:00	0.0146%
15/12/25 08:00	0.0153%
15/12/25 09:00	0.0150%
15/12/25 10:00	0.0148%
15/12/25 11:00	0.0146%
15/12/25 12:00	0.0146%
15/12/25 13:00	0.0145%
15/12/25 14:00	0.0148%
15/12/25 15:00	0.0149%
15/12/25 16:00	0.0154%
15/12/25 17:00	0.0148%
15/12/25 18:00	0.0144%
15/12/25 19:00	0.0136%
15/12/25 20:00	0.0126%
15/12/25 21:00	0.0116%
15/12/25 22:00	0.0107%
15/12/25 23:00	0.0101%
16/12/25 00:00	0.0098%
16/12/25 01:00	0.0095%
16/12/25 02:00	0.0092%
16/12/25 03:00	0.0094%
16/12/25 04:00	0.0098%
16/12/25 05:00	0.0111%
16/12/25 06:00	0.0129%
16/12/25 07:00	0.0145%
16/12/25 08:00	0.0149%
16/12/25 09:00	0.0147%
16/12/25 10:00	0.0144%
16/12/25 11:00	0.0145%
16/12/25 12:00	0.0145%
16/12/25 13:00	0.0145%
16/12/25 14:00	0.0149%
16/12/25 15:00	0.0149%
16/12/25 16:00	0.0152%
16/12/25 17:00	0.0147%
16/12/25 18:00	0.0141%
16/12/25 19:00	0.0133%
16/12/25 20:00	0.0124%
16/12/25 21:00	0.0116%
16/12/25 22:00	0.0108%
16/12/25 23:00	0.0101%
17/12/25 00:00	0.0096%
17/12/25 01:00	0.0095%
17/12/25 02:00	0.0094%
17/12/25 03:00	0.0094%
17/12/25 04:00	0.0098%
17/12/25 05:00	0.0111%
17/12/25 06:00	0.0127%
17/12/25 07:00	0.0143%
17/12/25 08:00	0.0148%
17/12/25 09:00	0.0150%
17/12/25 10:00	0.0148%
17/12/25 11:00	0.0147%
17/12/25 12:00	0.0148%
17/12/25 13:00	0.0148%
17/12/25 14:00	0.0149%
17/12/25 15:00	0.0148%
17/12/25 16:00	0.0152%
17/12/25 17:00	0.0147%
17/12/25 18:00	0.0143%
17/12/25 19:00	0.0134%
17/12/25 20:00	0.0125%
17/12/25 21:00	0.0120%
17/12/25 22:00	0.0112%
17/12/25 23:00	0.0106%
18/12/25 00:00	0.0101%
18/12/25 01:00	0.0100%
18/12/25 02:00	0.0099%
18/12/25 03:00	0.0099%
18/12/25 04:00	0.0102%
18/12/25 05:00	0.0113%
18/12/25 06:00	0.0131%
18/12/25 07:00	0.0147%
18/12/25 08:00	0.0152%
18/12/25 09:00	0.0153%
18/12/25 10:00	0.0151%
18/12/25 11:00	0.0148%
18/12/25 12:00	0.0148%
18/12/25 13:00	0.0149%
18/12/25 14:00	0.0153%
18/12/25 15:00	0.0152%
18/12/25 16:00	0.0154%
18/12/25 17:00	0.0149%
18/12/25 18:00	0.0142%
18/12/25 19:00	0.0135%
18/12/25 20:00	0.0127%
18/12/25 21:00	0.0119%
18/12/25 22:00	0.0111%
18/12/25 23:00	0.0106%
19/12/25 00:00	0.0101%
19/12/25 01:00	0.0099%
19/12/25 02:00	0.0098%
19/12/25 03:00	0.0097%
19/12/25 04:00	0.0100%
19/12/25 05:00	0.0109%
19/12/25 06:00	0.0127%
19/12/25 07:00	0.0143%
19/12/25 08:00	0.0148%
19/12/25 09:00	0.0148%
19/12/25 10:00	0.0148%
19/12/25 11:00	0.0148%
19/12/25 12:00	0.0147%
19/12/25 13:00	0.0147%
19/12/25 14:00	0.0148%
19/12/25 15:00	0.0147%
19/12/25 16:00	0.0149%
19/12/25 17:00	0.0144%
19/12/25 18:00	0.0139%
19/12/25 19:00	0.0132%
19/12/25 20:00	0.0123%
19/12/25 21:00	0.0116%
19/12/25 22:00	0.0108%
19/12/25 23:00	0.0104%
20/12/25 00:00	0.0098%
20/12/25 01:00	0.0093%
20/12/25 02:00	0.0091%
20/12/25 03:00	0.0091%
20/12/25 04:00	0.0090%
20/12/25 05:00	0.0095%
20/12/25 06:00	0.0103%
20/12/25 07:00	0.0115%
20/12/25 08:00	0.0130%
20/12/25 09:00	0.0133%
20/12/25 10:00	0.0134%
20/12/25 11:00	0.0133%
20/12/25 12:00	0.0131%
20/12/25 13:00	0.0131%
20/12/25 14:00	0.0131%
20/12/25 15:00	0.0133%
20/12/25 16:00	0.0136%
20/12/25 17:00	0.0133%
20/12/25 18:00	0.0128%
20/12/25 19:00	0.0122%
20/12/25 20:00	0.0114%
20/12/25 21:00	0.0109%
20/12/25 22:00	0.0102%
20/12/25 23:00	0.0099%
21/12/25 00:00	0.0096%
21/12/25 01:00	0.0093%
21/12/25 02:00	0.0089%
21/12/25 03:00	0.0088%
21/12/25 04:00	0.0089%
21/12/25 05:00	0.0092%
21/12/25 06:00	0.0095%
21/12/25 07:00	0.0105%
21/12/25 08:00	0.0114%
21/12/25 09:00	0.0118%
21/12/25 10:00	0.0121%
21/12/25 11:00	0.0125%
21/12/25 12:00	0.0125%
21/12/25 13:00	0.0124%
21/12/25 14:00	0.0128%
21/12/25 15:00	0.0130%
21/12/25 16:00	0.0134%
21/12/25 17:00	0.0132%
21/12/25 18:00	0.0127%
21/12/25 19:00	0.0123%
21/12/25 20:00	0.0118%
21/12/25 21:00	0.0113%
21/12/25 22:00	0.0105%
21/12/25 23:00	0.0101%
22/12/25 00:00	0.0096%
22/12/25 01:00	0.0095%
22/12/25 02:00	0.0093%
22/12/25 03:00	0.0092%
22/12/25 04:00	0.0094%
22/12/25 05:00	0.0104%
22/12/25 06:00	0.0123%
22/12/25 07:00	0.0141%
22/12/25 08:00	0.0149%
22/12/25 09:00	0.0149%
22/12/25 10:00	0.0147%
22/12/25 11:00	0.0146%
22/12/25 12:00	0.0144%
22/12/25 13:00	0.0143%
22/12/25 14:00	0.0145%
22/12/25 15:00	0.0148%
22/12/25 16:00	0.0153%
22/12/25 17:00	0.0147%
22/12/25 18:00	0.0141%
22/12/25 19:00	0.0133%
22/12/25 20:00	0.0124%
22/12/25 21:00	0.0118%
22/12/25 22:00	0.0109%
22/12/25 23:00	0.0102%
23/12/25 00:00	0.0097%
23/12/25 01:00	0.0095%
23/12/25 02:00	0.0093%
23/12/25 03:00	0.0093%
23/12/25 04:00	0.0097%
23/12/25 05:00	0.0106%
23/12/25 06:00	0.0124%
23/12/25 07:00	0.0140%
23/12/25 08:00	0.0153%
23/12/25 09:00	0.0155%
23/12/25 10:00	0.0156%
23/12/25 11:00	0.0156%
23/12/25 12:00	0.0155%
23/12/25 13:00	0.0153%
23/12/25 14:00	0.0154%
23/12/25 15:00	0.0154%
23/12/25 16:00	0.0158%
23/12/25 17:00	0.0152%
23/12/25 18:00	0.0146%
23/12/25 19:00	0.0134%
23/12/25 20:00	0.0128%
23/12/25 21:00	0.0121%
23/12/25 22:00	0.0111%
23/12/25 23:00	0.0105%
24/12/25 00:00	0.0100%
24/12/25 01:00	0.0096%
24/12/25 02:00	0.0096%
24/12/25 03:00	0.0095%
24/12/25 04:00	0.0099%
24/12/25 05:00	0.0110%
24/12/25 06:00	0.0129%
24/12/25 07:00	0.0144%
24/12/25 08:00	0.0156%
24/12/25 09:00	0.0155%
24/12/25 10:00	0.0154%
24/12/25 11:00	0.0154%
24/12/25 12:00	0.0156%
24/12/25 13:00	0.0155%
24/12/25 14:00	0.0154%
24/12/25 15:00	0.0156%
24/12/25 16:00	0.0162%
24/12/25 17:00	0.0155%
24/12/25 18:00	0.0150%
24/12/25 19:00	0.0138%
24/12/25 20:00	0.0128%
24/12/25 21:00	0.0125%
24/12/25 22:00	0.0114%
24/12/25 23:00	0.0108%
25/12/25 00:00	0.0103%
25/12/25 01:00	0.0100%
25/12/25 02:00	0.0098%
25/12/25 03:00	0.0098%
25/12/25 04:00	0.0099%
25/12/25 05:00	0.0106%
25/12/25 06:00	0.0115%
25/12/25 07:00	0.0123%
25/12/25 08:00	0.0130%
25/12/25 09:00	0.0131%
25/12/25 10:00	0.0132%
25/12/25 11:00	0.0134%
25/12/25 12:00	0.0135%
25/12/25 13:00	0.0134%
25/12/25 14:00	0.0137%
25/12/25 15:00	0.0140%
25/12/25 16:00	0.0139%
25/12/25 17:00	0.0136%
25/12/25 18:00	0.0137%
25/12/25 19:00	0.0133%
25/12/25 20:00	0.0124%
25/12/25 21:00	0.0120%
25/12/25 22:00	0.0110%
25/12/25 23:00	0.0105%
26/12/25 00:00	0.0100%
26/12/25 01:00	0.0096%
26/12/25 02:00	0.0094%
26/12/25 03:00	0.0094%
26/12/25 04:00	0.0098%
26/12/25 05:00	0.0104%
26/12/25 06:00	0.0114%
26/12/25 07:00	0.0122%
26/12/25 08:00	0.0130%
26/12/25 09:00	0.0130%
26/12/25 10:00	0.0131%
26/12/25 11:00	0.0132%
26/12/25 12:00	0.0133%
26/12/25 13:00	0.0129%
26/12/25 14:00	0.0131%
26/12/25 15:00	0.0135%
26/12/25 16:00	0.0137%
26/12/25 17:00	0.0135%
26/12/25 18:00	0.0128%
26/12/25 19:00	0.0122%
26/12/25 20:00	0.0123%
26/12/25 21:00	0.0118%
26/12/25 22:00	0.0108%
26/12/25 23:00	0.0103%
27/12/25 00:00	0.0099%
27/12/25 01:00	0.0094%
27/12/25 02:00	0.0091%
27/12/25 03:00	0.0092%
27/12/25 04:00	0.0092%
27/12/25 05:00	0.0099%
27/12/25 06:00	0.0109%
27/12/25 07:00	0.0118%
27/12/25 08:00	0.0131%
27/12/25 09:00	0.0132%
27/12/25 10:00	0.0132%
27/12/25 11:00	0.0131%
27/12/25 12:00	0.0130%
27/12/25 13:00	0.0130%
27/12/25 14:00	0.0133%
27/12/25 15:00	0.0134%
27/12/25 16:00	0.0139%
27/12/25 17:00	0.0135%
27/12/25 18:00	0.0129%
27/12/25 19:00	0.0120%
27/12/25 20:00	0.0116%
27/12/25 21:00	0.0110%
27/12/25 22:00	0.0102%
27/12/25 23:00	0.0101%
28/12/25 00:00	0.0094%
28/12/25 01:00	0.0092%
28/12/25 02:00	0.0090%
28/12/25 03:00	0.0088%
28/12/25 04:00	0.0090%
28/12/25 05:00	0.0093%
28/12/25 06:00	0.0096%
28/12/25 07:00	0.0103%
28/12/25 08:00	0.0110%
28/12/25 09:00	0.0120%
28/12/25 10:00	0.0127%
28/12/25 11:00	0.0129%
28/12/25 12:00	0.0129%
28/12/25 13:00	0.0131%
28/12/25 14:00	0.0135%
28/12/25 15:00	0.0138%
28/12/25 16:00	0.0141%
28/12/25 17:00	0.0136%
28/12/25 18:00	0.0133%
28/12/25 19:00	0.0125%
28/12/25 20:00	0.0116%
28/12/25 21:00	0.0107%
28/12/25 22:00	0.0102%
28/12/25 23:00	0.0098%
29/12/25 00:00	0.0095%
29/12/25 01:00	0.0093%
29/12/25 02:00	0.0093%
29/12/25 03:00	0.0093%
29/12/25 04:00	0.0096%
29/12/25 05:00	0.0108%
29/12/25 06:00	0.0129%
29/12/25 07:00	0.0138%
29/12/25 08:00	0.0142%
29/12/25 09:00	0.0141%
29/12/25 10:00	0.0141%
29/12/25 11:00	0.0141%
29/12/25 12:00	0.0140%
29/12/25 13:00	0.0138%
29/12/25 14:00	0.0138%
29/12/25 15:00	0.0145%
29/12/25 16:00	0.0159%
29/12/25 17:00	0.0153%
29/12/25 18:00	0.0138%
29/12/25 19:00	0.0128%
29/12/25 20:00	0.0122%
29/12/25 21:00	0.0116%
29/12/25 22:00	0.0106%
29/12/25 23:00	0.0103%
30/12/25 00:00	0.0094%
30/12/25 01:00	0.0091%
30/12/25 02:00	0.0091%
30/12/25 03:00	0.0090%
30/12/25 04:00	0.0091%
30/12/25 05:00	0.0103%
30/12/25 06:00	0.0120%
30/12/25 07:00	0.0136%
30/12/25 08:00	0.0141%
30/12/25 09:00	0.0142%
30/12/25 10:00	0.0141%
30/12/25 11:00	0.0138%
30/12/25 12:00	0.0140%
30/12/25 13:00	0.0140%
30/12/25 14:00	0.0139%
30/12/25 15:00	0.0145%
30/12/25 16:00	0.0161%
30/12/25 17:00	0.0153%
30/12/25 18:00	0.0141%
30/12/25 19:00	0.0128%
30/12/25 20:00	0.0120%
30/12/25 21:00	0.0112%
30/12/25 22:00	0.0107%
30/12/25 23:00	0.0103%
31/12/25 00:00	0.0099%
31/12/25 01:00	0.0096%
31/12/25 02:00	0.0094%
31/12/25 03:00	0.0093%
31/12/25 04:00	0.0093%
31/12/25 05:00	0.0104%
31/12/25 06:00	0.0118%
31/12/25 07:00	0.0126%
31/12/25 08:00	0.0133%
31/12/25 09:00	0.0140%
31/12/25 10:00	0.0142%
31/12/25 11:00	0.0137%
31/12/25 12:00	0.0136%
31/12/25 13:00	0.0132%
31/12/25 14:00	0.0132%
31/12/25 15:00	0.0133%
31/12/25 16:00	0.0144%
31/12/25 17:00	0.0139%
31/12/25 18:00	0.0134%
31/12/25 19:00	0.0125%
31/12/25 20:00	0.0119%
31/12/25 21:00	0.0113%
31/12/25 22:00	0.0108%
31/12/25 23:00	0.0103%