datum	MW	°C
01/01/26 00:00	3.136485034	10.40
01/01/26 01:00	3.130013686	11.10
01/01/26 02:00	3.492162529	11.00
01/01/26 03:00	4.105445133	11.00
01/01/26 04:00	4.850862705	11.10
01/01/26 05:00	6.434924103	11.40
01/01/26 06:00	7.634326694	11.60
01/01/26 07:00	7.724064071	11.50
01/01/26 08:00	6.133812691	11.40
01/01/26 09:00	4.971106858	11.70
01/01/26 10:00	4.826757843	11.90
01/01/26 11:00	4.486698878	11.50
01/01/26 12:00	4.43469153	12.00
01/01/26 13:00	4.655669209	12.40
01/01/26 14:00	5.099155787	12.10
01/01/26 15:00	5.754520602	12.10
01/01/26 16:00	6.583830329	12.50
01/01/26 17:00	6.969565307	12.30
01/01/26 18:00	7.034937862	12.60
01/01/26 19:00	6.240610504	12.80
01/01/26 20:00	5.249473904	12.60
01/01/26 21:00	4.39659007	11.50
01/01/26 22:00	3.731169625	10.70
01/01/26 23:00	2.653414843	10.20
02/01/26 00:00	2.336151588	10.30
02/01/26 01:00	2.096327714	9.90
02/01/26 02:00	2.237848174	10.00
02/01/26 03:00	2.799644345	9.80
02/01/26 04:00	3.81750262	9.20
02/01/26 05:00	5.936765355	8.80
02/01/26 06:00	7.916324712	8.40
02/01/26 07:00	9.134540979	7.90
02/01/26 08:00	7.913714953	7.50
02/01/26 09:00	6.72021828	7.90
02/01/26 10:00	6.078470777	8.30
02/01/26 11:00	5.441109728	8.80
02/01/26 12:00	5.147725815	8.80
02/01/26 13:00	5.387050337	7.70
02/01/26 14:00	6.133731492	7.60
02/01/26 15:00	7.349563041	6.80
02/01/26 16:00	8.744944881	6.40
02/01/26 17:00	9.687919864	5.70
02/01/26 18:00	10.16497882	5.40
02/01/26 19:00	9.699960726	5.10
02/01/26 20:00	8.794193256	5.10
02/01/26 21:00	7.696944902	4.80
02/01/26 22:00	6.539156579	5.00
02/01/26 23:00	4.803831827	5.00
03/01/26 00:00	4.152810843	5.40
03/01/26 01:00	3.789546901	5.70
03/01/26 02:00	4.159211716	5.50
03/01/26 03:00	5.161544969	5.50
03/01/26 04:00	6.631152159	5.50
03/01/26 05:00	8.987644209	5.50
03/01/26 06:00	10.831173	5.70
03/01/26 07:00	11.49881802	6.00
03/01/26 08:00	9.732951141	7.10
03/01/26 09:00	8.188437468	8.60
03/01/26 10:00	7.405089248	10.00
03/01/26 11:00	6.754671541	10.50
03/01/26 12:00	6.48588661	10.00
03/01/26 13:00	6.629617286	10.20
03/01/26 14:00	7.166623176	8.80
03/01/26 15:00	7.976615471	8.10
03/01/26 16:00	8.936911597	7.80
03/01/26 17:00	9.504788254	8.50
03/01/26 18:00	9.715414226	7.60
03/01/26 19:00	9.035156852	8.10
03/01/26 20:00	8.121078564	7.30
03/01/26 21:00	7.13421572	6.90
03/01/26 22:00	6.220539288	6.30
03/01/26 23:00	4.660189244	6.20
04/01/26 00:00	3.668432871	6.50
04/01/26 01:00	3.360436818	6.50
04/01/26 02:00	3.708664231	6.30
04/01/26 03:00	4.628946491	5.50
04/01/26 04:00	6.037882709	6.60
04/01/26 05:00	8.403618583	6.40
04/01/26 06:00	10.31584801	6.40
04/01/26 07:00	11.07667934	6.70
04/01/26 08:00	9.406588208	6.90
04/01/26 09:00	7.936333922	7.10
04/01/26 10:00	7.164862496	7.50
04/01/26 11:00	6.473301926	7.90
04/01/26 12:00	6.131645528	7.80
04/01/26 13:00	6.246339641	7.80
04/01/26 14:00	6.844355559	7.60
04/01/26 15:00	7.828636666	7.30
04/01/26 16:00	8.97036849	7.20
04/01/26 17:00	9.676234692	7.00
04/01/26 18:00	9.941930849	7.30
04/01/26 19:00	9.262518762	6.80
04/01/26 20:00	8.24676517	7.40
04/01/26 21:00	7.126881013	7.90
04/01/26 22:00	6.053975369	8.10
04/01/26 23:00	4.355105936	8.40
05/01/26 00:00	3.340439405	8.70
05/01/26 01:00	2.841787495	8.50
05/01/26 02:00	2.9429634	9.50
05/01/26 03:00	3.606723058	9.90
05/01/26 04:00	4.784637279	6.10
05/01/26 05:00	7.072482194	7.10
05/01/26 06:00	9.142757352	8.20
05/01/26 07:00	10.11718968	9.10
05/01/26 08:00	8.541712518	9.00
05/01/26 09:00	7.215417642	9.10
05/01/26 10:00	6.71249389	8.50
05/01/26 11:00	6.355491875	8.30
05/01/26 12:00	6.334889575	8.30
05/01/26 13:00	6.648000363	8.30
05/01/26 14:00	7.30535609	8.20
05/01/26 15:00	8.271128231	5.20
05/01/26 16:00	9.428196532	5.10
05/01/26 17:00	10.21888887	6.30
05/01/26 18:00	10.55730714	6.30
05/01/26 19:00	9.919074915	6.20
05/01/26 20:00	8.949456135	4.90
05/01/26 21:00	7.853753458	5.60
05/01/26 22:00	6.781334421	5.00
05/01/26 23:00	5.018284069	5.50
06/01/26 00:00	3.632262343	6.20
06/01/26 01:00	3.182577807	6.40
06/01/26 02:00	3.487154955	6.90
06/01/26 03:00	4.320170778	7.20
06/01/26 04:00	5.647159092	7.30
06/01/26 05:00	8.005452753	6.80
06/01/26 06:00	9.679896411	6.60
06/01/26 07:00	9.758323401	6.80
06/01/26 08:00	8.069109203	7.50
06/01/26 09:00	7.011639486	7.80
06/01/26 10:00	6.625450656	7.90
06/01/26 11:00	5.972761046	8.80
06/01/26 12:00	5.747575956	8.30
06/01/26 13:00	6.036679877	8.10
06/01/26 14:00	6.823508034	7.60
06/01/26 15:00	7.92324797	7.00
06/01/26 16:00	9.109025535	6.80
06/01/26 17:00	9.748494049	6.40
06/01/26 18:00	10.23142006	5.70
06/01/26 19:00	9.756614146	4.80
06/01/26 20:00	8.770734807	4.40
06/01/26 21:00	7.738861087	4.70
06/01/26 22:00	6.79336673	5.00
06/01/26 23:00	4.951795521	5.10
07/01/26 00:00	3.757929502	5.50
07/01/26 01:00	3.291992778	6.20
07/01/26 02:00	3.549412805	6.80
07/01/26 03:00	4.220979543	7.20
07/01/26 04:00	5.390552589	8.10
07/01/26 05:00	7.608073932	9.10
07/01/26 06:00	9.216778599	9.30
07/01/26 07:00	9.147776488	8.50
07/01/26 08:00	7.528795937	8.40
07/01/26 09:00	6.390618103	8.60
07/01/26 10:00	6.193792975	8.90
07/01/26 11:00	5.87426896	8.40
07/01/26 12:00	6.013518751	8.50
07/01/26 13:00	6.469435154	8.30
07/01/26 14:00	7.218527137	8.10
07/01/26 15:00	8.105118051	8.00
07/01/26 16:00	9.115194105	8.00
07/01/26 17:00	9.664468857	7.80
07/01/26 18:00	9.910077813	7.50
07/01/26 19:00	9.258047374	7.20
07/01/26 20:00	8.164533332	7.40
07/01/26 21:00	7.069855968	7.30
07/01/26 22:00	6.006723256	7.40
07/01/26 23:00	4.162591069	7.60
08/01/26 00:00	3.110683161	7.60
08/01/26 01:00	2.728664446	7.80
08/01/26 02:00	2.9399944	7.70
08/01/26 03:00	3.708563779	7.60
08/01/26 04:00	5.001354021	7.30
08/01/26 05:00	7.355702964	6.90
08/01/26 06:00	9.339403726	7.00
08/01/26 07:00	10.28587528	7.10
08/01/26 08:00	8.761778347	7.50
08/01/26 09:00	7.466967724	7.90
08/01/26 10:00	6.890580633	8.30
08/01/26 11:00	6.468811766	8.30
08/01/26 12:00	6.402235512	8.40
08/01/26 13:00	6.688212993	8.10
08/01/26 14:00	7.215035313	8.10
08/01/26 15:00	7.962598648	8.00
08/01/26 16:00	8.860964622	7.70
08/01/26 17:00	9.384994861	7.50
08/01/26 18:00	9.586577991	7.40
08/01/26 19:00	9.008675383	6.80
08/01/26 20:00	8.113865152	6.40
08/01/26 21:00	7.101499134	5.60
08/01/26 22:00	6.04802049	6.20
08/01/26 23:00	4.395272205	6.60
09/01/26 00:00	3.230825703	6.50
09/01/26 01:00	2.854407387	6.70
09/01/26 02:00	3.097631735	6.80
09/01/26 03:00	3.877689641	7.10
09/01/26 04:00	5.131149108	7.80
09/01/26 05:00	7.371051589	8.10
09/01/26 06:00	9.101829131	7.90
09/01/26 07:00	9.856752053	7.70
09/01/26 08:00	8.260415727	8.20
09/01/26 09:00	6.934506485	8.60
09/01/26 10:00	6.324887305	8.90
09/01/26 11:00	5.882603102	9.20
09/01/26 12:00	5.800305605	9.30
09/01/26 13:00	6.079272066	9.50
09/01/26 14:00	6.603412057	9.40
09/01/26 15:00	7.313848721	9.40
09/01/26 16:00	8.148709971	9.10
09/01/26 17:00	8.552718191	9.40
09/01/26 18:00	8.623743869	9.30
09/01/26 19:00	7.976454594	9.10
09/01/26 20:00	7.043310218	8.90
09/01/26 21:00	6.051740771	8.40
09/01/26 22:00	5.111123822	7.30
09/01/26 23:00	3.676114982	7.20
10/01/26 00:00	3.03840531	6.70
10/01/26 01:00	2.905402834	6.20
10/01/26 02:00	3.397805726	6.10
10/01/26 03:00	4.463162796	5.40
10/01/26 04:00	6.029133963	2.70
10/01/26 05:00	8.520761825	5.10
10/01/26 06:00	10.37608969	5.50
10/01/26 07:00	10.99236098	5.30
10/01/26 08:00	9.080744285	5.90
10/01/26 09:00	7.321241013	7.50
10/01/26 10:00	6.285911815	8.40
10/01/26 11:00	5.50912638	8.50
10/01/26 12:00	5.295833673	8.80
10/01/26 13:00	5.6344456	9.00
10/01/26 14:00	6.293872549	9.00
10/01/26 15:00	7.152043972	9.00
10/01/26 16:00	8.108535076	9.10
10/01/26 17:00	8.605608191	9.10
10/01/26 18:00	8.73766542	9.00
10/01/26 19:00	8.09070733	9.00
10/01/26 20:00	7.138195234	8.90
10/01/26 21:00	6.11477125	8.60
10/01/26 22:00	5.129337241	8.40
10/01/26 23:00	3.603857907	8.50
11/01/26 00:00	2.59500556	8.90
11/01/26 01:00	2.240039847	8.90
11/01/26 02:00	2.393788682	8.90
11/01/26 03:00	3.035631944	8.60
11/01/26 04:00	4.182451288	8.60
11/01/26 05:00	6.448997569	8.00
11/01/26 06:00	8.428966718	7.70
11/01/26 07:00	9.569032687	7.90
11/01/26 08:00	8.313212434	8.10
11/01/26 09:00	7.250904367	8.10
11/01/26 10:00	6.855383424	8.30
11/01/26 11:00	6.518101078	8.50
11/01/26 12:00	6.448901952	8.60
11/01/26 13:00	6.687756385	8.60
11/01/26 14:00	7.138380435	8.50
11/01/26 15:00	7.796524202	8.40
11/01/26 16:00	8.604935315	8.30
11/01/26 17:00	8.988908108	8.30
11/01/26 18:00	9.037923715	8.00
11/01/26 19:00	8.35393043	8.10
11/01/26 20:00	7.338186127	8.30
11/01/26 21:00	6.226811457	8.50
11/01/26 22:00	5.1284225	8.60
11/01/26 23:00	3.532949815	8.80
12/01/26 00:00	2.929231302	8.80
12/01/26 01:00	2.530208846	8.60
12/01/26 02:00	2.66801267	8.10
12/01/26 03:00	3.320067208	8.10
12/01/26 04:00	4.448837342	8.50
12/01/26 05:00	6.692442367	8.70
12/01/26 06:00	8.67823657	8.60
12/01/26 07:00	9.71405402	8.40
12/01/26 08:00	8.28321636	8.60
12/01/26 09:00	7.069934706	9.20
12/01/26 10:00	6.544118763	9.60
12/01/26 11:00	6.067677983	9.80
12/01/26 12:00	5.899636606	10.50
12/01/26 13:00	6.092436555	9.40
12/01/26 14:00	6.646691234	9.00
12/01/26 15:00	7.544710794	7.90
12/01/26 16:00	8.677983005	7.40
12/01/26 17:00	9.462771726	6.80
12/01/26 18:00	9.882450671	5.70
12/01/26 19:00	9.411330025	5.80
12/01/26 20:00	8.532128426	6.20
12/01/26 21:00	7.456145997	5.40
12/01/26 22:00	6.344319014	5.70
12/01/26 23:00	4.633745329	5.50
13/01/26 00:00	3.69945952	5.70
13/01/26 01:00	3.369113152	6.00
13/01/26 02:00	3.8453432	5.60
13/01/26 03:00	4.89893889	5.30
13/01/26 04:00	6.470738555	4.60
13/01/26 05:00	9.03315972	4.30
13/01/26 06:00	10.80130827	3.80
13/01/26 07:00	10.84235994	3.80
13/01/26 08:00	9.010987169	5.20
13/01/26 09:00	7.66776149	5.20
13/01/26 10:00	6.90644851	6.40
13/01/26 11:00	5.902822634	6.80
13/01/26 12:00	5.347140168	7.40
13/01/26 13:00	5.461170644	7.30
13/01/26 14:00	6.2148771	6.30
13/01/26 15:00	7.459119701	5.80
13/01/26 16:00	8.888399577	5.40
13/01/26 17:00	9.756961979	4.20
13/01/26 18:00	10.35911707	5.20
13/01/26 19:00	9.880931066	5.50
13/01/26 20:00	8.787640213	5.50
13/01/26 21:00	7.637784093	5.50
13/01/26 22:00	6.669925494	5.10
13/01/26 23:00	4.901067748	4.90
14/01/26 00:00	4.066997015	4.90
14/01/26 01:00	3.84906003	4.90
14/01/26 02:00	4.418480528	4.70
14/01/26 03:00	5.517591331	3.80
14/01/26 04:00	7.11845239	3.10
14/01/26 05:00	9.669602668	4.00
14/01/26 06:00	11.38744967	4.30
14/01/26 07:00	11.16007726	4.20
14/01/26 08:00	9.457629728	4.50
14/01/26 09:00	7.875793211	5.50
14/01/26 10:00	7.052425303	6.60
14/01/26 11:00	6.094435507	6.90
14/01/26 12:00	5.687554588	6.60
14/01/26 13:00	5.834052116	7.20
14/01/26 14:00	6.696148754	6.30
14/01/26 15:00	8.031611483	5.90
14/01/26 16:00	9.743724052	3.30
14/01/26 17:00	11.0386754	2.40
14/01/26 18:00	11.93430326	2.20
14/01/26 19:00	11.71945109	1.80
14/01/26 20:00	10.81218608	1.20
14/01/26 21:00	9.728468086	0.00
14/01/26 22:00	8.554012814	0.20
14/01/26 23:00	6.60019401	0.60
15/01/26 00:00	5.922935253	0.70
15/01/26 01:00	5.819028224	0.90
15/01/26 02:00	6.600802918	0.90
15/01/26 03:00	7.956252363	1.30
15/01/26 04:00	9.480671833	1.50
15/01/26 05:00	11.56269691	1.50
15/01/26 06:00	13.13028268	1.70
15/01/26 07:00	13.51687935	2.00
15/01/26 08:00	11.38263149	3.10
15/01/26 09:00	9.436891917	4.50
15/01/26 10:00	8.260659668	5.20
15/01/26 11:00	7.234823917	5.50
15/01/26 12:00	6.67595293	6.20
15/01/26 13:00	6.717001035	6.10
15/01/26 14:00	7.431230181	5.50
15/01/26 15:00	8.779815929	3.90
15/01/26 16:00	10.52929498	1.40
15/01/26 17:00	12.01823457	-0.40
15/01/26 18:00	13.00645825	-1.20
15/01/26 19:00	12.78078077	-1.00
15/01/26 20:00	11.96528703	-1.10
15/01/26 21:00	10.80914069	-1.30
15/01/26 22:00	9.601732366	-1.80
15/01/26 23:00	7.805938872	-2.10
16/01/26 00:00	7.190200259	-2.20
16/01/26 01:00	7.323319521	-1.90
16/01/26 02:00	8.40230492	-2.10
16/01/26 03:00	10.01648009	-2.60
16/01/26 04:00	11.63604342	-2.60
16/01/26 05:00	13.73894663	-3.20
16/01/26 06:00	15.36499529	-2.70
16/01/26 07:00	15.62583347	-2.50
16/01/26 08:00	13.20417195	-0.80
16/01/26 09:00	10.8891728	0.90
16/01/26 10:00	9.349713386	2.80
16/01/26 11:00	8.026487556	3.60
16/01/26 12:00	7.324852959	4.40
16/01/26 13:00	7.372944985	4.30
16/01/26 14:00	8.232788757	3.20
16/01/26 15:00	9.73424863	1.50
16/01/26 16:00	11.59401919	-1.10
16/01/26 17:00	13.13617447	-2.00
16/01/26 18:00	14.16063493	-2.50
16/01/26 19:00	13.89254426	-3.10
16/01/26 20:00	13.08185346	-3.10
16/01/26 21:00	11.95389906	-4.00
16/01/26 22:00	10.80996203	-3.90
16/01/26 23:00	9.057616723	-4.40
17/01/26 00:00	8.199453119	-4.90
17/01/26 01:00	8.501519368	-4.90
17/01/26 02:00	9.722006598	-4.60
17/01/26 03:00	11.32942537	-4.70
17/01/26 04:00	12.79315209	-4.90
17/01/26 05:00	14.7112125	-4.40
17/01/26 06:00	16.17260398	-4.30
17/01/26 07:00	16.25317152	-3.50
17/01/26 08:00	13.68461945	-1.20
17/01/26 09:00	11.21457024	0.20
17/01/26 10:00	9.496710597	2.60
17/01/26 11:00	7.968041461	4.90
17/01/26 12:00	7.023417036	5.50
17/01/26 13:00	6.804786891	5.90
17/01/26 14:00	7.436350547	5.10
17/01/26 15:00	8.756136957	3.30
17/01/26 16:00	10.45296182	2.70
17/01/26 17:00	11.87682185	0.50
17/01/26 18:00	12.81283258	-0.30
17/01/26 19:00	12.49729237	-0.40
17/01/26 20:00	11.64199054	1.10
17/01/26 21:00	10.47748557	0.70
17/01/26 22:00	9.313796216	0.00
17/01/26 23:00	7.519238497	-1.70
18/01/26 00:00	6.511351325	-0.50
18/01/26 01:00	6.562619088	-1.40
18/01/26 02:00	7.48977817	-0.40
18/01/26 03:00	8.924170866	0.00
18/01/26 04:00	10.40554446	0.20
18/01/26 05:00	12.42687672	0.40
18/01/26 06:00	14.04721214	0.40
18/01/26 07:00	14.51650939	0.80
18/01/26 08:00	12.5631067	0.80
18/01/26 09:00	10.92808809	1.20
18/01/26 10:00	10.20461409	2.00
18/01/26 11:00	9.661549203	2.70
18/01/26 12:00	9.497232942	3.30
18/01/26 13:00	9.669085101	3.10
18/01/26 14:00	10.12003418	3.50
18/01/26 15:00	10.74503505	3.80
18/01/26 16:00	11.43148194	4.20
18/01/26 17:00	11.76553564	4.40
18/01/26 18:00	11.7730767	4.70
18/01/26 19:00	10.82940475	5.00
18/01/26 20:00	9.649428043	5.50
18/01/26 21:00	8.404746861	5.90
18/01/26 22:00	7.2680211	6.00
18/01/26 23:00	5.43113114	6.10
19/01/26 00:00	3.566898069	6.30
19/01/26 01:00	3.14637182	6.50
19/01/26 02:00	3.39366792	6.80
19/01/26 03:00	4.196248718	6.60
19/01/26 04:00	5.490158922	7.80
19/01/26 05:00	7.832604094	8.00
19/01/26 06:00	9.75821745	7.90
19/01/26 07:00	10.72263018	6.70
19/01/26 08:00	9.373681049	6.00
19/01/26 09:00	8.327448405	5.90
19/01/26 10:00	7.975683608	6.20
19/01/26 11:00	7.590468655	6.50
19/01/26 12:00	7.370771986	7.00
19/01/26 13:00	7.356090471	7.30
19/01/26 14:00	7.595551477	7.80
19/01/26 15:00	8.153546087	7.50
19/01/26 16:00	9.017541278	6.70
19/01/26 17:00	9.624440507	6.80
19/01/26 18:00	9.937717301	6.20
19/01/26 19:00	9.393611782	6.30
19/01/26 20:00	8.464700296	5.60
19/01/26 21:00	7.363503902	6.70
19/01/26 22:00	6.253751819	5.60
19/01/26 23:00	4.546789533	6.20
20/01/26 00:00	3.858223537	6.00
20/01/26 01:00	3.536819978	5.90
20/01/26 02:00	3.974645745	4.90
20/01/26 03:00	4.975604829	5.20
20/01/26 04:00	6.454927434	5.30
20/01/26 05:00	8.95105202	5.40
20/01/26 06:00	10.63923448	5.20
20/01/26 07:00	10.52156758	5.60
20/01/26 08:00	9.147351245	5.90
20/01/26 09:00	8.036511129	6.20
20/01/26 10:00	7.70502809	5.10
20/01/26 11:00	7.276179003	6.50
20/01/26 12:00	7.321845895	3.70
20/01/26 13:00	7.790509603	4.60
20/01/26 14:00	8.626016661	5.10
20/01/26 15:00	9.603397554	4.00
20/01/26 16:00	10.60687766	3.80
20/01/26 17:00	11.1850689	3.50
20/01/26 18:00	11.56898884	3.60
20/01/26 19:00	10.98423547	3.50
20/01/26 20:00	9.886997034	2.90
20/01/26 21:00	8.708896282	3.10
20/01/26 22:00	7.61768659	2.60
20/01/26 23:00	5.730369124	3.40
21/01/26 00:00	4.422436339	3.90
21/01/26 01:00	4.072257943	4.40
21/01/26 02:00	4.496356306	4.70
21/01/26 03:00	5.37130887	5.40
21/01/26 04:00	6.643436156	6.40
21/01/26 05:00	8.772303833	7.00
21/01/26 06:00	10.1395177	7.40
21/01/26 07:00	9.776654833	8.20
21/01/26 08:00	7.94527543	9.80
21/01/26 09:00	6.492771792	10.40
21/01/26 10:00	6.014498071	10.80
21/01/26 11:00	5.505232542	10.00
21/01/26 12:00	5.509242682	9.50
21/01/26 13:00	5.903058014	9.20
21/01/26 14:00	6.653487874	8.70
21/01/26 15:00	7.602266792	8.60
21/01/26 16:00	8.697844757	8.40
21/01/26 17:00	9.341795896	8.50
21/01/26 18:00	9.691398515	8.10
21/01/26 19:00	9.120627653	7.60
21/01/26 20:00	8.088622956	7.60
21/01/26 21:00	7.059080368	7.50
21/01/26 22:00	6.075528848	7.50
21/01/26 23:00	4.29908671	7.30
22/01/26 00:00	3.446542377	7.00
22/01/26 01:00	3.140881448	6.40
22/01/26 02:00	3.47562465	6.30
22/01/26 03:00	4.37990228	6.20
22/01/26 04:00	5.793059193	6.30
22/01/26 05:00	8.238531099	6.10
22/01/26 06:00	10.28426213	6.10
22/01/26 07:00	11.22971496	6.50
22/01/26 08:00	9.739333056	5.90
22/01/26 09:00	8.456040527	5.60
22/01/26 10:00	7.816455677	6.90
22/01/26 11:00	7.093059039	8.30
22/01/26 12:00	6.501270918	9.40
22/01/26 13:00	6.213892804	9.80
22/01/26 14:00	6.400498857	8.90
22/01/26 15:00	7.138045549	9.30
22/01/26 16:00	8.349610361	7.60
22/01/26 17:00	9.29342639	6.20
22/01/26 18:00	9.858663178	6.20
22/01/26 19:00	9.472638339	6.00
22/01/26 20:00	8.635704793	5.80
22/01/26 21:00	7.615066132	5.60
22/01/26 22:00	6.567014795	5.10
22/01/26 23:00	4.87641497	5.60
23/01/26 00:00	3.905359944	5.20
23/01/26 01:00	3.597421651	5.40
23/01/26 02:00	3.98567029	5.70
23/01/26 03:00	4.987454051	5.90
23/01/26 04:00	6.459136606	5.60
23/01/26 05:00	8.840025792	5.40
23/01/26 06:00	10.66100498	5.40
23/01/26 07:00	11.26536392	5.40
23/01/26 08:00	9.334692102	5.90
23/01/26 09:00	7.528759194	6.50
23/01/26 10:00	6.446015063	7.30
23/01/26 11:00	5.541144239	6.70
23/01/26 12:00	5.161257502	7.80
23/01/26 13:00	5.394547159	7.10
23/01/26 14:00	6.152045991	6.30
23/01/26 15:00	7.370291783	5.80
23/01/26 16:00	8.804431693	5.40
23/01/26 17:00	9.882621721	5.30
23/01/26 18:00	10.53183386	4.80
23/01/26 19:00	10.18605395	4.30
23/01/26 20:00	9.405504245	3.30
23/01/26 21:00	8.38736829	3.50
23/01/26 22:00	7.312129178	3.20
23/01/26 23:00	5.601515663	3.10
24/01/26 00:00	4.804859583	3.50
24/01/26 01:00	4.693686263	2.90
24/01/26 02:00	5.409420117	2.10
24/01/26 03:00	6.770873188	2.10
24/01/26 04:00	8.516424613	2.20
24/01/26 05:00	10.92990039	1.90
24/01/26 06:00	12.72639906	0.70
24/01/26 07:00	13.35002177	1.70
24/01/26 08:00	11.45368579	1.90
24/01/26 09:00	9.73375855	4.30
24/01/26 10:00	8.789078429	4.70
24/01/26 11:00	7.998608733	5.40
24/01/26 12:00	7.631718342	5.80
24/01/26 13:00	7.713217767	5.50
24/01/26 14:00	8.229356792	5.30
24/01/26 15:00	9.109289234	5.30
24/01/26 16:00	10.2288971	4.60
24/01/26 17:00	11.0203751	4.00
24/01/26 18:00	11.48746648	3.70
24/01/26 19:00	11.01766483	2.90
24/01/26 20:00	10.17676548	1.50
24/01/26 21:00	9.112353488	1.60
24/01/26 22:00	7.965780004	2.60
24/01/26 23:00	6.102330788	3.10
25/01/26 00:00	5.067586823	3.20
25/01/26 01:00	4.783983033	3.20
25/01/26 02:00	5.363376621	3.10
25/01/26 03:00	6.598017154	3.10
25/01/26 04:00	8.224590401	3.00
25/01/26 05:00	10.54908573	3.00
25/01/26 06:00	12.33331675	3.00
25/01/26 07:00	13.01625529	3.10
25/01/26 08:00	11.26296597	3.10
25/01/26 09:00	9.784496851	3.50
25/01/26 10:00	9.092884469	3.80
25/01/26 11:00	8.474382268	4.00
25/01/26 12:00	8.105252697	4.70
25/01/26 13:00	8.045557219	5.20
25/01/26 14:00	8.373081091	5.10
25/01/26 15:00	9.073094478	4.80
25/01/26 16:00	10.08083258	4.90
25/01/26 17:00	10.78288521	5.00
25/01/26 18:00	11.09151751	5.00
25/01/26 19:00	10.41700672	5.00
25/01/26 20:00	9.407382089	4.80
25/01/26 21:00	8.275896639	4.80
25/01/26 22:00	7.189322346	4.80
25/01/26 23:00	5.467040223	4.50
26/01/26 00:00	4.35119507	4.10
26/01/26 01:00	4.158694044	3.70
26/01/26 02:00	4.723972167	3.60
26/01/26 03:00	5.915977163	3.80
26/01/26 04:00	7.524573383	4.00
26/01/26 05:00	9.947378607	3.90
26/01/26 06:00	11.83109933	3.90
26/01/26 07:00	12.62691004	3.80
26/01/26 08:00	11.02140951	3.90
26/01/26 09:00	9.730435603	4.20
26/01/26 10:00	9.261027613	4.30
26/01/26 11:00	8.869818198	4.50
26/01/26 12:00	8.723942235	5.00
26/01/26 13:00	8.810392676	5.20
26/01/26 14:00	9.135458234	5.30
26/01/26 15:00	9.685956604	5.40
26/01/26 16:00	10.39856769	5.90
26/01/26 17:00	10.79697748	5.60
26/01/26 18:00	10.91190783	5.40
26/01/26 19:00	10.19821861	5.30
26/01/26 20:00	9.199943198	5.00
26/01/26 21:00	8.09327061	4.80
26/01/26 22:00	7.042058839	4.60
26/01/26 23:00	5.370385362	3.70
27/01/26 00:00	4.413580167	3.10
27/01/26 01:00	4.278628109	2.60
27/01/26 02:00	4.963990217	3.20
27/01/26 03:00	6.207476571	3.70
27/01/26 04:00	7.845281363	3.30
27/01/26 05:00	10.27193016	2.80
27/01/26 06:00	11.80072295	2.20
27/01/26 07:00	11.53300301	1.90
27/01/26 08:00	9.671756244	2.90
27/01/26 09:00	7.971705015	4.70
27/01/26 10:00	6.896097843	6.00
27/01/26 11:00	5.679163565	6.50
27/01/26 12:00	5.045157764	7.80
27/01/26 13:00	5.11905607	7.50
27/01/26 14:00	5.815910743	7.70
27/01/26 15:00	6.996904971	6.60
27/01/26 16:00	8.431723529	5.40
27/01/26 17:00	9.507055187	4.70
27/01/26 18:00	10.36976953	4.10
27/01/26 19:00	10.16621308	3.70
27/01/26 20:00	9.337135009	4.00
27/01/26 21:00	8.354099486	3.50
27/01/26 22:00	7.409142742	3.00
27/01/26 23:00	5.681888882	2.70
28/01/26 00:00	4.959403432	2.70
28/01/26 01:00	4.871742695	2.70
28/01/26 02:00	5.616606727	1.80
28/01/26 03:00	6.879132771	1.90
28/01/26 04:00	8.514307354	2.40
28/01/26 05:00	10.90757115	2.60
28/01/26 06:00	12.40306693	2.70
28/01/26 07:00	12.15757354	1.70
28/01/26 08:00	10.27529943	2.30
28/01/26 09:00	8.487931969	3.40
28/01/26 10:00	7.383506876	4.80
28/01/26 11:00	6.153201093	5.60
28/01/26 12:00	5.511991366	5.80
28/01/26 13:00	5.442026626	6.70
28/01/26 14:00	6.123357074	5.60
28/01/26 15:00	7.386822494	5.20
28/01/26 16:00	9.152507458	4.40
28/01/26 17:00	10.65038756	3.20
28/01/26 18:00	11.84556933	0.60
28/01/26 19:00	11.95180042	-1.00
28/01/26 20:00	11.2751417	0.10
28/01/26 21:00	10.27414162	0.50
28/01/26 22:00	9.053103924	0.50
28/01/26 23:00	7.013240031	0.40
29/01/26 00:00	6.451418811	0.50
29/01/26 01:00	6.311351575	0.50
29/01/26 02:00	7.120776671	0.60
29/01/26 03:00	8.571499988	0.70
29/01/26 04:00	10.23004443	0.60
29/01/26 05:00	12.50563746	0.10
29/01/26 06:00	14.45749843	-0.20
29/01/26 07:00	15.22597584	-0.50
29/01/26 08:00	13.54795492	-0.90
29/01/26 09:00	12.18822959	-1.10
29/01/26 10:00	11.72123487	-0.90
29/01/26 11:00	11.31944429	-0.90
29/01/26 12:00	11.19442071	-0.90
29/01/26 13:00	11.33897077	-0.90
29/01/26 14:00	11.85250808	-1.20
29/01/26 15:00	12.66659703	-1.40
29/01/26 16:00	13.65395675	-1.60
29/01/26 17:00	14.33910272	-1.30
29/01/26 18:00	14.62917573	-1.20
29/01/26 19:00	13.81595453	-1.40
29/01/26 20:00	12.68535259	-1.40
29/01/26 21:00	11.39682942	-1.40
29/01/26 22:00	10.1846575	-1.50
29/01/26 23:00	8.303735209	-1.70
30/01/26 00:00	7.449838798	-2.10
30/01/26 01:00	7.519133143	-1.90
30/01/26 02:00	8.552251657	-2.00
30/01/26 03:00	10.15967038	-2.40
30/01/26 04:00	11.80821847	-2.40
30/01/26 05:00	14.00134972	-2.70
30/01/26 06:00	15.90572088	-2.60
30/01/26 07:00	16.58950205	-2.40
30/01/26 08:00	14.84649233	-2.40
30/01/26 09:00	13.49291525	-2.40
30/01/26 10:00	13.10345503	-2.50
30/01/26 11:00	12.79710801	-2.40
30/01/26 12:00	12.70836076	-2.30
30/01/26 13:00	12.76130938	-2.00
30/01/26 14:00	13.06763767	-1.80
30/01/26 15:00	13.5859865	-1.70
30/01/26 16:00	14.26369173	-1.50
30/01/26 17:00	14.72535403	-1.40
30/01/26 18:00	14.87942031	-1.20
30/01/26 19:00	13.97698951	-1.30
30/01/26 20:00	12.81043828	-1.40
30/01/26 21:00	11.51660748	-1.30
30/01/26 22:00	10.3306603	-1.30
30/01/26 23:00	8.470905676	-1.60
31/01/26 00:00	7.929687358	-2.10
31/01/26 01:00	8.044807346	-2.50
31/01/26 02:00	9.190094327	-2.90
31/01/26 03:00	10.99314452	-3.70
31/01/26 04:00	12.8496895	-4.60
31/01/26 05:00	15.20217404	-5.50
31/01/26 06:00	17.22718907	-5.90
31/01/26 07:00	17.67263702	-5.90
31/01/26 08:00	15.30484722	-5.20
31/01/26 09:00	12.99319247	-4.70
31/01/26 10:00	11.50826999	-3.60
31/01/26 11:00	10.1731975	-2.50
31/01/26 12:00	9.369898246	-1.80
31/01/26 13:00	9.216844668	-1.20
31/01/26 14:00	9.889074033	-1.40
31/01/26 15:00	11.22121028	-2.00
31/01/26 16:00	12.93213906	-2.90
31/01/26 17:00	14.45884905	-3.30
31/01/26 18:00	15.51649135	-3.80
31/01/26 19:00	15.18261824	-4.40
31/01/26 20:00	14.39536216	-4.90
31/01/26 21:00	13.33836101	-5.60
31/01/26 22:00	12.37595811	-6.20
31/01/26 23:00	10.68222782	-6.60
01/02/26 00:00	10.15189214	-7.00
01/02/26 01:00	10.54012996	-7.40
01/02/26 02:00	11.90504959	-7.70
01/02/26 03:00	13.57749514	-7.60
01/02/26 04:00	15.04687842	-7.70
01/02/26 05:00	16.97124106	-7.60
01/02/26 06:00	18.61790598	-7.20
01/02/26 07:00	18.61474631	-6.90
01/02/26 08:00	15.80852275	-5.50
01/02/26 09:00	13.1245399	-4.30
01/02/26 10:00	11.37041166	-2.90
01/02/26 11:00	9.878966172	-2.00
01/02/26 12:00	9.039801346	-1.60
01/02/26 13:00	8.915451725	-1.60
01/02/26 14:00	9.676177123	-1.80
01/02/26 15:00	11.10614264	-2.40
01/02/26 16:00	12.88340984	-3.20
01/02/26 17:00	14.50582899	-3.50
01/02/26 18:00	15.64809761	-4.00
01/02/26 19:00	15.32501506	-4.20
01/02/26 20:00	14.55796147	-4.70
01/02/26 21:00	13.50942185	-5.20
01/02/26 22:00	12.5711831	-5.70
01/02/26 23:00	10.84298171	-6.00
02/02/26 00:00	10.14700923	-6.70
02/02/26 01:00	10.5027179	-7.10
02/02/26 02:00	11.88092789	-7.20
02/02/26 03:00	13.63732561	-7.70
02/02/26 04:00	15.23339006	-8.00
02/02/26 05:00	17.34009519	-8.40
02/02/26 06:00	19.2183777	-8.70
02/02/26 07:00	19.38505502	-8.60
02/02/26 08:00	16.66735881	-7.60
02/02/26 09:00	14.03134099	-6.50
02/02/26 10:00	12.33826385	-5.10
02/02/26 11:00	10.87993492	-4.20
02/02/26 12:00	10.0562724	-4.10
02/02/26 13:00	9.94421722	-3.70
02/02/26 14:00	10.74030401	-3.60
02/02/26 15:00	12.21769753	-4.80
02/02/26 16:00	14.06984526	-5.70
02/02/26 17:00	15.77229093	-6.10
02/02/26 18:00	16.96938163	-6.30
02/02/26 19:00	16.60416676	-6.50
02/02/26 20:00	15.75933544	-6.60
02/02/26 21:00	14.63050542	-7.00
02/02/26 22:00	13.66309139	-7.80
02/02/26 23:00	11.91389784	-8.20
03/02/26 00:00	11.19249052	-8.90
03/02/26 01:00	11.71770711	-9.70
03/02/26 02:00	12.94166177	-10.30
03/02/26 03:00	14.39590018	-8.60
03/02/26 04:00	15.62184521	-9.20
03/02/26 05:00	17.65580411	-7.80
03/02/26 06:00	18.67508796	-8.20
03/02/26 07:00	19.30259563	-6.80
03/02/26 08:00	17.40201228	-5.60
03/02/26 09:00	15.36678957	-5.20
03/02/26 10:00	14.3518259	-5.60
03/02/26 11:00	13.89503973	-5.90
03/02/26 12:00	13.97910853	-6.00
03/02/26 13:00	14.27809525	-5.90
03/02/26 14:00	14.95818731	-6.00
03/02/26 15:00	15.65658532	-6.10
03/02/26 16:00	16.64659413	-6.50
03/02/26 17:00	17.78596465	-8.30
03/02/26 18:00	18.31369521	-7.60
03/02/26 19:00	17.8455939	-7.10
03/02/26 20:00	17.04936385	-9.20
03/02/26 21:00	16.01814202	-12.80
03/02/26 22:00	14.96926739	-14.30
03/02/26 23:00	13.83527515	-14.80
04/02/26 00:00	13.84700079	-13.70
04/02/26 01:00	14.85351746	-16.10
04/02/26 02:00	16.52779283	-17.00
04/02/26 03:00	18.24065508	-17.20
04/02/26 04:00	19.66172662	-17.30
04/02/26 05:00	21.7809647	-18.30
04/02/26 06:00	22.51216189	-18.80
04/02/26 07:00	22.27440383	-17.10
04/02/26 08:00	18.90194373	-13.50
04/02/26 09:00	15.63458733	-9.00
04/02/26 10:00	12.71847326	-5.30
04/02/26 11:00	10.39738854	-4.90
04/02/26 12:00	9.257803717	-4.80
04/02/26 13:00	9.115615898	-5.40
04/02/26 14:00	10.24332603	-5.90
04/02/26 15:00	12.18074348	-6.80
04/02/26 16:00	14.76096142	-10.20
04/02/26 17:00	17.10515145	-12.10
04/02/26 18:00	19.07820775	-13.60
04/02/26 19:00	19.68924898	-14.10
04/02/26 20:00	19.01739327	-14.40
04/02/26 21:00	17.82579739	-13.20
04/02/26 22:00	16.37557551	-10.90
04/02/26 23:00	14.13041681	-10.10
05/02/26 00:00	12.18985134	-9.70
05/02/26 01:00	12.25530244	-9.30
05/02/26 02:00	13.40483722	-9.20
05/02/26 03:00	14.79613645	-9.30
05/02/26 04:00	16.07065551	-9.30
05/02/26 05:00	17.93732826	-9.20
05/02/26 06:00	19.60259687	-8.80
05/02/26 07:00	19.68199993	-8.80
05/02/26 08:00	17.00885665	-8.70
05/02/26 09:00	14.45270518	-7.20
05/02/26 10:00	12.84821575	-6.30
05/02/26 11:00	11.49514161	-5.30
05/02/26 12:00	10.81923383	-5.60
05/02/26 13:00	10.86133054	-5.50
05/02/26 14:00	11.69890863	-5.50
05/02/26 15:00	13.0308407	-5.30
05/02/26 16:00	14.61366711	-5.50
05/02/26 17:00	15.96097133	-5.50
05/02/26 18:00	16.84157969	-5.30
05/02/26 19:00	16.26017069	-5.50
05/02/26 20:00	15.28397842	-5.80
05/02/26 21:00	14.07994803	-6.20
05/02/26 22:00	13.01650802	-6.30
05/02/26 23:00	11.17436073	-6.30
06/02/26 00:00	10.18862341	-6.90
06/02/26 01:00	10.51050336	-6.90
06/02/26 02:00	11.89272358	-6.90
06/02/26 03:00	13.69486359	-7.50
06/02/26 04:00	15.42167916	-9.10
06/02/26 05:00	17.68822328	-10.30
06/02/26 06:00	19.67967853	-12.10
06/02/26 07:00	19.89816535	-11.20
06/02/26 08:00	17.12975594	-7.60
06/02/26 09:00	14.3057968	-6.60
06/02/26 10:00	12.33743839	-5.20
06/02/26 11:00	10.67001247	-4.60
06/02/26 12:00	9.709440433	-3.60
06/02/26 13:00	9.555129121	-3.60
06/02/26 14:00	10.39409378	-3.70
06/02/26 15:00	12.06132187	-4.80
06/02/26 16:00	14.25018691	-7.10
06/02/26 17:00	16.42286265	-9.80
06/02/26 18:00	18.1519072	-11.20
06/02/26 19:00	18.31168304	-12.80
06/02/26 20:00	17.8098189	-13.00
06/02/26 21:00	16.80192276	-13.10
06/02/26 22:00	15.69602335	-13.70
06/02/26 23:00	13.75219418	-10.90
07/02/26 00:00	13.08967878	-11.20
07/02/26 01:00	13.45972563	-11.40
07/02/26 02:00	14.92125987	-12.30
07/02/26 03:00	16.58637364	-13.40
07/02/26 04:00	18.12821349	-13.90
07/02/26 05:00	20.20882821	-14.70
07/02/26 06:00	22.00556137	-15.20
07/02/26 07:00	21.97038889	-14.70
07/02/26 08:00	18.94401481	-11.80
07/02/26 09:00	15.92405924	-9.40
07/02/26 10:00	13.85802042	-8.30
07/02/26 11:00	12.12145547	-7.20
07/02/26 12:00	11.10956679	-6.50
07/02/26 13:00	10.81644201	-5.90
07/02/26 14:00	11.42864209	-5.50
07/02/26 15:00	12.66969633	-4.90
07/02/26 16:00	14.24308169	-4.70
07/02/26 17:00	15.68814585	-4.90
07/02/26 18:00	16.6619762	-4.60
07/02/26 19:00	16.1174991	-5.00
07/02/26 20:00	15.15334989	-5.30
07/02/26 21:00	13.90855603	-4.90
07/02/26 22:00	12.76298249	-4.20
07/02/26 23:00	10.67074364	-3.70
08/02/26 00:00	8.745796293	-3.60
08/02/26 01:00	8.72070205	-3.40
08/02/26 02:00	9.700890645	-3.10
08/02/26 03:00	11.20353256	-3.10
08/02/26 04:00	12.64051196	-3.10
08/02/26 05:00	14.60116078	-3.00
08/02/26 06:00	16.33740827	-2.70
08/02/26 07:00	16.65148523	-2.70
08/02/26 08:00	14.35325609	-2.40
08/02/26 09:00	12.27931316	-2.10
08/02/26 10:00	11.07543579	-2.00
08/02/26 11:00	9.939905712	-1.60
08/02/26 12:00	9.159187993	-1.10
08/02/26 13:00	8.859570736	-1.10
08/02/26 14:00	9.335182535	-1.20
08/02/26 15:00	10.5745915	-1.70
08/02/26 16:00	12.31744343	-2.70
08/02/26 17:00	13.97177898	-3.20
08/02/26 18:00	15.20732632	-4.10
08/02/26 19:00	15.04747231	-4.90
08/02/26 20:00	14.38351729	-5.20
08/02/26 21:00	13.40632299	-5.60
08/02/26 22:00	12.47933024	-7.10
08/02/26 23:00	10.82839963	-8.30
09/02/26 00:00	10.0509263	-7.10
09/02/26 01:00	10.518196	-7.60
09/02/26 02:00	11.9183756	-8.00
09/02/26 03:00	13.53987074	-8.40
09/02/26 04:00	14.95017852	-8.50
09/02/26 05:00	16.87898955	-7.20
09/02/26 06:00	18.50306007	-6.70
09/02/26 07:00	18.69372748	-5.80
09/02/26 08:00	16.31828312	-4.50
09/02/26 09:00	14.26816867	-3.60
09/02/26 10:00	13.1955173	-2.40
09/02/26 11:00	12.25887907	-1.20
09/02/26 12:00	11.67706258	-0.30
09/02/26 13:00	11.4554311	-0.10
09/02/26 14:00	11.75965423	0.40
09/02/26 15:00	12.51222521	-0.10
09/02/26 16:00	13.57477337	-1.40
09/02/26 17:00	14.56337219	-2.60
09/02/26 18:00	15.33551301	-3.20
09/02/26 19:00	14.93731275	-4.10
09/02/26 20:00	14.1757766	-5.10
09/02/26 21:00	13.15364893	-5.50
09/02/26 22:00	12.18239305	-5.50
09/02/26 23:00	10.44589783	-6.10
10/02/26 00:00	9.987028859	-6.90
10/02/26 01:00	10.40948063	-6.60
10/02/26 02:00	11.62510307	-6.60
10/02/26 03:00	13.2922036	-8.20
10/02/26 04:00	14.83944453	-8.90
10/02/26 05:00	17.14758421	-9.20
10/02/26 06:00	18.26050653	-10.30
10/02/26 07:00	18.42432978	-8.70
10/02/26 08:00	15.82107817	-6.80
10/02/26 09:00	12.75646582	-5.10
10/02/26 10:00	10.534735	-4.20
10/02/26 11:00	8.910877576	-3.40
10/02/26 12:00	8.190712421	-2.60
10/02/26 13:00	8.212838154	-2.30
10/02/26 14:00	9.109236337	-2.10
10/02/26 15:00	10.47805579	-2.60
10/02/26 16:00	12.35322633	-4.00
10/02/26 17:00	14.32963769	-4.40
10/02/26 18:00	15.65221013	-5.60
10/02/26 19:00	15.7396996	-6.20
10/02/26 20:00	15.24724667	-7.10
10/02/26 21:00	14.26757296	-7.50
10/02/26 22:00	13.08213836	-8.20
10/02/26 23:00	11.60015879	-8.90
11/02/26 00:00	11.13658826	-9.60
11/02/26 01:00	11.77855371	-9.70
11/02/26 02:00	13.22263088	-10.70
11/02/26 03:00	14.88975897	-11.00
11/02/26 04:00	16.31881894	-11.30
11/02/26 05:00	18.41410219	-10.80
11/02/26 06:00	19.28108768	-11.60
11/02/26 07:00	19.07404347	-10.00
11/02/26 08:00	16.14498414	-7.90
11/02/26 09:00	13.45944157	-5.70
11/02/26 10:00	11.27654001	-4.50
11/02/26 11:00	9.545668638	-3.70
11/02/26 12:00	8.748591616	-3.50
11/02/26 13:00	8.652148103	-3.20
11/02/26 14:00	9.511297936	-3.00
11/02/26 15:00	10.94765579	-3.20
11/02/26 16:00	12.88530543	-3.60
11/02/26 17:00	14.61855178	-4.30
11/02/26 18:00	16.09557064	-6.20
11/02/26 19:00	16.45275637	-8.00
11/02/26 20:00	15.83017993	-6.30
11/02/26 21:00	14.92532887	-8.10
11/02/26 22:00	13.92575813	-8.80
11/02/26 23:00	12.22800358	-9.70
12/02/26 00:00	10.61573239	-8.80
12/02/26 01:00	11.05498254	-8.40
12/02/26 02:00	12.38775354	-9.70
12/02/26 03:00	13.82482669	-8.30
12/02/26 04:00	15.01613181	-7.50
12/02/26 05:00	16.7197091	-7.10
12/02/26 06:00	18.10496122	-6.30
12/02/26 07:00	18.12965945	-5.00
12/02/26 08:00	15.62823682	-4.20
12/02/26 09:00	13.44053257	-3.40
12/02/26 10:00	12.26248247	-2.20
12/02/26 11:00	11.35996844	-1.90
12/02/26 12:00	10.9553779	-1.40
12/02/26 13:00	11.04577797	-1.10
12/02/26 14:00	11.62957214	-1.10
12/02/26 15:00	12.57653255	-1.90
12/02/26 16:00	13.67134473	-1.80
12/02/26 17:00	14.50330731	-1.70
12/02/26 18:00	14.91741957	-1.60
12/02/26 19:00	14.11767043	-1.50
12/02/26 20:00	12.97138251	-1.20
12/02/26 21:00	11.63638645	-1.10
12/02/26 22:00	10.37418839	-0.70
12/02/26 23:00	8.329585173	-0.50
13/02/26 00:00	6.302753356	-0.20
13/02/26 01:00	6.154737849	0.20
13/02/26 02:00	6.920139398	0.40
13/02/26 03:00	8.223071928	1.10
13/02/26 04:00	9.609899183	1.60
13/02/26 05:00	11.53808398	1.80
13/02/26 06:00	12.95442347	2.20
13/02/26 07:00	13.19455906	2.40
13/02/26 08:00	10.93819064	3.40
13/02/26 09:00	8.972296982	3.60
13/02/26 10:00	7.89035756	4.70
13/02/26 11:00	7.1352429	4.70
13/02/26 12:00	6.942089398	4.70
13/02/26 13:00	7.358114353	4.40
13/02/26 14:00	8.25713238	3.70
13/02/26 15:00	9.454456049	3.80
13/02/26 16:00	10.76480881	2.80
13/02/26 17:00	11.65316081	2.50
13/02/26 18:00	12.12641702	2.20
13/02/26 19:00	11.54695042	2.20
13/02/26 20:00	10.53682969	2.40
13/02/26 21:00	9.305260689	2.60
13/02/26 22:00	8.038867693	3.20
13/02/26 23:00	6.08624083	3.80
14/02/26 00:00	4.738703504	4.00
14/02/26 01:00	4.432539496	3.90
14/02/26 02:00	4.953670669	3.90
14/02/26 03:00	6.153246883	3.50
14/02/26 04:00	7.7666911	3.10
14/02/26 05:00	10.11078384	3.60
14/02/26 06:00	11.82260824	3.30
14/02/26 07:00	12.30825803	3.50
14/02/26 08:00	10.25363401	4.30
14/02/26 09:00	8.410378635	5.40
14/02/26 10:00	7.402507122	4.70
14/02/26 11:00	6.597961838	5.60
14/02/26 12:00	6.307398818	5.80
14/02/26 13:00	6.500744428	5.70
14/02/26 14:00	7.20511592	5.10
14/02/26 15:00	8.326659813	5.00
14/02/26 16:00	9.663868447	4.40
14/02/26 17:00	10.58481422	4.50
14/02/26 18:00	11.02473634	4.60
14/02/26 19:00	10.43064172	4.50
14/02/26 20:00	9.409276045	4.90
14/02/26 21:00	8.209837045	5.10
14/02/26 22:00	7.021586892	5.30
14/02/26 23:00	5.175000203	5.50
15/02/26 00:00	4.047378879	5.80
15/02/26 01:00	3.647512228	5.70
15/02/26 02:00	3.982126485	6.30
15/02/26 03:00	4.972162766	6.10
15/02/26 04:00	6.464384339	5.50
15/02/26 05:00	8.926406352	5.00
15/02/26 06:00	10.86903948	4.30
15/02/26 07:00	11.56044526	5.10
15/02/26 08:00	9.722976545	5.60
15/02/26 09:00	8.080744709	5.80
15/02/26 10:00	7.271981965	6.40
15/02/26 11:00	6.67948272	6.50
15/02/26 12:00	6.544583631	5.80
15/02/26 13:00	6.808663155	6.10
15/02/26 14:00	7.450710324	6.00
15/02/26 15:00	8.346868047	6.30
15/02/26 16:00	9.422467129	5.80
15/02/26 17:00	10.13652669	5.80
15/02/26 18:00	10.50287326	5.80
15/02/26 19:00	9.937794476	5.70
15/02/26 20:00	9.018384808	5.30
15/02/26 21:00	7.964024597	4.90
15/02/26 22:00	6.938097306	4.40
15/02/26 23:00	5.26243102	4.20
16/02/26 00:00	4.139855719	4.20
16/02/26 01:00	3.943464266	4.30
16/02/26 02:00	4.463748968	4.20
16/02/26 03:00	5.584316594	4.60
16/02/26 04:00	7.090258034	4.40
16/02/26 05:00	9.376900283	4.70
16/02/26 06:00	11.00442587	5.00
16/02/26 07:00	11.44285432	5.30
16/02/26 08:00	9.369987091	6.10
16/02/26 09:00	7.572539064	6.50
16/02/26 10:00	6.64421034	6.80
16/02/26 11:00	5.994952277	7.40
16/02/26 12:00	5.839819308	7.20
16/02/26 13:00	6.146153817	7.00
16/02/26 14:00	6.851813281	7.20
16/02/26 15:00	7.865889873	6.60
16/02/26 16:00	9.088866494	6.00
16/02/26 17:00	9.930293106	5.50
16/02/26 18:00	10.40964927	5.40
16/02/26 19:00	9.964087014	5.00
16/02/26 20:00	9.099974701	4.30
16/02/26 21:00	8.019437735	4.60
16/02/26 22:00	6.899703195	4.70
16/02/26 23:00	5.099157463	4.50
17/02/26 00:00	3.752765984	4.90
17/02/26 01:00	3.380985989	5.50
17/02/26 02:00	3.837613973	5.60
17/02/26 03:00	4.811017167	5.70
17/02/26 04:00	6.220504876	5.70
17/02/26 05:00	8.523575285	6.10
17/02/26 06:00	10.05616226	6.30
17/02/26 07:00	10.0569405	6.30
17/02/26 08:00	8.118715692	6.80
17/02/26 09:00	6.77716263	7.50
17/02/26 10:00	6.297549551	7.60
17/02/26 11:00	5.448493151	8.30
17/02/26 12:00	4.900645135	8.50
17/02/26 13:00	4.788697285	8.20
17/02/26 14:00	5.176117854	8.30
17/02/26 15:00	6.066502114	7.50
17/02/26 16:00	7.246789504	6.90
17/02/26 17:00	8.037008202	7.10
17/02/26 18:00	8.77637516	7.30
17/02/26 19:00	8.503370363	7.30
17/02/26 20:00	7.619054964	7.10
17/02/26 21:00	6.694159984	6.90
17/02/26 22:00	5.919795823	6.50
17/02/26 23:00	4.228037238	6.40
18/02/26 00:00	3.429085827	6.60
18/02/26 01:00	3.068655076	6.70
18/02/26 02:00	3.384675801	6.90
18/02/26 03:00	4.130173514	6.90
18/02/26 04:00	5.41966997	7.30
18/02/26 05:00	7.869355441	7.50
18/02/26 06:00	9.741834442	7.30
18/02/26 07:00	9.833954742	6.60
18/02/26 08:00	8.301875344	6.80
18/02/26 09:00	7.092599628	7.60
18/02/26 10:00	6.692969715	8.60
18/02/26 11:00	6.115862159	8.90
18/02/26 12:00	5.961209229	9.00
18/02/26 13:00	6.186860368	8.40
18/02/26 14:00	6.814248932	8.50
18/02/26 15:00	7.685606413	8.50
18/02/26 16:00	8.762988387	8.30
18/02/26 17:00	9.456905334	7.70
18/02/26 18:00	9.924340061	7.30
18/02/26 19:00	9.526791689	7.20
18/02/26 20:00	8.67955998	4.60
18/02/26 21:00	7.789281713	4.10
18/02/26 22:00	6.895644993	4.10
18/02/26 23:00	5.145253693	3.60
19/02/26 00:00	4.753364952	3.70
19/02/26 01:00	4.634909113	3.30
19/02/26 02:00	5.305332804	2.50
19/02/26 03:00	6.603134882	2.80
19/02/26 04:00	8.259163305	2.60
19/02/26 05:00	10.54606121	2.40
19/02/26 06:00	12.13253335	2.20
19/02/26 07:00	12.33926574	2.90
19/02/26 08:00	9.897220646	4.30
19/02/26 09:00	7.688103682	5.40
19/02/26 10:00	6.478635713	5.90
19/02/26 11:00	5.70144993	2.60
19/02/26 12:00	5.520224712	4.50
19/02/26 13:00	5.761135815	5.50
19/02/26 14:00	6.303169349	5.30
19/02/26 15:00	7.264512402	4.30
19/02/26 16:00	8.702414867	3.20
19/02/26 17:00	10.08844806	1.80
19/02/26 18:00	11.19209468	1.60
19/02/26 19:00	11.19102098	1.60
19/02/26 20:00	10.62964825	1.00
19/02/26 21:00	9.734276407	0.70
19/02/26 22:00	8.740983976	-0.60
19/02/26 23:00	7.077490525	-0.10
20/02/26 00:00	6.40182564	-0.80
20/02/26 01:00	6.558451693	-0.60
20/02/26 02:00	7.641527237	-1.40
20/02/26 03:00	9.280576301	-2.40
20/02/26 04:00	10.9446808	-3.20
20/02/26 05:00	12.97455968	-0.80
20/02/26 06:00	14.29776426	-1.70
20/02/26 07:00	14.0992443	0.50
20/02/26 08:00	11.16031313	2.40
20/02/26 09:00	8.340048077	4.40
20/02/26 10:00	6.431251803	5.20
20/02/26 11:00	4.923447903	5.50
20/02/26 12:00	4.160540918	5.70
20/02/26 13:00	4.104700824	6.20
20/02/26 14:00	4.676545455	6.00
20/02/26 15:00	5.763154149	5.20
20/02/26 16:00	7.24259651	4.10
20/02/26 17:00	8.57499909	3.20
20/02/26 18:00	9.623506127	2.90
20/02/26 19:00	9.664467585	2.70
20/02/26 20:00	9.198996678	2.30
20/02/26 21:00	8.417516903	2.20
20/02/26 22:00	7.554893914	2.30
20/02/26 23:00	5.920336029	2.80
21/02/26 00:00	4.630954392	3.00
21/02/26 01:00	4.551040845	2.90
21/02/26 02:00	5.250450271	2.80
21/02/26 03:00	6.507072619	3.20
21/02/26 04:00	8.072935848	3.40
21/02/26 05:00	10.24933991	3.60
21/02/26 06:00	11.78911518	3.70
21/02/26 07:00	12.13154673	4.00
21/02/26 08:00	9.921776378	4.40
21/02/26 09:00	7.884513923	5.60
21/02/26 10:00	6.598482203	7.00
21/02/26 11:00	5.492417905	8.30
21/02/26 12:00	4.8518171	8.90
21/02/26 13:00	4.754168955	8.80
21/02/26 14:00	5.173623499	9.20
21/02/26 15:00	6.050966891	8.80
21/02/26 16:00	7.272560239	8.00
21/02/26 17:00	8.312455027	7.30
21/02/26 18:00	9.099464355	6.80
21/02/26 19:00	8.962639332	6.20
21/02/26 20:00	8.399695063	5.60
21/02/26 21:00	7.589977087	5.10
21/02/26 22:00	6.687528193	5.10
21/02/26 23:00	5.029752091	5.20
22/02/26 00:00	3.9821569	5.40
22/02/26 01:00	3.639277069	5.70
22/02/26 02:00	3.994815547	5.70
22/02/26 03:00	4.945883182	5.90
22/02/26 04:00	6.334697943	6.00
22/02/26 05:00	8.57285409	6.10
22/02/26 06:00	10.18742648	6.20
22/02/26 07:00	10.48726679	6.40
22/02/26 08:00	8.194749487	6.80
22/02/26 09:00	6.100622751	7.60
22/02/26 10:00	4.859585025	8.10
22/02/26 11:00	3.971918579	8.70
22/02/26 12:00	3.69780966	8.40
22/02/26 13:00	3.974971887	8.40
22/02/26 14:00	4.717213852	8.30
22/02/26 15:00	5.81663188	7.80
22/02/26 16:00	7.146452566	7.40
22/02/26 17:00	8.203436491	7.10
22/02/26 18:00	8.914224075	7.10
22/02/26 19:00	8.705014365	5.90
22/02/26 20:00	8.105549611	5.40
22/02/26 21:00	7.29808702	5.60
22/02/26 22:00	6.413937979	5.60
22/02/26 23:00	4.775568079	6.00
23/02/26 00:00	3.199436351	6.40
23/02/26 01:00	2.781218151	7.00
23/02/26 02:00	3.001345827	7.20
23/02/26 03:00	3.739194565	7.60
23/02/26 04:00	4.917391471	7.80
23/02/26 05:00	7.098792911	8.50
23/02/26 06:00	8.676071828	9.00
23/02/26 07:00	9.177431619	9.40
23/02/26 08:00	7.207965973	9.80
23/02/26 09:00	5.43579229	10.50
23/02/26 10:00	4.35276025	11.60
23/02/26 11:00	3.404433997	12.00
23/02/26 12:00	2.864073208	12.50
23/02/26 13:00	2.819177834	12.50
23/02/26 14:00	3.18927903	12.10
23/02/26 15:00	3.935359903	12.00
23/02/26 16:00	4.983911355	11.50
23/02/26 17:00	5.722824649	11.20
23/02/26 18:00	6.187162374	11.30
23/02/26 19:00	5.964235383	11.70
23/02/26 20:00	5.353666942	11.50
23/02/26 21:00	4.621317804	10.40
23/02/26 22:00	3.929605411	10.10
23/02/26 23:00	2.711496933	9.80
24/02/26 00:00	2.201270531	9.70
24/02/26 01:00	1.963703624	9.80
24/02/26 02:00	2.109234895	9.00
24/02/26 03:00	2.713471692	8.80
24/02/26 04:00	3.728490825	8.40
24/02/26 05:00	5.960794601	8.20
24/02/26 06:00	7.875441461	7.90
24/02/26 07:00	8.639874502	8.30
24/02/26 08:00	7.213689549	8.80
24/02/26 09:00	6.156264576	8.10
24/02/26 10:00	6.090111	8.00
24/02/26 11:00	5.731107469	8.60
24/02/26 12:00	5.56436872	9.30
24/02/26 13:00	5.735465135	9.30
24/02/26 14:00	6.156754994	9.40
24/02/26 15:00	6.870581468	9.60
24/02/26 16:00	7.697222639	9.50
24/02/26 17:00	8.115704756	9.20
24/02/26 18:00	8.613143629	9.00
24/02/26 19:00	8.204886472	7.90
24/02/26 20:00	7.485384736	6.60
24/02/26 21:00	6.696573776	4.70
24/02/26 22:00	5.960600976	2.70
24/02/26 23:00	4.600679197	4.10
25/02/26 00:00	4.376739283	1.00
25/02/26 01:00	4.537811898	2.90
25/02/26 02:00	5.508468477	0.20
25/02/26 03:00	6.857737797	0.80
25/02/26 04:00	8.48730543	1.80
25/02/26 05:00	10.68352481	1.60
25/02/26 06:00	11.85438663	1.60
25/02/26 07:00	11.04212126	4.10
25/02/26 08:00	8.249543439	5.80
25/02/26 09:00	5.846286319	7.70
25/02/26 10:00	4.50818476	8.80
25/02/26 11:00	3.298200079	8.00
25/02/26 12:00	2.783684664	9.70
25/02/26 13:00	2.783751426	9.20
25/02/26 14:00	3.229900106	9.70
25/02/26 15:00	4.047596182	7.90
25/02/26 16:00	5.274331451	6.80
25/02/26 17:00	6.380306025	6.30
25/02/26 18:00	7.325673609	5.70
25/02/26 19:00	7.566812201	5.50
25/02/26 20:00	7.098331613	5.70
25/02/26 21:00	6.35151963	5.30
25/02/26 22:00	5.491475764	5.30
25/02/26 23:00	3.72979904	5.40
26/02/26 00:00	2.855834642	6.10
26/02/26 01:00	2.673717918	6.20
26/02/26 02:00	3.182529177	5.90
26/02/26 03:00	4.280807434	5.50
26/02/26 04:00	5.84274798	5.90
26/02/26 05:00	8.324285185	5.80
26/02/26 06:00	10.14197068	6.00
26/02/26 07:00	10.74742508	6.30
26/02/26 08:00	8.815101788	6.80
26/02/26 09:00	7.014948753	6.70
26/02/26 10:00	5.861716694	8.30
26/02/26 11:00	4.874029489	9.00
26/02/26 12:00	4.366583028	8.60
26/02/26 13:00	4.527948628	8.60
26/02/26 14:00	5.260826446	8.40
26/02/26 15:00	6.397294866	8.00
26/02/26 16:00	7.758844637	7.30
26/02/26 17:00	8.714934521	6.80
26/02/26 18:00	9.265756293	6.50
26/02/26 19:00	8.941433217	6.40
26/02/26 20:00	8.182217821	6.30
26/02/26 21:00	7.202699197	5.90
26/02/26 22:00	6.179749855	5.80
26/02/26 23:00	4.564856293	5.70
27/02/26 00:00	3.822082364	5.30
27/02/26 01:00	3.656991521	4.70
27/02/26 02:00	4.214643561	3.90
27/02/26 03:00	5.38156139	4.00
27/02/26 04:00	6.963571774	3.30
27/02/26 05:00	9.328820035	3.90
27/02/26 06:00	10.94331194	4.40
27/02/26 07:00	11.23296235	5.50
27/02/26 08:00	8.981497262	6.00
27/02/26 09:00	6.952699226	7.40
27/02/26 10:00	5.850198298	7.90
27/02/26 11:00	5.152779832	7.80
27/02/26 12:00	5.143712112	7.10
27/02/26 13:00	5.741069301	7.10
27/02/26 14:00	6.685279551	7.10
27/02/26 15:00	7.767851116	7.20
27/02/26 16:00	8.886751872	7.00
27/02/26 17:00	9.532791869	7.00
27/02/26 18:00	9.789561367	6.90
27/02/26 19:00	9.175100947	6.90
27/02/26 20:00	8.195326972	7.10
27/02/26 21:00	7.088919535	7.10
27/02/26 22:00	5.997781016	7.30
27/02/26 23:00	4.296846479	7.60
28/02/26 00:00	2.910691867	7.70
28/02/26 01:00	2.490156019	7.70
28/02/26 02:00	2.676464604	7.80
28/02/26 03:00	3.405631259	7.70
28/02/26 04:00	4.628787785	7.70
28/02/26 05:00	6.920261656	7.80
28/02/26 06:00	8.770242046	7.90
28/02/26 07:00	9.639580262	7.90
28/02/26 08:00	8.057712576	8.30
28/02/26 09:00	6.71844005	8.60
28/02/26 10:00	6.064846895	8.70
28/02/26 11:00	5.514663743	9.20
28/02/26 12:00	5.317759962	9.50
28/02/26 13:00	5.487986426	9.70
28/02/26 14:00	5.963781406	9.60
28/02/26 15:00	6.707070266	9.70
28/02/26 16:00	7.632850706	9.60
28/02/26 17:00	8.130115746	9.70
28/02/26 18:00	8.295130145	9.40
28/02/26 19:00	7.728555117	9.10
28/02/26 20:00	6.820744089	9.00
28/02/26 21:00	5.802643853	9.40
28/02/26 22:00	4.796544201	8.90
28/02/26 23:00	3.312266267	8.90
01/03/26 00:00	2.509068006	9.00
01/03/26 01:00	2.132069173	9.00
01/03/26 02:00	2.225356456	8.80
01/03/26 03:00	2.800506234	8.60
01/03/26 04:00	3.809270688	8.60
01/03/26 05:00	5.966429345	8.70
01/03/26 06:00	7.770751766	8.70
01/03/26 07:00	8.757133869	8.70
01/03/26 08:00	7.35713393	8.60
01/03/26 09:00	6.16133976	8.40
01/03/26 10:00	5.655208219	8.40
01/03/26 11:00	5.223132908	8.70
01/03/26 12:00	5.096587416	9.20
01/03/26 13:00	5.307053463	9.60
01/03/26 14:00	5.80460512	9.90
01/03/26 15:00	6.599582991	9.90
01/03/26 16:00	7.651797296	9.70
01/03/26 17:00	8.277609713	9.30
01/03/26 18:00	8.541929735	9.00
01/03/26 19:00	8.035571148	8.90
01/03/26 20:00	7.099016292	8.90
01/03/26 21:00	5.999982814	9.00
01/03/26 22:00	4.951853362	8.80
01/03/26 23:00	3.462113762	8.60
02/03/26 00:00	2.591157306	8.30
02/03/26 01:00	2.176705531	7.70
02/03/26 02:00	2.260040427	7.60
02/03/26 03:00	2.844536241	7.40
02/03/26 04:00	3.885347174	7.50
02/03/26 05:00	6.09280416	7.20
02/03/26 06:00	7.945899709	6.80
02/03/26 07:00	8.945704825	6.90
02/03/26 08:00	7.49955464	7.50
02/03/26 09:00	6.260341621	8.40
02/03/26 10:00	5.710217007	10.20
02/03/26 11:00	5.22360459	11.60
02/03/26 12:00	5.028392788	12.40
02/03/26 13:00	5.153141796	13.00
02/03/26 14:00	5.553946287	12.60
02/03/26 15:00	6.260177363	11.70
02/03/26 16:00	7.235744245	10.80
02/03/26 17:00	7.849256044	8.70
02/03/26 18:00	8.144727611	8.90
02/03/26 19:00	7.697689191	7.40
02/03/26 20:00	6.833078068	7.40
02/03/26 21:00	5.810850905	7.00
02/03/26 22:00	4.835416055	6.90
02/03/26 23:00	3.411400115	6.40
03/03/26 00:00	2.681815225	7.10
03/03/26 01:00	2.357789325	7.40
03/03/26 02:00	2.544324955	7.70
03/03/26 03:00	3.285923214	8.00
03/03/26 04:00	4.551480614	7.90
03/03/26 05:00	6.876297691	7.80
03/03/26 06:00	8.716330141	7.80
03/03/26 07:00	9.1821323	8.00
03/03/26 08:00	7.282895391	8.50
03/03/26 09:00	5.631146465	9.20
03/03/26 10:00	4.888681674	10.40
03/03/26 11:00	3.747366573	11.30
03/03/26 12:00	2.905910042	12.20
03/03/26 13:00	2.613891049	11.90
03/03/26 14:00	2.708048821	12.00
03/03/26 15:00	3.170754182	11.90
03/03/26 16:00	3.874163364	11.40
03/03/26 17:00	4.418960731	11.20
03/03/26 18:00	5.321113555	11.00
03/03/26 19:00	5.706176852	10.10
03/03/26 20:00	5.532076535	9.60
03/03/26 21:00	4.982529375	8.20
03/03/26 22:00	4.446975005	6.40
03/03/26 23:00	2.95858918	7.10
04/03/26 00:00	2.217155665	6.80
04/03/26 01:00	2.022406341	6.30
04/03/26 02:00	2.349451097	6.10
04/03/26 03:00	3.209324111	4.70
04/03/26 04:00	4.467828875	5.70
04/03/26 05:00	6.916077075	5.50
04/03/26 06:00	8.901429562	5.90
04/03/26 07:00	9.241716568	6.40
04/03/26 08:00	7.365373088	6.90
04/03/26 09:00	5.729041215	7.60
04/03/26 10:00	5.065273988	7.50
04/03/26 11:00	4.099287088	8.40
04/03/26 12:00	3.500754626	9.10
04/03/26 13:00	3.343416257	10.80
04/03/26 14:00	3.688814607	11.20
04/03/26 15:00	4.513887601	10.70
04/03/26 16:00	5.70801081	9.00
04/03/26 17:00	6.58904184	8.50
04/03/26 18:00	7.220742735	8.40
04/03/26 19:00	6.943299568	8.50
04/03/26 20:00	6.239168884	8.80
04/03/26 21:00	5.513656665	8.60
04/03/26 22:00	4.816065699	8.60
04/03/26 23:00	3.511955887	8.40
05/03/26 00:00	2.95809357	8.20
05/03/26 01:00	2.844229999	7.90
05/03/26 02:00	3.313929109	7.70
05/03/26 03:00	4.299473289	7.60
05/03/26 04:00	5.735600804	6.80
05/03/26 05:00	8.109490398	5.50
05/03/26 06:00	9.806588904	5.00
05/03/26 07:00	10.33607271	4.90
05/03/26 08:00	8.371578257	4.30
05/03/26 09:00	6.621972413	4.40
05/03/26 10:00	5.584317157	4.70
05/03/26 11:00	4.677523785	4.80
05/03/26 12:00	4.108959697	5.30
05/03/26 13:00	3.929896669	5.40
05/03/26 14:00	4.172479644	5.50
05/03/26 15:00	4.8947915	5.40
05/03/26 16:00	6.089295452	5.30
05/03/26 17:00	7.076017561	5.30
05/03/26 18:00	7.773784	5.00
05/03/26 19:00	7.592290359	5.10
05/03/26 20:00	6.915996194	4.90
05/03/26 21:00	6.027132885	4.70
05/03/26 22:00	5.086439029	4.50
05/03/26 23:00	3.572556059	5.00
06/03/26 00:00	3.248765305	5.00
06/03/26 01:00	2.896540493	5.10
06/03/26 02:00	3.133611883	5.00
06/03/26 03:00	3.954748943	5.00
06/03/26 04:00	5.329498929	4.90
06/03/26 05:00	7.834806816	4.70
06/03/26 06:00	10.11001797	4.60
06/03/26 07:00	11.23193722	5.50
06/03/26 08:00	9.745697738	6.70
06/03/26 09:00	8.425873876	7.50
06/03/26 10:00	7.822233288	7.90
06/03/26 11:00	7.280423425	8.20
06/03/26 12:00	7.040254807	8.50
06/03/26 13:00	7.1801964	9.00
06/03/26 14:00	7.673496756	8.70
06/03/26 15:00	8.538998382	8.20
06/03/26 16:00	9.609830628	7.90
06/03/26 17:00	10.35600906	7.60
06/03/26 18:00	10.73419869	6.80
06/03/26 19:00	10.17295772	5.40
06/03/26 20:00	9.225494426	2.50
06/03/26 21:00	8.113371249	1.40
06/03/26 22:00	6.999647224	0.50
06/03/26 23:00	5.231881141	0.10
07/03/26 00:00	3.935218743	0.10
07/03/26 01:00	3.660134669	2.80
07/03/26 02:00	4.105046395	2.70
07/03/26 03:00	5.160615623	2.70
07/03/26 04:00	6.636331165	2.70
07/03/26 05:00	8.905221366	3.00
07/03/26 06:00	10.4366354	3.10
07/03/26 07:00	10.6699631	3.40
07/03/26 08:00	8.312258078	4.00
07/03/26 09:00	6.131591289	4.50
07/03/26 10:00	4.804655275	5.10
07/03/26 11:00	3.838099773	5.40
07/03/26 12:00	3.487127261	5.40
07/03/26 13:00	3.656126132	4.90
07/03/26 14:00	4.209731541	4.90
07/03/26 15:00	5.117826615	4.80
07/03/26 16:00	6.383386267	4.80
07/03/26 17:00	7.443677656	5.10
07/03/26 18:00	8.312736643	5.60
07/03/26 19:00	8.429343475	5.80
07/03/26 20:00	8.159396568	6.00
07/03/26 21:00	7.674704495	5.80
07/03/26 22:00	7.031500328	5.30
07/03/26 23:00	5.668273844	5.10
08/03/26 00:00	5.408359632	5.10
08/03/26 01:00	5.387783191	4.70
08/03/26 02:00	6.101406812	4.20
08/03/26 03:00	7.335247363	5.20
08/03/26 04:00	8.75607149	4.20
08/03/26 05:00	10.77833287	4.20
08/03/26 06:00	12.30366414	4.50
08/03/26 07:00	12.69345062	5.70
08/03/26 08:00	10.66519727	6.60
08/03/26 09:00	9.016434424	7.30
08/03/26 10:00	8.322618064	7.20
08/03/26 11:00	7.883052147	7.60
08/03/26 12:00	7.826943648	8.90
08/03/26 13:00	8.13126642	8.40
08/03/26 14:00	8.717717433	8.20
08/03/26 15:00	9.528661282	7.60
08/03/26 16:00	10.43506344	7.10
08/03/26 17:00	10.94750316	5.90
08/03/26 18:00	11.07818582	5.20
08/03/26 19:00	10.2691513	3.80
08/03/26 20:00	9.173582799	2.70
08/03/26 21:00	8.001579955	4.10
08/03/26 22:00	6.930656779	4.80
08/03/26 23:00	5.226906664	5.20
09/03/26 00:00	3.969028809	5.50
09/03/26 01:00	3.757917949	5.60
09/03/26 02:00	4.246810958	6.00
09/03/26 03:00	5.326542333	5.30
09/03/26 04:00	6.786328322	4.70
09/03/26 05:00	8.978572886	4.20
09/03/26 06:00	10.40988841	5.00
09/03/26 07:00	10.44076364	6.00
09/03/26 08:00	7.900204974	8.30
09/03/26 09:00	5.66433567	8.90
09/03/26 10:00	4.482046321	9.60
09/03/26 11:00	3.733658263	10.40
09/03/26 12:00	3.514376759	10.10
09/03/26 13:00	3.719502196	10.10
09/03/26 14:00	4.291358009	9.70
09/03/26 15:00	5.249651653	9.40
09/03/26 16:00	6.538306895	9.10
09/03/26 17:00	7.648452758	8.90
09/03/26 18:00	8.57056757	8.80
09/03/26 19:00	8.667788725	8.10
09/03/26 20:00	8.273942583	8.20
09/03/26 21:00	7.532921054	8.20
09/03/26 22:00	6.630648752	8.10
09/03/26 23:00	4.925262748	8.10
10/03/26 00:00	3.494446215	8.00
10/03/26 01:00	3.199901499	8.00
10/03/26 02:00	3.700598271	7.90
10/03/26 03:00	4.721105519	7.70
10/03/26 04:00	6.15778085	7.90
10/03/26 05:00	8.404582472	7.60
10/03/26 06:00	9.694385606	7.80
10/03/26 07:00	9.269143744	8.40
10/03/26 08:00	6.705928891	8.90
10/03/26 09:00	4.721752655	9.00
10/03/26 10:00	3.98021606	9.40
10/03/26 11:00	3.248115016	9.90
10/03/26 12:00	3.100354	10.20
10/03/26 13:00	3.498197556	10.70
10/03/26 14:00	4.253960313	11.20
10/03/26 15:00	5.281896081	11.30
10/03/26 16:00	6.413827325	10.90
10/03/26 17:00	7.034705342	10.20
10/03/26 18:00	7.663368943	9.20
10/03/26 19:00	7.378122209	9.20
10/03/26 20:00	6.548752868	9.10
10/03/26 21:00	5.752381081	8.80
10/03/26 22:00	5.155060867	8.60
10/03/26 23:00	3.612971594	8.50
11/03/26 00:00	2.635505739	8.50
11/03/26 01:00	2.355142397	8.10
11/03/26 02:00	2.536518535	8.10
11/03/26 03:00	3.242185768	6.20
11/03/26 04:00	4.350787499	4.80
11/03/26 05:00	6.689923719	5.20
11/03/26 06:00	8.629958861	5.50
11/03/26 07:00	8.961884626	7.40
11/03/26 08:00	7.142929447	9.30
11/03/26 09:00	5.694675898	11.10
11/03/26 10:00	5.366789979	12.90
11/03/26 11:00	4.755733734	13.30
11/03/26 12:00	4.391262731	13.40
11/03/26 13:00	4.225647406	12.90
11/03/26 14:00	4.350410635	12.50
11/03/26 15:00	4.859484986	12.20
11/03/26 16:00	5.800145099	10.60
11/03/26 17:00	6.613746277	9.40
11/03/26 18:00	7.324973743	8.50
11/03/26 19:00	7.168506766	7.80
11/03/26 20:00	6.516752049	7.00
11/03/26 21:00	5.724880907	6.50
11/03/26 22:00	4.865123279	5.60
11/03/26 23:00	3.39711445	5.80
12/03/26 00:00	2.635730041	5.30
12/03/26 01:00	2.363059569	4.10
12/03/26 02:00	2.643520146	3.80
12/03/26 03:00	3.485294301	3.40
12/03/26 04:00	4.776898791	1.80
12/03/26 05:00	6.997281409	1.40
12/03/26 06:00	8.547255697	2.90
12/03/26 07:00	8.794999263	6.30
12/03/26 08:00	6.385780027	8.50
12/03/26 09:00	4.236713856	9.80
12/03/26 10:00	3.017619237	11.90
12/03/26 11:00	2.214463468	12.80
12/03/26 12:00	1.890468811	12.60
12/03/26 13:00	1.867237977	12.50
12/03/26 14:00	1.991566511	11.90
12/03/26 15:00	2.269999878	11.40
12/03/26 16:00	2.743301241	10.80
12/03/26 17:00	3.257908458	9.80
12/03/26 18:00	3.84570946	9.10
12/03/26 19:00	4.4208823	8.40
12/03/26 20:00	4.565915131	7.70
12/03/26 21:00	4.258015003	7.60
12/03/26 22:00	3.742219482	7.70
12/03/26 23:00	2.571472954	7.70
13/03/26 00:00	2.025002122	7.80
13/03/26 01:00	2.15021996	7.60
13/03/26 02:00	2.961275061	7.20
13/03/26 03:00	4.327769242	7.10
13/03/26 04:00	6.050686662	7.00
13/03/26 05:00	8.42376658	7.00
13/03/26 06:00	9.774489045	7.40
13/03/26 07:00	9.698177474	8.30
13/03/26 08:00	7.031821975	9.00
13/03/26 09:00	4.647894058	9.40
13/03/26 10:00	3.281345173	9.30
13/03/26 11:00	2.393884683	9.20
13/03/26 12:00	2.062897602	9.20
13/03/26 13:00	2.163341552	9.00
13/03/26 14:00	2.528696508	8.80
13/03/26 15:00	3.139189516	8.70
13/03/26 16:00	4.022197739	8.30
13/03/26 17:00	4.788065897	7.90
13/03/26 18:00	5.419481173	7.70
13/03/26 19:00	5.708138434	7.40
13/03/26 20:00	5.478302722	7.20
13/03/26 21:00	4.872588499	7.20
13/03/26 22:00	4.133324099	7.10
13/03/26 23:00	2.766199397	7.10
14/03/26 00:00	2.028652727	7.00
14/03/26 01:00	1.793561942	6.90
14/03/26 02:00	2.15427827	6.80
14/03/26 03:00	3.047195221	6.70
14/03/26 04:00	4.409191146	6.60
14/03/26 05:00	6.780103896	6.50
14/03/26 06:00	8.597492707	6.50
14/03/26 07:00	9.293278456	6.70
14/03/26 08:00	7.45859688	7.00
14/03/26 09:00	5.887942399	7.20
14/03/26 10:00	5.154446976	7.30
14/03/26 11:00	4.7219513	7.80
14/03/26 12:00	4.761316088	8.10
14/03/26 13:00	5.198270581	8.40
14/03/26 14:00	5.85782814	8.50
14/03/26 15:00	6.739311285	8.20
14/03/26 16:00	7.820251529	7.70
14/03/26 17:00	8.492896615	6.90
14/03/26 18:00	8.830190644	6.80
14/03/26 19:00	8.392326355	5.50
14/03/26 20:00	7.543375273	2.70
14/03/26 21:00	6.512902886	1.50
14/03/26 22:00	5.433523861	2.10
14/03/26 23:00	3.861515473	0.70
15/03/26 00:00	3.072442847	-0.30
15/03/26 01:00	2.76734494	-0.70
15/03/26 02:00	3.074842835	-0.90
15/03/26 03:00	3.922261505	0.00
15/03/26 04:00	5.261905902	-1.20
15/03/26 05:00	7.61494906	-1.20
15/03/26 06:00	9.437285789	0.60
15/03/26 07:00	10.17494342	4.10
15/03/26 08:00	8.433360584	6.70
15/03/26 09:00	6.904800346	9.20
15/03/26 10:00	6.066025036	11.00
15/03/26 11:00	5.293872657	12.40
15/03/26 12:00	4.815369282	13.60
15/03/26 13:00	4.702626726	14.20
15/03/26 14:00	4.96940656	14.70
15/03/26 15:00	5.731984764	14.70
15/03/26 16:00	6.966306369	13.80
15/03/26 17:00	8.019827675	11.00
15/03/26 18:00	8.852144816	7.50
15/03/26 19:00	8.919884482	5.90
15/03/26 20:00	8.543629679	5.10
15/03/26 21:00	7.899842354	6.10
15/03/26 22:00	7.086838253	7.50
15/03/26 23:00	5.681905954	6.20
16/03/26 00:00	5.001683277	4.50
16/03/26 01:00	5.221471051	3.80
16/03/26 02:00	6.258483017	3.70
16/03/26 03:00	7.759405626	2.90
16/03/26 04:00	9.257731691	5.50
16/03/26 05:00	11.064814	6.20
16/03/26 06:00	11.80842524	6.30
16/03/26 07:00	11.2356227	7.70
16/03/26 08:00	8.064811749	8.30
16/03/26 09:00	5.269887707	8.70
16/03/26 10:00	3.609274596	8.50
16/03/26 11:00	2.516642579	8.90
16/03/26 12:00	2.026839793	9.70
16/03/26 13:00	1.867832842	10.70
16/03/26 14:00	1.832449703	11.50
16/03/26 15:00	1.899253755	11.70
16/03/26 16:00	2.091067354	11.30
16/03/26 17:00	2.434445735	9.00
16/03/26 18:00	3.021614213	7.30
16/03/26 19:00	3.757999123	7.20
16/03/26 20:00	4.069415643	5.10
16/03/26 21:00	3.88831644	5.10
16/03/26 22:00	3.455423435	8.10
16/03/26 23:00	2.316307488	8.50
17/03/26 00:00	1.810724821	8.60
17/03/26 01:00	1.797361703	8.40
17/03/26 02:00	2.425305204	7.40
17/03/26 03:00	3.6509297	6.60
17/03/26 04:00	5.206852177	6.70
17/03/26 05:00	7.521687886	5.80
17/03/26 06:00	9.001077675	6.80
17/03/26 07:00	9.033263057	7.90
17/03/26 08:00	6.919987895	9.30
17/03/26 09:00	5.25310002	10.90
17/03/26 10:00	4.670416877	11.90
17/03/26 11:00	3.799344595	11.40
17/03/26 12:00	3.147051614	11.60
17/03/26 13:00	2.896381086	11.90
17/03/26 14:00	2.965310296	11.70
17/03/26 15:00	3.420537866	11.30
17/03/26 16:00	4.172302095	10.90
17/03/26 17:00	4.811036462	10.60
17/03/26 18:00	5.795714965	9.80
17/03/26 19:00	6.179850558	9.30
17/03/26 20:00	6.052372362	9.30
17/03/26 21:00	5.523827478	8.70
17/03/26 22:00	4.867765253	8.20
17/03/26 23:00	3.242184861	8.20
18/03/26 00:00	2.331204092	8.30
18/03/26 01:00	1.966712146	8.70
18/03/26 02:00	2.212417231	8.60
18/03/26 03:00	2.993582638	9.10
18/03/26 04:00	4.245653834	7.70
18/03/26 05:00	6.578448046	7.20
18/03/26 06:00	8.304484955	7.50
18/03/26 07:00	8.173095938	7.50
18/03/26 08:00	5.757565333	7.80
18/03/26 09:00	3.737181777	7.10
18/03/26 10:00	3.063536507	7.90
18/03/26 11:00	2.367211616	8.70
18/03/26 12:00	2.183002587	9.90
18/03/26 13:00	2.352551811	9.60
18/03/26 14:00	2.824793762	9.00
18/03/26 15:00	3.571669137	7.10
18/03/26 16:00	4.603188404	6.50
18/03/26 17:00	5.418785923	5.90
18/03/26 18:00	6.054964685	5.70
18/03/26 19:00	6.030914599	5.70
18/03/26 20:00	5.47890226	5.60
18/03/26 21:00	4.781010976	5.20
18/03/26 22:00	4.048767491	4.20
18/03/26 23:00	2.634651099	2.40
19/03/26 00:00	2.128386392	0.70
19/03/26 01:00	1.896342617	-0.80
19/03/26 02:00	2.189174674	-1.10
19/03/26 03:00	2.984944199	-1.60
19/03/26 04:00	4.276919567	-1.80
19/03/26 05:00	6.669192989	-1.70
19/03/26 06:00	8.718369572	1.00
19/03/26 07:00	9.724699159	6.10
19/03/26 08:00	8.167276139	7.70
19/03/26 09:00	6.749014372	8.90
19/03/26 10:00	5.945584453	10.20
19/03/26 11:00	5.135473078	10.00
19/03/26 12:00	4.535090151	10.90
19/03/26 13:00	4.298931765	11.10
19/03/26 14:00	4.516929618	10.60
19/03/26 15:00	5.315232074	10.00
19/03/26 16:00	6.621463105	8.90
19/03/26 17:00	7.777042395	7.30
19/03/26 18:00	8.667962964	5.70
19/03/26 19:00	8.665199307	3.40
19/03/26 20:00	8.13497029	2.50
19/03/26 21:00	7.341278313	1.90
19/03/26 22:00	6.468768789	1.40
19/03/26 23:00	5.105070076	3.40
20/03/26 00:00	4.791585337	4.10
20/03/26 01:00	5.147897027	4.00
20/03/26 02:00	6.293575659	3.90
20/03/26 03:00	7.899027669	4.50
20/03/26 04:00	9.523780326	4.60
20/03/26 05:00	11.32667004	4.10
20/03/26 06:00	12.00069053	5.40
20/03/26 07:00	11.23065199	6.90
20/03/26 08:00	7.902702634	9.20
20/03/26 09:00	5.07070977	10.60
20/03/26 10:00	3.530474355	11.90
20/03/26 11:00	2.60103681	12.50
20/03/26 12:00	2.244969223	12.10
20/03/26 13:00	2.212374019	12.90
20/03/26 14:00	2.391859924	12.70
20/03/26 15:00	2.764507217	12.40
20/03/26 16:00	3.377898325	11.90
20/03/26 17:00	4.128858736	10.80
20/03/26 18:00	4.976536272	9.80
20/03/26 19:00	5.715464874	8.70
20/03/26 20:00	6.021376496	7.30
20/03/26 21:00	5.799808498	7.60
20/03/26 22:00	5.256960769	7.70
20/03/26 23:00	3.807430118	7.30
21/03/26 00:00	2.770831387	7.20
21/03/26 01:00	2.757488745	4.30
21/03/26 02:00	3.440654582	4.00
21/03/26 03:00	4.627490486	2.50
21/03/26 04:00	6.063542989	2.30
21/03/26 05:00	8.02221774	1.80
21/03/26 06:00	9.066861896	4.90
21/03/26 07:00	8.92178438	8.40
21/03/26 08:00	6.32537704	11.00
21/03/26 09:00	4.133541482	12.20
21/03/26 10:00	3.00034796	13.60
21/03/26 11:00	2.278565926	14.20
21/03/26 12:00	1.993197519	14.70
21/03/26 13:00	1.946894899	15.60
21/03/26 14:00	1.999824589	15.60
21/03/26 15:00	2.154288686	15.40
21/03/26 16:00	2.448794865	14.50
21/03/26 17:00	2.839350493	12.30
21/03/26 18:00	3.351557616	10.90
21/03/26 19:00	3.89178867	9.40
21/03/26 20:00	4.035269234	7.00
21/03/26 21:00	3.774703827	6.90
21/03/26 22:00	3.366453397	7.60
21/03/26 23:00	2.230268017	6.80
22/03/26 00:00	1.569243747	6.90
22/03/26 01:00	1.597288595	6.40
22/03/26 02:00	2.279384775	5.70
22/03/26 03:00	3.557487463	5.80
22/03/26 04:00	5.161391462	5.30
22/03/26 05:00	7.46661881	5.30
22/03/26 06:00	8.750663821	7.40
22/03/26 07:00	8.607168353	10.50
22/03/26 08:00	5.979741365	13.00
22/03/26 09:00	3.767461241	15.50
22/03/26 10:00	2.634310086	17.40
22/03/26 11:00	1.939898124	18.70
22/03/26 12:00	1.663946947	18.60
22/03/26 13:00	1.607178312	19.10
22/03/26 14:00	1.554202996	18.80
22/03/26 15:00	1.514285026	18.50
22/03/26 16:00	1.501545221	17.50
22/03/26 17:00	1.540089649	15.50
22/03/26 18:00	1.826157616	14.00
22/03/26 19:00	2.419266461	13.10
22/03/26 20:00	2.65207898	11.80
22/03/26 21:00	2.53115044	10.70
22/03/26 22:00	2.422053818	10.10
22/03/26 23:00	1.539658471	9.10
23/03/26 00:00	1.109402533	8.20
23/03/26 01:00	1.060221393	7.50
23/03/26 02:00	1.483269716	6.90
23/03/26 03:00	2.383789711	6.20
23/03/26 04:00	3.664779881	5.80
23/03/26 05:00	5.772180985	5.70
23/03/26 06:00	7.293455915	7.40
23/03/26 07:00	7.283588203	10.90
23/03/26 08:00	5.033157859	13.40
23/03/26 09:00	3.183192824	15.70
23/03/26 10:00	2.288055704	16.80
23/03/26 11:00	1.722291709	17.70
23/03/26 12:00	1.508650041	19.00
23/03/26 13:00	1.48145117	19.20
23/03/26 14:00	1.41524869	19.40
23/03/26 15:00	1.314673456	18.50
23/03/26 16:00	1.187625375	17.50
23/03/26 17:00	1.006842476	15.60
23/03/26 18:00	1.145294441	13.60
23/03/26 19:00	1.400768805	12.00
23/03/26 20:00	1.232152772	8.40
23/03/26 21:00	1.009449124	7.70
23/03/26 22:00	1.023920907	7.90
23/03/26 23:00	0.415656753	8.40
24/03/26 00:00	0.394696748	8.40
24/03/26 01:00	0.456220406	7.20
24/03/26 02:00	0.741184201	6.10
24/03/26 03:00	1.360052788	6.80
24/03/26 04:00	2.231328983	5.10
24/03/26 05:00	4.180590827	4.70
24/03/26 06:00	5.66966584	7.60
24/03/26 07:00	5.852384029	10.20
24/03/26 08:00	4.015467242	12.80
24/03/26 09:00	2.641760052	15.60
24/03/26 10:00	2.100498812	16.90
24/03/26 11:00	1.757779849	17.40
24/03/26 12:00	1.537785687	17.40
24/03/26 13:00	1.522679432	17.50
24/03/26 14:00	1.412421958	16.40
24/03/26 15:00	1.349771329	15.70
24/03/26 16:00	1.080253901	14.80
24/03/26 17:00	1.133226009	13.30
24/03/26 18:00	1.367886924	11.30
24/03/26 19:00	1.571621134	10.00
24/03/26 20:00	1.516372682	8.70
24/03/26 21:00	1.329404098	7.90
24/03/26 22:00	1.248363035	7.30
24/03/26 23:00	0.555822095	6.50
25/03/26 00:00	0.460858681	6.20
25/03/26 01:00	0.582668134	5.40
25/03/26 02:00	0.960208244	5.10
25/03/26 03:00	1.665933275	4.80
25/03/26 04:00	2.684230784	4.10
25/03/26 05:00	4.82163527	4.20
25/03/26 06:00	6.301013053	4.40
25/03/26 07:00	6.27738435	5.00
25/03/26 08:00	4.372024189	5.80
25/03/26 09:00	3.011116671	8.20
25/03/26 10:00	2.259839393	11.60
25/03/26 11:00	1.872479541	13.90
25/03/26 12:00	1.697616645	16.00
25/03/26 13:00	1.618707788	16.60
25/03/26 14:00	1.569591983	16.30
25/03/26 15:00	1.52750716	15.70
25/03/26 16:00	1.491486007	14.60
25/03/26 17:00	1.488974507	13.10
25/03/26 18:00	1.723279774	11.50
25/03/26 19:00	2.212981105	10.40
25/03/26 20:00	2.284832067	9.70
25/03/26 21:00	2.162269554	9.20
25/03/26 22:00	2.1005229	7.80
25/03/26 23:00	1.146089745	7.60
26/03/26 00:00	0.918634718	6.70
26/03/26 01:00	1.024015129	3.70
26/03/26 02:00	1.613755455	5.20
26/03/26 03:00	2.706722745	3.00
26/03/26 04:00	4.264122784	2.30
26/03/26 05:00	6.707139411	2.20
26/03/26 06:00	8.687499845	6.00
26/03/26 07:00	8.679162586	9.40
26/03/26 08:00	6.644302112	11.70
26/03/26 09:00	4.685893593	13.30
26/03/26 10:00	3.361182672	14.40
26/03/26 11:00	2.443398883	15.30
26/03/26 12:00	1.961431796	16.40
26/03/26 13:00	1.71174078	16.40
26/03/26 14:00	1.54967393	15.70
26/03/26 15:00	1.428748994	15.50
26/03/26 16:00	1.329853491	14.70
26/03/26 17:00	1.28722577	13.30
26/03/26 18:00	1.579237187	11.70
26/03/26 19:00	2.070024498	9.40
26/03/26 20:00	2.130015581	8.90
26/03/26 21:00	1.925865075	8.10
26/03/26 22:00	1.850140174	7.00
26/03/26 23:00	1.068754474	3.90
27/03/26 00:00	0.874562813	3.10
27/03/26 01:00	1.018818204	2.50
27/03/26 02:00	1.648117751	2.60
27/03/26 03:00	2.715986243	2.00
27/03/26 04:00	4.193858873	1.80
27/03/26 05:00	6.470318922	2.00
27/03/26 06:00	8.144975731	5.50
27/03/26 07:00	7.779395743	9.70
27/03/26 08:00	5.483014474	12.70
27/03/26 09:00	3.504360147	14.90
27/03/26 10:00	2.445143509	15.90
27/03/26 11:00	1.87005915	17.20
27/03/26 12:00	1.647562756	17.00
27/03/26 13:00	1.543250704	17.70
27/03/26 14:00	1.439262741	17.60
27/03/26 15:00	1.329361502	16.80
27/03/26 16:00	1.20238956	15.80
27/03/26 17:00	1.116903633	14.50
27/03/26 18:00	1.390538347	13.00
27/03/26 19:00	1.821496272	11.80
27/03/26 20:00	1.851361472	8.60
27/03/26 21:00	1.77567793	6.40
27/03/26 22:00	1.763633295	6.00
27/03/26 23:00	1.079448125	4.90
28/03/26 00:00	1.040453538	4.20
28/03/26 01:00	1.371548676	4.20
28/03/26 02:00	2.163510636	3.50
28/03/26 03:00	3.3949228	4.70
28/03/26 04:00	4.84613195	4.00
28/03/26 05:00	7.072272767	3.10
28/03/26 06:00	8.423630581	6.50
28/03/26 07:00	7.920160984	9.90
28/03/26 08:00	5.521746871	13.20
28/03/26 09:00	3.464204752	15.60
28/03/26 10:00	2.372760302	16.90
28/03/26 11:00	1.782085177	17.70
28/03/26 12:00	1.561864679	18.00
28/03/26 13:00	1.455712944	18.00
28/03/26 14:00	1.346801591	17.60
28/03/26 15:00	1.226969899	16.80
28/03/26 16:00	1.077252108	15.40
28/03/26 17:00	1.017758844	13.10
28/03/26 18:00	1.294424421	11.20
28/03/26 19:00	1.597866351	9.70
28/03/26 20:00	1.631937238	8.10
28/03/26 21:00	1.609332856	7.60
28/03/26 22:00	1.617985389	6.10
28/03/26 23:00	0.953031427	5.10
29/03/26 00:00	0.880058889	5.50
29/03/26 01:00	1.131373539	4.90
29/03/26 02:00	1.794757671	5.20
29/03/26 03:00	2.85584827	6.40
29/03/26 04:00	4.172590496	6.60
29/03/26 05:00	6.380589668	5.70
29/03/26 06:00	7.751789428	8.20
29/03/26 07:00	7.431815281	9.20
29/03/26 08:00	5.214750142	10.50
29/03/26 09:00	3.300682907	11.40
29/03/26 10:00	2.288085066	11.40
29/03/26 11:00	1.729825541	10.70
29/03/26 12:00	1.524935334	10.60
29/03/26 13:00	1.411785038	11.10
29/03/26 14:00	1.305691557	11.00
29/03/26 15:00	1.180228394	10.60
29/03/26 16:00	1.006924278	9.60
29/03/26 17:00	0.977478449	9.30
29/03/26 18:00	1.219371997	9.00
29/03/26 19:00	1.486362023	9.00
29/03/26 20:00	1.449953976	8.90
29/03/26 21:00	1.373303177	8.60
29/03/26 22:00	1.367791956	8.40
29/03/26 23:00	0.708756297	8.50
30/03/26 00:00	0.649785967	8.90
30/03/26 01:00	0.87578764	9.10
30/03/26 02:00	1.42495292	9.30
30/03/26 03:00	2.348265211	8.70
30/03/26 04:00	3.600647295	8.50
30/03/26 05:00	5.726723685	8.40
30/03/26 06:00	7.432788461	8.50
30/03/26 07:00	7.335381095	8.30
30/03/26 08:00	5.497850503	8.60
30/03/26 09:00	3.952764242	9.10
30/03/26 10:00	3.12071176	9.30
30/03/26 11:00	2.650151569	9.30
30/03/26 12:00	2.531363289	9.70
30/03/26 13:00	2.670943896	9.40
30/03/26 14:00	2.99987163	9.10
30/03/26 15:00	3.584441439	8.70
30/03/26 16:00	4.526903939	8.60
30/03/26 17:00	5.292290519	8.20
30/03/26 18:00	6.003669445	8.00
30/03/26 19:00	6.125510607	8.00
30/03/26 20:00	5.58945156	8.40
30/03/26 21:00	4.787160725	8.00
30/03/26 22:00	3.949258281	7.70
30/03/26 23:00	2.625393692	7.10
31/03/26 00:00	1.891516927	6.80
31/03/26 01:00	1.546427527	7.40
31/03/26 02:00	1.704311641	8.40
31/03/26 03:00	2.357939876	8.50
31/03/26 04:00	3.360863845	8.30
31/03/26 05:00	5.581098739	7.90
31/03/26 06:00	7.401682989	8.00
31/03/26 07:00	7.919727061	8.50
31/03/26 08:00	6.584760267	7.90
31/03/26 09:00	5.679033688	8.30
31/03/26 10:00	4.967104775	8.60
31/03/26 11:00	4.396217069	8.20
31/03/26 12:00	4.217372471	8.20
31/03/26 13:00	4.370806622	8.00
31/03/26 14:00	4.906122268	7.40
31/03/26 15:00	5.666168338	7.60
31/03/26 16:00	6.610149648	6.70
31/03/26 17:00	7.516909403	5.70
31/03/26 18:00	7.945909356	5.30
31/03/26 19:00	7.595367969	4.80
31/03/26 20:00	6.641819969	4.00
31/03/26 21:00	5.659126313	3.30
31/03/26 22:00	4.554548105	3.20
31/03/26 23:00	2.949145135	1.00
01/04/26 00:00	2.401572598	1.10
01/04/26 01:00	2.128988042	-0.20
01/04/26 02:00	2.260888998	-1.10
01/04/26 03:00	2.965042682	-2.00
01/04/26 04:00	4.085950595	-2.10
01/04/26 05:00	6.336384341	-0.90
01/04/26 06:00	7.585222513	4.30
01/04/26 07:00	7.805445221	6.70
01/04/26 08:00	6.088841013	7.90
01/04/26 09:00	4.76490091	8.80
01/04/26 10:00	3.890019522	8.10
01/04/26 11:00	3.44102309	8.50
01/04/26 12:00	3.34311481	9.50
01/04/26 13:00	3.652083224	8.50
01/04/26 14:00	4.256436921	9.10
01/04/26 15:00	5.201528196	8.20
01/04/26 16:00	6.511861273	7.60
01/04/26 17:00	7.615150799	6.80
01/04/26 18:00	8.523571825	6.10
01/04/26 19:00	8.637435019	5.50
01/04/26 20:00	8.112884396	5.00
01/04/26 21:00	7.295280327	4.80
01/04/26 22:00	6.23228924	4.30
01/04/26 23:00	4.678198548	3.70
02/04/26 00:00	4.332724396	4.80
02/04/26 01:00	4.805765424	4.80
02/04/26 02:00	5.981538935	4.40
02/04/26 03:00	7.649411795	5.30
02/04/26 04:00	9.199840718	5.30
02/04/26 05:00	10.75917279	5.50
02/04/26 06:00	10.52780965	7.30
02/04/26 07:00	9.319365233	8.30
02/04/26 08:00	6.421407729	9.10
02/04/26 09:00	4.285807618	10.10
02/04/26 10:00	3.028771067	11.40
02/04/26 11:00	2.473628219	12.10
02/04/26 12:00	2.291972204	13.00
02/04/26 13:00	2.484608183	13.10
02/04/26 14:00	2.893629133	12.90
02/04/26 15:00	3.592349307	12.10
02/04/26 16:00	4.622697117	12.20
02/04/26 17:00	5.613503962	10.90
02/04/26 18:00	6.435562696	9.20
02/04/26 19:00	6.844843179	6.70
02/04/26 20:00	6.662748892	6.30
02/04/26 21:00	6.077062885	2.90
02/04/26 22:00	5.149896098	2.20
02/04/26 23:00	3.698397623	3.50
03/04/26 00:00	2.574776249	3.50
03/04/26 01:00	2.490809395	3.80
03/04/26 02:00	3.073357748	3.20
03/04/26 03:00	4.199263341	2.10
03/04/26 04:00	5.610380604	2.10
03/04/26 05:00	7.63356262	2.60
03/04/26 06:00	8.995903951	5.70
03/04/26 07:00	8.443254729	9.20
03/04/26 08:00	6.095937436	11.00
03/04/26 09:00	4.078923557	12.40
03/04/26 10:00	2.912636382	13.70
03/04/26 11:00	2.217592596	13.10
03/04/26 12:00	1.92402525	13.50
03/04/26 13:00	1.910901216	13.50
03/04/26 14:00	2.088413126	13.50
03/04/26 15:00	2.470065145	13.00
03/04/26 16:00	3.111499228	12.30
03/04/26 17:00	3.743996053	11.90
03/04/26 18:00	4.552766597	11.50
03/04/26 19:00	5.210498485	10.20
03/04/26 20:00	5.319062876	10.10
03/04/26 21:00	4.972186837	9.30
03/04/26 22:00	4.502778677	8.50
03/04/26 23:00	3.352581219	7.40
04/04/26 00:00	2.845708327	6.30
04/04/26 01:00	2.979094805	6.60
04/04/26 02:00	3.832674398	7.30
04/04/26 03:00	5.185483313	7.20
04/04/26 04:00	6.71888663	6.30
04/04/26 05:00	8.672044495	6.10
04/04/26 06:00	9.732088556	6.20
04/04/26 07:00	8.805841265	6.50
04/04/26 08:00	6.06747353	7.00
04/04/26 09:00	3.781700792	7.70
04/04/26 10:00	2.544968448	8.10
04/04/26 11:00	1.904080724	8.50
04/04/26 12:00	1.681174083	8.60
04/04/26 13:00	1.64734801	8.70
04/04/26 14:00	1.711733833	8.90
04/04/26 15:00	1.881690395	8.90
04/04/26 16:00	2.196729001	8.90
04/04/26 17:00	2.520637059	8.70
04/04/26 18:00	3.073918023	8.50
04/04/26 19:00	3.543610525	7.80
04/04/26 20:00	3.482428029	7.60
04/04/26 21:00	3.201387593	7.30
04/04/26 22:00	2.855205048	6.90
04/04/26 23:00	1.790602092	6.50
05/04/26 00:00	1.397226337	6.00
05/04/26 01:00	1.356848417	5.50
05/04/26 02:00	1.853382834	5.20
05/04/26 03:00	2.883932995	5.10
05/04/26 04:00	4.374612592	4.80
05/04/26 05:00	6.872872917	4.60
05/04/26 06:00	8.988940274	4.50
05/04/26 07:00	9.235725807	5.10
05/04/26 08:00	7.608075433	5.60
05/04/26 09:00	6.21905568	6.70
05/04/26 10:00	5.446921633	6.90
05/04/26 11:00	4.979116293	8.10
05/04/26 12:00	4.856744507	8.40
05/04/26 13:00	5.027209234	9.80
05/04/26 14:00	5.4375928	9.50
05/04/26 15:00	6.102939663	9.10
05/04/26 16:00	7.018772159	8.00
05/04/26 17:00	7.631714047	6.70
05/04/26 18:00	8.096712932	5.50
05/04/26 19:00	7.89554926	4.80
05/04/26 20:00	7.175517148	2.60
05/04/26 21:00	6.289172514	3.80
05/04/26 22:00	5.328608856	3.10
05/04/26 23:00	3.866821824	3.30
06/04/26 00:00	3.443105341	3.70
06/04/26 01:00	3.302665832	3.90
06/04/26 02:00	3.793937531	3.50
06/04/26 03:00	4.863263514	0.60
06/04/26 04:00	6.352884595	-0.70
06/04/26 05:00	8.80686082	-0.20
06/04/26 06:00	10.56536739	4.20
06/04/26 07:00	10.2613098	5.70
06/04/26 08:00	8.011347039	6.80
06/04/26 09:00	5.961649104	7.30
06/04/26 10:00	4.557422965	8.80
06/04/26 11:00	3.503355217	9.30
06/04/26 12:00	2.900548098	10.80
06/04/26 13:00	2.734404214	10.10
06/04/26 14:00	2.920911174	9.40
06/04/26 15:00	3.454279907	8.10
06/04/26 16:00	4.443973649	7.70
06/04/26 17:00	5.409830355	7.10
06/04/26 18:00	6.36349087	6.70
06/04/26 19:00	7.016038807	6.60
06/04/26 20:00	6.946065178	6.50
06/04/26 21:00	6.417825489	6.60
06/04/26 22:00	5.588976123	6.30
06/04/26 23:00	3.943627519	6.30
07/04/26 00:00	3.106881928	6.00
07/04/26 01:00	3.318414459	5.40
07/04/26 02:00	4.246646859	5.30
07/04/26 03:00	5.778100833	5.00
07/04/26 04:00	7.394854522	5.30
07/04/26 05:00	9.408950591	5.20
07/04/26 06:00	10.00999658	4.90
07/04/26 07:00	9.00538728	6.10
07/04/26 08:00	6.269462978	6.50
07/04/26 09:00	4.347760326	6.40
07/04/26 10:00	3.10105414	6.90
07/04/26 11:00	2.402515229	7.30
07/04/26 12:00	2.155194126	6.30
07/04/26 13:00	2.129747553	6.30
07/04/26 14:00	2.256494685	6.30
07/04/26 15:00	2.444275223	6.10
07/04/26 16:00	2.757277628	5.90
07/04/26 17:00	3.436325015	5.20
07/04/26 18:00	4.151257423	4.80
07/04/26 19:00	4.681896982	4.70
07/04/26 20:00	4.708426597	4.30
07/04/26 21:00	4.473924683	2.40
07/04/26 22:00	3.830958269	2.50
07/04/26 23:00	2.461032072	2.70
08/04/26 00:00	1.979718978	1.50
08/04/26 01:00	1.934512978	0.50
08/04/26 02:00	2.411065545	-0.20
08/04/26 03:00	3.526188721	0.40
08/04/26 04:00	5.017510463	0.30
08/04/26 05:00	7.416147684	0.30
08/04/26 06:00	8.430855461	4.50
08/04/26 07:00	8.426429411	6.10
08/04/26 08:00	6.446615707	7.20
08/04/26 09:00	4.895064187	8.30
08/04/26 10:00	3.982005261	8.20
08/04/26 11:00	3.605598304	9.20
08/04/26 12:00	3.617740866	9.50
08/04/26 13:00	4.084614345	9.20
08/04/26 14:00	4.86563452	9.60
08/04/26 15:00	5.915052033	9.40
08/04/26 16:00	7.259258475	9.30
08/04/26 17:00	8.334833725	9.20
08/04/26 18:00	9.147452931	9.10
08/04/26 19:00	9.093974295	8.90
08/04/26 20:00	8.453721023	7.20
08/04/26 21:00	7.562113641	6.70
08/04/26 22:00	6.424884597	6.60
08/04/26 23:00	4.767908634	6.80
09/04/26 00:00	4.042569528	6.90
09/04/26 01:00	4.30085028	7.20
09/04/26 02:00	5.37186551	7.60
09/04/26 03:00	6.90533586	8.20
09/04/26 04:00	8.426508818	8.40
09/04/26 05:00	10.17209484	8.70
09/04/26 06:00	10.84907815	8.60
09/04/26 07:00	9.529565775	8.80
09/04/26 08:00	6.498250816	9.00
09/04/26 09:00	4.149603051	9.30
09/04/26 10:00	2.923520905	9.40
09/04/26 11:00	2.309877193	9.70
09/04/26 12:00	2.094340208	9.60
09/04/26 13:00	2.163404281	9.70
09/04/26 14:00	2.388484287	9.30
09/04/26 15:00	2.776474738	9.50
09/04/26 16:00	3.441247527	9.20
09/04/26 17:00	4.038238902	9.10
09/04/26 18:00	4.642630054	9.10
09/04/26 19:00	5.085178158	9.20
09/04/26 20:00	4.980029269	9.60
09/04/26 21:00	4.53069378	9.70
09/04/26 22:00	3.892871111	9.70
09/04/26 23:00	2.557412863	9.90
10/04/26 00:00	1.602169606	10.00
10/04/26 01:00	1.390400969	9.90
10/04/26 02:00	1.726781711	9.80
10/04/26 03:00	2.589192877	9.60
10/04/26 04:00	3.876815332	9.50
10/04/26 05:00	6.142717639	9.40
10/04/26 06:00	8.09039705	9.80
10/04/26 07:00	8.285111759	10.00
10/04/26 08:00	6.737581384	9.70
10/04/26 09:00	5.46107859	10.20
10/04/26 10:00	4.802016282	11.00
10/04/26 11:00	4.359582152	10.70
10/04/26 12:00	4.182367428	11.10
10/04/26 13:00	4.289191199	10.30
10/04/26 14:00	4.663091951	10.40
10/04/26 15:00	5.338474378	9.80
10/04/26 16:00	6.319356338	9.30
10/04/26 17:00	6.944193956	9.00
10/04/26 18:00	7.38727669	8.70
10/04/26 19:00	7.058211466	8.60
10/04/26 20:00	6.199370809	8.40
10/04/26 21:00	5.225340984	8.10
10/04/26 22:00	4.288569567	7.50
10/04/26 23:00	2.916559967	7.70
11/04/26 00:00	2.206080932	7.00
11/04/26 01:00	1.888081672	6.40
11/04/26 02:00	1.984465919	6.10
11/04/26 03:00	2.493606714	5.60
11/04/26 04:00	3.416680627	6.30
11/04/26 05:00	5.325875174	6.80
11/04/26 06:00	7.113253493	7.10
11/04/26 07:00	7.328813468	7.60
11/04/26 08:00	5.730400001	8.80
11/04/26 09:00	4.222069588	10.40
11/04/26 10:00	3.336273279	11.10
11/04/26 11:00	2.724267088	10.40
11/04/26 12:00	2.535439595	11.80
11/04/26 13:00	2.741212762	11.60
11/04/26 14:00	3.269989572	10.10
11/04/26 15:00	4.136198518	8.60
11/04/26 16:00	5.267538748	8.20
11/04/26 17:00	6.094015182	7.20
11/04/26 18:00	6.802685446	6.90
11/04/26 19:00	6.759825754	6.90
11/04/26 20:00	6.119773228	7.20
11/04/26 21:00	5.308451645	6.50
11/04/26 22:00	4.594864712	5.90
11/04/26 23:00	3.305117095	4.10
12/04/26 00:00	2.693926429	3.20
12/04/26 01:00	2.601104665	3.00
12/04/26 02:00	3.025944197	2.60
12/04/26 03:00	3.911956165	3.60
12/04/26 04:00	5.173435643	4.30
12/04/26 05:00	7.27440797	4.40
12/04/26 06:00	8.842454823	5.10
12/04/26 07:00	8.464448189	5.60
12/04/26 08:00	6.245162879	7.90
12/04/26 09:00	4.295820391	10.30
12/04/26 10:00	3.072337534	10.60
12/04/26 11:00	2.306260491	11.70
12/04/26 12:00	1.978559063	11.40
12/04/26 13:00	1.938400223	9.00
12/04/26 14:00	2.116504873	9.90
12/04/26 15:00	2.508027351	9.30
12/04/26 16:00	3.164182958	9.20
12/04/26 17:00	3.825525192	8.90
12/04/26 18:00	4.591002093	8.50
12/04/26 19:00	5.18338316	7.60
12/04/26 20:00	5.11824283	7.10
12/04/26 21:00	4.628708991	6.10
12/04/26 22:00	3.953181693	6.10
12/04/26 23:00	2.715093402	5.70
13/04/26 00:00	2.275007428	5.70
13/04/26 01:00	2.476537121	6.00
13/04/26 02:00	3.291448353	4.50
13/04/26 03:00	4.597414435	3.30
13/04/26 04:00	6.132939222	2.30
13/04/26 05:00	8.218837757	4.30
13/04/26 06:00	9.575735208	6.00
13/04/26 07:00	9.025492186	7.10
13/04/26 08:00	6.617808364	8.70
13/04/26 09:00	4.514143767	9.80
13/04/26 10:00	3.211118259	9.80
13/04/26 11:00	2.441705892	9.20
13/04/26 12:00	2.186975931	10.40
13/04/26 13:00	2.333964309	11.30
13/04/26 14:00	2.766991225	10.70
13/04/26 15:00	3.484282309	10.40
13/04/26 16:00	4.495193246	9.10
13/04/26 17:00	5.315008388	8.50
13/04/26 18:00	6.045985893	7.30
13/04/26 19:00	6.287311775	7.20
13/04/26 20:00	5.870473754	7.10
13/04/26 21:00	5.174325203	6.40
13/04/26 22:00	4.396367673	5.20
13/04/26 23:00	3.10603133	5.30
14/04/26 00:00	2.4854495	3.90
14/04/26 01:00	2.455703086	2.60
14/04/26 02:00	3.137948734	2.50
14/04/26 03:00	4.425578516	4.10
14/04/26 04:00	5.91468856	4.50
14/04/26 05:00	8.150121799	5.90
14/04/26 06:00	9.354452986	6.80
14/04/26 07:00	8.855640786	8.50
14/04/26 08:00	6.537312595	9.80
14/04/26 09:00	4.90320752	9.50
14/04/26 10:00	3.709963819	10.50
14/04/26 11:00	2.960678546	11.50
14/04/26 12:00	2.689790001	11.50
14/04/26 13:00	2.742577961	11.60
14/04/26 14:00	3.057976194	11.60
14/04/26 15:00	3.586049568	11.60
14/04/26 16:00	4.395804449	10.50
14/04/26 17:00	5.467982188	8.80
14/04/26 18:00	6.270675652	7.80
14/04/26 19:00	6.537950461	7.00
14/04/26 20:00	6.128996127	6.30
14/04/26 21:00	5.588434814	5.80
14/04/26 22:00	4.78612578	5.10
14/04/26 23:00	3.451958194	4.90
15/04/26 00:00	3.016799704	4.50
15/04/26 01:00	3.270821842	4.10
15/04/26 02:00	3.928814852	4.70
15/04/26 03:00	5.067995943	5.20
15/04/26 04:00	6.271615347	5.80
15/04/26 05:00	8.035620974	5.60
15/04/26 06:00	8.412990341	6.40
15/04/26 07:00	7.552414652	7.50
15/04/26 08:00	5.090190302	7.30
15/04/26 09:00	3.471761812	8.10
15/04/26 10:00	2.557563735	9.50
15/04/26 11:00	2.142320498	8.70
15/04/26 12:00	1.957091852	8.70
15/04/26 13:00	1.932042338	8.70
15/04/26 14:00	1.948496548	8.40
15/04/26 15:00	2.060429325	8.50
15/04/26 16:00	2.297956005	8.40
15/04/26 17:00	2.693584465	7.10
15/04/26 18:00	3.263298257	6.30
15/04/26 19:00	3.923657774	5.80
15/04/26 20:00	4.057006633	5.60
15/04/26 21:00	3.754723974	4.80
15/04/26 22:00	3.182564306	4.30
15/04/26 23:00	1.987357802	3.70
16/04/26 00:00	1.784962994	3.80
16/04/26 01:00	1.843890935	3.50
16/04/26 02:00	2.460663147	3.30
16/04/26 03:00	3.605857189	2.70
16/04/26 04:00	5.070713653	1.80
16/04/26 05:00	7.344220216	4.00
16/04/26 06:00	8.896252742	5.50
16/04/26 07:00	8.525853552	5.80
16/04/26 08:00	6.424303666	6.40
16/04/26 09:00	4.686492139	8.10
16/04/26 10:00	3.723310424	8.60
16/04/26 11:00	3.120089795	8.30
16/04/26 12:00	2.880678758	8.50
16/04/26 13:00	3.037018522	8.80
16/04/26 14:00	3.515889599	8.70
16/04/26 15:00	4.273755921	7.90
16/04/26 16:00	5.384311539	8.60
16/04/26 17:00	6.280943915	6.80
16/04/26 18:00	7.032081568	4.80
16/04/26 19:00	7.257383409	3.50
16/04/26 20:00	6.903711235	2.00
16/04/26 21:00	6.282589829	0.10
16/04/26 22:00	5.412598105	-0.70
16/04/26 23:00	3.97040395	-1.20
17/04/26 00:00	3.362536043	-1.80
17/04/26 01:00	3.338039689	-1.60
17/04/26 02:00	3.969280864	-2.20
17/04/26 03:00	5.119121923	-1.90
17/04/26 04:00	6.466367325	0.00
17/04/26 05:00	8.347666117	1.00
17/04/26 06:00	9.332341436	3.30
17/04/26 07:00	8.410783799	5.50
17/04/26 08:00	5.911927448	7.50
17/04/26 09:00	4.020648604	8.90
17/04/26 10:00	3.05625046	9.00
17/04/26 11:00	2.502382944	9.60
17/04/26 12:00	2.257981653	9.80
17/04/26 13:00	2.278016883	7.90
17/04/26 14:00	2.483050741	8.10
17/04/26 15:00	2.877988144	6.50
17/04/26 16:00	3.628305889	5.90
17/04/26 17:00	4.415397525	5.80
17/04/26 18:00	5.275940733	5.60
17/04/26 19:00	6.073708329	5.90
17/04/26 20:00	6.338733076	6.00
17/04/26 21:00	6.173040282	6.20
17/04/26 22:00	5.657137964	5.80
17/04/26 23:00	4.505517002	5.60
18/04/26 00:00	4.354302792	5.60
18/04/26 01:00	4.882237696	4.90
18/04/26 02:00	6.118370608	4.00
18/04/26 03:00	7.654498669	4.50
18/04/26 04:00	8.907059851	4.20
18/04/26 05:00	10.45834571	5.30
18/04/26 06:00	11.08968756	7.20
18/04/26 07:00	9.830398656	7.70
18/04/26 08:00	6.956607778	9.10
18/04/26 09:00	4.739007267	9.70
18/04/26 10:00	3.526261787	11.50
18/04/26 11:00	2.914995218	11.40
18/04/26 12:00	2.819040527	10.90
18/04/26 13:00	3.202226962	11.10
18/04/26 14:00	3.957466507	12.20
18/04/26 15:00	5.043406271	11.70
18/04/26 16:00	6.465200881	11.60
18/04/26 17:00	7.55724588	9.00
18/04/26 18:00	8.254937415	8.20
18/04/26 19:00	8.236263675	7.80
18/04/26 20:00	7.586775463	8.30
18/04/26 21:00	6.730739474	8.30
18/04/26 22:00	5.664076609	8.50
18/04/26 23:00	4.081376033	8.80
19/04/26 00:00	2.926462783	8.50
19/04/26 01:00	2.885054632	8.50
19/04/26 02:00	3.473383861	7.70
19/04/26 03:00	4.552197661	7.30
19/04/26 04:00	5.838832043	7.40
19/04/26 05:00	7.700222572	7.30
19/04/26 06:00	8.771754614	8.10
19/04/26 07:00	7.956709655	9.30
19/04/26 08:00	5.555533711	9.40
19/04/26 09:00	3.719021024	9.90
19/04/26 10:00	2.771665635	10.50
19/04/26 11:00	2.230674253	10.90
19/04/26 12:00	2.021406833	11.20
19/04/26 13:00	2.060412804	12.00
19/04/26 14:00	2.274283251	12.80
19/04/26 15:00	2.681651217	10.40
19/04/26 16:00	3.38129326	10.70
19/04/26 17:00	4.045318628	11.20
19/04/26 18:00	4.769455369	9.50
19/04/26 19:00	5.285177921	7.40
19/04/26 20:00	5.167110203	7.30
19/04/26 21:00	4.601402261	4.90
19/04/26 22:00	3.812875081	6.10
19/04/26 23:00	2.436048427	5.40
20/04/26 00:00	1.600236637	5.30
20/04/26 01:00	1.362565708	4.90
20/04/26 02:00	1.655343771	5.20
20/04/26 03:00	2.408574987	5.30
20/04/26 04:00	3.532002493	5.60
20/04/26 05:00	5.545833487	6.80
20/04/26 06:00	7.228223898	7.90
20/04/26 07:00	7.085060021	8.40
20/04/26 08:00	5.141325127	9.10
20/04/26 09:00	3.582023028	9.80
20/04/26 10:00	2.838538063	10.10
20/04/26 11:00	2.409710396	9.80
20/04/26 12:00	2.226761504	12.70
20/04/26 13:00	2.222737603	12.00
20/04/26 14:00	2.389063319	9.40
20/04/26 15:00	2.778505283	10.30
20/04/26 16:00	3.460356336	9.70
20/04/26 17:00	4.070672424	9.60
20/04/26 18:00	4.803997745	8.30
20/04/26 19:00	5.27365926	8.20
20/04/26 20:00	5.197789191	7.80
20/04/26 21:00	4.731936001	6.90
20/04/26 22:00	4.176726663	6.80
20/04/26 23:00	2.987738117	6.50
21/04/26 00:00	2.349753675	5.90
21/04/26 01:00	2.202522456	5.40
21/04/26 02:00	2.64882361	5.80
21/04/26 03:00	3.503997379	6.40
21/04/26 04:00	4.585328118	6.40
21/04/26 05:00	6.44902439	6.60
21/04/26 06:00	7.439390924	7.30
21/04/26 07:00	7.041703146	7.70
21/04/26 08:00	5.139827309	7.80
21/04/26 09:00	4.006659303	8.10
21/04/26 10:00	3.320929702	6.50
21/04/26 11:00	2.811575361	9.90
21/04/26 12:00	2.579515508	10.30
21/04/26 13:00	2.543070338	10.50
21/04/26 14:00	2.746432032	11.30
21/04/26 15:00	3.126084443	10.80
21/04/26 16:00	3.816608496	9.20
21/04/26 17:00	4.687085905	9.10
21/04/26 18:00	5.364664667	7.50
21/04/26 19:00	5.642716697	7.80
21/04/26 20:00	5.37363285	7.10
21/04/26 21:00	4.83856476	6.50
21/04/26 22:00	4.194465201	6.20
21/04/26 23:00	2.85853571	6.50
22/04/26 00:00	2.30326628	6.60
22/04/26 01:00	2.304874277	6.60
22/04/26 02:00	2.728222808	6.80
22/04/26 03:00	3.727414475	6.90
22/04/26 04:00	5.043023084	6.90
22/04/26 05:00	7.321252687	7.00
22/04/26 06:00	8.395379635	8.10
22/04/26 07:00	8.130732518	9.00
22/04/26 08:00	6.057170119	9.90
22/04/26 09:00	4.591138824	10.80
22/04/26 10:00	3.581014849	12.00
22/04/26 11:00	2.963029779	12.00
22/04/26 12:00	2.615084934	11.40
22/04/26 13:00	2.524955067	12.20
22/04/26 14:00	2.709057995	11.70
22/04/26 15:00	3.222219592	10.90
22/04/26 16:00	4.090036461	11.20
22/04/26 17:00	4.935139362	10.20
22/04/26 18:00	5.678601277	8.00
22/04/26 19:00	6.085451442	6.70
22/04/26 20:00	5.865168257	7.10
22/04/26 21:00	5.221912578	6.20
22/04/26 22:00	4.317807676	6.20
22/04/26 23:00	2.8992698	6.50
23/04/26 00:00	2.1728693	6.60
23/04/26 01:00	2.006914775	7.00
23/04/26 02:00	2.397810793	7.00
23/04/26 03:00	3.271419582	7.10
23/04/26 04:00	4.493016853	7.10
23/04/26 05:00	6.523334917	7.30
23/04/26 06:00	8.003161181	7.60
23/04/26 07:00	7.576382672	8.20
23/04/26 08:00	5.3956578	9.50
23/04/26 09:00	3.60307304	9.90
23/04/26 10:00	2.627579412	10.80
23/04/26 11:00	2.090395619	12.10
23/04/26 12:00	1.881686978	13.10
23/04/26 13:00	1.856660794	12.40
23/04/26 14:00	1.932623904	12.30
23/04/26 15:00	2.148386009	12.30
23/04/26 16:00	2.574932642	12.00
23/04/26 17:00	3.047270752	11.70
23/04/26 18:00	3.71803654	9.20
23/04/26 19:00	4.346823372	9.00
23/04/26 20:00	4.444563939	8.70
23/04/26 21:00	4.110257066	8.10
23/04/26 22:00	3.571155058	7.80
23/04/26 23:00	2.327533043	7.80
24/04/26 00:00	1.609906046	7.50
24/04/26 01:00	1.436488479	7.50
24/04/26 02:00	1.858719395	7.30
24/04/26 03:00	2.809730456	7.00
24/04/26 04:00	4.149128822	7.40
24/04/26 05:00	6.334805935	7.80
24/04/26 06:00	8.040239889	9.30
24/04/26 07:00	7.837592834	9.70
24/04/26 08:00	5.799020865	11.20
24/04/26 09:00	4.005467817	10.30
24/04/26 10:00	2.911779769	11.00
24/04/26 11:00	2.225160686	12.10
24/04/26 12:00	1.924008213	12.80
24/04/26 13:00	1.815191682	12.10
24/04/26 14:00	1.838047655	12.30
24/04/26 15:00	1.997420636	11.90
24/04/26 16:00	2.342256635	12.20
24/04/26 17:00	2.725386991	10.90
24/04/26 18:00	3.317500002	9.60
24/04/26 19:00	3.875183134	8.90
24/04/26 20:00	3.898163232	9.10
24/04/26 21:00	3.53238743	8.60
24/04/26 22:00	3.110940226	8.40
24/04/26 23:00	1.978740412	8.30
25/04/26 00:00	1.370729912	8.10
25/04/26 01:00	1.18766148	8.10
25/04/26 02:00	1.523845967	7.10
25/04/26 03:00	2.291399135	6.60
25/04/26 04:00	3.412638628	6.80
25/04/26 05:00	5.317365871	7.20
25/04/26 06:00	6.812372139	8.90
25/04/26 07:00	6.488426814	10.70
25/04/26 08:00	4.4456019	11.60
25/04/26 09:00	2.869505034	12.80
25/04/26 10:00	2.133652419	12.60
25/04/26 11:00	1.748304657	12.20
25/04/26 12:00	1.632823305	10.90
25/04/26 13:00	1.596506865	10.50
25/04/26 14:00	1.586506388	10.40
25/04/26 15:00	1.642428537	11.20
25/04/26 16:00	1.809684761	10.90
25/04/26 17:00	2.060184921	10.60
25/04/26 18:00	2.605566526	10.60
25/04/26 19:00	3.187622646	10.60
25/04/26 20:00	3.206995673	10.60
25/04/26 21:00	2.915723722	10.10
25/04/26 22:00	2.560203454	10.40
25/04/26 23:00	1.494517138	11.30
26/04/26 00:00	1.008265602	11.50
26/04/26 01:00	0.86808002	10.90
26/04/26 02:00	1.181772631	10.50
26/04/26 03:00	1.922646044	10.50
26/04/26 04:00	3.002340422	10.90
26/04/26 05:00	4.919015864	11.00
26/04/26 06:00	6.46297807	11.50
26/04/26 07:00	6.215254853	12.00
26/04/26 08:00	4.262744478	12.90
26/04/26 09:00	2.804864471	13.20
26/04/26 10:00	2.157198571	13.10
26/04/26 11:00	1.866338313	12.30
26/04/26 12:00	1.884129156	14.40
26/04/26 13:00	2.13231111	10.80
26/04/26 14:00	2.55159428	11.40
26/04/26 15:00	3.157852585	13.00
26/04/26 16:00	3.981256523	10.80
26/04/26 17:00	4.570305852	10.70
26/04/26 18:00	5.078410181	10.40
26/04/26 19:00	5.136534403	10.00
26/04/26 20:00	4.611041587	10.10
26/04/26 21:00	3.861806995	10.10
26/04/26 22:00	3.205940434	10.30
26/04/26 23:00	1.973639294	10.10
27/04/26 00:00	1.388335983	10.00
27/04/26 01:00	1.096222123	10.10
27/04/26 02:00	1.163341029	10.40
27/04/26 03:00	1.477994903	10.20
27/04/26 04:00	2.050914877	10.00
27/04/26 05:00	3.595813529	10.40
27/04/26 06:00	4.637888349	11.90
27/04/26 07:00	4.673559057	12.40
27/04/26 08:00	3.23563365	13.70
27/04/26 09:00	2.358468175	14.20
27/04/26 10:00	1.864912156	14.10
27/04/26 11:00	1.640209259	14.00
27/04/26 12:00	1.595814239	15.80
27/04/26 13:00	1.75986793	15.20
27/04/26 14:00	2.116458632	15.00
27/04/26 15:00	2.671501578	14.20
27/04/26 16:00	3.465702631	13.20
27/04/26 17:00	4.095741586	13.60
27/04/26 18:00	4.581761837	12.50
27/04/26 19:00	4.800902778	10.50
27/04/26 20:00	4.465426151	10.30
27/04/26 21:00	3.902037042	10.10
27/04/26 22:00	3.312182148	11.00
27/04/26 23:00	2.111550602	11.30
28/04/26 00:00	1.492996528	10.80
28/04/26 01:00	1.191754753	11.30
28/04/26 02:00	1.272117904	11.40
28/04/26 03:00	1.615896005	10.90
28/04/26 04:00	2.251715947	10.40
28/04/26 05:00	3.84933468	9.90
28/04/26 06:00	4.986087278	10.10
28/04/26 07:00	5.021065084	10.20
28/04/26 08:00	3.509187877	10.60
28/04/26 09:00	2.328266817	10.80
28/04/26 10:00	1.888129374	10.70
28/04/26 11:00	1.574866158	11.20
28/04/26 12:00	1.521344543	12.30
28/04/26 13:00	1.436050998	11.80
28/04/26 14:00	1.421484983	11.80
28/04/26 15:00	1.253226235	11.30
28/04/26 16:00	1.442501956	11.00
28/04/26 17:00	1.702676432	10.70
28/04/26 18:00	2.051646183	9.60
28/04/26 19:00	2.61234534	9.10
28/04/26 20:00	2.684094248	9.20
28/04/26 21:00	2.426016333	9.10
28/04/26 22:00	2.218595284	9.10
28/04/26 23:00	1.17444047	9.20
29/04/26 00:00	0.779553651	9.00
29/04/26 01:00	0.56585037	9.20
29/04/26 02:00	0.67218365	8.80
29/04/26 03:00	1.055655341	8.50
29/04/26 04:00	1.776290496	8.60
29/04/26 05:00	3.71911311	9.20
29/04/26 06:00	5.328439285	9.80
29/04/26 07:00	5.903491878	10.80
29/04/26 08:00	4.837085862	11.20
29/04/26 09:00	4.118620366	12.50
29/04/26 10:00	3.666014898	13.00
29/04/26 11:00	3.355423275	15.10
29/04/26 12:00	3.184059138	17.10
29/04/26 13:00	3.226096493	18.00
29/04/26 14:00	3.565827112	17.30
29/04/26 15:00	4.323648791	17.80
29/04/26 16:00	5.450699723	17.90
29/04/26 17:00	6.289618908	17.70
29/04/26 18:00	6.86321971	15.40
29/04/26 19:00	6.69446944	13.80
29/04/26 20:00	5.94935783	12.30
29/04/26 21:00	5.078905684	10.00
29/04/26 22:00	4.234786244	8.60
29/04/26 23:00	2.67153495	7.50
30/04/26 00:00	1.902681468	7.30
30/04/26 01:00	1.532309585	6.20
30/04/26 02:00	1.633307653	5.60
30/04/26 03:00	2.159238097	5.20
30/04/26 04:00	3.033167246	7.40
30/04/26 05:00	5.058182964	7.80
30/04/26 06:00	6.628519376	13.50
30/04/26 07:00	6.648724579	17.60
30/04/26 08:00	5.086118945	19.10
30/04/26 09:00	3.579981836	19.30
30/04/26 10:00	2.652637091	20.70
30/04/26 11:00	1.944600097	21.30
30/04/26 12:00	1.571867052	22.30
30/04/26 13:00	1.336648211	21.80
30/04/26 14:00	1.180399925	21.90
30/04/26 15:00	1.071402128	21.50
30/04/26 16:00	0.968750652	21.40
30/04/26 17:00	1.219914453	20.10
30/04/26 18:00	1.512814202	18.70
30/04/26 19:00	1.832308667	18.20
30/04/26 20:00	1.885742983	16.90
30/04/26 21:00	1.819466717	15.40
30/04/26 22:00	1.738696505	15.50
30/04/26 23:00	0.989537309	15.60
01/05/26 00:00	0.808589425	15.70
01/05/26 01:00	0.909119523	14.80
01/05/26 02:00	1.391959547	14.80
01/05/26 03:00	2.20570253	14.20
01/05/26 04:00	3.243645494	14.10
01/05/26 05:00	5.164369625	12.20
01/05/26 06:00	6.297330179	12.00
01/05/26 07:00	5.749557514	13.00
01/05/26 08:00	3.561745496	14.50
01/05/26 09:00	2.064408593	16.20
01/05/26 10:00	1.384858947	17.20
01/05/26 11:00	1.051081696	17.70
01/05/26 12:00	1.00024905	17.70
01/05/26 13:00	0.93466377	18.20
01/05/26 14:00	0.835159974	18.60
01/05/26 15:00	0.811234461	17.60
01/05/26 16:00	0.750434026	17.30
01/05/26 17:00	0.883478196	16.40
01/05/26 18:00	1.037069417	15.00
01/05/26 19:00	1.182371678	13.20
01/05/26 20:00	1.034962759	12.20
01/05/26 21:00	0.851252245	11.60
01/05/26 22:00	0.825708212	11.20
01/05/26 23:00	0.225036896	11.00
02/05/26 00:00	0.177660708	10.50
02/05/26 01:00	0.148084399	9.50
02/05/26 02:00	0.154270135	9.80
02/05/26 03:00	0.172565885	9.80
02/05/26 04:00	0.179630663	10.10
02/05/26 05:00	1.202880497	10.40
02/05/26 06:00	2.169281654	11.60
02/05/26 07:00	2.149393572	12.90
02/05/26 08:00	1.356449643	15.20
02/05/26 09:00	0.985761286	16.70
02/05/26 10:00	0.957954448	17.40
02/05/26 11:00	0.951728378	19.50
02/05/26 12:00	1.002062946	18.40
02/05/26 13:00	0.956726945	17.30
02/05/26 14:00	0.858074302	18.00
02/05/26 15:00	0.813605092	17.80
02/05/26 16:00	0.760132158	16.90
02/05/26 17:00	0.911050966	16.00
02/05/26 18:00	1.099280425	15.40
02/05/26 19:00	1.296783637	15.00
02/05/26 20:00	1.207556843	14.50
02/05/26 21:00	1.059023092	13.80
02/05/26 22:00	1.031059991	13.90
02/05/26 23:00	0.399007428	13.60
03/05/26 00:00	0.30021785	12.20
03/05/26 01:00	0.293767293	11.80
03/05/26 02:00	0.425095657	11.50
03/05/26 03:00	0.720734763	11.30
03/05/26 04:00	1.159180155	11.00
03/05/26 05:00	2.628117923	11.10
03/05/26 06:00	3.843969318	11.40
03/05/26 07:00	3.806046785	11.60
03/05/26 08:00	2.636738884	12.20
03/05/26 09:00	1.746162699	12.60
03/05/26 10:00	1.347999571	13.60
03/05/26 11:00	1.155614372	13.50
03/05/26 12:00	1.12333151	13.70
03/05/26 13:00	1.058866132	14.00
03/05/26 14:00	0.963320294	14.20
03/05/26 15:00	0.851307575	13.60
03/05/26 16:00	0.774115737	13.60
03/05/26 17:00	0.927921128	13.20
03/05/26 18:00	1.109051265	12.90
03/05/26 19:00	1.283062303	12.60
03/05/26 20:00	1.158913791	12.40
03/05/26 21:00	0.99504756	12.20
03/05/26 22:00	0.960931656	12.00
03/05/26 23:00	0.33194271	11.70
04/05/26 00:00	0.252096916	11.40
04/05/26 01:00	0.242295556	10.90
04/05/26 02:00	0.353083461	10.70
04/05/26 03:00	0.599303274	10.20
04/05/26 04:00	0.987594049	10.10
04/05/26 05:00	2.492243547	10.30
04/05/26 06:00	3.843818206	10.80
04/05/26 07:00	4.06994138	11.00
04/05/26 08:00	3.297444809	10.70
04/05/26 09:00	2.566455783	11.50
04/05/26 10:00	2.16467532	11.50
04/05/26 11:00	1.855176272	10.60
04/05/26 12:00	1.724554995	10.00
04/05/26 13:00	1.781184543	10.10
04/05/26 14:00	2.056446396	9.50
04/05/26 15:00	2.580409749	9.50
04/05/26 16:00	3.275742537	9.60
04/05/26 17:00	4.086043805	9.80
04/05/26 18:00	4.580783933	9.10
04/05/26 19:00	4.454043351	8.70
04/05/26 20:00	3.922222661	7.70
04/05/26 21:00	3.33264008	7.70
04/05/26 22:00	2.747161264	8.10
04/05/26 23:00	1.639011145	8.20
05/05/26 00:00	1.100203348	7.90
05/05/26 01:00	0.844165255	7.70
05/05/26 02:00	0.934751169	7.70
05/05/26 03:00	1.279109152	7.70
05/05/26 04:00	1.957589689	7.70
05/05/26 05:00	3.662578827	7.80
05/05/26 06:00	5.011570999	8.10
05/05/26 07:00	5.325308674	8.70
05/05/26 08:00	4.167459176	9.40
05/05/26 09:00	3.280145453	9.90
05/05/26 10:00	2.957212253	9.80
05/05/26 11:00	2.812784018	9.80
05/05/26 12:00	3.090530439	10.00
05/05/26 13:00	3.603417392	9.90
05/05/26 14:00	4.344591056	9.60
05/05/26 15:00	5.054414899	9.70
05/05/26 16:00	6.079420544	9.40
05/05/26 17:00	6.77058682	9.00
05/05/26 18:00	7.115986981	8.70
05/05/26 19:00	6.860791667	8.20
05/05/26 20:00	6.14316294	7.70
05/05/26 21:00	5.267643958	7.40
05/05/26 22:00	4.448420053	7.10
05/05/26 23:00	2.926312118	6.80
06/05/26 00:00	2.139551884	6.70
06/05/26 01:00	1.858524665	6.60
06/05/26 02:00	1.964607846	6.40
06/05/26 03:00	2.623744194	6.20
06/05/26 04:00	3.638013564	6.20
06/05/26 05:00	5.741296657	6.60
06/05/26 06:00	6.922960261	6.90
06/05/26 07:00	6.858823408	7.20
06/05/26 08:00	4.959953293	7.90
06/05/26 09:00	3.841406189	9.20
06/05/26 10:00	3.204157332	10.70
06/05/26 11:00	2.973279851	10.90
06/05/26 12:00	3.03233424	10.90
06/05/26 13:00	3.348648108	11.30
06/05/26 14:00	3.853956105	11.30
06/05/26 15:00	4.638415919	10.80
06/05/26 16:00	5.743289771	10.50
06/05/26 17:00	6.58318823	10.20
06/05/26 18:00	7.173694208	8.90
06/05/26 19:00	7.053475969	7.20
06/05/26 20:00	6.416662609	6.10
06/05/26 21:00	5.572690505	5.10
06/05/26 22:00	4.605250092	5.60
06/05/26 23:00	3.047136487	4.90
07/05/26 00:00	2.381562295	3.40
07/05/26 01:00	2.15470748	2.70
07/05/26 02:00	2.490304803	2.00
07/05/26 03:00	3.350891014	3.00
07/05/26 04:00	4.624366991	4.40
07/05/26 05:00	6.784397409	5.80
07/05/26 06:00	8.439319211	7.00
07/05/26 07:00	8.207664392	8.50
07/05/26 08:00	6.160694228	10.40
07/05/26 09:00	4.350996557	11.80
07/05/26 10:00	3.192898822	12.70
07/05/26 11:00	2.412540733	13.60
07/05/26 12:00	2.022624404	14.00
07/05/26 13:00	1.836100105	14.10
07/05/26 14:00	1.750781294	14.10
07/05/26 15:00	1.747682775	14.30
07/05/26 16:00	1.868345103	14.20
07/05/26 17:00	2.11783703	13.30
07/05/26 18:00	2.679040477	12.00
07/05/26 19:00	3.401197898	12.00
07/05/26 20:00	3.596167633	11.60
07/05/26 21:00	3.410659121	11.20
07/05/26 22:00	3.048130921	11.30
07/05/26 23:00	2.023713754	11.20
08/05/26 00:00	1.586011044	10.80
08/05/26 01:00	1.728059131	10.30
08/05/26 02:00	2.425703485	10.20
08/05/26 03:00	3.572968115	9.70
08/05/26 04:00	4.911029435	9.90
08/05/26 05:00	6.770087237	10.50
08/05/26 06:00	7.887792359	12.00
08/05/26 07:00	7.245872333	12.70
08/05/26 08:00	5.011759455	13.50
08/05/26 09:00	3.197642645	14.70
08/05/26 10:00	2.267516846	14.90
08/05/26 11:00	1.778783317	14.80
08/05/26 12:00	1.600868238	14.80
08/05/26 13:00	1.496394776	16.30
08/05/26 14:00	1.387787213	16.90
08/05/26 15:00	1.264967306	17.00
08/05/26 16:00	1.110683147	17.50
08/05/26 17:00	0.964718274	15.40
08/05/26 18:00	1.152008522	14.80
08/05/26 19:00	1.440470142	14.20
08/05/26 20:00	1.29479064	14.30
08/05/26 21:00	1.102196045	14.00
08/05/26 22:00	1.05899556	13.60
08/05/26 23:00	0.409068743	13.60
09/05/26 00:00	0.2972049	13.90
09/05/26 01:00	0.282212786	14.00
09/05/26 02:00	0.416891937	13.90
09/05/26 03:00	0.704469721	13.80
09/05/26 04:00	1.130153674	13.80
09/05/26 05:00	2.607113509	14.00
09/05/26 06:00	3.810601388	14.20
09/05/26 07:00	3.779609281	15.10
09/05/26 08:00	2.680416635	15.40
09/05/26 09:00	1.813015641	15.30
09/05/26 10:00	1.42161201	16.30
09/05/26 11:00	1.232327217	17.30
09/05/26 12:00	1.221220905	17.80
09/05/26 13:00	1.262650582	18.70
09/05/26 14:00	1.363452344	17.30
09/05/26 15:00	1.542170538	17.70
09/05/26 16:00	1.856113338	17.70
09/05/26 17:00	2.338070835	17.40
09/05/26 18:00	2.657058937	16.40
09/05/26 19:00	2.728286625	15.20
09/05/26 20:00	2.482411172	15.20
09/05/26 21:00	2.162424412	15.80
09/05/26 22:00	1.859618534	15.20
09/05/26 23:00	0.962981014	15.30
10/05/26 00:00	0.646633328	15.50
10/05/26 01:00	0.446497617	15.20
10/05/26 02:00	0.428594973	16.00
10/05/26 03:00	0.504496099	15.80
10/05/26 04:00	0.71140535	15.80
10/05/26 05:00	1.698391721	16.20
10/05/26 06:00	2.697258316	16.30
10/05/26 07:00	2.814456572	16.40
10/05/26 08:00	2.005985629	17.40
10/05/26 09:00	1.284870852	19.80
10/05/26 10:00	1.117397033	20.20
10/05/26 11:00	1.024778873	21.00
10/05/26 12:00	0.974589571	21.70
10/05/26 13:00	0.896891489	20.50
10/05/26 14:00	0.877226496	20.20
10/05/26 15:00	0.873377872	20.80
10/05/26 16:00	1.001659791	19.50
10/05/26 17:00	1.123549403	18.80
10/05/26 18:00	1.347406898	18.90
10/05/26 19:00	1.617956958	18.90
10/05/26 20:00	1.542830316	19.10
10/05/26 21:00	1.338179198	18.60
10/05/26 22:00	1.268904161	18.10
10/05/26 23:00	0.539402058	17.30
11/05/26 00:00	0.352296488	17.00
11/05/26 01:00	0.239005396	16.60
11/05/26 02:00	0.217242868	16.40
11/05/26 03:00	0.244713895	16.20
11/05/26 04:00	0.299739458	16.20
11/05/26 05:00	1.387703636	16.00
11/05/26 06:00	2.388761906	15.60
11/05/26 07:00	2.388627889	15.10
11/05/26 08:00	1.522656963	14.40
11/05/26 09:00	0.987226459	14.50
11/05/26 10:00	0.90438017	14.60
11/05/26 11:00	0.858245129	15.00
11/05/26 12:00	0.871324904	14.70
11/05/26 13:00	0.849516945	14.90
11/05/26 14:00	0.845518365	15.30
11/05/26 15:00	0.846214098	15.80
11/05/26 16:00	0.785667385	13.60
11/05/26 17:00	0.919464433	12.60
11/05/26 18:00	1.076993754	11.20
11/05/26 19:00	1.227693563	10.20
11/05/26 20:00	1.079815373	9.10
11/05/26 21:00	0.891087639	9.10
11/05/26 22:00	0.858998027	8.60
11/05/26 23:00	0.291152758	7.30
12/05/26 00:00	0.226675909	7.10
12/05/26 01:00	0.169794215	6.90
12/05/26 02:00	0.173477447	6.70
12/05/26 03:00	0.154579581	6.60
12/05/26 04:00	0.195694426	7.30
12/05/26 05:00	1.167116199	9.10
12/05/26 06:00	2.059490262	8.90
12/05/26 07:00	2.241542408	9.80
12/05/26 08:00	1.69383463	11.00
12/05/26 09:00	1.324750573	10.60
12/05/26 10:00	1.41021967	12.30
12/05/26 11:00	1.365358806	11.90
12/05/26 12:00	1.410132785	12.00
12/05/26 13:00	1.324568009	12.60
12/05/26 14:00	1.279751625	11.80
12/05/26 15:00	1.103525824	10.80
12/05/26 16:00	1.219788962	10.70
12/05/26 17:00	1.380904404	9.70
12/05/26 18:00	1.638797791	9.00
12/05/26 19:00	2.165650416	7.60
12/05/26 20:00	2.273702152	5.90
12/05/26 21:00	2.0987216	4.60
12/05/26 22:00	2.008470378	4.00
12/05/26 23:00	1.116401264	2.70
13/05/26 00:00	0.837297169	2.40
13/05/26 01:00	0.767163721	1.60
13/05/26 02:00	1.07159868	1.30
13/05/26 03:00	1.657275205	1.20
13/05/26 04:00	2.542838066	3.50
13/05/26 05:00	4.447194628	7.50
13/05/26 06:00	5.517334119	9.20
13/05/26 07:00	5.400960983	10.30
13/05/26 08:00	3.676468297	11.00
13/05/26 09:00	2.707335914	11.50
13/05/26 10:00	2.145971467	13.00
13/05/26 11:00	1.879263335	13.30
13/05/26 12:00	1.763256812	13.10
13/05/26 13:00	1.725087326	12.60
13/05/26 14:00	1.710127969	13.10
13/05/26 15:00	1.743193297	13.10
13/05/26 16:00	1.81657297	13.50
13/05/26 17:00	1.984724816	13.40
13/05/26 18:00	2.365753518	11.70
13/05/26 19:00	2.969011501	9.00
13/05/26 20:00	3.156422882	6.90
13/05/26 21:00	2.996532187	6.50
13/05/26 22:00	2.859420729	5.50
13/05/26 23:00	1.867735744	6.40
14/05/26 00:00	1.622027566	6.50
14/05/26 01:00	1.841043034	6.60
14/05/26 02:00	2.544790513	4.60
14/05/26 03:00	3.570486004	3.60
14/05/26 04:00	4.623683739	7.20
14/05/26 05:00	6.098655362	9.10
14/05/26 06:00	6.916370823	10.80
14/05/26 07:00	6.161038245	12.40
14/05/26 08:00	4.075886849	14.20
14/05/26 09:00	2.591164016	13.40
14/05/26 10:00	1.945177962	14.20
14/05/26 11:00	1.634213367	15.30
14/05/26 12:00	1.555203873	15.70
14/05/26 13:00	1.503653431	15.60
14/05/26 14:00	1.430640884	16.50
14/05/26 15:00	1.359559953	16.40
14/05/26 16:00	1.294600473	14.40
14/05/26 17:00	1.287061439	13.00
14/05/26 18:00	1.65340173	11.10
14/05/26 19:00	2.185639563	9.90
14/05/26 20:00	2.326620566	8.30
14/05/26 21:00	2.290889742	9.50
14/05/26 22:00	2.191725471	9.40
14/05/26 23:00	1.353463941	9.30
15/05/26 00:00	1.014374812	9.00
15/05/26 01:00	0.979520007	8.90
15/05/26 02:00	1.35418749	8.40
15/05/26 03:00	2.037482492	8.00
15/05/26 04:00	2.884118272	8.20
15/05/26 05:00	4.591944316	8.20
15/05/26 06:00	5.666320673	7.90
15/05/26 07:00	5.34296004	9.40
15/05/26 08:00	3.616760443	10.00
15/05/26 09:00	2.340253554	10.00
15/05/26 10:00	1.789592932	9.60
15/05/26 11:00	1.516447989	9.20
15/05/26 12:00	1.446789264	10.10
15/05/26 13:00	1.384076884	8.60
15/05/26 14:00	1.279619329	8.70
15/05/26 15:00	1.150148354	10.40
15/05/26 16:00	0.97047662	11.60
15/05/26 17:00	0.890012078	10.50
15/05/26 18:00	1.062629265	8.40
15/05/26 19:00	1.242961898	7.90
15/05/26 20:00	1.144718186	8.20
15/05/26 21:00	0.995553001	7.90
15/05/26 22:00	0.969232546	7.80
15/05/26 23:00	0.350213563	7.80
16/05/26 00:00	0.274886058	7.60
16/05/26 01:00	0.297589981	6.70
16/05/26 02:00	0.512923821	6.70
16/05/26 03:00	0.954183884	6.20
16/05/26 04:00	1.658523854	7.00
16/05/26 05:00	3.26119046	8.40
16/05/26 06:00	4.897654538	9.40
16/05/26 07:00	5.152110609	8.10
16/05/26 08:00	4.104190417	10.70
16/05/26 09:00	3.230753203	11.00
16/05/26 10:00	2.851156742	10.40
16/05/26 11:00	2.71588262	11.20
16/05/26 12:00	2.774036948	11.80
16/05/26 13:00	2.934315548	10.70
16/05/26 14:00	3.146124997	10.60
16/05/26 15:00	3.494734592	10.50
16/05/26 16:00	4.009646558	10.50
16/05/26 17:00	4.413659996	9.30
16/05/26 18:00	4.950037147	8.70
16/05/26 19:00	5.238086642	7.30
16/05/26 20:00	4.984914108	5.70
16/05/26 21:00	4.355484327	3.60
16/05/26 22:00	3.642223348	2.60
16/05/26 23:00	2.294688607	2.30
17/05/26 00:00	1.636642827	1.80
17/05/26 01:00	1.385827803	2.20
17/05/26 02:00	1.619261272	2.20
17/05/26 03:00	2.264829496	2.40
17/05/26 04:00	3.194420645	3.80
17/05/26 05:00	4.95197767	7.40
17/05/26 06:00	6.330433538	10.20
17/05/26 07:00	6.070832457	11.60
17/05/26 08:00	4.308929925	12.50
17/05/26 09:00	2.986042482	13.50
17/05/26 10:00	2.329895032	13.40
17/05/26 11:00	1.960300602	15.00
17/05/26 12:00	1.807933588	14.90
17/05/26 13:00	1.731920546	14.10
17/05/26 14:00	1.663850901	14.20
17/05/26 15:00	1.621154324	14.30
17/05/26 16:00	1.645491153	14.10
17/05/26 17:00	1.767571324	13.60
17/05/26 18:00	2.23154422	12.80
17/05/26 19:00	2.918075156	11.30
17/05/26 20:00	3.159470994	10.60
17/05/26 21:00	3.068313988	11.00
17/05/26 22:00	2.850272903	10.90
17/05/26 23:00	1.987314839	10.60
18/05/26 00:00	1.654197456	10.30
18/05/26 01:00	1.839302656	10.00
18/05/26 02:00	2.502604243	10.00
18/05/26 03:00	3.474956143	9.90
18/05/26 04:00	4.412956141	9.70
18/05/26 05:00	5.949226798	10.90
18/05/26 06:00	6.724339248	11.80
18/05/26 07:00	6.051023723	12.60
18/05/26 08:00	3.989529262	13.80
18/05/26 09:00	2.523043407	15.70
18/05/26 10:00	1.892589857	17.30
18/05/26 11:00	1.599106616	18.20
18/05/26 12:00	1.520210942	17.70
18/05/26 13:00	1.46039027	16.40
18/05/26 14:00	1.362141799	16.00
18/05/26 15:00	1.243939393	15.40
18/05/26 16:00	1.087163019	15.50
18/05/26 17:00	0.99354439	14.00
18/05/26 18:00	1.212036816	13.60
18/05/26 19:00	1.438661897	13.20
18/05/26 20:00	1.343492347	12.50
18/05/26 21:00	1.206175539	12.30
18/05/26 22:00	1.162721072	12.10
18/05/26 23:00	0.538603718	11.60
19/05/26 00:00	0.387976143	11.70
19/05/26 01:00	0.331636713	12.70
19/05/26 02:00	0.451578942	12.40
19/05/26 03:00	0.697626187	11.80
19/05/26 04:00	1.157288513	11.90
19/05/26 05:00	2.571798044	13.20
19/05/26 06:00	3.692940776	13.90
19/05/26 07:00	3.851317846	15.50
19/05/26 08:00	2.836533987	16.60
19/05/26 09:00	1.879269629	17.20
19/05/26 10:00	1.616267756	18.20
19/05/26 11:00	1.371331129	18.80
19/05/26 12:00	1.340018426	19.30
19/05/26 13:00	1.233317455	19.00
19/05/26 14:00	1.201899821	19.80
19/05/26 15:00	1.119681536	19.30
19/05/26 16:00	1.24000352	18.10
19/05/26 17:00	1.400394868	17.10
19/05/26 18:00	1.649729733	16.00
19/05/26 19:00	2.118405968	14.40
19/05/26 20:00	2.135015973	13.70
19/05/26 21:00	1.88175749	13.10
19/05/26 22:00	1.758950441	12.80
19/05/26 23:00	0.860683361	12.90
20/05/26 00:00	0.578930671	12.70
20/05/26 01:00	0.395103664	12.60
20/05/26 02:00	0.399324452	12.70
20/05/26 03:00	0.514241791	12.90
20/05/26 04:00	0.784106827	12.50
20/05/26 05:00	1.965740478	12.80
20/05/26 06:00	3.092432851	13.30
20/05/26 07:00	3.248110305	13.80
20/05/26 08:00	2.247633422	14.20
20/05/26 09:00	1.433357877	14.20
20/05/26 10:00	1.287518377	15.50
20/05/26 11:00	1.212803415	17.40
20/05/26 12:00	1.183638235	20.40
20/05/26 13:00	1.098664874	21.10
20/05/26 14:00	1.051680081	22.50
20/05/26 15:00	1.005088189	22.00
20/05/26 16:00	1.04551635	21.40
20/05/26 17:00	1.072932877	21.00
20/05/26 18:00	1.23993344	19.10
20/05/26 19:00	1.458170397	17.90
20/05/26 20:00	1.264878169	16.70
20/05/26 21:00	0.988191542	15.60
20/05/26 22:00	0.959461943	15.40
20/05/26 23:00	0.21932634	14.90
21/05/26 00:00	0.204139083	14.80
21/05/26 01:00	0.180441905	14.30
21/05/26 02:00	0.223851336	13.70
21/05/26 03:00	0.262039349	13.50
21/05/26 04:00	0.36133166	13.40
21/05/26 05:00	1.235564072	13.90
21/05/26 06:00	2.153262639	15.50
21/05/26 07:00	2.284327674	18.20
21/05/26 08:00	1.658275434	20.10
21/05/26 09:00	1.124758687	20.80
21/05/26 10:00	1.027116691	22.30
21/05/26 11:00	0.954101696	22.70
21/05/26 12:00	0.909330823	23.90
21/05/26 13:00	0.82976121	23.80
21/05/26 14:00	0.799208437	24.20
21/05/26 15:00	0.754347866	24.30
21/05/26 16:00	0.799006135	23.80
21/05/26 17:00	0.837156006	22.80
21/05/26 18:00	0.992167417	21.70
21/05/26 19:00	1.190579903	20.00
21/05/26 20:00	1.041573014	18.50
21/05/26 21:00	0.823121328	17.10
21/05/26 22:00	0.821497471	16.80
21/05/26 23:00	0.225062863	16.20
22/05/26 00:00	0.177889217	16.00
22/05/26 01:00	0.148685914	15.60
22/05/26 02:00	0.155485621	15.00
22/05/26 03:00	0.174948199	14.80
22/05/26 04:00	0.184560992	15.50
22/05/26 05:00	1.183413621	16.90
22/05/26 06:00	2.122260905	19.40
22/05/26 07:00	2.094586482	21.10
22/05/26 08:00	1.302835152	22.90
22/05/26 09:00	0.846865554	24.60
22/05/26 10:00	0.815329841	25.70
22/05/26 11:00	0.795616996	26.80
22/05/26 12:00	0.799780314	27.70
22/05/26 13:00	0.797187674	27.90
22/05/26 14:00	0.793128805	27.70
22/05/26 15:00	0.79330883	28.00
22/05/26 16:00	0.732557294	27.00
22/05/26 17:00	0.865696899	26.00
22/05/26 18:00	1.014713741	23.00
22/05/26 19:00	1.153606667	20.10
22/05/26 20:00	1.010750437	19.80
22/05/26 21:00	0.834106459	18.60
22/05/26 22:00	0.808807521	17.80
22/05/26 23:00	0.225036896	16.60
23/05/26 00:00	0.177660708	15.50
23/05/26 01:00	0.14805059	14.80
23/05/26 02:00	0.153972613	14.10
23/05/26 03:00	0.171738684	13.70
23/05/26 04:00	0.177660708	15.00
23/05/26 05:00	1.172765006	16.90
23/05/26 06:00	2.110330605	18.70
23/05/26 07:00	2.082231905	20.80
23/05/26 08:00	1.294396481	22.90
23/05/26 09:00	0.843412091	24.70
23/05/26 10:00	0.813105022	26.10
23/05/26 11:00	0.794470651	27.50
23/05/26 12:00	0.798888863	27.90
23/05/26 13:00	0.796289717	28.10
23/05/26 14:00	0.792228678	28.30
23/05/26 15:00	0.792408703	21.70
23/05/26 16:00	0.731659337	20.00
23/05/26 17:00	0.864803279	22.00
23/05/26 18:00	1.013590209	20.90
23/05/26 19:00	1.152159957	19.60
23/05/26 20:00	1.009533639	18.10
23/05/26 21:00	0.833245374	17.20
23/05/26 22:00	0.807957281	16.50
23/05/26 23:00	0.225036896	17.10
24/05/26 00:00	0.177660708	17.90
24/05/26 01:00	0.14805059	17.40
24/05/26 02:00	0.153972613	17.10
24/05/26 03:00	0.171738684	16.90
24/05/26 04:00	0.177660708	17.30
24/05/26 05:00	1.171463618	19.00
24/05/26 06:00	2.107825433	20.50
24/05/26 07:00	2.079475132	22.40
24/05/26 08:00	1.292789267	24.00
24/05/26 09:00	0.84254233	25.40
24/05/26 10:00	0.812228754	26.20
24/05/26 11:00	0.793585707	26.90
24/05/26 12:00	0.797995243	27.50
24/05/26 13:00	0.79538959	28.00
24/05/26 14:00	0.791326382	28.00
24/05/26 15:00	0.791504239	27.70
24/05/26 16:00	0.730757041	27.30
24/05/26 17:00	0.863907491	26.00
24/05/26 18:00	1.012464509	24.60
24/05/26 19:00	1.150711079	22.00
24/05/26 20:00	1.008314672	20.40
24/05/26 21:00	0.83238212	19.20
24/05/26 22:00	0.807107041	17.60
24/05/26 23:00	0.225036896	18.20
25/05/26 00:00	0.177660708	17.40
25/05/26 01:00	0.14805059	16.50
25/05/26 02:00	0.153972613	16.00
25/05/26 03:00	0.171738684	15.10
25/05/26 04:00	0.177660708	15.40
25/05/26 05:00	1.194582774	16.70
25/05/26 06:00	2.152345915	18.30
25/05/26 07:00	2.13620697	20.70
25/05/26 08:00	1.331596655	21.90
25/05/26 09:00	0.871116471	23.00
25/05/26 10:00	0.843937071	23.70
25/05/26 11:00	0.828326258	24.50
25/05/26 12:00	0.835390626	24.80
25/05/26 13:00	0.834786941	25.20
25/05/26 14:00	0.831851602	25.30
25/05/26 15:00	0.83215526	25.50
25/05/26 16:00	0.77051878	24.80
25/05/26 17:00	0.901860301	24.20
25/05/26 18:00	1.052104785	23.10
25/05/26 19:00	1.193249112	21.40
25/05/26 20:00	1.043799183	20.50
25/05/26 21:00	0.858657142	19.30
25/05/26 22:00	0.828916134	18.20
25/05/26 23:00	0.278335109	17.30
26/05/26 00:00	0.219114873	16.10
26/05/26 01:00	0.16581666	15.50
26/05/26 02:00	0.171738684	14.90
26/05/26 03:00	0.153972613	14.50
26/05/26 04:00	0.195426778	15.70
26/05/26 05:00	1.14642597	17.20
26/05/26 06:00	2.019893559	18.90
26/05/26 07:00	2.197145559	20.60
26/05/26 08:00	1.66736223	21.60
26/05/26 09:00	1.120099831	22.60
26/05/26 10:00	1.051119981	23.30
26/05/26 11:00	0.999255508	24.00
26/05/26 12:00	0.986435464	24.50
26/05/26 13:00	1.005015654	24.80
26/05/26 14:00	0.976608611	25.30
26/05/26 15:00	1.012906403	25.00
26/05/26 16:00	1.048673502	24.90
26/05/26 17:00	1.066796703	23.90
26/05/26 18:00	1.123151355	22.60
26/05/26 19:00	1.382348659	20.00
26/05/26 20:00	1.224253132	18.10
26/05/26 21:00	0.909715768	17.80
26/05/26 22:00	0.887291393	17.20
26/05/26 23:00	0.219114873	15.70
27/05/26 00:00	0.201348802	15.00
27/05/26 01:00	0.16581666	13.70
27/05/26 02:00	0.177660708	12.60
27/05/26 03:00	0.159894637	12.70
27/05/26 04:00	0.16581666	15.10
27/05/26 05:00	1.082622767	17.70
27/05/26 06:00	2.073577271	20.20
27/05/26 07:00	2.243347795	22.80
27/05/26 08:00	1.565158829	24.00
27/05/26 09:00	1.069287357	24.80
27/05/26 10:00	1.051830785	25.40
27/05/26 11:00	0.998052563	26.00
27/05/26 12:00	1.036113779	26.30
27/05/26 13:00	1.051418101	26.10
27/05/26 14:00	1.036347364	26.00
27/05/26 15:00	0.99582586	25.60
27/05/26 16:00	1.036335058	24.90
27/05/26 17:00	1.063914259	23.40
27/05/26 18:00	1.229168793	21.70
27/05/26 19:00	1.444920099	19.20
27/05/26 20:00	1.253746964	18.70
27/05/26 21:00	0.980229217	17.80
27/05/26 22:00	0.951903048	16.90
27/05/26 23:00	0.225036896	16.10
28/05/26 00:00	0.177660708	15.60
28/05/26 01:00	0.14805059	15.20
28/05/26 02:00	0.153972613	15.00
28/05/26 03:00	0.171738684	14.80
28/05/26 04:00	0.177660708	15.60
28/05/26 05:00	1.166232038	17.00
28/05/26 06:00	2.097746184	18.70
28/05/26 07:00	2.068387307	20.20
28/05/26 08:00	1.286334383	21.70
28/05/26 09:00	0.839050273	22.30
28/05/26 10:00	0.808699824	23.20
28/05/26 11:00	0.790022073	23.60
28/05/26 12:00	0.794401244	23.70
28/05/26 13:00	0.791773901	23.20
28/05/26 14:00	0.787697679	23.90
28/05/26 15:00	0.787873366	23.10
28/05/26 16:00	0.727137013	21.60
28/05/26 17:00	0.860306984	19.60
28/05/26 18:00	1.007937848	17.60
28/05/26 19:00	1.144887368	15.50
28/05/26 20:00	1.003412778	13.70
28/05/26 21:00	0.828911752	12.50
28/05/26 22:00	0.80368656	11.60
28/05/26 23:00	0.225036896	11.20
29/05/26 00:00	0.177660708	11.20
29/05/26 01:00	0.14805059	11.20
29/05/26 02:00	0.153972613	10.80
29/05/26 03:00	0.171738684	10.90
29/05/26 04:00	0.177660708	11.30
29/05/26 05:00	1.164917636	11.90
29/05/26 06:00	2.095217153	12.60
29/05/26 07:00	2.065604506	14.00
29/05/26 08:00	1.284716324	13.90
29/05/26 09:00	0.838174005	14.70
29/05/26 10:00	0.80781488	17.10
29/05/26 11:00	0.789128454	17.90
29/05/26 12:00	0.793498948	17.60
29/05/26 13:00	0.790867267	17.30
29/05/26 14:00	0.786786707	17.70
29/05/26 15:00	0.786962395	16.30
29/05/26 16:00	0.726228211	16.50
29/05/26 17:00	0.85940252	15.90
29/05/26 18:00	1.006801302	15.00
29/05/26 19:00	1.143427644	13.30
29/05/26 20:00	1.002185135	12.10
29/05/26 21:00	0.828041991	10.30
29/05/26 22:00	0.802829813	9.20
29/05/26 23:00	0.225036896	8.80
30/05/26 00:00	0.177660708	8.50
30/05/26 01:00	0.14805059	9.40
30/05/26 02:00	0.153972613	10.00
30/05/26 03:00	0.171738684	10.60
30/05/26 04:00	0.177660708	11.80
30/05/26 05:00	1.163603235	12.90
30/05/26 06:00	2.092685954	14.30
30/05/26 07:00	2.062819535	15.70
30/05/26 08:00	1.283093927	17.10
30/05/26 09:00	0.884671757	18.30
30/05/26 10:00	0.854303956	19.20
30/05/26 11:00	0.853374924	19.60
30/05/26 12:00	0.911037124	20.00
30/05/26 13:00	0.866975767	20.80
30/05/26 14:00	0.786226652	21.60
30/05/26 15:00	0.787592519	22.00
30/05/26 16:00	0.73017842	21.40
30/05/26 17:00	0.872663093	20.50
30/05/26 18:00	1.041013672	19.80
30/05/26 19:00	1.210433017	16.10
30/05/26 20:00	1.107946827	16.30
30/05/26 21:00	0.961254892	15.10
30/05/26 22:00	0.940003467	13.90
30/05/26 23:00	0.352984429	13.70
31/05/26 00:00	0.270596721	12.30
31/05/26 01:00	0.248197106	12.70
31/05/26 02:00	0.312273176	13.50
31/05/26 03:00	0.469925733	13.80
31/05/26 04:00	0.705103995	14.30
31/05/26 05:00	1.881525027	15.10
31/05/26 06:00	2.901109932	15.10
31/05/26 07:00	2.879779674	16.70
31/05/26 08:00	1.856136191	17.60
31/05/26 09:00	1.141762531	17.80
31/05/26 10:00	0.922681255	16.40
31/05/26 11:00	0.823927981	16.00
31/05/26 12:00	0.857163462	15.40
31/05/26 13:00	0.809588963	14.80
31/05/26 14:00	0.785081606	15.00
31/05/26 15:00	0.785138283	15.20
31/05/26 16:00	0.724410606	14.30
31/05/26 17:00	0.85759359	13.50
31/05/26 18:00	1.004528211	13.50
31/05/26 19:00	1.14050386	13.40
31/05/26 20:00	0.999723343	12.70
31/05/26 21:00	0.826298132	12.30
31/05/26 22:00	0.80111415	12.40
31/05/26 23:00	0.225036896	12.40
01/06/26 00:00	0.177675894	12.20
01/06/26 01:00	0.148184228	12.40
01/06/26 02:00	0.15434417	12.60
01/06/26 03:00	0.172623535	12.70
01/06/26 04:00	0.179537725	12.70
01/06/26 05:00	1.189141987	12.60
01/06/26 06:00	2.139565183	13.00
01/06/26 07:00	2.121550081	11.60
01/06/26 08:00	1.349091532	12.20
01/06/26 09:00	0.987077416	13.50
01/06/26 10:00	0.957530525	14.70
01/06/26 11:00	0.96203421	15.00
01/06/26 12:00	1.031457849	15.20
01/06/26 13:00	1.025985314	15.20
01/06/26 14:00	1.003689271	15.60
01/06/26 15:00	1.095404098	15.40
01/06/26 16:00	1.206013039	15.10
01/06/26 17:00	1.530681444	13.90
01/06/26 18:00	1.878901919	13.20
01/06/26 19:00	2.188554249	12.30
01/06/26 20:00	2.17500072	10.40
01/06/26 21:00	2.022230808	9.30
01/06/26 22:00	1.849280333	7.80
01/06/26 23:00	1.041872632	6.90
02/06/26 00:00	0.668413734	6.20
02/06/26 01:00	0.431263468	5.40
02/06/26 02:00	0.41467069	4.90
02/06/26 03:00	0.537893651	5.10
02/06/26 04:00	0.879422065	8.30
02/06/26 05:00	2.146998802	11.40
02/06/26 06:00	3.247479368	11.90
02/06/26 07:00	3.526912447	11.60
02/06/26 08:00	2.773325919	13.80
02/06/26 09:00	2.044630844	14.30
02/06/26 10:00	1.828934241	14.70
02/06/26 11:00	1.550941462	14.90
02/06/26 12:00	1.449952805	15.60
02/06/26 13:00	1.288157153	15.50
02/06/26 14:00	1.220774648	15.70
02/06/26 15:00	1.100029687	15.60
02/06/26 16:00	1.205414155	15.20
02/06/26 17:00	1.352987278	14.20
02/06/26 18:00	1.588765265	13.10
02/06/26 19:00	2.071474906	11.70
02/06/26 20:00	2.151157547	11.20
02/06/26 21:00	1.971566408	11.00
02/06/26 22:00	1.898637189	11.00
02/06/26 23:00	1.046410571	11.00
03/06/26 00:00	0.806658073	10.60
03/06/26 01:00	0.78211729	9.70
03/06/26 02:00	1.089162941	9.00
03/06/26 03:00	1.596453642	8.80
03/06/26 04:00	2.295500783	8.70
03/06/26 05:00	3.798999582	8.60
03/06/26 06:00	4.855307278	8.40
03/06/26 07:00	4.650786255	8.30
03/06/26 08:00	3.071270302	8.40
03/06/26 09:00	2.048335347	8.60
03/06/26 10:00	1.657953255	8.80
03/06/26 11:00	1.46699583	9.00
03/06/26 12:00	1.398889184	9.70
03/06/26 13:00	1.332084278	9.50
03/06/26 14:00	1.281964139	9.60
03/06/26 15:00	1.211644575	9.70
03/06/26 16:00	1.10535184	9.80
03/06/26 17:00	1.05992148	9.50
03/06/26 18:00	1.229985697	8.90
03/06/26 19:00	1.455948212	8.70
03/06/26 20:00	1.286149513	8.80
03/06/26 21:00	1.030252078	8.80
03/06/26 22:00	1.008211286	8.80
03/06/26 23:00	0.279869228	8.90
04/06/26 00:00	0.222770387	8.80
04/06/26 01:00	0.233206654	8.60
04/06/26 02:00	0.357655417	8.50
04/06/26 03:00	0.625663481	8.50
04/06/26 04:00	1.128792556	8.70
04/06/26 05:00	2.593480991	8.90
04/06/26 06:00	4.254033473	9.10
04/06/26 07:00	4.828839623	8.90
04/06/26 08:00	4.336972095	8.40
04/06/26 09:00	3.897388523	8.90
04/06/26 10:00	3.695084684	8.50
04/06/26 11:00	3.526290712	8.30
04/06/26 12:00	3.489483341	8.50
04/06/26 13:00	3.596951741	9.10
04/06/26 14:00	3.925512951	10.00
04/06/26 15:00	4.519111957	11.10
04/06/26 16:00	5.369584141	11.10
04/06/26 17:00	5.922951731	11.20
04/06/26 18:00	6.422469287	10.50
04/06/26 19:00	6.133194955	10.30
04/06/26 20:00	5.326388654	9.30
04/06/26 21:00	4.505587792	9.00
04/06/26 22:00	3.672458943	8.00
04/06/26 23:00	2.311040121	6.40
05/06/26 00:00	1.560185272	6.40
05/06/26 01:00	1.218005579	4.90
05/06/26 02:00	1.365249733	4.10
05/06/26 03:00	1.96775244	4.60
05/06/26 04:00	3.005617503	8.20
05/06/26 05:00	5.077100552	9.00
05/06/26 06:00	6.992695945	10.50
05/06/26 07:00	7.387918714	11.20
05/06/26 08:00	6.101341645	12.50
05/06/26 09:00	4.990434132	12.20
05/06/26 10:00	4.438305598	13.20
05/06/26 11:00	4.026795719	13.30
05/06/26 12:00	3.762284533	14.10
05/06/26 13:00	3.551867135	15.40
05/06/26 14:00	3.466827368	14.70
05/06/26 15:00	3.628986909	14.90
05/06/26 16:00	4.153602488	15.30
05/06/26 17:00	4.540458212	14.70
05/06/26 18:00	5.044243496	13.00
05/06/26 19:00	4.987044211	11.10
05/06/26 20:00	4.54771702	11.00
05/06/26 21:00	4.159075522	10.10
05/06/26 22:00	3.704283357	9.50
05/06/26 23:00	2.630747699	10.50
06/06/26 00:00	2.123696	10.80
06/06/26 01:00	2.019143766	10.40
06/06/26 02:00	2.376839569	9.90
06/06/26 03:00	3.083457669	9.90
06/06/26 04:00	3.94414944	10.40
06/06/26 05:00	5.647169407	11.00
06/06/26 06:00	6.539332892	11.30
06/06/26 07:00	5.938013068	11.60
06/06/26 08:00	4.047521386	12.00
06/06/26 09:00	2.51067416	12.80
06/06/26 10:00	1.776832911	13.30
06/06/26 11:00	1.391341155	14.30
06/06/26 12:00	1.286070101	15.50
06/06/26 13:00	1.214415384	17.20
06/06/26 14:00	1.131114131	17.80
06/06/26 15:00	1.040808728	17.70
06/06/26 16:00	0.876836157	18.40
06/06/26 17:00	1.057387937	18.30
06/06/26 18:00	1.308439066	17.40
06/06/26 19:00	1.581032072	15.50
06/06/26 20:00	1.614852212	15.10
06/06/26 21:00	1.559990693	14.30
06/06/26 22:00	1.496243917	14.30
06/06/26 23:00	0.786448108	14.80
07/06/26 00:00	0.542256355	14.30
07/06/26 01:00	0.41789446	13.20
07/06/26 02:00	0.525811285	12.60
07/06/26 03:00	0.870656516	12.00
07/06/26 04:00	1.454679013	13.10
07/06/26 05:00	3.096008822	13.70
07/06/26 06:00	4.500352901	14.70
07/06/26 07:00	4.678927172	15.40
07/06/26 08:00	3.71330176	17.10
07/06/26 09:00	2.844248904	17.60
07/06/26 10:00	2.335661685	18.30
07/06/26 11:00	1.878901727	19.00
07/06/26 12:00	1.568188134	19.20
07/06/26 13:00	1.303033283	20.40
07/06/26 14:00	1.085380642	20.10
07/06/26 15:00	0.924988555	19.20
07/06/26 16:00	0.781923088	19.30
07/06/26 17:00	0.928138392	18.10
07/06/26 18:00	1.079782391	17.40
07/06/26 19:00	1.218742722	16.70
07/06/26 20:00	1.092605954	15.60
07/06/26 21:00	0.951920863	16.00
07/06/26 22:00	0.926687472	14.20
07/06/26 23:00	0.328864484	12.50
08/06/26 00:00	0.243871734	11.20
08/06/26 01:00	0.202504696	13.50
08/06/26 02:00	0.22071075	13.80
08/06/26 03:00	0.281676185	14.20
08/06/26 04:00	0.372203246	14.20
08/06/26 05:00	1.44539863	14.80
08/06/26 06:00	2.410334339	15.30
08/06/26 07:00	2.397808421	15.90
08/06/26 08:00	1.524173582	16.50
08/06/26 09:00	0.971987489	17.10
08/06/26 10:00	0.87470297	17.20
08/06/26 11:00	0.826125671	18.10
08/06/26 12:00	0.853375979	13.70
08/06/26 13:00	0.822324763	15.80
08/06/26 14:00	0.818185733	18.20
08/06/26 15:00	0.818598524	19.10
08/06/26 16:00	0.758249118	18.00
08/06/26 17:00	0.892461058	16.80
08/06/26 18:00	1.044508477	15.60
08/06/26 19:00	1.189782664	14.80
08/06/26 20:00	1.053357577	13.80
08/06/26 21:00	0.880911055	13.30
08/06/26 22:00	0.851808194	12.60
08/06/26 23:00	0.304749068	12.00
09/06/26 00:00	0.236726804	11.90
09/06/26 01:00	0.181767789	12.10
09/06/26 02:00	0.195859121	12.00
09/06/26 03:00	0.197533283	11.70
09/06/26 04:00	0.2754265	11.70
09/06/26 05:00	1.235774672	11.80
09/06/26 06:00	2.096245907	11.80
09/06/26 07:00	2.271553576	12.10
09/06/26 08:00	1.725473691	13.00
09/06/26 09:00	1.247757743	13.70
09/06/26 10:00	1.312907918	13.60
09/06/26 11:00	1.246981189	13.90
09/06/26 12:00	1.283970576	13.60
09/06/26 13:00	1.183754825	15.50
09/06/26 14:00	1.131039707	15.50
09/06/26 15:00	0.99556107	15.40
09/06/26 16:00	1.031477017	14.60
09/06/26 17:00	1.049974168	14.30
09/06/26 18:00	1.103023738	14.00
09/06/26 19:00	1.357639659	13.70
09/06/26 20:00	1.204072899	13.80
09/06/26 21:00	0.895994265	13.70
09/06/26 22:00	0.874532448	12.70
09/06/26 23:00	0.220855896	12.00
10/06/26 00:00	0.206457595	11.20
10/06/26 01:00	0.190190855	10.80
10/06/26 02:00	0.256032298	10.00
10/06/26 03:00	0.334233318	9.70
10/06/26 04:00	0.503825822	10.30
10/06/26 05:00	1.606642313	11.50
10/06/26 06:00	2.688612936	13.20
10/06/26 07:00	2.958035343	15.30
10/06/26 08:00	2.258496603	16.10
10/06/26 09:00	1.94688732	17.30
10/06/26 10:00	1.854940421	18.70
10/06/26 11:00	1.778635901	17.70
10/06/26 12:00	1.713842132	18.70
10/06/26 13:00	1.694435733	18.50
10/06/26 14:00	1.770919179	18.10
10/06/26 15:00	1.940826054	19.10
10/06/26 16:00	2.245720773	18.80
10/06/26 17:00	2.436299314	17.10
10/06/26 18:00	2.747899546	16.20
10/06/26 19:00	2.917299403	14.90
10/06/26 20:00	2.664375957	14.10
10/06/26 21:00	2.262557927	13.90
10/06/26 22:00	1.958672853	13.70
10/06/26 23:00	0.932726955	13.40
11/06/26 00:00	0.590279365	13.30
11/06/26 01:00	0.420835864	13.30
11/06/26 02:00	0.466717257	13.20
11/06/26 03:00	0.695547997	13.10
11/06/26 04:00	1.0631455	13.50
11/06/26 05:00	2.386285106	14.10
11/06/26 06:00	3.463116439	15.30
11/06/26 07:00	3.378438846	15.10
11/06/26 08:00	2.166213911	15.10
11/06/26 09:00	1.383911657	15.40
11/06/26 10:00	1.086805362	17.50
11/06/26 11:00	0.944780742	19.70
11/06/26 12:00	0.952589062	18.60
11/06/26 13:00	0.901045418	19.00
11/06/26 14:00	0.798839706	17.10
11/06/26 15:00	0.775154468	14.20
11/06/26 16:00	0.714452819	13.60
11/06/26 17:00	0.847694366	14.10
11/06/26 18:00	0.992086943	14.20
11/06/26 19:00	1.124498957	13.70
11/06/26 20:00	0.986258316	13.50
11/06/26 21:00	0.816765465	13.10
11/06/26 22:00	0.791718129	13.20
11/06/26 23:00	0.225154926	13.30
12/06/26 00:00	0.178817119	13.30
12/06/26 01:00	0.152378574	13.00
12/06/26 02:00	0.16583185	12.50
12/06/26 03:00	0.196725858	12.10
12/06/26 04:00	0.226831038	12.20
12/06/26 05:00	1.214739792	12.60
12/06/26 06:00	2.131458326	12.90
12/06/26 07:00	2.0997286	13.50
12/06/26 08:00	1.313957849	14.00
12/06/26 09:00	0.897343206	14.30
12/06/26 10:00	0.853493048	14.60
12/06/26 11:00	0.844709397	15.30
12/06/26 12:00	0.904171242	15.30
12/06/26 13:00	0.867853185	16.20
12/06/26 14:00	0.803947777	15.90
12/06/26 15:00	0.836239164	15.60
12/06/26 16:00	0.823096799	15.40
12/06/26 17:00	1.02732772	14.10
12/06/26 18:00	1.248265255	13.30
12/06/26 19:00	1.454793391	12.90
12/06/26 20:00	1.385048623	12.60
12/06/26 21:00	1.262100022	12.00
12/06/26 22:00	1.205396382	11.10
12/06/26 23:00	0.548227214	10.60
13/06/26 00:00	0.381862129	10.10
13/06/26 01:00	0.290260607	9.50
13/06/26 02:00	0.29920163	9.90
13/06/26 03:00	0.419986555	10.30
13/06/26 04:00	0.628817715	10.80
13/06/26 05:00	1.807948553	11.40
13/06/26 06:00	2.869447692	11.80
13/06/26 07:00	2.896932324	12.40
13/06/26 08:00	2.093655782	13.10
13/06/26 09:00	1.506757818	13.60
13/06/26 10:00	1.262193081	14.30
13/06/26 11:00	1.14294516	14.50
13/06/26 12:00	1.136193175	14.40
13/06/26 13:00	1.097877119	14.50
13/06/26 14:00	1.060215141	15.00
13/06/26 15:00	1.056186008	14.20
13/06/26 16:00	1.173264501	14.70
13/06/26 17:00	1.535360834	14.00
13/06/26 18:00	1.885279256	12.90
13/06/26 19:00	2.179055144	11.20
13/06/26 20:00	2.178666482	9.50
13/06/26 21:00	2.001399623	7.50
13/06/26 22:00	1.785982454	6.40
13/06/26 23:00	0.948313864	5.40
14/06/26 00:00	0.613029914	4.90
14/06/26 01:00	0.454192448	4.50
14/06/26 02:00	0.548883913	4.10
14/06/26 03:00	0.881542667	4.50
14/06/26 04:00	1.412388703	8.00
14/06/26 05:00	2.926549711	11.70
14/06/26 06:00	4.141533139	12.60
14/06/26 07:00	4.085902803	13.50
14/06/26 08:00	2.963022713	14.80
14/06/26 09:00	1.978835578	14.20
14/06/26 10:00	1.524230504	14.70
14/06/26 11:00	1.286977744	15.90
14/06/26 12:00	1.234509342	15.80
14/06/26 13:00	1.174475038	16.50
14/06/26 14:00	1.098485206	17.70
14/06/26 15:00	1.026372863	17.10
14/06/26 16:00	0.895096243	17.20
14/06/26 17:00	1.151666813	16.10
14/06/26 18:00	1.456792584	14.80
14/06/26 19:00	1.809847227	13.70
14/06/26 20:00	1.933941299	12.50
14/06/26 21:00	1.934659255	11.50
14/06/26 22:00	1.88319732	11.20
14/06/26 23:00	1.166491789	11.80
15/06/26 00:00	0.948240808	12.20
15/06/26 01:00	1.001031234	11.50
15/06/26 02:00	1.385985679	12.00
15/06/26 03:00	2.01507721	12.90
15/06/26 04:00	2.744634398	12.90
15/06/26 05:00	4.276553205	13.20
15/06/26 06:00	5.162567856	13.10
15/06/26 07:00	4.682694149	13.50
15/06/26 08:00	3.046311737	14.00
15/06/26 09:00	1.89132512	14.50
15/06/26 10:00	1.405993819	15.10
15/06/26 11:00	1.168387928	15.70
15/06/26 12:00	1.138893441	17.10
15/06/26 13:00	1.080423504	18.30
15/06/26 14:00	0.977477357	18.60
15/06/26 15:00	0.859047602	16.90
15/06/26 16:00	0.750288854	17.20
15/06/26 17:00	0.882834468	17.30
15/06/26 18:00	1.029725213	16.30
15/06/26 19:00	1.167253675	15.40
15/06/26 20:00	1.027847942	15.10
15/06/26 21:00	0.854437089	14.80
15/06/26 22:00	0.828069871	14.50
15/06/26 23:00	0.293470658	14.60
16/06/26 00:00	0.232408733	14.30
16/06/26 01:00	0.193639138	14.40
16/06/26 02:00	0.245239518	14.60
16/06/26 03:00	0.313244784	14.60
16/06/26 04:00	0.502087398	14.80
16/06/26 05:00	1.581668352	15.50
16/06/26 06:00	2.537616806	16.60
16/06/26 07:00	2.789467099	18.10
16/06/26 08:00	2.234869015	18.80
16/06/26 09:00	1.582932715	18.00
16/06/26 10:00	1.531052668	18.60
16/06/26 11:00	1.349198887	19.00
16/06/26 12:00	1.313923745	18.90
16/06/26 13:00	1.173694911	19.10
16/06/26 14:00	1.150540089	19.20
16/06/26 15:00	1.158802321	18.60
16/06/26 16:00	1.329174108	17.90
16/06/26 17:00	1.479927905	18.10
16/06/26 18:00	1.630050582	17.30
16/06/26 19:00	1.954337875	16.10
16/06/26 20:00	1.88405399	15.20
16/06/26 21:00	1.583053917	14.20
16/06/26 22:00	1.454344696	14.30
16/06/26 23:00	0.641300806	14.90
17/06/26 00:00	0.447138771	13.60
17/06/26 01:00	0.29947725	14.10
17/06/26 02:00	0.269220212	14.30
17/06/26 03:00	0.270530578	14.50
17/06/26 04:00	0.351365128	14.60
17/06/26 05:00	1.302604775	14.80
17/06/26 06:00	2.297461841	15.10
17/06/26 07:00	2.465209662	15.40
17/06/26 08:00	1.730577553	17.10
17/06/26 09:00	1.198202776	17.70
17/06/26 10:00	1.187139638	17.60
17/06/26 11:00	1.175013527	18.60
17/06/26 12:00	1.17149596	18.30
17/06/26 13:00	1.095976151	18.30
17/06/26 14:00	1.050100053	18.50
17/06/26 15:00	0.97989612	18.90
17/06/26 16:00	1.008804197	18.70
17/06/26 17:00	1.036877925	18.50
17/06/26 18:00	1.196896541	16.00
17/06/26 19:00	1.405201739	13.70
17/06/26 20:00	1.220394561	12.60
17/06/26 21:00	0.956372607	11.60
17/06/26 22:00	0.929261067	10.60
17/06/26 23:00	0.225072568	10.40
18/06/26 00:00	0.177986356	11.60
18/06/26 01:00	0.149026651	13.20
18/06/26 02:00	0.156338272	13.10
18/06/26 03:00	0.176831638	14.10
18/06/26 04:00	0.188590678	14.80
18/06/26 05:00	1.154892505	13.50
18/06/26 06:00	2.062344457	13.10
18/06/26 07:00	2.027999038	14.40
18/06/26 08:00	1.266404725	16.30
18/06/26 09:00	0.922233878	16.00
18/06/26 10:00	0.888075194	17.30
18/06/26 11:00	0.884934074	17.60
18/06/26 12:00	0.941604758	17.80
18/06/26 13:00	0.891368106	17.90
18/06/26 14:00	0.792472269	17.00
18/06/26 15:00	0.768953355	16.10
18/06/26 16:00	0.708271226	17.00
18/06/26 17:00	0.841549646	16.40
18/06/26 18:00	0.984363205	15.70
18/06/26 19:00	1.114565029	14.00
18/06/26 20:00	0.977899067	11.20
18/06/26 21:00	0.810850657	10.00
18/06/26 22:00	0.78589008	9.30
18/06/26 23:00	0.225294827	9.00
19/06/26 00:00	0.181058215	8.50
19/06/26 01:00	0.166697544	7.90
19/06/26 02:00	0.21617472	7.50
19/06/26 03:00	0.305109741	7.60
19/06/26 04:00	0.430483827	9.90
19/06/26 05:00	1.513424532	12.60
19/06/26 06:00	2.47720671	14.40
19/06/26 07:00	2.475256823	16.00
19/06/26 08:00	1.632243936	17.40
19/06/26 09:00	1.139241171	18.30
19/06/26 10:00	0.988057692	18.00
19/06/26 11:00	0.914012956	18.80
19/06/26 12:00	0.947678374	19.50
19/06/26 13:00	0.892108513	19.80
19/06/26 14:00	0.802535843	19.80
19/06/26 15:00	0.788920175	20.10
19/06/26 16:00	0.742872106	19.20
19/06/26 17:00	0.898797723	18.70
19/06/26 18:00	1.066454612	17.80
19/06/26 19:00	1.230007323	16.90
19/06/26 20:00	1.132966143	15.60
19/06/26 21:00	0.983727533	14.10
19/06/26 22:00	0.948005855	13.20
19/06/26 23:00	0.359523985	14.60
20/06/26 00:00	0.285561043	14.10
20/06/26 01:00	0.302214185	13.70
20/06/26 02:00	0.464533892	13.10
20/06/26 03:00	0.772218204	12.90
20/06/26 04:00	1.184534537	13.80
20/06/26 05:00	2.5604013	14.80
20/06/26 06:00	3.642347806	16.40
20/06/26 07:00	3.505020647	18.10
20/06/26 08:00	2.232366074	18.20
20/06/26 09:00	1.336880908	18.90
20/06/26 10:00	1.006026974	20.50
20/06/26 11:00	0.834670826	21.00
20/06/26 12:00	0.838923083	20.80
20/06/26 13:00	0.781784771	21.10
20/06/26 14:00	0.767285845	21.00
20/06/26 15:00	0.76722034	20.90
20/06/26 16:00	0.706542549	20.60
20/06/26 17:00	0.839831814	20.20
20/06/26 18:00	0.982202901	19.10
20/06/26 19:00	1.111786566	18.00
20/06/26 20:00	0.975563076	17.40
20/06/26 21:00	0.809195725	16.80
20/06/26 22:00	0.784261176	16.30
20/06/26 23:00	0.225068526	16.40
21/06/26 00:00	0.177939049	16.10
21/06/26 01:00	0.148824463	15.60
21/06/26 02:00	0.155815571	15.30
21/06/26 03:00	0.175648117	15.40
21/06/26 04:00	0.186065777	15.90
21/06/26 05:00	1.146569668	16.70
21/06/26 06:00	2.049433212	18.20
21/06/26 07:00	2.014303093	19.60
21/06/26 08:00	1.256378877	19.40
21/06/26 09:00	0.821488943	19.90
21/06/26 10:00	0.789420481	19.90
21/06/26 11:00	0.769216784	20.60
21/06/26 12:00	0.773101861	20.20
21/06/26 13:00	0.77034221	21.50
21/06/26 14:00	0.766192243	21.40
21/06/26 15:00	0.766361424	21.20
21/06/26 16:00	0.705685802	20.60
21/06/26 17:00	0.838979405	19.80
21/06/26 18:00	0.981133594	15.30
21/06/26 19:00	1.110411433	14.80
21/06/26 20:00	0.974404841	15.10
21/06/26 21:00	0.808375851	15.30
21/06/26 22:00	0.783454315	15.30
21/06/26 23:00	0.225036896	14.20
22/06/26 00:00	0.177660708	13.70
22/06/26 01:00	0.14805059	13.20
22/06/26 02:00	0.153972613	13.10
22/06/26 03:00	0.171738684	13.00
22/06/26 04:00	0.177660708	13.20
22/06/26 05:00	1.157224265	14.40
22/06/26 06:00	2.080400852	14.80
22/06/26 07:00	2.056698674	15.90
22/06/26 08:00	1.285052516	14.10
22/06/26 09:00	0.845578902	16.50
22/06/26 10:00	0.818009086	16.10
22/06/26 11:00	0.80202087	16.40
22/06/26 12:00	0.808753384	16.60
22/06/26 13:00	0.807902435	17.80
22/06/26 14:00	0.804828282	17.50
22/06/26 15:00	0.805118925	17.60
22/06/26 16:00	0.743595233	16.00
22/06/26 17:00	0.875164496	17.20
22/06/26 18:00	1.018930238	16.80
22/06/26 19:00	1.150973525	16.30
22/06/26 20:00	1.008243096	16.00
22/06/26 21:00	0.833431906	15.40
22/06/26 22:00	0.804252663	14.50
22/06/26 23:00	0.278346091	13.90
23/06/26 00:00	0.21921152	13.70
23/06/26 01:00	0.166085368	13.40
23/06/26 02:00	0.172378603	12.60
23/06/26 03:00	0.155330062	12.30
23/06/26 04:00	0.198345219	12.80
23/06/26 05:00	1.108921117	13.70
23/06/26 06:00	1.944039385	14.60
23/06/26 07:00	2.111687347	15.10
23/06/26 08:00	1.616890901	16.10
23/06/26 09:00	1.185422753	16.20
23/06/26 10:00	1.268965126	16.10
23/06/26 11:00	1.215742891	17.10
23/06/26 12:00	1.261247353	18.30
23/06/26 13:00	1.154872917	18.70
23/06/26 14:00	1.108367949	18.20
23/06/26 15:00	0.978814377	19.10
23/06/26 16:00	1.014848261	17.90
23/06/26 17:00	1.033511538	17.60
23/06/26 18:00	1.083075114	17.00
23/06/26 19:00	1.332642147	16.10
23/06/26 20:00	1.182498101	15.50
23/06/26 21:00	0.879905308	15.40
23/06/26 22:00	0.858808349	14.90
23/06/26 23:00	0.219331593	14.50
24/06/26 00:00	0.203987096	14.30
24/06/26 01:00	0.178605426	14.00
24/06/26 02:00	0.215949702	13.70
24/06/26 03:00	0.239912459	12.60
24/06/26 04:00	0.314071913	12.20
24/06/26 05:00	1.245630174	11.90
24/06/26 06:00	2.210301956	12.80
24/06/26 07:00	2.375894306	13.70
24/06/26 08:00	1.670785776	12.70
24/06/26 09:00	1.196077126	12.80
24/06/26 10:00	1.204677507	13.20
24/06/26 11:00	1.201315183	13.80
24/06/26 12:00	1.203110134	15.20
24/06/26 13:00	1.13462347	15.70
24/06/26 14:00	1.088678311	16.40
24/06/26 15:00	1.018464081	15.20
24/06/26 16:00	1.000076221	14.70
24/06/26 17:00	1.028306116	14.30
24/06/26 18:00	1.186669801	13.90
24/06/26 19:00	1.392615149	13.20
24/06/26 20:00	1.209825122	12.70
24/06/26 21:00	0.948813712	12.90
24/06/26 22:00	0.922090419	13.00
24/06/26 23:00	0.225207813	13.30
25/06/26 00:00	0.179777447	13.90
25/06/26 01:00	0.158741859	13.30
25/06/26 02:00	0.188513579	12.80
25/06/26 03:00	0.25166161	12.20
25/06/26 04:00	0.337904498	13.40
25/06/26 05:00	1.38506673	14.20
25/06/26 06:00	2.360973366	15.20
25/06/26 07:00	2.402187592	15.90
25/06/26 08:00	1.870493346	15.70
25/06/26 09:00	1.516571772	16.40
25/06/26 10:00	1.445029081	16.70
25/06/26 11:00	1.382487115	15.70
25/06/26 12:00	1.360696709	15.90
25/06/26 13:00	1.286173109	15.70
25/06/26 14:00	1.223169049	15.70
25/06/26 15:00	1.22056188	16.10
25/06/26 16:00	1.295605897	15.90
25/06/26 17:00	1.66721318	15.00
25/06/26 18:00	1.98862391	14.20
25/06/26 19:00	2.236635446	13.40
25/06/26 20:00	2.207039618	12.50
25/06/26 21:00	2.036529416	11.70
25/06/26 22:00	1.831459601	11.30
25/06/26 23:00	0.981094304	10.70
26/06/26 00:00	0.613289263	8.90
26/06/26 01:00	0.37737401	7.90
26/06/26 02:00	0.303654758	8.60
26/06/26 03:00	0.347064576	9.50
26/06/26 04:00	0.464101218	10.90
26/06/26 05:00	1.517398478	14.30
26/06/26 06:00	2.470110408	15.60
26/06/26 07:00	2.441669172	16.30
26/06/26 08:00	1.666762253	17.20
26/06/26 09:00	1.193603576	17.40
26/06/26 10:00	1.056389311	18.30
26/06/26 11:00	1.018069743	20.00
26/06/26 12:00	1.047712433	19.50
26/06/26 13:00	0.999414766	20.70
26/06/26 14:00	0.914884624	20.90
26/06/26 15:00	0.814547456	22.30
26/06/26 16:00	0.761524509	21.40
26/06/26 17:00	0.936586599	20.50
26/06/26 18:00	1.133388485	19.70
26/06/26 19:00	1.323042674	16.40
26/06/26 20:00	1.25808324	14.30
26/06/26 21:00	1.160538495	15.60
26/06/26 22:00	1.126527803	15.50
26/06/26 23:00	0.500807972	15.90
27/06/26 00:00	0.360963075	15.80
27/06/26 01:00	0.321503265	16.00
27/06/26 02:00	0.430570135	17.00
27/06/26 03:00	0.690278982	16.60
27/06/26 04:00	1.080982322	16.50
27/06/26 05:00	2.419798593	16.80
27/06/26 06:00	3.486083553	17.10
27/06/26 07:00	3.388054124	17.10
27/06/26 08:00	2.165901001	17.50
27/06/26 09:00	1.288958049	17.80
27/06/26 10:00	0.987044017	18.60
27/06/26 11:00	0.823408564	20.40
27/06/26 12:00	0.796651147	20.50
27/06/26 13:00	0.769297232	19.30
27/06/26 14:00	0.761353666	19.20
27/06/26 15:00	0.761327221	20.30
27/06/26 16:00	0.700668952	19.90
27/06/26 17:00	0.833990751	20.10
27/06/26 18:00	0.974865243	19.60
27/06/26 19:00	1.102349334	18.20
27/06/26 20:00	0.96762461	18.40
27/06/26 21:00	0.803578067	17.60
27/06/26 22:00	0.778725939	16.80
27/06/26 23:00	0.225036896	16.00
28/06/26 00:00	0.177660708	15.20
28/06/26 01:00	0.14805059	14.00
28/06/26 02:00	0.153972613	15.10
28/06/26 03:00	0.171738684	14.00
28/06/26 04:00	0.177660708	16.50
28/06/26 05:00	1.126717563	19.40
28/06/26 06:00	2.021656201	20.80
28/06/26 07:00	1.984686373	21.20
28/06/26 08:00	1.237623433	22.90
28/06/26 09:00	0.812697167	23.90
28/06/26 10:00	0.782082103	24.90
28/06/26 11:00	0.763150582	25.00
28/06/26 12:00	0.767306347	25.20
28/06/26 13:00	0.764511992	26.00
28/06/26 14:00	0.760342505	26.80
28/06/26 15:00	0.760511685	27.60
28/06/26 16:00	0.699855585	26.70
28/06/26 17:00	0.833181722	26.60
28/06/26 18:00	0.97385016	25.80
28/06/26 19:00	1.101043609	25.30
28/06/26 20:00	0.966524937	24.20
28/06/26 21:00	0.802799404	23.90
28/06/26 22:00	0.777960289	22.80
28/06/26 23:00	0.225036896	21.40
29/06/26 00:00	0.177660708	19.80
29/06/26 01:00	0.14805059	18.50
29/06/26 02:00	0.153972613	17.90
29/06/26 03:00	0.171738684	17.20
29/06/26 04:00	0.177660708	17.50
29/06/26 05:00	1.148561359	17.90
29/06/26 06:00	2.063721397	18.20
29/06/26 07:00	2.038271021	18.60
29/06/26 08:00	1.274266179	19.40
29/06/26 09:00	0.839661925	19.80
29/06/26 10:00	0.812003181	18.90
29/06/26 11:00	0.795930375	20.00
29/06/26 12:00	0.802586974	21.90
29/06/26 13:00	0.801679632	21.20
29/06/26 14:00	0.798575113	21.70
29/06/26 15:00	0.798863587	21.50
29/06/26 16:00	0.737365923	21.30
29/06/26 17:00	0.86899158	20.40
29/06/26 18:00	1.011260725	20.00
29/06/26 19:00	1.141202271	17.90
29/06/26 20:00	1.000027	18.30
29/06/26 21:00	0.827603857	17.40
29/06/26 22:00	0.798556922	16.90
29/06/26 23:00	0.278335109	16.50
30/06/26 00:00	0.219114873	16.90
30/06/26 01:00	0.16581666	16.70
30/06/26 02:00	0.171738684	16.10
30/06/26 03:00	0.153972613	15.60
30/06/26 04:00	0.195426778	16.50
30/06/26 05:00	1.095407225	17.40
30/06/26 06:00	1.921647446	18.90
30/06/26 07:00	2.086993916	18.80
30/06/26 08:00	1.601702871	20.80
30/06/26 09:00	1.082546114	21.40
30/06/26 10:00	1.012427549	22.30
30/06/26 11:00	0.959459065	23.10
30/06/26 12:00	0.945673825	23.50
30/06/26 13:00	0.963529576	22.60
30/06/26 14:00	0.934714765	23.60
30/06/26 15:00	0.970973514	23.10
30/06/26 16:00	1.007070299	21.60
30/06/26 17:00	1.025857208	21.20
30/06/26 18:00	1.073863457	19.40
30/06/26 19:00	1.321220299	16.40
30/06/26 20:00	1.172904703	15.80
30/06/26 21:00	0.873057839	15.10
30/06/26 22:00	0.852266706	15.20
30/06/26 23:00	0.219114873	15.20
01/07/26 00:00	0.201348802	15.10
01/07/26 01:00	0.16581666	14.80
01/07/26 02:00	0.177660708	13.70
01/07/26 03:00	0.159894637	13.30
01/07/26 04:00	0.16581666	14.00
01/07/26 05:00	1.029923062	14.30
01/07/26 06:00	1.972092872	15.50
01/07/26 07:00	2.129051231	16.00
01/07/26 08:00	1.496651599	16.80
01/07/26 09:00	1.029621053	17.70
01/07/26 10:00	1.010789348	17.30
01/07/26 11:00	0.955681541	19.10
01/07/26 12:00	0.992580184	16.80
01/07/26 13:00	1.007010407	15.30
01/07/26 14:00	0.99144948	15.70
01/07/26 15:00	0.95087809	15.30
01/07/26 16:00	0.991784211	16.30
01/07/26 17:00	1.020165935	16.90
01/07/26 18:00	1.17695494	16.00
01/07/26 19:00	1.38066407	15.20
01/07/26 20:00	1.19979359	14.70
01/07/26 21:00	0.941640896	13.40
01/07/26 22:00	0.915281992	13.10
01/07/26 23:00	0.225036896	12.40
02/07/26 00:00	0.177660708	12.10
02/07/26 01:00	0.14805059	12.90
02/07/26 02:00	0.153972613	12.90
02/07/26 03:00	0.171738684	11.90
02/07/26 04:00	0.177660708	12.60
02/07/26 05:00	1.122097636	13.60
02/07/26 06:00	2.012761214	14.40
02/07/26 07:00	1.974904274	15.10
02/07/26 08:00	1.267464171	16.40
02/07/26 09:00	0.939903904	17.40
02/07/26 10:00	0.915180497	18.90
02/07/26 11:00	0.913984681	18.90
02/07/26 12:00	0.965492776	19.60
02/07/26 13:00	0.915302712	20.80
02/07/26 14:00	0.822292026	20.90
02/07/26 15:00	0.757321116	20.60
02/07/26 16:00	0.696673691	20.20
02/07/26 17:00	0.830021518	20.00
02/07/26 18:00	0.969876589	19.10
02/07/26 19:00	1.095935661	17.30
02/07/26 20:00	0.962228188	16.00
02/07/26 21:00	0.799758494	14.80
02/07/26 22:00	0.774962759	15.10
02/07/26 23:00	0.225221787	15.20
03/07/26 00:00	0.179791485	15.20
03/07/26 01:00	0.157650843	14.80
03/07/26 02:00	0.182115565	14.20
03/07/26 03:00	0.23062354	14.50
03/07/26 04:00	0.288203453	15.30
03/07/26 05:00	1.274227976	15.70
03/07/26 06:00	2.17309181	17.00
03/07/26 07:00	2.139601177	19.00
03/07/26 08:00	1.350439458	21.30
03/07/26 09:00	0.868654383	22.70
03/07/26 10:00	0.80212405	22.90
03/07/26 11:00	0.764282345	22.70
03/07/26 12:00	0.787800662	23.00
03/07/26 13:00	0.761153786	22.90
03/07/26 14:00	0.756399272	22.50
03/07/26 15:00	0.756542452	21.90
03/07/26 16:00	0.695897196	21.70
03/07/26 17:00	0.829249361	21.50
03/07/26 18:00	0.968907055	20.30
03/07/26 19:00	1.094688497	19.40
03/07/26 20:00	0.96118057	17.50
03/07/26 21:00	0.799016703	16.60
03/07/26 22:00	0.774233982	16.50
03/07/26 23:00	0.225036896	16.60
04/07/26 00:00	0.177660708	16.90
04/07/26 01:00	0.14805059	16.50
04/07/26 02:00	0.153972613	16.30
04/07/26 03:00	0.171738684	15.80
04/07/26 04:00	0.177660708	17.60
04/07/26 05:00	1.119857079	18.90
04/07/26 06:00	2.008444944	20.80
04/07/26 07:00	1.970158546	22.50
04/07/26 08:00	1.229170918	23.60
04/07/26 09:00	0.808124958	23.90
04/07/26 10:00	0.777466514	23.70
04/07/26 11:00	0.758489444	24.00
04/07/26 12:00	0.762608337	24.60
04/07/26 13:00	0.759787954	26.00
04/07/26 14:00	0.755603284	26.00
04/07/26 15:00	0.755772464	26.20
04/07/26 16:00	0.695131546	25.80
04/07/26 17:00	0.828488049	25.10
04/07/26 18:00	0.967950535	23.40
04/07/26 19:00	1.093456517	19.90
04/07/26 20:00	0.960143798	18.40
04/07/26 21:00	0.798283587	17.70
04/07/26 22:00	0.773511712	18.70
04/07/26 23:00	0.225036896	17.60
05/07/26 00:00	0.177660708	16.50
05/07/26 01:00	0.14805059	15.50
05/07/26 02:00	0.153972613	16.00
05/07/26 03:00	0.171738684	16.70
05/07/26 04:00	0.177660708	18.80
05/07/26 05:00	1.118753069	20.20
05/07/26 06:00	2.006321513	21.40
05/07/26 07:00	1.967822555	22.50
05/07/26 08:00	1.227813137	24.70
05/07/26 09:00	0.807389673	26.00
05/07/26 10:00	0.776724723	26.00
05/07/26 11:00	0.757741146	26.70
05/07/26 12:00	0.761853532	26.20
05/07/26 13:00	0.759028811	25.50
05/07/26 14:00	0.754841972	24.40
05/07/26 15:00	0.755011152	23.70
05/07/26 16:00	0.694372403	24.90
05/07/26 17:00	0.827733244	24.70
05/07/26 18:00	0.96700269	22.60
05/07/26 19:00	1.092239719	21.30
05/07/26 20:00	0.959120039	20.80
05/07/26 21:00	0.797559148	20.40
05/07/26 22:00	0.772798117	19.60
05/07/26 23:00	0.225036896	19.60
06/07/26 00:00	0.177660708	19.20
06/07/26 01:00	0.14805059	19.20
06/07/26 02:00	0.153972613	18.90
06/07/26 03:00	0.171738684	18.80
06/07/26 04:00	0.177660708	19.40
06/07/26 05:00	1.140427685	19.40
06/07/26 06:00	2.048063531	19.10
06/07/26 07:00	2.020973407	19.10
06/07/26 08:00	1.264141381	17.90
06/07/26 09:00	0.834109337	17.10
06/07/26 10:00	0.806368171	18.40
06/07/26 11:00	0.790215113	19.20
06/07/26 12:00	0.796802304	20.20
06/07/26 13:00	0.795842907	20.90
06/07/26 14:00	0.792710191	22.50
06/07/26 15:00	0.792996497	22.20
06/07/26 16:00	0.731527029	21.90
06/07/26 17:00	0.863204741	22.60
06/07/26 18:00	1.004070557	20.80
06/07/26 19:00	1.132042669	17.90
06/07/26 20:00	0.992327121	16.50
06/07/26 21:00	0.822142366	16.00
06/07/26 22:00	0.793219063	14.20
06/07/26 23:00	0.278335109	13.50
07/07/26 00:00	0.219114873	12.80
07/07/26 01:00	0.16581666	13.20
07/07/26 02:00	0.171738684	14.00
07/07/26 03:00	0.153972613	13.80
07/07/26 04:00	0.195426778	15.30
07/07/26 05:00	1.086455845	16.80
07/07/26 06:00	1.904414901	17.70
07/07/26 07:00	2.067676981	18.80
07/07/26 08:00	1.590192095	20.40
07/07/26 09:00	1.07596326	20.50
07/07/26 10:00	1.005649487	21.30
07/07/26 11:00	0.952487964	21.10
07/07/26 12:00	0.938537881	22.40
07/07/26 13:00	0.956267831	22.60
07/07/26 14:00	0.927385782	23.30
07/07/26 15:00	0.963638025	23.40
07/07/26 16:00	0.999795541	22.60
07/07/26 17:00	1.018701743	19.10
07/07/26 18:00	1.065250437	18.90
07/07/26 19:00	1.310540242	18.20
07/07/26 20:00	1.163935971	16.80
07/07/26 21:00	0.866657179	17.40
07/07/26 22:00	0.846152352	16.50
07/07/26 23:00	0.219114873	15.60
08/07/26 00:00	0.201348802	15.50
08/07/26 01:00	0.16581666	15.50
08/07/26 02:00	0.177660708	16.00
08/07/26 03:00	0.159894637	16.20
08/07/26 04:00	0.16581666	16.10
08/07/26 05:00	1.020743939	16.40
08/07/26 06:00	1.954424361	16.90
08/07/26 07:00	2.109157348	16.90
08/07/26 08:00	1.484733055	16.80
08/07/26 09:00	1.022721528	16.50
08/07/26 10:00	1.003653404	16.50
08/07/26 11:00	0.948315686	17.30
08/07/26 12:00	0.985016951	18.90
08/07/26 13:00	0.999295345	18.70
08/07/26 14:00	0.983649828	18.80
08/07/26 15:00	0.9430741	18.30
08/07/26 16:00	0.984051798	18.20
08/07/26 17:00	1.012574505	16.70
08/07/26 18:00	1.167899449	17.00
08/07/26 19:00	1.36952202	16.70
08/07/26 20:00	1.190438779	16.60
08/07/26 21:00	0.934951762	16.40
08/07/26 22:00	0.908939894	16.20
08/07/26 23:00	0.225036896	15.10
09/07/26 00:00	0.177660708	14.90
09/07/26 01:00	0.14805059	14.10
09/07/26 02:00	0.153972613	14.00
09/07/26 03:00	0.171738684	15.40
09/07/26 04:00	0.177660708	15.40
09/07/26 05:00	1.114469333	15.60
09/07/26 06:00	1.998075051	16.10
09/07/26 07:00	1.958756219	17.00
09/07/26 08:00	1.222536009	17.20
09/07/26 09:00	0.804537465	17.70
09/07/26 10:00	0.773844317	17.90
09/07/26 11:00	0.754834713	16.60
09/07/26 12:00	0.758925409	18.20
09/07/26 13:00	0.756081168	18.10
09/07/26 14:00	0.751885652	17.30
09/07/26 15:00	0.752054832	18.40
09/07/26 16:00	0.69142476	18.40
09/07/26 17:00	0.824805121	18.10
09/07/26 18:00	0.963324101	17.60
09/07/26 19:00	1.087511343	17.30
09/07/26 20:00	0.95514213	16.70
09/07/26 21:00	0.794743812	16.20
09/07/26 22:00	0.770026161	15.10
09/07/26 23:00	0.225146095	14.90
10/07/26 00:00	0.179051585	15.00
10/07/26 01:00	0.154774058	14.80
10/07/26 02:00	0.174142041	13.90
10/07/26 03:00	0.213983254	13.90
10/07/26 04:00	0.255925523	14.90
10/07/26 05:00	1.222791321	15.90
10/07/26 06:00	2.113275007	16.90
10/07/26 07:00	2.077637504	17.20
10/07/26 08:00	1.310080752	18.10
10/07/26 09:00	0.879533536	18.90
10/07/26 10:00	0.820576188	18.60
10/07/26 11:00	0.799667056	17.50
10/07/26 12:00	0.859590491	16.80
10/07/26 13:00	0.809102034	18.10
10/07/26 14:00	0.751204321	17.80
10/07/26 15:00	0.751339758	18.50
10/07/26 16:00	0.690713334	16.70
10/07/26 17:00	0.824095865	16.80
10/07/26 18:00	0.962434819	16.40
10/07/26 19:00	1.086366122	15.80
10/07/26 20:00	0.954181272	15.80
10/07/26 21:00	0.794062753	15.20
10/07/26 22:00	0.769353777	15.30
10/07/26 23:00	0.22515183	15.50
11/07/26 00:00	0.178981308	14.80
11/07/26 01:00	0.15418805	14.90
11/07/26 02:00	0.172113256	14.90
11/07/26 03:00	0.209706162	14.80
11/07/26 04:00	0.248673249	15.10
11/07/26 05:00	1.210978876	15.40
11/07/26 06:00	2.098869255	15.70
11/07/26 07:00	2.061864316	15.20
11/07/26 08:00	1.296410923	15.50
11/07/26 09:00	0.85323822	15.80
11/07/26 10:00	0.793807375	17.10
11/07/26 11:00	0.780362641	17.60
11/07/26 12:00	0.840899365	18.50
11/07/26 13:00	0.790622314	17.90
11/07/26 14:00	0.750481295	18.60
11/07/26 15:00	0.750634151	17.20
11/07/26 16:00	0.690156995	15.00
11/07/26 17:00	0.824434948	16.90
11/07/26 18:00	0.963941862	16.20
11/07/26 19:00	1.090458897	15.00
11/07/26 20:00	0.962735316	14.00
11/07/26 21:00	0.806271608	12.90
11/07/26 22:00	0.78412087	13.10
11/07/26 23:00	0.237973451	13.30
12/07/26 00:00	0.186800109	13.00
12/07/26 01:00	0.158173533	12.90
12/07/26 02:00	0.171919153	13.10
12/07/26 03:00	0.205105222	12.70
12/07/26 04:00	0.239616593	12.40
12/07/26 05:00	1.197600333	11.80
12/07/26 06:00	2.083935585	12.20
12/07/26 07:00	2.046663771	12.20
12/07/26 08:00	1.411257872	11.50
12/07/26 09:00	1.056168829	15.30
12/07/26 10:00	1.011088242	15.40
12/07/26 11:00	0.998789884	17.10
12/07/26 12:00	1.047574598	17.20
12/07/26 13:00	0.997134788	17.40
12/07/26 14:00	0.897833867	17.10
12/07/26 15:00	0.77962839	18.20
12/07/26 16:00	0.690224627	17.90
12/07/26 17:00	0.826394271	17.10
12/07/26 18:00	0.969042126	16.10
12/07/26 19:00	1.101407179	13.90
12/07/26 20:00	0.98176129	13.10
12/07/26 21:00	0.831632189	13.20
12/07/26 22:00	0.811359592	13.80
12/07/26 23:00	0.260393421	14.10
13/07/26 00:00	0.204137839	13.20
13/07/26 01:00	0.187515845	13.00
13/07/26 02:00	0.240267612	12.90
13/07/26 03:00	0.351347853	13.00
13/07/26 04:00	0.520873216	13.50
13/07/26 05:00	1.648594198	14.00
13/07/26 06:00	2.670876455	14.20
13/07/26 07:00	2.729192718	14.40
13/07/26 08:00	2.000648148	14.60
13/07/26 09:00	1.512951373	14.80
13/07/26 10:00	1.321063759	15.60
13/07/26 11:00	1.175233879	15.50
13/07/26 12:00	1.132301912	18.50
13/07/26 13:00	1.037541847	19.10
13/07/26 14:00	0.925718983	20.20
13/07/26 15:00	0.801447307	18.60
13/07/26 16:00	0.726978485	17.90
13/07/26 17:00	0.858381658	17.50
13/07/26 18:00	0.99851894	16.90
13/07/26 19:00	1.125937073	16.30
13/07/26 20:00	0.989455546	15.50
13/07/26 21:00	0.822824087	14.90
13/07/26 22:00	0.79513907	14.70
13/07/26 23:00	0.284194272	14.00
14/07/26 00:00	0.224832475	13.30
14/07/26 01:00	0.178846667	13.80
14/07/26 02:00	0.20760498	13.40
14/07/26 03:00	0.232753075	13.40
14/07/26 04:00	0.34942582	14.00
14/07/26 05:00	1.312499194	14.80
14/07/26 06:00	2.174111477	15.10
14/07/26 07:00	2.373007189	14.90
14/07/26 08:00	1.868669008	15.50
14/07/26 09:00	1.281178194	15.20
14/07/26 10:00	1.265091347	16.20
14/07/26 11:00	1.141944375	17.10
14/07/26 12:00	1.150840972	16.50
14/07/26 13:00	1.023893785	17.30
14/07/26 14:00	0.986295535	16.10
14/07/26 15:00	0.996668915	15.80
14/07/26 16:00	1.050746712	15.40
14/07/26 17:00	1.090381401	15.80
14/07/26 18:00	1.143473978	15.60
14/07/26 19:00	1.389952998	14.40
14/07/26 20:00	1.251276667	14.10
14/07/26 21:00	0.959798749	14.20
14/07/26 22:00	0.927962371	13.30
14/07/26 23:00	0.285263656	13.30
15/07/26 00:00	0.244513073	13.30
15/07/26 01:00	0.20442933	13.30
15/07/26 02:00	0.236897637	13.10
15/07/26 03:00	0.268965302	11.80
15/07/26 04:00	0.36330487	12.70
15/07/26 05:00	1.2904791	14.70
15/07/26 06:00	2.252555766	15.60
15/07/26 07:00	2.419130456	16.20
15/07/26 08:00	1.71986148	16.80
15/07/26 09:00	1.231063383	16.80
15/07/26 10:00	1.208979559	17.40
15/07/26 11:00	1.189325981	15.80
15/07/26 12:00	1.189289644	15.40
15/07/26 13:00	1.136012748	16.40
15/07/26 14:00	1.121346749	18.20
15/07/26 15:00	1.115467683	17.70
15/07/26 16:00	1.197425021	17.50
15/07/26 17:00	1.333243163	16.80
15/07/26 18:00	1.579631034	15.60
15/07/26 19:00	1.869368133	15.00
15/07/26 20:00	1.79313437	14.60
15/07/26 21:00	1.576291847	13.60
15/07/26 22:00	1.484234293	13.70
15/07/26 23:00	0.664382027	14.50
16/07/26 00:00	0.439428022	13.90
16/07/26 01:00	0.303048703	14.00
16/07/26 02:00	0.283401044	14.00
16/07/26 03:00	0.356716142	13.90
16/07/26 04:00	0.49846017	14.40
16/07/26 05:00	1.545783063	15.90
16/07/26 06:00	2.480810053	16.80
16/07/26 07:00	2.447475825	16.40
16/07/26 08:00	1.585660106	16.70
16/07/26 09:00	1.099620754	16.00
16/07/26 10:00	0.954023595	14.10
16/07/26 11:00	0.903333228	14.00
16/07/26 12:00	0.941812959	14.70
16/07/26 13:00	0.889063706	15.90
16/07/26 14:00	0.795026519	15.30
16/07/26 15:00	0.749761216	14.80
16/07/26 16:00	0.693957582	14.40
16/07/26 17:00	0.837307301	14.10
16/07/26 18:00	0.990395112	14.00
16/07/26 19:00	1.13312363	14.20
16/07/26 20:00	1.022295548	14.50
16/07/26 21:00	0.871410883	15.10
16/07/26 22:00	0.839075708	15.50
16/07/26 23:00	0.279516193	16.10
17/07/26 00:00	0.212032551	16.40
17/07/26 01:00	0.171540949	16.20
17/07/26 02:00	0.181300935	16.00
17/07/26 03:00	0.216038973	15.60
17/07/26 04:00	0.25776	15.70
17/07/26 05:00	1.216882659	16.40
17/07/26 06:00	2.099464315	17.00
17/07/26 07:00	2.061176151	17.20
17/07/26 08:00	1.456575794	18.20
17/07/26 09:00	1.101107628	17.70
17/07/26 10:00	1.052662989	18.30
17/07/26 11:00	1.049336346	18.90
17/07/26 12:00	1.115716121	18.10
17/07/26 13:00	1.153530927	18.10
17/07/26 14:00	1.229021331	18.60
17/07/26 15:00	1.371677429	18.30
17/07/26 16:00	1.639407547	18.70
17/07/26 17:00	2.111879611	18.70
17/07/26 18:00	2.453492406	18.10
17/07/26 19:00	2.571293395	17.70
17/07/26 20:00	2.35532585	17.40
17/07/26 21:00	2.010912713	17.40
17/07/26 22:00	1.690476999	17.50
17/07/26 23:00	0.838939128	17.00
18/07/26 00:00	0.511244345	17.00
18/07/26 01:00	0.30501508	17.00
18/07/26 02:00	0.228576509	17.00
18/07/26 03:00	0.225834061	17.00
18/07/26 04:00	0.252026678	17.00
18/07/26 05:00	1.204426443	16.90
18/07/26 06:00	2.092697854	17.00
18/07/26 07:00	2.054160011	17.30
18/07/26 08:00	1.293108733	17.90
18/07/26 09:00	0.842689382	18.00
18/07/26 10:00	0.784333486	18.00
18/07/26 11:00	0.754167232	18.80
18/07/26 12:00	0.771612811	18.50
18/07/26 13:00	0.75037978	17.80
18/07/26 14:00	0.745831729	18.10
18/07/26 15:00	0.745988196	17.90
18/07/26 16:00	0.68540088	16.90
18/07/26 17:00	0.818946335	17.40
18/07/26 18:00	0.956121473	17.00
18/07/26 19:00	1.078561021	16.50
18/07/26 20:00	0.948352162	15.50
18/07/26 21:00	0.790825362	15.10
18/07/26 22:00	0.766561334	15.30
18/07/26 23:00	0.2268832	15.60
19/07/26 00:00	0.178804159	15.80
19/07/26 01:00	0.148739276	15.70
19/07/26 02:00	0.154310781	15.80
19/07/26 03:00	0.17183494	15.50
19/07/26 04:00	0.177702479	15.50
19/07/26 05:00	1.104799461	15.50
19/07/26 06:00	1.979400145	15.00
19/07/26 07:00	1.938220317	16.90
19/07/26 08:00	1.210591437	17.40
19/07/26 09:00	0.863220502	16.70
19/07/26 10:00	0.832464454	15.70
19/07/26 11:00	0.831162358	17.00
19/07/26 12:00	0.888499211	17.30
19/07/26 13:00	0.844166101	16.50
19/07/26 14:00	0.745198687	16.30
19/07/26 15:00	0.745370037	15.40
19/07/26 16:00	0.684763822	15.20
19/07/26 17:00	0.818185395	15.10
19/07/26 18:00	0.955008232	14.80
19/07/26 19:00	1.076820441	14.60
19/07/26 20:00	0.946151709	13.80
19/07/26 21:00	0.788384363	12.80
19/07/26 22:00	0.763762147	12.40
19/07/26 23:00	0.225096746	11.40
20/07/26 00:00	0.178208237	10.60
20/07/26 01:00	0.149757624	10.90
20/07/26 02:00	0.158682608	11.70
20/07/26 03:00	0.182823641	11.70
20/07/26 04:00	0.201286335	12.40
20/07/26 05:00	1.162068285	13.70
20/07/26 06:00	2.062376165	14.50
20/07/26 07:00	2.034222347	15.40
20/07/26 08:00	1.325479911	15.90
20/07/26 09:00	0.98188226	15.90
20/07/26 10:00	0.943620062	17.50
20/07/26 11:00	0.937978574	18.00
20/07/26 12:00	0.988772636	18.30
20/07/26 13:00	0.946214123	18.70
20/07/26 14:00	0.850528789	18.20
20/07/26 15:00	0.791203466	17.90
20/07/26 16:00	0.742074949	17.70
20/07/26 17:00	0.896812077	17.20
20/07/26 18:00	1.070330739	15.90
20/07/26 19:00	1.239149364	14.40
20/07/26 20:00	1.13983085	13.20
20/07/26 21:00	0.988090708	11.50
20/07/26 22:00	0.94740807	10.00
20/07/26 23:00	0.406252682	9.50
21/07/26 00:00	0.300744688	8.80
21/07/26 01:00	0.25077111	8.10
21/07/26 02:00	0.312913683	7.60
21/07/26 03:00	0.424806504	8.10
21/07/26 04:00	0.677462022	9.90
21/07/26 05:00	1.75215923	12.90
21/07/26 06:00	2.654469183	14.60
21/07/26 07:00	2.817094066	15.10
21/07/26 08:00	2.126153496	15.90
21/07/26 09:00	1.37157732	16.70
21/07/26 10:00	1.246086857	15.50
21/07/26 11:00	1.103073945	16.70
21/07/26 12:00	1.122831614	17.90
21/07/26 13:00	1.000101962	17.50
21/07/26 14:00	0.956445893	17.40
21/07/26 15:00	0.950916842	16.30
21/07/26 16:00	0.987317836	16.20
21/07/26 17:00	1.007332573	15.80
21/07/26 18:00	1.052718521	15.00
21/07/26 19:00	1.297296228	14.10
21/07/26 20:00	1.157989042	11.60
21/07/26 21:00	0.868573134	11.00
21/07/26 22:00	0.851145307	8.50
21/07/26 23:00	0.232519981	7.90
22/07/26 00:00	0.218069874	7.50
22/07/26 01:00	0.224525282	6.80
22/07/26 02:00	0.323184138	6.60
22/07/26 03:00	0.46394143	6.50
22/07/26 04:00	0.712027048	8.90
22/07/26 05:00	1.780534388	12.70
22/07/26 06:00	2.799827784	15.60
22/07/26 07:00	2.932909074	16.10
22/07/26 08:00	2.056983399	17.40
22/07/26 09:00	1.422405276	18.00
22/07/26 10:00	1.287114485	19.10
22/07/26 11:00	1.221035074	19.60
22/07/26 12:00	1.200655933	20.00
22/07/26 13:00	1.133119485	20.20
22/07/26 14:00	1.08713648	20.20
22/07/26 15:00	1.039969187	20.10
22/07/26 16:00	1.029107777	20.30
22/07/26 17:00	1.099386932	19.70
22/07/26 18:00	1.306185691	19.00
22/07/26 19:00	1.567169351	15.40
22/07/26 20:00	1.468226268	13.80
22/07/26 21:00	1.289011825	12.60
22/07/26 22:00	1.259565428	11.80
22/07/26 23:00	0.525045187	11.40
23/07/26 00:00	0.414819305	11.10
23/07/26 01:00	0.453027622	10.80
23/07/26 02:00	0.698689191	10.80
23/07/26 03:00	1.150395691	10.70
23/07/26 04:00	1.737857176	13.20
23/07/26 05:00	3.221824429	15.40
23/07/26 06:00	4.276912048	18.20
23/07/26 07:00	3.987746876	20.50
23/07/26 08:00	2.508861925	21.70
23/07/26 09:00	1.462356973	22.70
23/07/26 10:00	1.050341594	23.30
23/07/26 11:00	0.830142143	24.30
23/07/26 12:00	0.806636604	25.10
23/07/26 13:00	0.752354905	25.10
23/07/26 14:00	0.743111326	25.30
23/07/26 15:00	0.743010186	25.40
23/07/26 16:00	0.682412648	25.30
23/07/26 17:00	0.815849403	24.30
23/07/26 18:00	0.952075771	22.50
23/07/26 19:00	1.073048585	18.00
23/07/26 20:00	0.942982829	15.60
23/07/26 21:00	0.786141638	14.40
23/07/26 22:00	0.761554126	13.40
23/07/26 23:00	0.225092411	12.90
24/07/26 00:00	0.178149241	12.20
24/07/26 01:00	0.14940886	11.60
24/07/26 02:00	0.157207296	11.20
24/07/26 03:00	0.178600356	10.70
24/07/26 04:00	0.192412933	13.50
24/07/26 05:00	1.120513479	18.80
24/07/26 06:00	1.991386819	21.60
24/07/26 07:00	1.949771774	23.20
24/07/26 08:00	1.219987522	24.80
24/07/26 09:00	0.800787241	25.80
24/07/26 10:00	0.767355242	26.90
24/07/26 11:00	0.745938982	27.10
24/07/26 12:00	0.74939708	28.10
24/07/26 13:00	0.746500784	28.00
24/07/26 14:00	0.742277071	28.50
24/07/26 15:00	0.74245059	28.40
24/07/26 16:00	0.68185522	27.70
24/07/26 17:00	0.815294145	26.80
24/07/26 18:00	0.951379528	24.10
24/07/26 19:00	1.072154965	19.50
24/07/26 20:00	0.942232362	17.30
24/07/26 21:00	0.785610238	16.00
24/07/26 22:00	0.761031401	15.60
24/07/26 23:00	0.225036896	15.10
25/07/26 00:00	0.177660708	14.70
25/07/26 01:00	0.14805059	14.00
25/07/26 02:00	0.153972613	15.20
25/07/26 03:00	0.171738684	13.30
25/07/26 04:00	0.177660708	15.60
25/07/26 05:00	1.099724608	20.00
25/07/26 06:00	1.96969395	22.30
25/07/26 07:00	1.927555443	24.20
25/07/26 08:00	1.204388154	25.30
25/07/26 09:00	0.794725	26.50
25/07/26 10:00	0.763938586	27.90
25/07/26 11:00	0.744840053	28.20
25/07/26 12:00	0.748852666	28.30
25/07/26 13:00	0.745954201	28.70
25/07/26 14:00	0.741730488	28.20
25/07/26 15:00	0.741904007	27.50
25/07/26 16:00	0.681308638	26.90
25/07/26 17:00	0.814754069	26.00
25/07/26 18:00	0.950700638	23.90
25/07/26 19:00	1.071280867	21.00
25/07/26 20:00	0.941497078	20.20
25/07/26 21:00	0.785089683	19.90
25/07/26 22:00	0.760519522	19.30
25/07/26 23:00	0.225036896	18.20
26/07/26 00:00	0.177660708	17.50
26/07/26 01:00	0.14805059	16.80
26/07/26 02:00	0.153972613	16.30
26/07/26 03:00	0.171738684	15.80
26/07/26 04:00	0.177660708	16.20
26/07/26 05:00	1.098945944	16.60
26/07/26 06:00	1.968197354	17.90
26/07/26 07:00	1.925909187	19.10
26/07/26 08:00	1.203431634	20.80
26/07/26 09:00	0.794206614	22.80
26/07/26 10:00	0.763418031	24.90
26/07/26 11:00	0.74431516	25.70
26/07/26 12:00	0.748323435	26.10
26/07/26 13:00	0.745420632	26.60
26/07/26 14:00	0.74119475	26.70
26/07/26 15:00	0.741368269	26.40
26/07/26 16:00	0.680777237	25.70
26/07/26 17:00	0.814224838	24.90
26/07/26 18:00	0.95003693	23.70
26/07/26 19:00	1.070428457	21.90
26/07/26 20:00	0.940779146	20.60
26/07/26 21:00	0.784582141	19.20
26/07/26 22:00	0.760020657	18.40
26/07/26 23:00	0.225036896	17.40
27/07/26 00:00	0.177660708	17.00
27/07/26 01:00	0.14805059	16.70
27/07/26 02:00	0.153972613	16.20
27/07/26 03:00	0.171738684	16.30
27/07/26 04:00	0.177660708	16.70
27/07/26 05:00	1.120336424	17.60
27/07/26 06:00	2.009392789	19.60
27/07/26 07:00	1.978264024	21.50
27/07/26 08:00	1.239154733	23.90
27/07/26 09:00	0.820407891	25.10
27/07/26 10:00	0.792467179	26.00
27/07/26 11:00	0.776118912	27.70
27/07/26 12:00	0.782539093	28.10
27/07/26 13:00	0.781456063	28.20
27/07/26 14:00	0.778258278	28.00
27/07/26 15:00	0.778546753	25.20
27/07/26 16:00	0.717146692	22.00
27/07/26 17:00	0.848954543	21.50
27/07/26 18:00	0.986376019	21.20
27/07/26 19:00	1.109504799	20.40
27/07/26 20:00	0.973383251	19.80
27/07/26 21:00	0.808714212	18.60
27/07/26 22:00	0.780094566	17.90
27/07/26 23:00	0.278335109	18.10
28/07/26 00:00	0.219114873	17.90
28/07/26 01:00	0.16581666	17.80
28/07/26 02:00	0.171738684	17.60
28/07/26 03:00	0.153972613	17.30
28/07/26 04:00	0.195426778	17.00
28/07/26 05:00	1.064494924	17.30
28/07/26 06:00	1.86214799	18.00
28/07/26 07:00	2.020317305	18.60
28/07/26 08:00	1.561978005	18.40
28/07/26 09:00	1.059836894	18.70
28/07/26 10:00	0.989041608	19.70
28/07/26 11:00	0.935420261	20.50
28/07/26 12:00	0.921064579	20.80
28/07/26 13:00	0.93849521	21.40
28/07/26 14:00	0.909448318	21.60
28/07/26 15:00	0.945694054	21.80
28/07/26 16:00	0.982003399	20.80
28/07/26 17:00	1.001204582	18.80
28/07/26 18:00	1.044198319	17.90
28/07/26 19:00	1.284445245	17.30
28/07/26 20:00	1.142029274	16.80
28/07/26 21:00	0.85102751	16.80
28/07/26 22:00	0.83122977	15.60
28/07/26 23:00	0.219114873	15.50
29/07/26 00:00	0.201348802	15.00
29/07/26 01:00	0.16581666	14.90
29/07/26 02:00	0.177660708	14.50
29/07/26 03:00	0.159894637	14.00
29/07/26 04:00	0.16581666	14.50
29/07/26 05:00	0.998383926	14.90
29/07/26 06:00	1.911389632	16.50
29/07/26 07:00	2.060719689	18.00
29/07/26 08:00	1.455716442	18.20
29/07/26 09:00	1.005933623	19.00
29/07/26 10:00	0.986292889	19.20
29/07/26 11:00	0.93040425	19.40
29/07/26 12:00	0.966624001	18.70
29/07/26 13:00	0.980544514	20.10
29/07/26 14:00	0.964703789	20.10
29/07/26 15:00	0.924117216	19.20
29/07/26 16:00	0.965277108	18.60
29/07/26 17:00	0.994146852	18.80
29/07/26 18:00	1.145919007	16.80
29/07/26 19:00	1.342490024	13.90
29/07/26 20:00	1.167755588	12.60
29/07/26 21:00	0.918738637	12.60
29/07/26 22:00	0.893561827	11.80
29/07/26 23:00	0.225036896	12.80
30/07/26 00:00	0.177660708	12.50
30/07/26 01:00	0.14805059	12.80
30/07/26 02:00	0.153972613	13.10
30/07/26 03:00	0.171738684	11.70
30/07/26 04:00	0.177660708	11.90
30/07/26 05:00	1.096017821	13.50
30/07/26 06:00	1.962566682	14.80
30/07/26 07:00	1.919718919	15.90
30/07/26 08:00	1.199833296	13.40
30/07/26 09:00	0.792263208	16.30
30/07/26 10:00	0.761455104	16.50
30/07/26 11:00	0.742334882	17.00
30/07/26 12:00	0.793704162	18.50
30/07/26 13:00	0.749338518	18.30
30/07/26 14:00	0.739186275	19.30
30/07/26 15:00	0.739359793	19.00
30/07/26 16:00	0.678777438	18.70
30/07/26 17:00	0.812238052	18.20
30/07/26 18:00	0.947540434	16.60
30/07/26 19:00	1.067222705	15.90
30/07/26 20:00	0.938085273	14.80
30/07/26 21:00	0.782677777	14.00
30/07/26 22:00	0.758144489	13.70
30/07/26 23:00	0.225183119	13.20
31/07/26 00:00	0.179360576	12.70
31/07/26 01:00	0.155549178	13.10
31/07/26 02:00	0.175819364	12.80
31/07/26 03:00	0.217450419	12.50
31/07/26 04:00	0.263714729	13.00
31/07/26 05:00	1.214766985	13.80
31/07/26 06:00	2.087856862	14.50
31/07/26 07:00	2.048724356	15.10
31/07/26 08:00	1.36475717	15.70
31/07/26 09:00	1.004992216	16.40
31/07/26 10:00	0.951469848	16.60
31/07/26 11:00	0.935416839	16.40
31/07/26 12:00	0.983350295	16.30
31/07/26 13:00	0.932873662	17.30
31/07/26 14:00	0.833486284	17.80
31/07/26 15:00	0.738893463	17.70
31/07/26 16:00	0.678308938	15.50
31/07/26 17:00	0.81177389	15.40
31/07/26 18:00	0.946959147	15.40
31/07/26 19:00	1.066474407	15.60
31/07/26 20:00	0.937456268	15.90
31/07/26 21:00	0.782233136	15.90
31/07/26 22:00	0.757706355	15.90
31/07/26 23:00	0.225185643	15.30
01/08/26 00:00	0.179313188	14.00
01/08/26 01:00	0.155461765	13.30
01/08/26 02:00	0.176271017	12.80
01/08/26 03:00	0.220287414	12.20
01/08/26 04:00	0.271020084	13.80
01/08/26 05:00	1.229648376	15.30
01/08/26 06:00	2.111669065	18.00
01/08/26 07:00	2.075482401	20.40
01/08/26 08:00	1.322681082	22.20
01/08/26 09:00	0.939918509	23.00
01/08/26 10:00	0.871334634	23.90
01/08/26 11:00	0.847010374	25.00
01/08/26 12:00	0.899254389	25.90
01/08/26 13:00	0.853105377	26.20
01/08/26 14:00	0.772386991	26.40
01/08/26 15:00	0.786308507	26.10
01/08/26 16:00	0.763946058	25.80
01/08/26 17:00	0.947468666	24.30
01/08/26 18:00	1.132251117	20.50
01/08/26 19:00	1.29369937	20.20
01/08/26 20:00	1.190530281	20.40
01/08/26 21:00	1.029886477	19.10
01/08/26 22:00	0.968961003	17.50
01/08/26 23:00	0.383806348	17.50
02/08/26 00:00	0.276913122	17.20
02/08/26 01:00	0.218672797	17.60
02/08/26 02:00	0.234653674	17.70
02/08/26 03:00	0.314436579	17.90
02/08/26 04:00	0.431382009	18.00
02/08/26 05:00	1.441605958	18.10
02/08/26 06:00	2.353184012	18.70
02/08/26 07:00	2.318182498	18.40
02/08/26 08:00	1.483461441	16.80
02/08/26 09:00	0.945153705	18.40
02/08/26 10:00	0.818247428	17.40
02/08/26 11:00	0.759612374	20.10
02/08/26 12:00	0.748228249	18.00
02/08/26 13:00	0.743349163	19.40
02/08/26 14:00	0.7378732	21.30
02/08/26 15:00	0.737995505	21.30
02/08/26 16:00	0.677415319	20.80
02/08/26 17:00	0.810886778	20.20
02/08/26 18:00	0.945844292	18.20
02/08/26 19:00	1.06504288	15.10
02/08/26 20:00	0.936252485	13.80
02/08/26 21:00	0.781382896	13.40
02/08/26 22:00	0.756869129	12.80
02/08/26 23:00	0.225036896	12.90
03/08/26 00:00	0.177660708	13.20
03/08/26 01:00	0.14805059	14.90
03/08/26 02:00	0.153972613	15.20
03/08/26 03:00	0.171738684	15.10
03/08/26 04:00	0.177660708	14.90
03/08/26 05:00	1.115397657	16.10
03/08/26 06:00	1.999894826	17.80
03/08/26 07:00	1.967779175	18.80
03/08/26 08:00	1.233023026	19.20
03/08/26 09:00	0.817048141	20.20
03/08/26 10:00	0.789059711	20.00
03/08/26 11:00	0.772665896	21.10
03/08/26 12:00	0.779044866	21.40
03/08/26 13:00	0.77793364	22.10
03/08/26 14:00	0.774720672	21.80
03/08/26 15:00	0.775011316	22.20
03/08/26 16:00	0.713630776	21.10
03/08/26 17:00	0.845473331	19.90
03/08/26 18:00	0.982053242	16.40
03/08/26 19:00	1.104002097	15.70
03/08/26 20:00	0.968761155	15.40
03/08/26 21:00	0.805436883	15.70
03/08/26 22:00	0.77689532	16.10
03/08/26 23:00	0.278335109	15.50
04/08/26 00:00	0.219114873	14.60
04/08/26 01:00	0.16581666	15.50
04/08/26 02:00	0.171738684	14.90
04/08/26 03:00	0.153972613	14.10
04/08/26 04:00	0.195426778	15.10
04/08/26 05:00	1.059159233	15.80
04/08/26 06:00	1.851884377	16.60
04/08/26 07:00	2.008821712	18.20
04/08/26 08:00	1.555132704	19.50
04/08/26 09:00	1.055926224	20.60
04/08/26 10:00	0.985015982	20.90
04/08/26 11:00	0.931284017	21.40
04/08/26 12:00	0.916835068	22.90
04/08/26 13:00	0.934194123	22.80
04/08/26 14:00	0.905110358	23.20
04/08/26 15:00	0.941356094	23.30
04/08/26 16:00	0.977704481	21.10
04/08/26 17:00	0.996979409	21.10
04/08/26 18:00	1.039116399	19.40
04/08/26 19:00	1.278148696	17.90
04/08/26 20:00	1.136745639	15.60
04/08/26 21:00	0.847259992	16.60
04/08/26 22:00	0.827633602	16.10
04/08/26 23:00	0.219114873	15.90
05/08/26 00:00	0.201348802	14.20
05/08/26 01:00	0.16581666	13.80
05/08/26 02:00	0.177660708	13.20
05/08/26 03:00	0.159894637	14.20
05/08/26 04:00	0.16581666	14.70
05/08/26 05:00	0.993015701	15.40
05/08/26 06:00	1.901065287	18.70
05/08/26 07:00	2.049102633	19.30
05/08/26 08:00	1.448760523	21.00
05/08/26 09:00	1.001910166	21.70
05/08/26 10:00	0.982134955	22.40
05/08/26 11:00	0.926116176	22.30
05/08/26 12:00	0.962223141	23.00
05/08/26 13:00	0.976061233	23.40
05/08/26 14:00	0.960177128	22.80
05/08/26 15:00	0.919590555	16.10
05/08/26 16:00	0.960793827	17.00
05/08/26 17:00	0.989752499	17.20
05/08/26 18:00	1.140678751	16.90
05/08/26 19:00	1.336048154	16.90
05/08/26 20:00	1.16235049	16.70
05/08/26 21:00	0.914877853	16.50
05/08/26 22:00	0.889902758	16.50
05/08/26 23:00	0.225036896	16.00
06/08/26 00:00	0.177660708	16.10
06/08/26 01:00	0.14805059	15.70
06/08/26 02:00	0.153972613	15.20
06/08/26 03:00	0.171738684	15.30
06/08/26 04:00	0.177660708	15.80
06/08/26 05:00	1.091645158	15.80
06/08/26 06:00	1.954153209	16.60
06/08/26 07:00	1.910474727	18.10
06/08/26 08:00	1.194458564	17.50
06/08/26 09:00	0.789358944	18.70
06/08/26 10:00	0.758524813	17.90
06/08/26 11:00	0.739380731	19.70
06/08/26 12:00	0.743354302	19.70
06/08/26 13:00	0.74042764	18.50
06/08/26 14:00	0.736188745	16.00
06/08/26 15:00	0.73636877	18.80
06/08/26 16:00	0.67579726	19.10
06/08/26 17:00	0.809277394	18.40
06/08/26 18:00	0.943824971	18.10
06/08/26 19:00	1.062448781	16.90
06/08/26 20:00	0.93407266	16.60
06/08/26 21:00	0.779840751	16.50
06/08/26 22:00	0.755353012	16.20
06/08/26 23:00	0.225036896	15.50
07/08/26 00:00	0.177660708	14.80
07/08/26 01:00	0.14805059	14.70
07/08/26 02:00	0.153972613	14.70
07/08/26 03:00	0.171738684	14.60
07/08/26 04:00	0.177660708	14.60
07/08/26 05:00	1.091100744	14.60
07/08/26 06:00	1.953107761	15.30
07/08/26 07:00	1.909325167	15.90
07/08/26 08:00	1.193792687	15.70
07/08/26 09:00	0.794920917	15.30
07/08/26 10:00	0.764082448	15.70
07/08/26 11:00	0.762702268	17.20
07/08/26 12:00	0.819971882	18.90
07/08/26 13:00	0.775588886	17.60
07/08/26 14:00	0.735817849	18.50
07/08/26 15:00	0.735995705	17.10
07/08/26 16:00	0.675426364	17.30
07/08/26 17:00	0.808910837	14.80
07/08/26 18:00	0.943365148	14.90
07/08/26 19:00	1.061856649	14.50
07/08/26 20:00	0.933575963	14.50
07/08/26 21:00	0.779489377	14.40
07/08/26 22:00	0.755008144	14.70
07/08/26 23:00	0.225114379	14.90
08/08/26 00:00	0.17852627	14.50
08/08/26 01:00	0.151641754	13.70
08/08/26 02:00	0.164516346	13.60
08/08/26 03:00	0.19463517	12.60
08/08/26 04:00	0.222208289	13.20
08/08/26 05:00	1.155415111	15.00
08/08/26 06:00	2.026013078	15.90
08/08/26 07:00	1.988674616	17.50
08/08/26 08:00	1.263687477	18.70
08/08/26 09:00	0.920987098	19.60
08/08/26 10:00	0.873962211	19.10
08/08/26 11:00	0.856128188	19.50
08/08/26 12:00	0.905713611	19.10
08/08/26 13:00	0.857659293	18.70
08/08/26 14:00	0.762188869	18.50
08/08/26 15:00	0.763900525	18.80
08/08/26 16:00	0.730426992	18.80
08/08/26 17:00	0.910149181	18.40
08/08/26 18:00	1.102865472	17.60
08/08/26 19:00	1.279558258	16.60
08/08/26 20:00	1.199649017	16.50
08/08/26 21:00	1.059337092	16.70
08/08/26 22:00	1.006172901	16.30
08/08/26 23:00	0.419753666	15.90
09/08/26 00:00	0.301666337	15.30
09/08/26 01:00	0.2329096	14.80
09/08/26 02:00	0.239769128	13.10
09/08/26 03:00	0.315437452	12.00
09/08/26 04:00	0.431756204	11.60
09/08/26 05:00	1.437637212	15.40
09/08/26 06:00	2.345863735	17.10
09/08/26 07:00	2.309951877	18.00
09/08/26 08:00	1.478509838	19.20
09/08/26 09:00	0.942469076	19.90
09/08/26 10:00	0.815645186	20.50
09/08/26 11:00	0.757112978	20.90
09/08/26 12:00	0.751488844	21.50
09/08/26 13:00	0.740644246	21.30
09/08/26 14:00	0.735172319	20.80
09/08/26 15:00	0.735297294	20.50
09/08/26 16:00	0.674788392	19.60
09/08/26 17:00	0.808631849	18.20
09/08/26 18:00	0.943446962	16.80
09/08/26 19:00	1.062822609	15.60
09/08/26 20:00	0.936423688	14.80
09/08/26 21:00	0.783953627	13.90
09/08/26 22:00	0.760497948	12.20
09/08/26 23:00	0.230250839	10.10
10/08/26 00:00	0.182072687	9.30
10/08/26 01:00	0.155659841	9.00
10/08/26 02:00	0.171702393	8.20
10/08/26 03:00	0.207128969	7.90
10/08/26 04:00	0.243522385	9.30
10/08/26 05:00	1.202668224	13.30
10/08/26 06:00	2.088969625	15.80
10/08/26 07:00	2.05881348	16.70
10/08/26 08:00	1.299362615	17.90
10/08/26 09:00	0.849980664	19.10
10/08/26 10:00	0.800531274	19.50
10/08/26 11:00	0.772885192	20.20
10/08/26 12:00	0.788560093	20.70
10/08/26 13:00	0.775506028	21.10
10/08/26 14:00	0.77193417	21.90
10/08/26 15:00	0.772213332	21.60
10/08/26 16:00	0.710847975	20.80
10/08/26 17:00	0.842716557	19.50
10/08/26 18:00	0.978632761	18.00
10/08/26 19:00	1.099651123	16.60
10/08/26 20:00	0.965106424	14.40
10/08/26 21:00	0.80284929	13.70
10/08/26 22:00	0.774368459	12.00
10/08/26 23:00	0.278600845	10.70
11/08/26 00:00	0.222581911	10.10
11/08/26 01:00	0.183426784	9.80
11/08/26 02:00	0.225173146	9.50
11/08/26 03:00	0.265477434	10.40
11/08/26 04:00	0.400021118	11.10
11/08/26 05:00	1.33922312	13.90
11/08/26 06:00	2.147294196	16.30
11/08/26 07:00	2.312699921	17.30
11/08/26 08:00	1.774990284	17.60
11/08/26 09:00	1.1693215	18.10
11/08/26 10:00	1.044251589	18.70
11/08/26 11:00	0.943350222	19.90
11/08/26 12:00	0.992091508	19.80
11/08/26 13:00	0.93208927	19.60
11/08/26 14:00	0.90176245	20.00
11/08/26 15:00	0.937955134	20.50
11/08/26 16:00	0.974336055	20.10
11/08/26 17:00	0.993667377	19.00
11/08/26 18:00	1.035136321	17.70
11/08/26 19:00	1.273220774	15.40
11/08/26 20:00	1.132613732	14.10
11/08/26 21:00	0.844312348	14.30
11/08/26 22:00	0.824822604	13.60
11/08/26 23:00	0.219279914	14.10
12/08/26 00:00	0.203292653	13.00
12/08/26 01:00	0.174691715	13.40
12/08/26 02:00	0.203802197	12.80
12/08/26 03:00	0.214544744	12.70
12/08/26 04:00	0.268012546	13.30
12/08/26 05:00	1.130377383	15.00
12/08/26 06:00	2.043086453	17.30
12/08/26 07:00	2.19456247	19.20
12/08/26 08:00	1.554418417	20.30
12/08/26 09:00	1.05441435	21.30
12/08/26 10:00	1.006820951	22.00
12/08/26 11:00	0.998435532	22.90
12/08/26 12:00	1.000953878	22.70
12/08/26 13:00	0.973135123	23.40
12/08/26 14:00	0.956687421	23.60
12/08/26 15:00	0.916078976	23.90
12/08/26 16:00	0.957319121	23.10
12/08/26 17:00	0.986345031	22.30
12/08/26 18:00	1.13662059	20.30
12/08/26 19:00	1.331061669	18.10
12/08/26 20:00	1.158170866	18.10
12/08/26 21:00	0.911893337	17.00
12/08/26 22:00	0.887074408	15.90
12/08/26 23:00	0.225170515	15.40
13/08/26 00:00	0.179231384	15.40
13/08/26 01:00	0.155350609	14.90
13/08/26 02:00	0.17557146	14.90
13/08/26 03:00	0.216906151	14.30
13/08/26 04:00	0.261969253	14.30
13/08/26 05:00	1.205191572	16.00
13/08/26 06:00	2.071849924	17.40
13/08/26 07:00	2.031028402	17.70
13/08/26 08:00	1.281680501	18.70
13/08/26 09:00	0.833012609	18.80
13/08/26 10:00	0.774517132	20.30
13/08/26 11:00	0.740931034	20.80
13/08/26 12:00	0.741647228	23.20
13/08/26 13:00	0.738616832	23.80
13/08/26 14:00	0.733912837	23.30
13/08/26 15:00	0.734073989	22.90
13/08/26 16:00	0.673513324	22.90
13/08/26 17:00	0.80701081	22.00
13/08/26 18:00	0.940981439	19.70
13/08/26 19:00	1.058798387	18.30
13/08/26 20:00	0.931005722	17.40
13/08/26 21:00	0.777673941	16.90
13/08/26 22:00	0.753220905	16.80
13/08/26 23:00	0.225036896	16.60
14/08/26 00:00	0.177660708	15.80
14/08/26 01:00	0.14805059	16.60
14/08/26 02:00	0.153972613	16.30
14/08/26 03:00	0.171738684	15.70
14/08/26 04:00	0.177660708	15.30
14/08/26 05:00	1.087879809	17.40
14/08/26 06:00	1.946913154	20.80
14/08/26 07:00	1.902525415	22.40
14/08/26 08:00	1.189840806	24.10
14/08/26 09:00	0.786864617	25.10
14/08/26 10:00	0.756010965	25.60
14/08/26 11:00	0.736847363	25.50
14/08/26 12:00	0.740803582	21.70
14/08/26 13:00	0.737863906	21.20
14/08/26 14:00	0.733622841	21.20
14/08/26 15:00	0.733805036	21.50
14/08/26 16:00	0.67324437	21.70
14/08/26 17:00	0.806746195	21.60
14/08/26 18:00	0.940649585	19.80
14/08/26 19:00	1.058371098	19.30
14/08/26 20:00	0.930647841	18.80
14/08/26 21:00	0.777422339	18.00
14/08/26 22:00	0.752973641	16.40
14/08/26 23:00	0.225036896	15.40
15/08/26 00:00	0.177660708	14.90
15/08/26 01:00	0.14805059	15.10
15/08/26 02:00	0.153972613	16.20
15/08/26 03:00	0.171738684	15.90
15/08/26 04:00	0.177660708	16.20
15/08/26 05:00	1.087504575	17.60
15/08/26 06:00	1.946195222	20.30
15/08/26 07:00	1.901735907	20.70
15/08/26 08:00	1.189380982	23.30
15/08/26 09:00	0.786617353	25.30
15/08/26 10:00	0.755761532	26.90
15/08/26 11:00	0.736595761	27.80
15/08/26 12:00	0.740549811	28.50
15/08/26 13:00	0.737610135	28.60
15/08/26 14:00	0.733369071	28.10
15/08/26 15:00	0.733551265	27.50
15/08/26 16:00	0.672992769	26.50
15/08/26 17:00	0.806496762	26.10
15/08/26 18:00	0.940337252	21.10
15/08/26 19:00	1.057969837	20.70
15/08/26 20:00	0.930311649	20.40
15/08/26 21:00	0.777183751	19.70
15/08/26 22:00	0.752739391	19.20
15/08/26 23:00	0.225036896	18.20
16/08/26 00:00	0.177660708	17.30
16/08/26 01:00	0.14805059	14.60
16/08/26 02:00	0.153972613	13.90
16/08/26 03:00	0.171738684	13.90
16/08/26 04:00	0.177660708	14.10
16/08/26 05:00	1.087151032	15.60
16/08/26 06:00	1.945516331	18.40
16/08/26 07:00	1.900991946	19.90
16/08/26 08:00	1.188949355	21.10
16/08/26 09:00	0.786383103	20.90
16/08/26 10:00	0.755525113	22.40
16/08/26 11:00	0.736359342	22.70
16/08/26 12:00	0.740313392	23.50
16/08/26 13:00	0.737371547	22.60
16/08/26 14:00	0.733130483	22.90
16/08/26 15:00	0.733312677	23.50
16/08/26 16:00	0.67275635	22.40
16/08/26 17:00	0.806260343	21.30
16/08/26 18:00	0.940042271	19.10
16/08/26 19:00	1.057590266	17.50
16/08/26 20:00	0.929994978	17.20
16/08/26 21:00	0.776958177	16.80
16/08/26 22:00	0.752518155	15.90
16/08/26 23:00	0.225036896	17.60
17/08/26 00:00	0.177660708	18.00
17/08/26 01:00	0.14805059	17.70
17/08/26 02:00	0.153972613	16.20
17/08/26 03:00	0.171738684	16.10
17/08/26 04:00	0.177660708	15.20
17/08/26 05:00	1.108610919	17.20
17/08/26 06:00	1.986848412	18.80
17/08/26 07:00	1.953383656	21.70
17/08/26 08:00	1.224611722	23.70
17/08/26 09:00	0.812441228	24.40
17/08/26 10:00	0.784389898	25.20
17/08/26 11:00	0.76793752	25.60
17/08/26 12:00	0.774266604	25.60
17/08/26 13:00	0.773120674	26.10
17/08/26 14:00	0.769890354	26.70
17/08/26 15:00	0.770187504	26.40
17/08/26 16:00	0.708835161	26.40
17/08/26 17:00	0.840727603	25.20
17/08/26 18:00	0.97616663	23.00
17/08/26 19:00	1.096514779	19.40
17/08/26 20:00	0.962473282	20.30
17/08/26 21:00	0.800986136	21.00
17/08/26 22:00	0.772550854	18.60
17/08/26 23:00	0.278335109	19.50
18/08/26 00:00	0.219114873	18.10
18/08/26 01:00	0.16581666	16.70
18/08/26 02:00	0.171738684	18.10
18/08/26 03:00	0.153972613	18.30
18/08/26 04:00	0.195426778	18.50
18/08/26 05:00	1.051949544	19.20
18/08/26 06:00	1.838028934	20.90
18/08/26 07:00	1.993313506	23.10
18/08/26 08:00	1.545905864	25.20
18/08/26 09:00	1.05065994	26.80
18/08/26 10:00	0.97959787	27.70
18/08/26 11:00	0.925722752	29.20
18/08/26 12:00	0.911150172	30.20
18/08/26 13:00	0.928418129	31.20
18/08/26 14:00	0.899288816	31.70
18/08/26 15:00	0.935541059	31.90
18/08/26 16:00	0.97194367	31.90
18/08/26 17:00	0.991320541	30.50
18/08/26 18:00	1.032316647	25.20
18/08/26 19:00	1.269733054	23.60
18/08/26 20:00	1.129689947	21.70
18/08/26 21:00	0.842230128	20.50
18/08/26 22:00	0.822837987	19.70
18/08/26 23:00	0.219114873	19.50
19/08/26 00:00	0.201348802	19.70
19/08/26 01:00	0.16581666	18.90
19/08/26 02:00	0.177660708	18.00
19/08/26 03:00	0.159894637	17.70
19/08/26 04:00	0.16581666	21.20
19/08/26 05:00	0.985899278	22.40
19/08/26 06:00	1.887383362	24.20
19/08/26 07:00	2.033722396	26.10
19/08/26 08:00	1.439559711	28.40
19/08/26 09:00	0.996593996	29.40
19/08/26 10:00	0.976645267	30.30
19/08/26 11:00	0.920459477	31.40
19/08/26 12:00	0.956423289	32.30
19/08/26 13:00	0.970155101	32.00
19/08/26 14:00	0.954216771	32.70
19/08/26 15:00	0.913636705	30.90
19/08/26 16:00	0.954902877	28.20
19/08/26 17:00	0.983978674	26.40
19/08/26 18:00	1.133803085	24.60
19/08/26 19:00	1.327602146	23.30
19/08/26 20:00	1.155273109	24.60
19/08/26 21:00	0.909826299	24.10
19/08/26 22:00	0.885117988	21.90
19/08/26 23:00	0.225036896	23.70
20/08/26 00:00	0.177660708	22.40
20/08/26 01:00	0.14805059	21.60
20/08/26 02:00	0.153972613	20.80
20/08/26 03:00	0.171738684	19.50
20/08/26 04:00	0.177660708	19.30
20/08/26 05:00	1.085960262	20.30
20/08/26 06:00	1.943228057	21.60
20/08/26 07:00	1.898482437	23.20
20/08/26 08:00	1.18749397	24.50
20/08/26 09:00	0.785597933	25.80
20/08/26 10:00	0.754735605	26.30
20/08/26 11:00	0.735563326	25.20
20/08/26 12:00	0.739513039	25.10
20/08/26 13:00	0.736569025	24.90
20/08/26 14:00	0.73232796	24.90
20/08/26 15:00	0.732512324	23.80
20/08/26 16:00	0.671960334	23.10
20/08/26 17:00	0.805470835	23.00
20/08/26 18:00	0.939053216	21.90
20/08/26 19:00	1.056323581	19.50
20/08/26 20:00	0.928930008	18.20
20/08/26 21:00	0.77620771	17.40
20/08/26 22:00	0.751780702	16.60
20/08/26 23:00	0.225036896	16.20
21/08/26 00:00	0.177660708	15.00
21/08/26 01:00	0.14805059	15.80
21/08/26 02:00	0.153972613	16.10
21/08/26 03:00	0.171738684	15.50
21/08/26 04:00	0.177660708	15.90
21/08/26 05:00	1.085717336	17.90
21/08/26 06:00	1.942763896	19.40
21/08/26 07:00	1.897972726	20.20
21/08/26 08:00	1.187198989	21.70
21/08/26 09:00	0.785439597	23.20
21/08/26 10:00	0.7545751	24.40
21/08/26 11:00	0.735400653	24.60
21/08/26 12:00	0.739350365	25.70
21/08/26 13:00	0.736406351	25.60
21/08/26 14:00	0.732165287	26.00
21/08/26 15:00	0.732351819	24.70
21/08/26 16:00	0.67179983	22.70
21/08/26 17:00	0.805312499	21.60
21/08/26 18:00	0.93885367	20.20
21/08/26 19:00	1.056067642	20.00
21/08/26 20:00	0.928715279	19.40
21/08/26 21:00	0.776058051	19.30
21/08/26 22:00	0.751633212	19.10
21/08/26 23:00	0.225036896	17.90
22/08/26 00:00	0.177660708	17.60
22/08/26 01:00	0.14805059	17.20
22/08/26 02:00	0.153972613	17.20
22/08/26 03:00	0.171738684	17.00
22/08/26 04:00	0.177660708	17.00
22/08/26 05:00	1.085498269	17.60
22/08/26 06:00	1.942340944	18.40
22/08/26 07:00	1.897508565	19.50
22/08/26 08:00	1.186930035	19.70
22/08/26 09:00	0.785294275	20.20
22/08/26 10:00	0.754429779	20.70
22/08/26 11:00	0.735255331	21.20
22/08/26 12:00	0.739202875	20.40
22/08/26 13:00	0.73626103	20.70
22/08/26 14:00	0.732017796	20.20
22/08/26 15:00	0.732204329	20.00
22/08/26 16:00	0.671654508	19.10
22/08/26 17:00	0.805169347	18.70
22/08/26 18:00	0.938673644	17.70
22/08/26 19:00	1.05583773	16.30
22/08/26 20:00	0.92852224	16.70
22/08/26 21:00	0.775921405	16.40
22/08/26 22:00	0.751500904	16.60
22/08/26 23:00	0.225036896	16.00
23/08/26 00:00	0.177660708	15.60
23/08/26 01:00	0.14805059	15.30
23/08/26 02:00	0.153972613	14.80
23/08/26 03:00	0.171738684	14.20
23/08/26 04:00	0.177660708	13.80
23/08/26 05:00	1.085300892	14.30
23/08/26 06:00	1.941961373	15.50
23/08/26 07:00	1.89709429	17.60
23/08/26 08:00	1.186689278	19.00
23/08/26 09:00	0.785166306	19.80
23/08/26 10:00	0.75429964	21.20
23/08/26 11:00	0.735123024	21.50
23/08/26 12:00	0.739072736	22.90
23/08/26 13:00	0.736128722	22.10
23/08/26 14:00	0.731885489	22.00
23/08/26 15:00	0.73207419	22.10
23/08/26 16:00	0.671524369	21.00
23/08/26 17:00	0.805041377	20.00
23/08/26 18:00	0.93851314	18.70
23/08/26 19:00	1.055631677	17.60
23/08/26 20:00	0.928350891	16.80
23/08/26 21:00	0.775799942	16.70
23/08/26 22:00	0.75138161	15.80
23/08/26 23:00	0.225036896	15.90
24/08/26 00:00	0.177660708	15.40
24/08/26 01:00	0.14805059	14.60
24/08/26 02:00	0.153972613	13.50
24/08/26 03:00	0.171738684	13.30
24/08/26 04:00	0.177660708	13.70
24/08/26 05:00	1.106860552	14.80
24/08/26 06:00	1.983490831	16.50
24/08/26 07:00	1.949685545	18.40
24/08/26 08:00	1.222453588	19.70
24/08/26 09:00	0.811263472	21.10
24/08/26 10:00	0.783196959	22.50
24/08/26 11:00	0.766733736	22.70
24/08/26 12:00	0.773051975	22.70
24/08/26 13:00	0.771897369	23.20
24/08/26 14:00	0.768667049	22.90
24/08/26 15:00	0.768968538	22.90
24/08/26 16:00	0.70762487	20.30
24/08/26 17:00	0.839532495	20.10
24/08/26 18:00	0.974687386	18.80
24/08/26 19:00	1.094636442	18.30
24/08/26 20:00	0.960900772	16.70
24/08/26 21:00	0.79987345	16.40
24/08/26 22:00	0.771468533	16.40
24/08/26 23:00	0.278335109	16.60
25/08/26 00:00	0.219114873	16.20
25/08/26 01:00	0.16581666	15.50
25/08/26 02:00	0.171738684	15.40
25/08/26 03:00	0.153972613	15.30
25/08/26 04:00	0.195426778	15.40
25/08/26 05:00	1.050181826	16.10
25/08/26 06:00	1.834636649	17.10
25/08/26 07:00	1.989526467	17.70
25/08/26 08:00	1.543656632	19.00
25/08/26 09:00	1.049378073	19.30
25/08/26 10:00	0.978285637	19.60
25/08/26 11:00	0.924375816	17.00
25/08/26 12:00	0.909777208	19.50
25/08/26 13:00	0.927027813	21.20
25/08/26 14:00	0.897889824	20.80
25/08/26 15:00	0.934146405	18.40
25/08/26 16:00	0.970568537	19.10
25/08/26 17:00	0.989971435	18.90
25/08/26 18:00	1.030700757	18.30
25/08/26 19:00	1.267735424	18.30
25/08/26 20:00	1.128017664	17.40
25/08/26 21:00	0.841043696	16.80
25/08/26 22:00	0.821707948	17.10
25/08/26 23:00	0.219114873	16.50
26/08/26 00:00	0.201348802	17.00
26/08/26 01:00	0.16581666	15.60
26/08/26 02:00	0.177660708	15.50
26/08/26 03:00	0.159894637	15.50
26/08/26 04:00	0.16581666	15.50
26/08/26 05:00	0.984250853	15.80
26/08/26 06:00	1.884225328	16.00
26/08/26 07:00	2.030180452	17.50
26/08/26 08:00	1.437447124	17.80
26/08/26 09:00	0.995377198	16.20
26/08/26 10:00	1.010923738	18.30
26/08/26 11:00	1.019845504	18.00
26/08/26 12:00	1.026171001	18.50
26/08/26 13:00	0.96881684	18.30
26/08/26 14:00	0.952872004	18.00
26/08/26 15:00	0.912294107	16.90
26/08/26 16:00	0.953581969	16.80
26/08/26 17:00	0.982685962	17.20
26/08/26 18:00	1.132267447	16.00
26/08/26 19:00	1.32572381	15.30
26/08/26 20:00	1.153702767	13.40
26/08/26 21:00	0.908709274	12.30
26/08/26 22:00	0.884061695	11.20
26/08/26 23:00	0.225036896	10.50
27/08/26 00:00	0.177660708	10.40
27/08/26 01:00	0.14805059	10.10
27/08/26 02:00	0.153972613	10.10
27/08/26 03:00	0.171738684	11.10
27/08/26 04:00	0.177660708	11.50
27/08/26 05:00	1.084732619	12.30
27/08/26 06:00	1.940876883	13.90
27/08/26 07:00	1.895907858	16.20
27/08/26 08:00	1.186001712	17.70
27/08/26 09:00	0.838095791	18.60
27/08/26 10:00	0.807226957	19.00
27/08/26 11:00	0.799894387	20.00
27/08/26 12:00	0.863062167	20.50
27/08/26 13:00	0.812744133	21.50
27/08/26 14:00	0.731553492	20.80
27/08/26 15:00	0.732104726	21.40
27/08/26 16:00	0.672829044	20.40
27/08/26 17:00	0.809646345	19.60
27/08/26 18:00	0.949616772	18.70
27/08/26 19:00	1.079790581	18.50
27/08/26 20:00	0.971208008	18.70
27/08/26 21:00	0.829973663	17.90
27/08/26 22:00	0.808481467	18.00
27/08/26 23:00	0.27758647	17.90
28/08/26 00:00	0.219902591	17.80
28/08/26 01:00	0.225889227	15.20
28/08/26 02:00	0.315267613	15.50
28/08/26 03:00	0.502477576	15.30
28/08/26 04:00	0.778660913	15.90
28/08/26 05:00	1.912600596	16.40
28/08/26 06:00	2.889581205	17.50
28/08/26 07:00	2.849598524	18.60
28/08/26 08:00	1.859066268	19.00
28/08/26 09:00	1.151526895	19.80
28/08/26 10:00	0.896650516	21.00
28/08/26 11:00	0.781160133	20.60
28/08/26 12:00	0.747738223	21.80
28/08/26 13:00	0.739880498	22.70
28/08/26 14:00	0.731782348	22.40
28/08/26 15:00	0.731660328	21.40
28/08/26 16:00	0.671107925	21.10
28/08/26 17:00	0.80463144	19.90
28/08/26 18:00	0.93800126	18.60
28/08/26 19:00	1.054978814	14.90
28/08/26 20:00	0.927806477	13.60
28/08/26 21:00	0.775418201	12.50
28/08/26 22:00	0.751006376	11.90
28/08/26 23:00	0.225036896	11.60
29/08/26 00:00	0.177660708	12.00
29/08/26 01:00	0.14805059	11.40
29/08/26 02:00	0.153972613	11.60
29/08/26 03:00	0.171738684	10.50
29/08/26 04:00	0.177660708	11.40
29/08/26 05:00	1.084585128	12.80
29/08/26 06:00	1.940594916	15.50
29/08/26 07:00	1.895599862	18.00
29/08/26 08:00	1.185826024	21.00
29/08/26 09:00	0.784702144	22.00
29/08/26 10:00	0.753835478	22.90
29/08/26 11:00	0.734661031	22.70
29/08/26 12:00	0.738608574	23.80
29/08/26 13:00	0.735666729	24.10
29/08/26 14:00	0.731425665	23.30
29/08/26 15:00	0.731616535	22.20
29/08/26 16:00	0.671073221	21.80
29/08/26 17:00	0.804594567	20.60
29/08/26 18:00	0.937957881	19.30
29/08/26 19:00	1.054924589	18.00
29/08/26 20:00	0.927760928	16.90
29/08/26 21:00	0.775385667	16.70
29/08/26 22:00	0.750976011	15.50
29/08/26 23:00	0.225252267	14.50
30/08/26 00:00	0.180689203	14.30
30/08/26 01:00	0.163969964	14.40
30/08/26 02:00	0.201631873	14.30
30/08/26 03:00	0.271238295	13.90
30/08/26 04:00	0.359375413	13.50
30/08/26 05:00	1.336722999	13.60
30/08/26 06:00	2.211233991	14.70
30/08/26 07:00	2.174961179	16.30
30/08/26 08:00	1.38774946	17.40
30/08/26 09:00	0.890189327	18.30
30/08/26 10:00	0.793575019	19.20
30/08/26 11:00	0.743363667	20.40
30/08/26 12:00	0.740117638	20.20
30/08/26 13:00	0.736737868	19.50
30/08/26 14:00	0.731451535	17.00
30/08/26 15:00	0.731594845	16.80
30/08/26 16:00	0.671051532	15.50
30/08/26 17:00	0.804575046	14.70
30/08/26 18:00	0.937934022	14.10
30/08/26 19:00	1.054894224	14.70
30/08/26 20:00	0.927734901	14.70
30/08/26 21:00	0.775370484	14.50
30/08/26 22:00	0.750960828	13.70
30/08/26 23:00	0.225036896	14.10
31/08/26 00:00	0.177660708	13.60
31/08/26 01:00	0.14805059	13.50
31/08/26 02:00	0.153972613	13.80
31/08/26 03:00	0.171738684	13.80
31/08/26 04:00	0.177660708	13.70
31/08/26 05:00	1.106244562	14.00
31/08/26 06:00	1.982315244	13.60
31/08/26 07:00	1.948401509	13.10
31/08/26 08:00	1.221709627	13.30
31/08/26 09:00	0.810860041	14.20
31/08/26 10:00	0.782793528	15.30
31/08/26 11:00	0.778170015	16.40
31/08/26 12:00	0.84370849	16.20
31/08/26 13:00	0.795179864	16.00
31/08/26 14:00	0.768263619	16.10
31/08/26 15:00	0.76862399	15.20
31/08/26 16:00	0.707695363	14.60
31/08/26 17:00	0.840430053	14.30
31/08/26 18:00	0.977270665	12.60
31/08/26 19:00	1.100520161	11.60
31/08/26 20:00	0.974326481	9.80
31/08/26 21:00	0.818393119	9.60
31/08/26 22:00	0.790156175	9.80
31/08/26 23:00	0.297929101	9.10
01/09/26 00:00	0.236733911	9.50
01/09/26 01:00	0.194090377	8.90
01/09/26 02:00	0.241948726	7.10
01/09/26 03:00	0.304952762	6.70
01/09/26 04:00	0.482115499	7.40
01/09/26 05:00	1.481700604	10.40
01/09/26 06:00	2.373194993	13.00
01/09/26 07:00	2.606171448	15.40
01/09/26 08:00	2.104474282	16.10
01/09/26 09:00	1.628518177	16.60
01/09/26 10:00	1.561286427	17.30
01/09/26 11:00	1.393311594	17.70
01/09/26 12:00	1.361330052	18.60
01/09/26 13:00	1.241770983	19.20
01/09/26 14:00	1.226246588	19.10
01/09/26 15:00	1.143615952	19.20
01/09/26 16:00	1.366693106	17.70
01/09/26 17:00	1.645367568	16.20
01/09/26 18:00	1.991963587	13.50
01/09/26 19:00	2.541359356	12.40
01/09/26 20:00	2.663782324	12.50
01/09/26 21:00	2.459768195	13.20
01/09/26 22:00	2.262629308	13.00
01/09/26 23:00	1.289785185	13.50
02/09/26 00:00	0.868086109	12.70
02/09/26 01:00	0.672767922	11.60
02/09/26 02:00	0.860369032	11.40
02/09/26 03:00	1.348549724	11.20
02/09/26 04:00	2.102614338	11.60
02/09/26 05:00	3.706601977	12.20
02/09/26 06:00	4.943765096	13.50
02/09/26 07:00	4.888768154	14.80
02/09/26 08:00	3.293377428	15.40
02/09/26 09:00	2.04564014	16.70
02/09/26 10:00	1.56217887	17.70
02/09/26 11:00	1.289148359	18.50
02/09/26 12:00	1.191250187	19.30
02/09/26 13:00	1.105601734	19.40
02/09/26 14:00	1.054064579	19.10
02/09/26 15:00	0.983317785	18.80
02/09/26 16:00	0.954778237	18.50
02/09/26 17:00	0.987228814	17.80
02/09/26 18:00	1.14266587	16.80
02/09/26 19:00	1.346686631	16.80
02/09/26 20:00	1.1874811	16.70
02/09/26 21:00	0.952501932	16.60
02/09/26 22:00	0.930620504	15.40
02/09/26 23:00	0.261335554	15.50
03/09/26 00:00	0.205632309	15.30
03/09/26 01:00	0.195660444	14.90
03/09/26 02:00	0.256631186	14.20
03/09/26 03:00	0.383242345	12.40
03/09/26 04:00	0.570744023	12.20
03/09/26 05:00	1.6461251	14.30
03/09/26 06:00	2.601573516	17.10
03/09/26 07:00	2.59031392	18.10
03/09/26 08:00	1.724850588	19.20
03/09/26 09:00	1.10769605	20.20
03/09/26 10:00	0.909953029	21.20
03/09/26 11:00	0.795012034	21.70
03/09/26 12:00	0.816806676	22.60
03/09/26 13:00	0.768536519	22.70
03/09/26 14:00	0.766311787	22.40
03/09/26 15:00	0.798477554	21.50
03/09/26 16:00	0.778689152	20.00
03/09/26 17:00	0.959190887	19.10
03/09/26 18:00	1.133578991	16.90
03/09/26 19:00	1.282052495	14.50
03/09/26 20:00	1.184398968	13.60
03/09/26 21:00	1.035492395	12.90
03/09/26 22:00	0.974568965	12.40
03/09/26 23:00	0.39305261	11.70
04/09/26 00:00	0.279696258	11.30
04/09/26 01:00	0.215111793	11.00
04/09/26 02:00	0.231598782	10.40
04/09/26 03:00	0.299015112	9.90
04/09/26 04:00	0.402405095	9.90
04/09/26 05:00	1.393344748	12.00
04/09/26 06:00	2.287243738	15.70
04/09/26 07:00	2.249490272	18.40
04/09/26 08:00	1.436713947	20.10
04/09/26 09:00	0.91842402	21.10
04/09/26 10:00	0.804917224	22.90
04/09/26 11:00	0.750026821	23.30
04/09/26 12:00	0.741354733	23.80
04/09/26 13:00	0.736976826	24.40
04/09/26 14:00	0.731581901	23.70
04/09/26 15:00	0.731724984	22.70
04/09/26 16:00	0.671183839	20.80
04/09/26 17:00	0.804709523	19.80
04/09/26 18:00	0.938107541	18.10
04/09/26 19:00	1.055121966	16.90
04/09/26 20:00	0.927932278	16.40
04/09/26 21:00	0.775511468	16.30
04/09/26 22:00	0.75110398	17.10
04/09/26 23:00	0.22528302	17.30
05/09/26 00:00	0.181248188	17.00
05/09/26 01:00	0.167370361	15.10
05/09/26 02:00	0.209918006	14.70
05/09/26 03:00	0.288904798	13.90
05/09/26 04:00	0.392022631	13.10
05/09/26 05:00	1.382279734	13.40
05/09/26 06:00	2.263391974	14.40
05/09/26 07:00	2.227922861	17.10
05/09/26 08:00	1.42513932	18.20
05/09/26 09:00	0.910218013	18.00
05/09/26 10:00	0.801591112	18.00
05/09/26 11:00	0.746138719	18.70
05/09/26 12:00	0.740735089	18.70
05/09/26 13:00	0.73710767	18.00
05/09/26 14:00	0.731656491	18.40
05/09/26 15:00	0.73179656	17.50
05/09/26 16:00	0.671257585	17.30
05/09/26 17:00	0.804783268	16.50
05/09/26 18:00	0.938200807	16.00
05/09/26 19:00	1.05524126	14.70
05/09/26 20:00	0.92803422	13.60
05/09/26 21:00	0.775585213	12.60
05/09/26 22:00	0.751175557	13.70
05/09/26 23:00	0.225036896	14.10
06/09/26 00:00	0.177660708	13.70
06/09/26 01:00	0.14805059	13.60
06/09/26 02:00	0.153972613	11.20
06/09/26 03:00	0.171738684	12.10
06/09/26 04:00	0.177660708	12.80
06/09/26 05:00	1.084897462	13.00
06/09/26 06:00	1.941210906	14.30
06/09/26 07:00	1.896293936	15.40
06/09/26 08:00	1.18623813	16.40
06/09/26 09:00	0.796776103	17.10
06/09/26 10:00	0.765915944	17.50
06/09/26 11:00	0.758592051	17.60
06/09/26 12:00	0.821766337	17.70
06/09/26 13:00	0.777376834	18.60
06/09/26 14:00	0.731688111	18.10
06/09/26 15:00	0.731937588	18.00
06/09/26 16:00	0.671902819	17.40
06/09/26 17:00	0.806855519	16.10
06/09/26 18:00	0.94297857	15.00
06/09/26 19:00	1.065395494	12.70
06/09/26 20:00	0.948493803	14.00
06/09/26 21:00	0.803231289	13.70
06/09/26 22:00	0.780721493	14.00
06/09/26 23:00	0.253347534	13.00
07/09/26 00:00	0.20221046	13.00
07/09/26 01:00	0.190092966	13.40
07/09/26 02:00	0.249228511	13.50
07/09/26 03:00	0.367024135	13.40
07/09/26 04:00	0.537235873	13.30
07/09/26 05:00	1.617896197	13.90
07/09/26 06:00	2.573399555	15.30
07/09/26 07:00	2.563479841	17.30
07/09/26 08:00	1.693059669	18.70
07/09/26 09:00	1.179214823	20.40
07/09/26 10:00	0.998839493	21.10
07/09/26 11:00	0.924205936	22.10
07/09/26 12:00	0.958004847	22.50
07/09/26 13:00	0.907879902	22.80
07/09/26 14:00	0.824838504	22.40
07/09/26 15:00	0.809711989	21.80
07/09/26 16:00	0.774750654	21.20
07/09/26 17:00	0.945404118	19.50
07/09/26 18:00	1.122067766	17.80
07/09/26 19:00	1.283767554	16.00
07/09/26 20:00	1.194120999	14.60
07/09/26 21:00	1.071556798	13.30
07/09/26 22:00	1.02876644	12.90
07/09/26 23:00	0.47781484	12.40
08/09/26 00:00	0.343020466	12.50
08/09/26 01:00	0.26671603	12.30
08/09/26 02:00	0.297358742	12.80
08/09/26 03:00	0.37149505	13.30
08/09/26 04:00	0.578684072	13.80
08/09/26 05:00	1.588368128	13.80
08/09/26 06:00	2.447528124	15.50
08/09/26 07:00	2.606912245	17.90
08/09/26 08:00	1.977897953	19.60
08/09/26 09:00	1.28246446	21.70
08/09/26 10:00	1.070305985	22.80
08/09/26 11:00	0.953759867	24.10
08/09/26 12:00	0.944839434	23.70
08/09/26 13:00	0.929168044	24.80
08/09/26 14:00	0.898386547	24.20
08/09/26 15:00	0.934492285	24.00
08/09/26 16:00	0.970917743	23.50
08/09/26 17:00	0.990329317	19.70
08/09/26 18:00	1.031145398	16.50
08/09/26 19:00	1.268303697	15.40
08/09/26 20:00	1.128512191	14.20
08/09/26 21:00	0.841408084	13.60
08/09/26 22:00	0.82206583	12.70
08/09/26 23:00	0.219218607	11.80
09/09/26 00:00	0.202623777	11.40
09/09/26 01:00	0.171751971	10.80
09/09/26 02:00	0.195455653	10.40
09/09/26 03:00	0.19768178	9.80
09/09/26 04:00	0.236740604	9.10
09/09/26 05:00	1.085210451	11.80
09/09/26 06:00	1.994558342	16.70
09/09/26 07:00	2.144629773	19.70
09/09/26 08:00	1.523868701	21.20
09/09/26 09:00	1.041496617	22.70
09/09/26 10:00	0.994615815	24.50
09/09/26 11:00	0.924557943	25.80
09/09/26 12:00	0.956585853	27.00
09/09/26 13:00	0.969867975	27.50
09/09/26 14:00	0.95361471	27.80
09/09/26 15:00	0.912984085	27.40
09/09/26 16:00	0.954276042	26.20
09/09/26 17:00	0.983382205	21.10
09/09/26 18:00	1.13311335	16.60
09/09/26 19:00	1.326784441	16.00
09/09/26 20:00	1.154607232	15.10
09/09/26 21:00	0.909368644	14.60
09/09/26 22:00	0.884699375	15.10
09/09/26 23:00	0.225242467	15.60
10/09/26 00:00	0.180513529	13.30
10/09/26 01:00	0.162964742	14.60
10/09/26 02:00	0.19960555	16.80
10/09/26 03:00	0.266844629	16.90
10/09/26 04:00	0.351004163	16.60
10/09/26 05:00	1.326407145	16.50
10/09/26 06:00	2.199930816	17.10
10/09/26 07:00	2.163831607	18.20
10/09/26 08:00	1.379865503	20.10
10/09/26 09:00	0.886189807	19.90
10/09/26 10:00	0.792348208	20.90
10/09/26 11:00	0.743341827	21.50
10/09/26 12:00	0.740771331	21.20
10/09/26 13:00	0.737491507	22.40
10/09/26 14:00	0.732242079	22.40
10/09/26 15:00	0.732395199	23.20
10/09/26 16:00	0.671856223	22.40
10/09/26 17:00	0.805381907	20.00
10/09/26 18:00	0.938957781	18.80
10/09/26 19:00	1.056221639	17.90
10/09/26 20:00	0.92886277	18.40
10/09/26 21:00	0.776173006	15.00
10/09/26 22:00	0.751761181	15.10
10/09/26 23:00	0.225036896	16.50
11/09/26 00:00	0.177660708	17.30
11/09/26 01:00	0.14805059	17.60
11/09/26 02:00	0.153972613	18.00
11/09/26 03:00	0.171738684	17.90
11/09/26 04:00	0.177660708	17.40
11/09/26 05:00	1.085825785	17.20
11/09/26 06:00	1.943006821	17.10
11/09/26 07:00	1.898278553	17.20
11/09/26 08:00	1.187400704	17.10
11/09/26 09:00	0.785563229	17.60
11/09/26 10:00	0.754711746	15.70
11/09/26 11:00	0.735554651	16.70
11/09/26 12:00	0.739517377	17.50
11/09/26 13:00	0.736588545	17.20
11/09/26 14:00	0.732360495	17.00
11/09/26 15:00	0.732560041	16.60
11/09/26 16:00	0.672023235	16.40
11/09/26 17:00	0.805548918	15.10
11/09/26 18:00	0.939168172	13.40
11/09/26 19:00	1.056492762	10.40
11/09/26 20:00	0.929090513	12.40
11/09/26 21:00	0.77633568	10.30
11/09/26 22:00	0.751921686	9.50
11/09/26 23:00	0.225036896	12.10
12/09/26 00:00	0.177660708	12.30
12/09/26 01:00	0.14805059	11.20
12/09/26 02:00	0.153972613	10.40
12/09/26 03:00	0.171738684	9.30
12/09/26 04:00	0.177660708	9.10
12/09/26 05:00	1.086077387	10.60
12/09/26 06:00	1.943494842	13.10
12/09/26 07:00	1.898818629	14.50
12/09/26 08:00	1.187715206	15.00
12/09/26 09:00	0.856796692	14.40
12/09/26 10:00	0.825949547	15.80
12/09/26 11:00	0.824560692	16.00
12/09/26 12:00	0.881861204	15.50
12/09/26 13:00	0.831946214	16.20
12/09/26 14:00	0.73485179	16.60
12/09/26 15:00	0.743170416	15.40
12/09/26 16:00	0.705830663	14.60
12/09/26 17:00	0.893592604	13.80
12/09/26 18:00	1.115904508	12.30
12/09/26 19:00	1.346057443	12.80
12/09/26 20:00	1.330941011	12.90
12/09/26 21:00	1.237134171	13.00
12/09/26 22:00	1.195076827	11.90
12/09/26 23:00	0.586127177	11.40
13/09/26 00:00	0.421272997	11.00
13/09/26 01:00	0.357624817	10.20
13/09/26 02:00	0.471591536	8.30
13/09/26 03:00	0.791354085	10.10
13/09/26 04:00	1.273173752	10.40
13/09/26 05:00	2.670722604	11.20
13/09/26 06:00	3.785274936	11.80
13/09/26 07:00	3.719236111	12.90
13/09/26 08:00	2.677707596	14.20
13/09/26 09:00	1.80751429	15.20
13/09/26 10:00	1.416491127	16.30
13/09/26 11:00	1.226357745	15.70
13/09/26 12:00	1.194641065	16.30
13/09/26 13:00	1.140354697	15.40
13/09/26 14:00	1.056335147	15.90
13/09/26 15:00	0.970963454	16.90
13/09/26 16:00	0.819416875	15.20
13/09/26 17:00	1.041337099	14.20
13/09/26 18:00	1.305818382	13.50
13/09/26 19:00	1.579879316	13.00
13/09/26 20:00	1.603443076	13.00
13/09/26 21:00	1.517246029	12.70
13/09/26 22:00	1.424429857	12.10
13/09/26 23:00	0.742330234	11.80
14/09/26 00:00	0.502177532	11.40
14/09/26 01:00	0.397148275	11.30
14/09/26 02:00	0.523166616	11.60
14/09/26 03:00	0.88275385	11.20
14/09/26 04:00	1.461354258	12.00
14/09/26 05:00	3.009267727	12.90
14/09/26 06:00	4.262208308	13.60
14/09/26 07:00	4.244193751	13.50
14/09/26 08:00	3.072360355	13.30
14/09/26 09:00	2.04447632	14.20
14/09/26 10:00	1.511713986	14.60
14/09/26 11:00	1.228410762	15.70
14/09/26 12:00	1.158984495	17.00
14/09/26 13:00	1.130602143	14.30
14/09/26 14:00	1.130405801	15.20
14/09/26 15:00	1.191993965	16.50
14/09/26 16:00	1.375149696	15.90
14/09/26 17:00	1.835491218	15.40
14/09/26 18:00	2.236570057	14.70
14/09/26 19:00	2.522104163	14.40
14/09/26 20:00	2.476156315	14.60
14/09/26 21:00	2.26996133	14.60
14/09/26 22:00	2.026735818	14.50
14/09/26 23:00	1.230530988	14.70
15/09/26 00:00	0.813135074	12.80
15/09/26 01:00	0.590186842	9.80
15/09/26 02:00	0.660241011	8.40
15/09/26 03:00	0.949646366	9.00
15/09/26 04:00	1.549626917	11.80
15/09/26 05:00	3.065301076	13.10
15/09/26 06:00	4.326624392	14.70
15/09/26 07:00	4.694385887	15.50
15/09/26 08:00	3.790434512	15.80
15/09/26 09:00	2.781959676	16.90
15/09/26 10:00	2.311083345	17.20
15/09/26 11:00	1.818183496	18.60
15/09/26 12:00	1.630476174	17.50
15/09/26 13:00	1.558843659	18.10
15/09/26 14:00	1.754553787	17.50
15/09/26 15:00	2.075991046	17.20
15/09/26 16:00	2.820830524	16.40
15/09/26 17:00	3.35997525	13.80
15/09/26 18:00	3.664480652	11.20
15/09/26 19:00	3.66714344	9.90
15/09/26 20:00	3.238904111	9.40
15/09/26 21:00	2.670223357	9.10
15/09/26 22:00	2.257043749	9.50
15/09/26 23:00	1.300025195	10.30
16/09/26 00:00	0.99280091	9.40
16/09/26 01:00	0.888203669	7.20
16/09/26 02:00	1.042780853	7.80
16/09/26 03:00	1.352843251	8.60
16/09/26 04:00	1.837666334	9.10
16/09/26 05:00	3.113257717	10.50
16/09/26 06:00	4.17216967	12.20
16/09/26 07:00	4.19777675	14.70
16/09/26 08:00	2.886405546	16.60
16/09/26 09:00	1.817747812	16.80
16/09/26 10:00	1.440237376	17.00
16/09/26 11:00	1.24754172	18.20
16/09/26 12:00	1.176020592	18.00
16/09/26 13:00	1.102538161	18.50
16/09/26 14:00	1.088853573	18.70
16/09/26 15:00	1.115511875	18.40
16/09/26 16:00	1.285377656	18.30
16/09/26 17:00	1.606576272	17.40
16/09/26 18:00	2.124855262	15.60
16/09/26 19:00	2.700940138	14.30
16/09/26 20:00	2.837590381	12.80
16/09/26 21:00	2.703819181	14.50
16/09/26 22:00	2.49875689	14.70
16/09/26 23:00	1.493101194	14.50
17/09/26 00:00	1.036646116	14.40
17/09/26 01:00	0.870780597	14.60
17/09/26 02:00	1.118364145	14.70
17/09/26 03:00	1.743062171	14.60
17/09/26 04:00	2.620415171	14.70
17/09/26 05:00	4.40471744	14.70
17/09/26 06:00	5.626994007	14.80
17/09/26 07:00	5.339372936	15.90
17/09/26 08:00	3.476624008	16.90
17/09/26 09:00	2.080379854	17.60
17/09/26 10:00	1.392455841	18.70
17/09/26 11:00	1.036251109	19.60
17/09/26 12:00	0.962056855	19.20
17/09/26 13:00	0.901519749	19.60
17/09/26 14:00	0.814445275	19.30
17/09/26 15:00	0.804277109	18.50
17/09/26 16:00	0.795906393	18.20
17/09/26 17:00	1.012834283	17.80
17/09/26 18:00	1.262919933	17.20
17/09/26 19:00	1.521552474	16.90
17/09/26 20:00	1.527132173	16.50
17/09/26 21:00	1.426697724	16.00
17/09/26 22:00	1.344762166	16.00
17/09/26 23:00	0.664019165	14.30
18/09/26 00:00	0.428236868	13.70
18/09/26 01:00	0.296161252	13.40
18/09/26 02:00	0.275292441	13.00
18/09/26 03:00	0.347572968	12.90
18/09/26 04:00	0.486761717	13.10
18/09/26 05:00	1.531558026	13.40
18/09/26 06:00	2.473373607	13.10
18/09/26 07:00	2.453087885	13.50
18/09/26 08:00	1.623148379	13.80
18/09/26 09:00	1.094258651	15.00
18/09/26 10:00	0.917139825	15.00
18/09/26 11:00	0.839459455	16.70
18/09/26 12:00	0.866757576	16.00
18/09/26 13:00	0.816847565	16.90
18/09/26 14:00	0.745783307	14.60
18/09/26 15:00	0.757225187	13.30
18/09/26 16:00	0.711540245	13.20
18/09/26 17:00	0.865737243	10.30
18/09/26 18:00	1.019114692	10.70
18/09/26 19:00	1.151728905	9.70
18/09/26 20:00	1.04172212	8.50
18/09/26 21:00	0.907575507	9.00
18/09/26 22:00	0.873902468	9.70
18/09/26 23:00	0.31259394	8.50
19/09/26 00:00	0.235088304	7.10
19/09/26 01:00	0.210022702	8.30
19/09/26 02:00	0.263053471	8.10
19/09/26 03:00	0.403764309	9.20
19/09/26 04:00	0.631921867	9.30
19/09/26 05:00	1.799969996	9.00
19/09/26 06:00	2.881085372	9.60
19/09/26 07:00	2.976376986	10.10
19/09/26 08:00	2.363491449	10.80
19/09/26 09:00	1.80767592	12.20
19/09/26 10:00	1.508854162	13.30
19/09/26 11:00	1.298354206	14.00
19/09/26 12:00	1.222204508	11.90
19/09/26 13:00	1.155621528	14.20
19/09/26 14:00	1.147729856	10.30
19/09/26 15:00	1.240485404	10.00
19/09/26 16:00	1.460795487	10.60
19/09/26 17:00	2.078844757	9.50
19/09/26 18:00	2.681649711	8.00
19/09/26 19:00	3.178362674	6.20
19/09/26 20:00	3.284864629	5.40
19/09/26 21:00	3.126105898	5.20
19/09/26 22:00	2.808947107	5.30
19/09/26 23:00	1.800864847	4.90
20/09/26 00:00	1.219609582	5.90
20/09/26 01:00	0.997507777	6.80
20/09/26 02:00	1.241611	7.80
20/09/26 03:00	1.916914743	5.80
20/09/26 04:00	2.94812494	7.80
20/09/26 05:00	5.000873576	8.40
20/09/26 06:00	6.65875805	10.10
20/09/26 07:00	6.808995638	10.90
20/09/26 08:00	5.186570966	10.50
20/09/26 09:00	3.635560528	11.10
20/09/26 10:00	2.620643895	11.90
20/09/26 11:00	1.94398976	12.80
20/09/26 12:00	1.670848016	15.20
20/09/26 13:00	1.678517773	15.10
20/09/26 14:00	1.903732471	14.60
20/09/26 15:00	2.368318427	15.10
20/09/26 16:00	3.089844998	13.80
20/09/26 17:00	3.869935974	12.40
20/09/26 18:00	4.759211424	12.30
20/09/26 19:00	5.268392031	11.70
20/09/26 20:00	5.302994197	11.30
20/09/26 21:00	4.965826312	11.30
20/09/26 22:00	4.34111669	11.30
20/09/26 23:00	3.071187952	11.10
21/09/26 00:00	2.307694396	10.70
21/09/26 01:00	2.047470178	10.40
21/09/26 02:00	2.373068392	10.40
21/09/26 03:00	3.161321441	10.10
21/09/26 04:00	4.250933378	9.90
21/09/26 05:00	6.263033695	10.00
21/09/26 06:00	7.544963487	10.20
21/09/26 07:00	7.425615708	11.20
21/09/26 08:00	5.808242649	12.90
21/09/26 09:00	4.414434639	14.10
21/09/26 10:00	3.584849522	15.00
21/09/26 11:00	2.899491473	15.80
21/09/26 12:00	2.423479808	16.00
21/09/26 13:00	2.148450416	15.70
21/09/26 14:00	2.116803144	15.70
21/09/26 15:00	2.412896651	15.10
21/09/26 16:00	2.985928902	13.70
21/09/26 17:00	3.674909571	11.80
21/09/26 18:00	4.284995093	11.40
21/09/26 19:00	4.373547908	10.60
21/09/26 20:00	4.065402111	12.40
21/09/26 21:00	3.650400034	12.90
21/09/26 22:00	3.147767533	12.70
21/09/26 23:00	2.125292833	11.60
22/09/26 00:00	1.555136429	10.80
22/09/26 01:00	1.26676108	9.60
22/09/26 02:00	1.348150032	10.30
22/09/26 03:00	1.727241736	10.40
22/09/26 04:00	2.474588707	10.10
22/09/26 05:00	4.142118672	9.50
22/09/26 06:00	5.411522037	10.70
22/09/26 07:00	5.608102071	12.70
22/09/26 08:00	4.266936435	14.40
22/09/26 09:00	2.910735946	14.50
22/09/26 10:00	2.19104232	11.90
22/09/26 11:00	1.64680278	14.30
22/09/26 12:00	1.477294974	15.80
22/09/26 13:00	1.411543026	14.80
22/09/26 14:00	1.555245732	15.00
22/09/26 15:00	1.702384125	14.30
22/09/26 16:00	2.315057723	12.90
22/09/26 17:00	2.902267452	9.00
22/09/26 18:00	3.375962742	6.90
22/09/26 19:00	3.794620631	6.10
22/09/26 20:00	3.677065775	5.40
22/09/26 21:00	3.187121387	4.60
22/09/26 22:00	2.692405223	4.00
22/09/26 23:00	1.56550791	3.70
23/09/26 00:00	1.113455281	3.50
23/09/26 01:00	0.951107099	3.40
23/09/26 02:00	1.135026872	3.30
23/09/26 03:00	1.559182775	2.60
23/09/26 04:00	2.248276704	2.40
23/09/26 05:00	3.803197859	3.60
23/09/26 06:00	5.021011642	6.00
23/09/26 07:00	5.073065669	8.20
23/09/26 08:00	3.545598002	11.00
23/09/26 09:00	2.428546709	12.70
23/09/26 10:00	1.855488892	13.30
23/09/26 11:00	1.572103866	13.10
23/09/26 12:00	1.456655277	12.90
23/09/26 13:00	1.41484681	12.90
23/09/26 14:00	1.438099859	12.30
23/09/26 15:00	1.554197279	11.90
23/09/26 16:00	1.786601854	10.70
23/09/26 17:00	2.176077315	9.50
23/09/26 18:00	2.937582453	9.30
23/09/26 19:00	3.720886625	9.10
23/09/26 20:00	3.985860853	9.50
23/09/26 21:00	3.866665583	9.70
23/09/26 22:00	3.569700176	10.00
23/09/26 23:00	2.479199407	9.80
24/09/26 00:00	2.034253614	9.80
24/09/26 01:00	2.20763211	9.90
24/09/26 02:00	3.095282296	10.40
24/09/26 03:00	4.532726751	11.00
24/09/26 04:00	6.195108121	11.60
24/09/26 05:00	8.197190174	11.50
24/09/26 06:00	9.417454463	12.90
24/09/26 07:00	8.747050959	14.30
24/09/26 08:00	6.34437802	15.90
24/09/26 09:00	4.234901089	17.40
24/09/26 10:00	2.892527742	19.30
24/09/26 11:00	2.129882632	20.90
24/09/26 12:00	1.880666262	17.50
24/09/26 13:00	2.014981962	17.80
24/09/26 14:00	2.432200502	15.10
24/09/26 15:00	3.131818	13.20
24/09/26 16:00	4.13322012	13.20
24/09/26 17:00	4.924432533	14.40
24/09/26 18:00	5.606071991	14.80
24/09/26 19:00	5.704781441	14.70
24/09/26 20:00	5.19228484	14.10
24/09/26 21:00	4.417118458	13.60
24/09/26 22:00	3.686170854	13.60
24/09/26 23:00	2.436104905	12.90
25/09/26 00:00	1.720349571	12.40
25/09/26 01:00	1.349449499	13.20
25/09/26 02:00	1.352327501	12.50
25/09/26 03:00	1.686293151	11.70
25/09/26 04:00	2.301818702	11.40
25/09/26 05:00	3.906132635	11.20
25/09/26 06:00	5.130926528	11.70
25/09/26 07:00	5.193265053	12.20
25/09/26 08:00	3.808053177	13.30
25/09/26 09:00	2.549885582	14.60
25/09/26 10:00	1.867436547	15.50
25/09/26 11:00	1.489395628	15.70
25/09/26 12:00	1.380155094	16.30
25/09/26 13:00	1.402296865	15.60
25/09/26 14:00	1.516683104	16.00
25/09/26 15:00	1.736801724	15.30
25/09/26 16:00	2.060251477	14.80
25/09/26 17:00	2.529644274	13.50
25/09/26 18:00	2.935352602	13.40
25/09/26 19:00	3.076235894	13.00
25/09/26 20:00	2.867906388	12.70
25/09/26 21:00	2.544963515	12.90
25/09/26 22:00	2.196791421	12.90
25/09/26 23:00	1.313046893	13.20
26/09/26 00:00	0.943303847	13.00
26/09/26 01:00	0.802995478	12.70
26/09/26 02:00	0.908519398	12.40
26/09/26 03:00	1.229571064	12.30
26/09/26 04:00	1.729109851	12.40
26/09/26 05:00	3.160890317	12.30
26/09/26 06:00	4.318595651	12.40
26/09/26 07:00	4.333423873	12.90
26/09/26 08:00	3.262043763	13.30
26/09/26 09:00	2.238900927	14.00
26/09/26 10:00	1.678630384	14.50
26/09/26 11:00	1.368211648	14.60
26/09/26 12:00	1.270873462	15.10
26/09/26 13:00	1.213084502	15.20
26/09/26 14:00	1.173580697	16.00
26/09/26 15:00	1.17763701	15.20
26/09/26 16:00	1.189578799	14.50
26/09/26 17:00	1.574734299	13.10
26/09/26 18:00	1.970319526	12.10
26/09/26 19:00	2.283032572	12.00
26/09/26 20:00	2.262304014	11.10
26/09/26 21:00	2.047957894	11.00
26/09/26 22:00	1.806791746	11.50
26/09/26 23:00	0.977367147	12.00
27/09/26 00:00	0.626699085	11.70
27/09/26 01:00	0.457977199	11.90
27/09/26 02:00	0.513608359	12.20
27/09/26 03:00	0.788115067	11.90
27/09/26 04:00	1.255122711	11.00
27/09/26 05:00	2.700071505	11.70
27/09/26 06:00	3.956657828	12.40
27/09/26 07:00	4.105492083	12.90
27/09/26 08:00	3.232119876	13.60
27/09/26 09:00	2.352747029	13.60
27/09/26 10:00	1.833976241	12.40
27/09/26 11:00	1.501038011	12.40
27/09/26 12:00	1.383733767	15.40
27/09/26 13:00	1.406237726	15.30
27/09/26 14:00	1.573347964	15.70
27/09/26 15:00	1.914979097	14.40
27/09/26 16:00	2.408039744	14.00
27/09/26 17:00	3.162100792	12.60
27/09/26 18:00	3.741559665	12.20
27/09/26 19:00	3.960940946	11.80
27/09/26 20:00	3.779060612	10.70
27/09/26 21:00	3.41149012	10.70
27/09/26 22:00	2.942387423	10.10
27/09/26 23:00	1.905333767	9.80
28/09/26 00:00	1.356440852	10.20
28/09/26 01:00	1.078463662	10.50
28/09/26 02:00	1.112150621	10.70
28/09/26 03:00	1.417896515	10.90
28/09/26 04:00	1.953717513	11.10
28/09/26 05:00	3.49871947	11.20
28/09/26 06:00	4.775193722	11.70
28/09/26 07:00	4.847998462	12.60
28/09/26 08:00	3.794123213	13.40
28/09/26 09:00	2.806089108	15.20
28/09/26 10:00	2.297986007	14.60
28/09/26 11:00	2.001482076	14.80
28/09/26 12:00	1.897461554	15.10
28/09/26 13:00	1.854364243	16.80
28/09/26 14:00	1.887431926	15.50
28/09/26 15:00	2.151095391	15.10
28/09/26 16:00	2.655155341	14.70
28/09/26 17:00	3.434238824	13.70
28/09/26 18:00	4.047682679	13.50
28/09/26 19:00	4.237429457	13.40
28/09/26 20:00	4.015057092	12.90
28/09/26 21:00	3.649818151	13.30
28/09/26 22:00	3.192185324	12.70
28/09/26 23:00	2.180898163	12.30
29/09/26 00:00	1.596997117	12.50
29/09/26 01:00	1.290201488	12.40
29/09/26 02:00	1.348282953	12.50
29/09/26 03:00	1.694342472	12.50
29/09/26 04:00	2.399948403	11.90
29/09/26 05:00	4.01828181	12.00
29/09/26 06:00	5.22380017	12.80
29/09/26 07:00	5.353390765	13.70
29/09/26 08:00	3.989450932	14.40
29/09/26 09:00	2.666949703	15.70
29/09/26 10:00	2.013791896	15.50
29/09/26 11:00	1.554525705	14.10
29/09/26 12:00	1.431825102	14.50
29/09/26 13:00	1.37209452	15.00
29/09/26 14:00	1.472109571	13.60
29/09/26 15:00	1.521571467	13.40
29/09/26 16:00	1.990934085	12.80
29/09/26 17:00	2.417230873	11.70
29/09/26 18:00	2.741249566	11.50
29/09/26 19:00	3.081155313	11.20
29/09/26 20:00	2.9649897	10.70
29/09/26 21:00	2.584275279	11.20
29/09/26 22:00	2.278636665	11.30
29/09/26 23:00	1.275885142	10.60
30/09/26 00:00	0.861189772	10.60
30/09/26 01:00	0.648968076	9.60
30/09/26 02:00	0.720780994	8.90
30/09/26 03:00	0.990437031	8.60
30/09/26 04:00	1.476567356	8.30
30/09/26 05:00	2.794605937	8.40
30/09/26 06:00	3.96249707	9.50
30/09/26 07:00	4.095527004	11.80
30/09/26 08:00	2.915869078	13.80
30/09/26 09:00	2.078841143	14.80
30/09/26 10:00	1.687164234	15.30
30/09/26 11:00	1.497744225	15.90
30/09/26 12:00	1.423659604	15.90
30/09/26 13:00	1.409562126	16.20
30/09/26 14:00	1.500561589	16.10
30/09/26 15:00	1.678954232	15.30
30/09/26 16:00	1.979667121	14.40
30/09/26 17:00	2.339324915	13.30
30/09/26 18:00	2.87667384	11.90
30/09/26 19:00	3.320816033	10.90
30/09/26 20:00	3.264604209	11.20
30/09/26 21:00	2.943389055	11.20
30/09/26 22:00	2.614698165	10.70
30/09/26 23:00	1.50784041	11.40
01/10/26 00:00	1.000832927	10.50
01/10/26 01:00	0.808352761	10.30
01/10/26 02:00	1.021539637	10.50
01/10/26 03:00	1.6212004	10.20
01/10/26 04:00	2.53598461	10.00
01/10/26 05:00	4.427610475	10.30
01/10/26 06:00	5.796638374	10.70
01/10/26 07:00	5.816090049	11.20
01/10/26 08:00	4.194460848	13.40
01/10/26 09:00	2.696188539	15.00
01/10/26 10:00	1.902035041	17.20
01/10/26 11:00	1.472757266	17.20
01/10/26 12:00	1.329964485	17.90
01/10/26 13:00	1.250038956	18.00
01/10/26 14:00	1.173368735	17.60
01/10/26 15:00	1.11699178	17.10
01/10/26 16:00	1.035479674	16.70
01/10/26 17:00	1.259061857	16.10
01/10/26 18:00	1.665868852	15.90
01/10/26 19:00	2.072638863	15.80
01/10/26 20:00	2.164045012	15.30
01/10/26 21:00	2.07131516	14.60
01/10/26 22:00	1.888737664	14.40
01/10/26 23:00	1.053175419	13.70
02/10/26 00:00	0.68282474	13.80
02/10/26 01:00	0.521742845	13.60
02/10/26 02:00	0.655497536	13.70
02/10/26 03:00	1.092296392	13.80
02/10/26 04:00	1.805944716	13.60
02/10/26 05:00	3.528988553	13.10
02/10/26 06:00	4.93149347	13.40
02/10/26 07:00	5.020383602	14.40
02/10/26 08:00	3.813092847	14.90
02/10/26 09:00	2.620162832	15.60
02/10/26 10:00	1.872651932	16.20
02/10/26 11:00	1.420560079	16.30
02/10/26 12:00	1.254260306	17.20
02/10/26 13:00	1.146344252	16.80
02/10/26 14:00	1.063194443	16.50
02/10/26 15:00	1.004013231	16.00
02/10/26 16:00	0.905410846	15.20
02/10/26 17:00	1.17377129	14.10
02/10/26 18:00	1.43937929	13.30
02/10/26 19:00	1.664139282	13.40
02/10/26 20:00	1.619705336	13.40
02/10/26 21:00	1.477150708	13.40
02/10/26 22:00	1.351149488	13.10
02/10/26 23:00	0.65331987	13.60
03/10/26 00:00	0.432688086	13.40
03/10/26 01:00	0.314234648	13.00
03/10/26 02:00	0.332190295	13.00
03/10/26 03:00	0.473208217	13.20
03/10/26 04:00	0.712227611	13.10
03/10/26 05:00	1.856843147	13.40
03/10/26 06:00	2.873152724	13.80
03/10/26 07:00	2.857029133	13.90
03/10/26 08:00	2.056584712	13.70
03/10/26 09:00	1.445453448	12.20
03/10/26 10:00	1.194894175	13.40
03/10/26 11:00	1.083408184	14.70
03/10/26 12:00	1.095539771	14.90
03/10/26 13:00	1.090586054	13.20
03/10/26 14:00	1.116840688	13.40
03/10/26 15:00	1.194491615	12.70
03/10/26 16:00	1.419599455	12.50
03/10/26 17:00	1.896625306	12.30
03/10/26 18:00	2.294434226	11.90
03/10/26 19:00	2.551941228	11.40
03/10/26 20:00	2.481338052	11.30
03/10/26 21:00	2.256763128	11.20
03/10/26 22:00	2.006029744	10.70
03/10/26 23:00	1.148227279	10.50
04/10/26 00:00	0.740433792	10.50
04/10/26 01:00	0.522530347	10.70
04/10/26 02:00	0.534414855	10.70
04/10/26 03:00	0.750285969	10.80
04/10/26 04:00	1.142213518	10.70
04/10/26 05:00	2.509200187	10.60
04/10/26 06:00	3.747713255	10.30
04/10/26 07:00	4.05835793	10.00
04/10/26 08:00	3.391467555	10.50
04/10/26 09:00	2.748339911	12.10
04/10/26 10:00	2.367975559	13.70
04/10/26 11:00	2.08084701	14.40
04/10/26 12:00	1.978794965	13.60
04/10/26 13:00	2.157114003	14.80
04/10/26 14:00	2.67547336	13.90
04/10/26 15:00	3.518091514	12.00
04/10/26 16:00	4.57151336	11.70
04/10/26 17:00	5.50120021	11.30
04/10/26 18:00	6.052628613	11.00
04/10/26 19:00	5.650430789	10.80
04/10/26 20:00	4.893863289	10.90
04/10/26 21:00	4.16490192	11.20
04/10/26 22:00	3.429908471	10.60
04/10/26 23:00	2.230391254	10.50
05/10/26 00:00	1.592364942	10.50
05/10/26 01:00	1.274593629	10.10
05/10/26 02:00	1.328130395	10.20
05/10/26 03:00	1.738691182	10.00
05/10/26 04:00	2.485283014	10.60
05/10/26 05:00	4.334390469	11.40
05/10/26 06:00	5.919738032	13.10
05/10/26 07:00	6.354884788	14.40
05/10/26 08:00	5.140811898	15.60
05/10/26 09:00	3.825220592	15.70
05/10/26 10:00	2.86913462	15.10
05/10/26 11:00	2.132113272	15.20
05/10/26 12:00	1.759615095	15.30
05/10/26 13:00	1.684561707	15.60
05/10/26 14:00	1.835722308	15.20
05/10/26 15:00	2.212471938	14.50
05/10/26 16:00	2.795240082	14.10
05/10/26 17:00	3.444931765	13.30
05/10/26 18:00	4.074842787	12.50
05/10/26 19:00	4.30802946	12.10
05/10/26 20:00	4.066878726	11.40
05/10/26 21:00	3.598890864	10.50
05/10/26 22:00	3.026053525	10.50
05/10/26 23:00	1.955503162	9.80
06/10/26 00:00	1.395954789	9.60
06/10/26 01:00	1.144721454	9.50
06/10/26 02:00	1.266889533	10.00
06/10/26 03:00	1.668812646	9.40
06/10/26 04:00	2.405440977	9.60
06/10/26 05:00	4.05001419	9.40
06/10/26 06:00	5.308993301	9.60
06/10/26 07:00	5.525537993	9.70
06/10/26 08:00	4.230320092	10.00
06/10/26 09:00	3.013379028	11.00
06/10/26 10:00	2.342791337	12.10
06/10/26 11:00	1.807720838	13.50
06/10/26 12:00	1.626190201	14.50
06/10/26 13:00	1.608445444	14.50
06/10/26 14:00	1.839561054	15.30
06/10/26 15:00	2.095469888	13.70
06/10/26 16:00	2.897585063	11.40
06/10/26 17:00	3.580377061	8.10
06/10/26 18:00	4.074910586	6.70
06/10/26 19:00	4.341841827	5.70
06/10/26 20:00	4.08837398	4.80
06/10/26 21:00	3.590486396	4.40
06/10/26 22:00	3.154562221	3.80
06/10/26 23:00	2.071661869	3.30
07/10/26 00:00	1.588723558	3.60
07/10/26 01:00	1.393969735	2.80
07/10/26 02:00	1.615121434	4.50
07/10/26 03:00	2.193199997	3.30
07/10/26 04:00	3.170981651	2.90
07/10/26 05:00	5.159129773	3.90
07/10/26 06:00	6.884784382	6.30
07/10/26 07:00	7.324815104	9.90
07/10/26 08:00	5.86937161	12.50
07/10/26 09:00	4.504398206	13.30
07/10/26 10:00	3.444891075	13.60
07/10/26 11:00	2.561876941	14.70
07/10/26 12:00	2.011762882	14.60
07/10/26 13:00	1.837587527	13.50
07/10/26 14:00	2.017522051	14.40
07/10/26 15:00	2.532273047	13.40
07/10/26 16:00	3.385606843	9.30
07/10/26 17:00	4.267307475	6.40
07/10/26 18:00	5.303993948	5.20
07/10/26 19:00	6.007764778	4.60
07/10/26 20:00	6.022563514	4.10
07/10/26 21:00	5.638659721	3.80
07/10/26 22:00	5.08166225	3.40
07/10/26 23:00	3.778296931	2.80
08/10/26 00:00	3.244012385	2.70
08/10/26 01:00	3.357130297	2.60
08/10/26 02:00	4.130819421	2.30
08/10/26 03:00	5.378719509	2.20
08/10/26 04:00	6.770075907	2.70
08/10/26 05:00	8.584210047	1.70
08/10/26 06:00	9.478784864	5.00
08/10/26 07:00	8.575978841	7.50
08/10/26 08:00	6.003674823	9.80
08/10/26 09:00	3.780215119	11.10
08/10/26 10:00	2.500630272	12.30
08/10/26 11:00	1.814956883	13.80
08/10/26 12:00	1.580902812	12.90
08/10/26 13:00	1.559355195	12.60
08/10/26 14:00	1.693188121	12.50
08/10/26 15:00	2.013732564	12.00
08/10/26 16:00	2.577658124	10.90
08/10/26 17:00	3.288859416	10.60
08/10/26 18:00	4.256075365	10.20
08/10/26 19:00	5.061385236	9.50
08/10/26 20:00	5.277501115	8.20
08/10/26 21:00	5.106135666	6.60
08/10/26 22:00	4.567180268	4.80
08/10/26 23:00	3.368698176	3.80
09/10/26 00:00	2.83862572	3.40
09/10/26 01:00	2.996155617	3.10
09/10/26 02:00	3.886857907	2.40
09/10/26 03:00	5.280865482	2.40
09/10/26 04:00	6.925747506	3.20
09/10/26 05:00	8.818836877	3.60
09/10/26 06:00	9.912563728	6.20
09/10/26 07:00	9.132603511	9.40
09/10/26 08:00	6.578251818	11.80
09/10/26 09:00	4.320625103	12.70
09/10/26 10:00	2.917355411	13.30
09/10/26 11:00	2.125315736	12.70
09/10/26 12:00	1.869559704	13.60
09/10/26 13:00	1.996333801	13.40
09/10/26 14:00	2.405607062	14.00
09/10/26 15:00	3.098501119	12.20
09/10/26 16:00	4.076145133	9.50
09/10/26 17:00	4.84792766	6.20
09/10/26 18:00	5.547637865	6.40
09/10/26 19:00	5.685119431	5.00
09/10/26 20:00	5.288596142	4.40
09/10/26 21:00	4.777755786	3.50
09/10/26 22:00	4.288633615	3.10
09/10/26 23:00	3.315178564	3.40
10/10/26 00:00	3.002514973	4.80
10/10/26 01:00	3.289294013	6.20
10/10/26 02:00	4.190232475	6.60
10/10/26 03:00	5.53253571	6.60
10/10/26 04:00	7.057116272	6.60
10/10/26 05:00	8.878491554	7.10
10/10/26 06:00	9.89391658	7.60
10/10/26 07:00	9.043471261	8.90
10/10/26 08:00	6.480129606	10.90
10/10/26 09:00	4.218882325	12.60
10/10/26 10:00	2.812024497	12.70
10/10/26 11:00	2.009458478	13.30
10/10/26 12:00	1.715164385	12.80
10/10/26 13:00	1.725211302	14.50
10/10/26 14:00	1.959664245	13.50
10/10/26 15:00	2.438533451	11.60
10/10/26 16:00	3.224272748	10.10
10/10/26 17:00	4.043643095	6.10
10/10/26 18:00	5.028250042	4.90
10/10/26 19:00	5.765501358	4.20
10/10/26 20:00	5.807611527	4.30
10/10/26 21:00	5.429853853	3.30
10/10/26 22:00	4.783883752	2.90
10/10/26 23:00	3.461187249	2.10
11/10/26 00:00	2.680714083	1.90
11/10/26 01:00	2.495586295	2.50
11/10/26 02:00	2.978973634	3.20
11/10/26 03:00	3.996392405	3.50
11/10/26 04:00	5.393300496	3.90
11/10/26 05:00	7.410210212	3.70
11/10/26 06:00	8.873694637	5.10
11/10/26 07:00	8.502939567	7.70
11/10/26 08:00	6.365925871	9.50
11/10/26 09:00	4.373637039	11.10
11/10/26 10:00	3.027238652	12.80
11/10/26 11:00	2.16297931	13.30
11/10/26 12:00	1.801890007	13.90
11/10/26 13:00	1.788030366	14.10
11/10/26 14:00	2.040635559	14.00
11/10/26 15:00	2.584683024	13.00
11/10/26 16:00	3.464720997	11.00
11/10/26 17:00	4.384041541	9.30
11/10/26 18:00	5.441605785	9.50
11/10/26 19:00	6.20364883	9.50
11/10/26 20:00	6.208399072	10.20
11/10/26 21:00	5.791919948	10.90
11/10/26 22:00	5.14705817	10.90
11/10/26 23:00	3.926537933	10.00
12/10/26 00:00	3.369159906	10.00
12/10/26 01:00	3.514813668	10.30
12/10/26 02:00	4.374325812	10.30
12/10/26 03:00	5.716963709	10.70
12/10/26 04:00	7.210147464	10.90
12/10/26 05:00	8.998507995	11.20
12/10/26 06:00	10.02075284	11.70
12/10/26 07:00	9.185429899	13.50
12/10/26 08:00	6.61580814	14.00
12/10/26 09:00	4.347369775	14.00
12/10/26 10:00	2.946137449	13.90
12/10/26 11:00	2.144950116	13.50
12/10/26 12:00	1.822465455	12.50
12/10/26 13:00	1.768458198	12.70
12/10/26 14:00	1.884214617	12.00
12/10/26 15:00	2.163344439	11.40
12/10/26 16:00	2.64999814	10.90
12/10/26 17:00	3.13571825	10.60
12/10/26 18:00	3.734106694	9.50
12/10/26 19:00	4.201663066	9.80
12/10/26 20:00	4.068357195	9.70
12/10/26 21:00	3.556235686	9.30
12/10/26 22:00	2.99730141	8.80
12/10/26 23:00	1.857999457	8.30
13/10/26 00:00	1.220199597	7.50
13/10/26 01:00	0.926016297	8.00
13/10/26 02:00	1.055763988	8.00
13/10/26 03:00	1.495901118	8.20
13/10/26 04:00	2.284566869	8.00
13/10/26 05:00	3.996265768	7.90
13/10/26 06:00	5.303090942	8.10
13/10/26 07:00	5.519067496	9.20
13/10/26 08:00	4.207587267	10.10
13/10/26 09:00	3.111290253	11.00
13/10/26 10:00	2.489477701	10.00
13/10/26 11:00	2.125454291	9.90
13/10/26 12:00	2.220170076	11.20
13/10/26 13:00	2.625414369	10.60
13/10/26 14:00	3.3614553	9.80
13/10/26 15:00	4.215895009	9.20
13/10/26 16:00	5.450668555	9.00
13/10/26 17:00	6.426705329	9.10
13/10/26 18:00	6.933786314	9.00
13/10/26 19:00	6.671233107	8.50
13/10/26 20:00	5.913308822	8.30
13/10/26 21:00	5.04166603	8.20
13/10/26 22:00	4.304862789	7.80
13/10/26 23:00	3.026967257	7.90
14/10/26 00:00	2.443621933	7.70
14/10/26 01:00	2.252863265	7.70
14/10/26 02:00	2.471807474	7.30
14/10/26 03:00	3.161586777	7.10
14/10/26 04:00	4.257430011	7.00
14/10/26 05:00	6.408974484	6.30
14/10/26 06:00	7.747282615	6.70
14/10/26 07:00	7.858455884	7.20
14/10/26 08:00	6.139146921	7.90
14/10/26 09:00	5.078135917	9.30
14/10/26 10:00	4.422530886	10.30
14/10/26 11:00	4.199370312	10.40
14/10/26 12:00	4.331822997	11.70
14/10/26 13:00	4.729278213	10.90
14/10/26 14:00	5.399731991	10.60
14/10/26 15:00	6.359547006	10.90
14/10/26 16:00	7.55340195	9.50
14/10/26 17:00	8.295414053	9.40
14/10/26 18:00	8.587121939	9.00
14/10/26 19:00	8.055272055	8.40
14/10/26 20:00	7.092297084	8.10
14/10/26 21:00	6.038541578	7.80
14/10/26 22:00	5.040538512	7.50
14/10/26 23:00	3.510532107	7.60
15/10/26 00:00	2.791257987	8.10
15/10/26 01:00	2.531313028	8.40
15/10/26 02:00	2.816741792	8.80
15/10/26 03:00	3.655112393	8.90
15/10/26 04:00	4.970975459	9.10
15/10/26 05:00	7.186377525	7.70
15/10/26 06:00	9.049975799	8.00
15/10/26 07:00	9.071925462	9.80
15/10/26 08:00	7.226597468	11.50
15/10/26 09:00	5.422112526	11.90
15/10/26 10:00	4.081199855	11.80
15/10/26 11:00	3.047707275	11.50
15/10/26 12:00	2.488858894	12.50
15/10/26 13:00	2.441759459	12.30
15/10/26 14:00	2.806552599	12.40
15/10/26 15:00	3.560847517	11.60
15/10/26 16:00	4.679578546	11.10
15/10/26 17:00	5.558111382	10.90
15/10/26 18:00	6.274269052	10.40
15/10/26 19:00	6.34790366	10.80
15/10/26 20:00	5.834937976	10.40
15/10/26 21:00	5.112031303	10.30
15/10/26 22:00	4.279809842	10.50
15/10/26 23:00	3.005598441	10.20
16/10/26 00:00	2.276111898	10.20
16/10/26 01:00	2.004147155	9.80
16/10/26 02:00	2.23771737	9.70
16/10/26 03:00	2.916683222	9.30
16/10/26 04:00	3.98862337	9.60
16/10/26 05:00	5.913448588	9.80
16/10/26 06:00	7.510160426	9.40
16/10/26 07:00	7.363489001	9.30
16/10/26 08:00	5.412432039	9.70
16/10/26 09:00	3.617924958	10.40
16/10/26 10:00	2.536547983	12.20
16/10/26 11:00	1.935491112	13.50
16/10/26 12:00	1.782843634	13.70
16/10/26 13:00	1.949362355	14.30
16/10/26 14:00	2.36223419	14.50
16/10/26 15:00	3.028033465	13.70
16/10/26 16:00	3.95261943	12.40
16/10/26 17:00	4.63271789	12.30
16/10/26 18:00	5.241423795	11.70
16/10/26 19:00	5.23184911	10.80
16/10/26 20:00	4.660571735	10.40
16/10/26 21:00	4.023147391	9.30
16/10/26 22:00	3.38546125	8.80
16/10/26 23:00	2.23004311	8.90
17/10/26 00:00	1.622031735	7.60
17/10/26 01:00	1.375437795	7.00
17/10/26 02:00	1.553492105	7.30
17/10/26 03:00	2.160745997	7.60
17/10/26 04:00	3.247691281	7.90
17/10/26 05:00	5.280499483	8.50
17/10/26 06:00	7.274162769	8.60
17/10/26 07:00	7.799660344	8.70
17/10/26 08:00	6.558788965	10.10
17/10/26 09:00	5.189333226	11.20
17/10/26 10:00	4.10129103	12.70
17/10/26 11:00	3.123744672	13.80
17/10/26 12:00	2.428446476	14.80
17/10/26 13:00	2.148732442	15.30
17/10/26 14:00	2.233034107	15.30
17/10/26 15:00	2.645946982	14.60
17/10/26 16:00	3.373644836	14.10
17/10/26 17:00	3.975276972	13.80
17/10/26 18:00	4.591376325	13.90
17/10/26 19:00	4.805146143	13.70
17/10/26 20:00	4.479824365	13.50
17/10/26 21:00	3.967128497	13.20
17/10/26 22:00	3.481203027	13.20
17/10/26 23:00	2.457466089	13.30
18/10/26 00:00	1.972631506	14.30
18/10/26 01:00	1.89340166	14.40
18/10/26 02:00	2.284753032	14.40
18/10/26 03:00	3.107275143	14.10
18/10/26 04:00	4.270603609	14.00
18/10/26 05:00	6.44154987	14.30
18/10/26 06:00	8.066142106	14.50
18/10/26 07:00	8.197258861	14.90
18/10/26 08:00	6.505958652	15.60
18/10/26 09:00	4.856444918	16.00
18/10/26 10:00	3.659066267	16.80
18/10/26 11:00	2.755549888	18.20
18/10/26 12:00	2.270075924	18.20
18/10/26 13:00	2.14935911	17.70
18/10/26 14:00	2.386906594	17.50
18/10/26 15:00	2.998451004	16.80
18/10/26 16:00	3.865159675	15.20
18/10/26 17:00	4.581732799	13.80
18/10/26 18:00	5.098976031	13.50
18/10/26 19:00	4.768725355	13.40
18/10/26 20:00	4.117250837	13.20
18/10/26 21:00	3.540877248	15.40
18/10/26 22:00	3.007356302	14.50
18/10/26 23:00	1.999336979	14.40
19/10/26 00:00	1.51469569	14.30
19/10/26 01:00	1.222266772	14.10
19/10/26 02:00	1.134901845	13.30
19/10/26 03:00	1.226432649	13.70
19/10/26 04:00	1.45777713	14.30
19/10/26 05:00	2.669651788	14.60
19/10/26 06:00	3.775889352	14.60
19/10/26 07:00	3.826887007	15.00
19/10/26 08:00	2.841004514	16.80
19/10/26 09:00	2.058328825	18.80
19/10/26 10:00	1.599381613	20.00
19/10/26 11:00	1.29012357	20.90
19/10/26 12:00	1.213846872	21.00
19/10/26 13:00	1.302674915	20.50
19/10/26 14:00	1.63127149	19.80
19/10/26 15:00	2.326940261	18.40
19/10/26 16:00	3.255724544	17.90
19/10/26 17:00	4.150777429	17.20
19/10/26 18:00	4.739968343	17.00
19/10/26 19:00	4.578355565	16.90
19/10/26 20:00	4.030446094	16.30
19/10/26 21:00	3.448831672	15.90
19/10/26 22:00	2.889429688	16.60
19/10/26 23:00	1.887158456	16.10
20/10/26 00:00	1.427911575	16.00
20/10/26 01:00	1.163075661	15.50
20/10/26 02:00	1.122763691	15.20
20/10/26 03:00	1.193344854	15.10
20/10/26 04:00	1.432744174	15.00
20/10/26 05:00	2.509885623	15.10
20/10/26 06:00	3.436817295	15.50
20/10/26 07:00	3.579016163	15.70
20/10/26 08:00	2.803504928	15.60
20/10/26 09:00	1.867236964	15.40
20/10/26 10:00	1.407363137	15.30
20/10/26 11:00	1.1247506	15.80
20/10/26 12:00	1.027766123	15.90
20/10/26 13:00	0.980631733	15.80
20/10/26 14:00	0.959154234	15.30
20/10/26 15:00	1.02876023	14.90
20/10/26 16:00	1.108941859	14.20
20/10/26 17:00	1.198443022	14.10
20/10/26 18:00	1.316706724	13.80
20/10/26 19:00	1.625235772	13.70
20/10/26 20:00	1.532407132	13.60
20/10/26 21:00	1.253653476	13.50
20/10/26 22:00	1.185408207	13.60
20/10/26 23:00	0.466419528	13.50
21/10/26 00:00	0.3409153	13.30
21/10/26 01:00	0.245305851	13.30
21/10/26 02:00	0.250431983	13.30
21/10/26 03:00	0.268661119	12.80
21/10/26 04:00	0.361958221	12.60
21/10/26 05:00	1.312434296	11.90
21/10/26 06:00	2.320197306	11.60
21/10/26 07:00	2.527897989	11.90
21/10/26 08:00	1.872322062	12.20
21/10/26 09:00	1.325893837	12.80
21/10/26 10:00	1.280586519	13.10
21/10/26 11:00	1.236200272	13.70
21/10/26 12:00	1.297738251	14.20
21/10/26 13:00	1.486659773	14.50
21/10/26 14:00	1.968859281	14.70
21/10/26 15:00	2.719186158	14.50
21/10/26 16:00	3.808934434	14.30
21/10/26 17:00	4.58464531	14.30
21/10/26 18:00	5.086041118	14.10
21/10/26 19:00	4.848806722	14.10
21/10/26 20:00	4.150476248	14.10
21/10/26 21:00	3.44553278	14.10
21/10/26 22:00	2.877228108	14.00
21/10/26 23:00	1.704011306	13.90
22/10/26 00:00	1.217376643	13.70
22/10/26 01:00	0.963163396	13.50
22/10/26 02:00	0.979753689	13.40
22/10/26 03:00	1.251265764	13.00
22/10/26 04:00	1.757114923	12.70
22/10/26 05:00	3.301741289	12.60
22/10/26 06:00	4.71260696	12.30
22/10/26 07:00	4.997074161	12.40
22/10/26 08:00	4.235504229	14.60
22/10/26 09:00	3.416894506	17.60
22/10/26 10:00	2.869396918	19.40
22/10/26 11:00	2.466233837	21.10
22/10/26 12:00	2.323632262	21.50
22/10/26 13:00	2.399540332	22.00
22/10/26 14:00	2.734502255	20.90
22/10/26 15:00	3.378045209	19.80
22/10/26 16:00	4.293668288	17.80
22/10/26 17:00	5.155144144	16.00
22/10/26 18:00	5.571304487	16.40
22/10/26 19:00	5.07232299	16.40
22/10/26 20:00	4.274611194	16.60
22/10/26 21:00	3.578833411	16.00
22/10/26 22:00	2.971915944	15.10
22/10/26 23:00	1.940763341	15.00
23/10/26 00:00	1.485582121	14.80
23/10/26 01:00	1.249556144	14.30
23/10/26 02:00	1.250338261	13.90
23/10/26 03:00	1.457404044	13.30
23/10/26 04:00	1.833203496	12.90
23/10/26 05:00	3.177188592	13.10
23/10/26 06:00	4.347939419	13.10
23/10/26 07:00	4.365467366	13.30
23/10/26 08:00	3.184623576	13.70
23/10/26 09:00	2.110152876	14.60
23/10/26 10:00	1.466242537	15.70
23/10/26 11:00	1.071704091	16.90
23/10/26 12:00	0.938271626	17.60
23/10/26 13:00	0.823529563	18.10
23/10/26 14:00	0.780057366	17.70
23/10/26 15:00	0.801665773	16.30
23/10/26 16:00	0.775721523	15.30
23/10/26 17:00	0.955272192	14.60
23/10/26 18:00	1.155836455	13.40
23/10/26 19:00	1.343650754	12.80
23/10/26 20:00	1.264812706	12.50
23/10/26 21:00	1.12172154	12.20
23/10/26 22:00	1.062024807	11.90
23/10/26 23:00	0.443052314	11.70
24/10/26 00:00	0.307305395	11.20
24/10/26 01:00	0.243044611	11.30
24/10/26 02:00	0.288128639	11.20
24/10/26 03:00	0.437928528	11.00
24/10/26 04:00	0.691010135	10.90
24/10/26 05:00	1.908767596	10.70
24/10/26 06:00	3.049326278	10.90
24/10/26 07:00	3.177736994	11.10
24/10/26 08:00	2.436976721	12.50
24/10/26 09:00	1.830768288	12.70
24/10/26 10:00	1.477360114	13.60
24/10/26 11:00	1.236561073	13.50
24/10/26 12:00	1.173302107	13.60
24/10/26 13:00	1.178743734	13.30
24/10/26 14:00	1.294207283	13.10
24/10/26 15:00	1.549684026	12.80
24/10/26 16:00	2.06239125	12.40
24/10/26 17:00	2.721780941	12.20
24/10/26 18:00	3.227422857	11.80
24/10/26 19:00	3.459087759	11.50
24/10/26 20:00	3.323263201	11.30
24/10/26 21:00	3.018630603	11.20
24/10/26 22:00	2.629916758	11.00
24/10/26 23:00	1.66546702	10.80
25/10/26 00:00	1.220028451	10.80
25/10/26 01:00	1.033511065	10.70
25/10/26 02:00	1.153158408	10.60
25/10/26 03:00	1.564550906	10.50
25/10/26 04:00	2.239737224	10.50
25/10/26 05:00	3.956588391	10.70
25/10/26 06:00	5.390008888	10.80
25/10/26 07:00	5.593329	11.00
25/10/26 08:00	4.464005399	10.90
25/10/26 09:00	3.316049705	11.00
25/10/26 10:00	2.616447736	11.70
25/10/26 11:00	2.254144317	12.20
25/10/26 12:00	2.282242309	12.90
25/10/26 13:00	2.617104185	12.50
25/10/26 14:00	3.241417523	11.50
25/10/26 15:00	4.122456757	10.90
25/10/26 16:00	5.138420974	10.50
25/10/26 17:00	6.040832789	10.40
25/10/26 18:00	6.497558923	10.10
25/10/26 19:00	6.042449906	10.00
25/10/26 20:00	5.269882859	9.70
25/10/26 21:00	4.557668564	9.50
25/10/26 22:00	3.860611162	9.10
25/10/26 23:00	2.67468753	8.60
26/10/26 00:00	2.04845219	7.80
26/10/26 01:00	1.740557974	7.70
26/10/26 02:00	1.799885492	7.50
26/10/26 03:00	2.211376799	7.00
26/10/26 04:00	2.957571982	6.00
26/10/26 05:00	4.839596095	4.80
26/10/26 06:00	6.481436688	4.20
26/10/26 07:00	7.049585577	5.20
26/10/26 08:00	6.044461932	5.40
26/10/26 09:00	4.976358991	6.30
26/10/26 10:00	4.213656548	6.40
26/10/26 11:00	3.542007654	6.70
26/10/26 12:00	3.112201373	6.70
26/10/26 13:00	3.066188717	6.40
26/10/26 14:00	3.486171887	6.00
26/10/26 15:00	4.409615936	5.20
26/10/26 16:00	5.633175025	4.10
26/10/26 17:00	6.628932463	3.90
26/10/26 18:00	7.263222703	3.70
26/10/26 19:00	6.883942128	3.30
26/10/26 20:00	6.097763291	2.60
26/10/26 21:00	5.300265321	1.60
26/10/26 22:00	4.488013605	0.70
26/10/26 23:00	3.242549755	0.60
27/10/26 00:00	2.721399083	-1.00
27/10/26 01:00	2.595847189	0.30
27/10/26 02:00	2.944114274	0.20
27/10/26 03:00	3.86425063	0.00
27/10/26 04:00	5.221988756	-0.40
27/10/26 05:00	7.561621691	-1.20
27/10/26 06:00	9.125634531	-0.70
27/10/26 07:00	9.490627545	2.50
27/10/26 08:00	8.220077687	3.60
27/10/26 09:00	6.976995632	6.40
27/10/26 10:00	5.876602162	6.90
27/10/26 11:00	5.082010977	7.20
27/10/26 12:00	4.862272318	7.70
27/10/26 13:00	5.23820183	7.50
27/10/26 14:00	6.111233617	7.30
27/10/26 15:00	7.288652545	6.40
27/10/26 16:00	8.672886799	4.70
27/10/26 17:00	9.872664612	1.80
27/10/26 18:00	10.58865964	2.40
27/10/26 19:00	10.31485702	0.20
27/10/26 20:00	9.547356501	3.90
27/10/26 21:00	8.733065957	1.90
27/10/26 22:00	7.602720942	1.60
27/10/26 23:00	6.031071568	0.30
28/10/26 00:00	5.664771707	-1.30
28/10/26 01:00	5.859099111	-1.50
28/10/26 02:00	6.855474686	-1.60
28/10/26 03:00	8.2715823	-2.50
28/10/26 04:00	9.808365394	-2.60
28/10/26 05:00	11.79512484	-2.50
28/10/26 06:00	12.75598499	-1.80
28/10/26 07:00	11.8101389	0.80
28/10/26 08:00	9.272398935	5.60
28/10/26 09:00	6.842103698	8.00
28/10/26 10:00	5.349544627	8.90
28/10/26 11:00	4.055301398	8.20
28/10/26 12:00	3.609390488	9.20
28/10/26 13:00	3.803762768	9.70
28/10/26 14:00	4.643160194	9.00
28/10/26 15:00	5.944275088	8.40
28/10/26 16:00	7.646792646	7.90
28/10/26 17:00	9.068440863	7.70
28/10/26 18:00	10.22984475	7.40
28/10/26 19:00	10.33704722	6.90
28/10/26 20:00	9.710979845	6.70
28/10/26 21:00	8.912364729	6.70
28/10/26 22:00	7.995911001	7.20
28/10/26 23:00	6.466523597	7.20
29/10/26 00:00	5.683374448	7.00
29/10/26 01:00	6.03763402	6.10
29/10/26 02:00	7.234557653	6.00
29/10/26 03:00	8.931176741	5.70
29/10/26 04:00	10.61702255	5.50
29/10/26 05:00	12.51536706	5.40
29/10/26 06:00	13.56523054	5.50
29/10/26 07:00	13.25651377	5.70
29/10/26 08:00	10.36750906	6.30
29/10/26 09:00	7.623470849	7.20
29/10/26 10:00	5.7593058	8.30
29/10/26 11:00	4.368817335	8.60
29/10/26 12:00	3.67182037	9.10
29/10/26 13:00	3.642109956	9.40
29/10/26 14:00	4.167314114	9.10
29/10/26 15:00	5.169150415	8.90
29/10/26 16:00	6.523732935	8.60
29/10/26 17:00	7.611237794	8.40
29/10/26 18:00	8.355259527	8.20
29/10/26 19:00	8.134821421	8.30
29/10/26 20:00	7.540822954	8.40
29/10/26 21:00	6.77094554	8.30
29/10/26 22:00	5.927495738	8.30
29/10/26 23:00	4.460036712	8.30
30/10/26 00:00	3.370098097	8.10
30/10/26 01:00	3.106348717	7.60
30/10/26 02:00	3.483102078	6.70
30/10/26 03:00	4.446953511	6.40
30/10/26 04:00	5.91268129	5.40
30/10/26 05:00	8.260602655	3.40
30/10/26 06:00	10.09773799	3.80
30/10/26 07:00	10.81476888	6.40
30/10/26 08:00	9.110413655	7.20
30/10/26 09:00	7.533901973	7.60
30/10/26 10:00	6.596150705	8.60
30/10/26 11:00	5.8366018	8.80
30/10/26 12:00	5.536292661	9.30
30/10/26 13:00	5.754880878	9.10
30/10/26 14:00	6.384307814	9.00
30/10/26 15:00	7.262165243	8.60
30/10/26 16:00	8.291096589	7.50
30/10/26 17:00	8.880760938	7.60
30/10/26 18:00	9.080083174	7.40
30/10/26 19:00	8.424745137	6.80
30/10/26 20:00	7.489775268	5.70
30/10/26 21:00	6.470122137	5.10
30/10/26 22:00	5.474134117	5.00
30/10/26 23:00	3.977509055	4.80
31/10/26 00:00	2.800722708	4.40
31/10/26 01:00	2.552548063	4.80
31/10/26 02:00	2.914999697	4.90
31/10/26 03:00	3.860583867	4.50
31/10/26 04:00	5.345139587	3.80
31/10/26 05:00	7.770691901	4.60
31/10/26 06:00	9.663742158	6.20
31/10/26 07:00	10.42850311	7.40
31/10/26 08:00	8.65688008	8.40
31/10/26 09:00	6.961480911	9.70
31/10/26 10:00	5.899281052	11.10
31/10/26 11:00	5.033324977	11.50
31/10/26 12:00	4.59332291	12.30
31/10/26 13:00	4.693055587	12.20
31/10/26 14:00	5.256166819	11.80
31/10/26 15:00	6.255530146	10.20
31/10/26 16:00	7.600135464	8.60
31/10/26 17:00	8.528012996	8.00
31/10/26 18:00	9.03259143	7.70
31/10/26 19:00	8.677315453	7.40
31/10/26 20:00	7.929410123	7.10
31/10/26 21:00	6.995900052	6.40
31/10/26 22:00	5.977839548	6.50
31/10/26 23:00	4.457423163	6.40
01/11/26 00:00	3.678940827	6.40
01/11/26 01:00	3.513830349	6.40
01/11/26 02:00	4.031379083	6.40
01/11/26 03:00	5.131170354	6.30
01/11/26 04:00	6.604477467	6.80
01/11/26 05:00	8.715204389	7.10
01/11/26 06:00	10.03067248	7.50
01/11/26 07:00	10.18947743	8.30
01/11/26 08:00	7.956294743	8.50
01/11/26 09:00	5.872863367	8.80
01/11/26 10:00	4.496175445	9.70
01/11/26 11:00	3.359703067	10.40
01/11/26 12:00	2.748946716	9.70
01/11/26 13:00	2.735008926	9.10
01/11/26 14:00	3.22040827	9.00
01/11/26 15:00	4.160202796	8.60
01/11/26 16:00	5.462132598	7.70
01/11/26 17:00	6.510758008	7.10
01/11/26 18:00	7.267780497	7.10
01/11/26 19:00	7.253213823	7.00
01/11/26 20:00	6.795388389	7.20
01/11/26 21:00	6.100431389	6.90
01/11/26 22:00	5.290767409	7.30
01/11/26 23:00	3.91610547	6.80
02/11/26 00:00	3.270076315	6.80
02/11/26 01:00	3.020159362	6.10
02/11/26 02:00	3.365217402	5.30
02/11/26 03:00	4.228913197	5.50
02/11/26 04:00	5.536780725	5.40
02/11/26 05:00	7.710933916	5.90
02/11/26 06:00	9.355291722	6.10
02/11/26 07:00	9.973888467	6.60
02/11/26 08:00	8.320759372	7.30
02/11/26 09:00	6.965958032	7.70
02/11/26 10:00	6.386940403	8.30
02/11/26 11:00	5.949086977	9.20
02/11/26 12:00	5.831309308	9.20
02/11/26 13:00	6.03876191	9.70
02/11/26 14:00	6.560329046	9.10
02/11/26 15:00	7.37770535	8.20
02/11/26 16:00	8.408229992	7.50
02/11/26 17:00	9.079976785	6.50
02/11/26 18:00	9.403782263	5.40
02/11/26 19:00	8.862928926	5.00
02/11/26 20:00	7.957235158	4.90
02/11/26 21:00	6.90926673	4.90
02/11/26 22:00	5.838633965	5.00
02/11/26 23:00	4.261516794	5.30
03/11/26 00:00	3.370303675	5.00
03/11/26 01:00	3.065496011	4.40
03/11/26 02:00	3.507918652	3.50
03/11/26 03:00	4.448716854	4.00
03/11/26 04:00	5.838451478	4.80
03/11/26 05:00	8.053283844	4.10
03/11/26 06:00	9.443098553	5.20
03/11/26 07:00	9.154626586	5.30
03/11/26 08:00	7.078194651	6.10
03/11/26 09:00	5.696375533	6.40
03/11/26 10:00	5.081136093	6.80
03/11/26 11:00	4.377479599	7.00
03/11/26 12:00	4.189003116	7.50
03/11/26 13:00	4.567224992	8.20
03/11/26 14:00	5.435102499	8.70
03/11/26 15:00	6.650387887	8.20
03/11/26 16:00	8.029031317	8.10
03/11/26 17:00	8.912932442	7.90
03/11/26 18:00	9.63159117	7.40
03/11/26 19:00	9.341731824	6.00
03/11/26 20:00	8.495231589	6.10
03/11/26 21:00	7.54841415	6.40
03/11/26 22:00	6.653794361	5.50
03/11/26 23:00	4.961292399	5.40
04/11/26 00:00	3.929972314	4.70
04/11/26 01:00	3.707354068	2.70
04/11/26 02:00	4.288619764	2.10
04/11/26 03:00	5.341050771	2.20
04/11/26 04:00	6.856889352	1.60
04/11/26 05:00	9.166593631	1.90
04/11/26 06:00	10.72845449	2.30
04/11/26 07:00	10.60537571	3.30
04/11/26 08:00	8.948482675	5.70
04/11/26 09:00	7.747890299	7.40
04/11/26 10:00	7.425340848	7.50
04/11/26 11:00	6.896948928	7.70
04/11/26 12:00	6.662403374	7.70
04/11/26 13:00	6.63876985	7.30
04/11/26 14:00	6.907546112	7.60
04/11/26 15:00	7.533978331	7.90
04/11/26 16:00	8.482586612	8.70
04/11/26 17:00	9.1849416	8.90
04/11/26 18:00	9.656170768	8.90
04/11/26 19:00	9.204599502	8.90
04/11/26 20:00	8.29575455	8.40
04/11/26 21:00	7.335826306	8.00
04/11/26 22:00	6.343253737	7.90
04/11/26 23:00	4.664748544	7.80
05/11/26 00:00	3.990651833	7.50
05/11/26 01:00	3.997051799	7.30
05/11/26 02:00	4.752420684	7.40
05/11/26 03:00	6.121710847	7.20
05/11/26 04:00	7.854585466	6.80
05/11/26 05:00	10.09138783	6.80
05/11/26 06:00	11.48006694	6.70
05/11/26 07:00	11.59450832	7.10
05/11/26 08:00	9.226455388	7.40
05/11/26 09:00	7.117490295	8.30
05/11/26 10:00	5.999983032	9.90
05/11/26 11:00	5.460052014	6.60
05/11/26 12:00	5.656342081	8.20
05/11/26 13:00	6.307850564	9.20
05/11/26 14:00	7.109171664	9.10
05/11/26 15:00	7.956318989	8.20
05/11/26 16:00	8.771407005	4.50
05/11/26 17:00	9.119421108	6.00
05/11/26 18:00	9.11822248	5.60
05/11/26 19:00	8.355396524	4.70
05/11/26 20:00	7.399084552	5.40
05/11/26 21:00	6.414237839	4.10
05/11/26 22:00	5.473436011	5.50
05/11/26 23:00	4.010863731	3.90
06/11/26 00:00	2.973645694	3.70
06/11/26 01:00	2.672999615	3.10
06/11/26 02:00	2.947791373	2.50
06/11/26 03:00	3.753018411	1.50
06/11/26 04:00	5.055663826	0.80
06/11/26 05:00	7.288196511	0.30
06/11/26 06:00	9.058371843	0.60
06/11/26 07:00	9.7387724	3.80
06/11/26 08:00	7.931409005	8.20
06/11/26 09:00	6.221753808	9.60
06/11/26 10:00	5.155231859	9.00
06/11/26 11:00	4.301026095	10.30
06/11/26 12:00	3.968997887	10.50
06/11/26 13:00	4.212935932	9.80
06/11/26 14:00	4.896763231	9.30
06/11/26 15:00	6.007768404	9.00
06/11/26 16:00	7.524695351	8.00
06/11/26 17:00	8.718959372	7.70
06/11/26 18:00	9.483771589	7.60
06/11/26 19:00	9.23606568	7.80
06/11/26 20:00	8.529368692	8.40
06/11/26 21:00	7.580455128	9.40
06/11/26 22:00	6.503157068	9.80
06/11/26 23:00	4.931071194	10.30
07/11/26 00:00	4.13250003	10.50
07/11/26 01:00	4.112351524	10.60
07/11/26 02:00	4.881323347	10.70
07/11/26 03:00	6.300083569	10.80
07/11/26 04:00	8.080757167	10.70
07/11/26 05:00	10.3416223	10.70
07/11/26 06:00	11.63372128	10.50
07/11/26 07:00	11.56740188	10.50
07/11/26 08:00	8.882742376	10.50
07/11/26 09:00	6.327364955	10.70
07/11/26 10:00	4.667767716	10.60
07/11/26 11:00	3.558451789	10.60
07/11/26 12:00	3.19882675	10.60
07/11/26 13:00	3.488455105	10.40
07/11/26 14:00	4.243188058	10.20
07/11/26 15:00	5.399812982	9.70
07/11/26 16:00	6.792606273	9.60
07/11/26 17:00	7.77292274	9.60
07/11/26 18:00	8.302440546	9.70
07/11/26 19:00	7.893286587	9.80
07/11/26 20:00	7.08241424	9.90
07/11/26 21:00	6.097697771	9.90
07/11/26 22:00	5.078654292	9.80
07/11/26 23:00	3.538304972	9.50
08/11/26 00:00	2.391487709	9.40
08/11/26 01:00	1.914767652	9.50
08/11/26 02:00	1.864060346	9.50
08/11/26 03:00	2.241122271	9.50
08/11/26 04:00	3.013536859	9.30
08/11/26 05:00	4.806843083	9.00
08/11/26 06:00	6.395087616	9.30
08/11/26 07:00	7.438999664	9.60
08/11/26 08:00	6.356271677	9.60
08/11/26 09:00	5.400227341	10.10
08/11/26 10:00	4.99671108	11.00
08/11/26 11:00	4.666122831	11.10
08/11/26 12:00	4.631876983	11.20
08/11/26 13:00	4.960346708	11.50
08/11/26 14:00	5.524524263	11.40
08/11/26 15:00	6.337412188	10.90
08/11/26 16:00	7.327460817	10.60
08/11/26 17:00	7.8500378	10.20
08/11/26 18:00	7.975045568	9.20
08/11/26 19:00	7.351398133	9.00
08/11/26 20:00	6.397549162	9.10
08/11/26 21:00	5.368441539	9.50
08/11/26 22:00	4.444551541	9.40
08/11/26 23:00	3.143300522	9.40
09/11/26 00:00	2.376967817	9.20
09/11/26 01:00	2.009808252	9.40
09/11/26 02:00	2.077559936	9.20
09/11/26 03:00	2.59960283	9.30
09/11/26 04:00	3.599306055	9.10
09/11/26 05:00	5.631361467	9.10
09/11/26 06:00	7.360262661	9.10
09/11/26 07:00	8.381790099	9.30
09/11/26 08:00	7.037925635	9.50
09/11/26 09:00	5.759562208	9.80
09/11/26 10:00	5.033171255	9.90
09/11/26 11:00	4.368573598	10.30
09/11/26 12:00	4.073825092	10.60
09/11/26 13:00	4.262175259	10.20
09/11/26 14:00	4.853639033	10.50
09/11/26 15:00	5.759768165	9.30
09/11/26 16:00	6.881531319	8.40
09/11/26 17:00	7.582147652	8.50
09/11/26 18:00	7.900053744	8.60
09/11/26 19:00	7.448180591	8.10
09/11/26 20:00	6.623484792	8.30
09/11/26 21:00	5.649731164	8.50
09/11/26 22:00	4.638216472	9.00
09/11/26 23:00	3.271289502	8.50
10/11/26 00:00	2.513746817	8.00
10/11/26 01:00	2.107901283	8.30
10/11/26 02:00	2.149151	8.60
10/11/26 03:00	2.684621135	8.90
10/11/26 04:00	3.615103708	9.20
10/11/26 05:00	5.674938083	9.00
10/11/26 06:00	7.404541432	9.20
10/11/26 07:00	8.066952683	9.50
10/11/26 08:00	6.676886153	9.80
10/11/26 09:00	5.620267384	10.30
10/11/26 10:00	5.435809582	10.50
10/11/26 11:00	5.025479216	11.20
10/11/26 12:00	4.841291668	11.00
10/11/26 13:00	5.087168669	11.20
10/11/26 14:00	5.610278184	11.20
10/11/26 15:00	6.476543436	11.10
10/11/26 16:00	7.449235117	10.70
10/11/26 17:00	8.030834193	10.80
10/11/26 18:00	8.532829886	11.00
10/11/26 19:00	7.976245173	10.40
10/11/26 20:00	7.050717516	10.20
10/11/26 21:00	6.020870959	10.50
10/11/26 22:00	4.973448348	10.70
10/11/26 23:00	3.488502462	9.40
11/11/26 00:00	2.643009762	8.90
11/11/26 01:00	2.26386495	8.80
11/11/26 02:00	2.342633395	8.70
11/11/26 03:00	2.926412722	8.60
11/11/26 04:00	3.897975279	8.00
11/11/26 05:00	5.980405742	7.90
11/11/26 06:00	7.801226445	7.10
11/11/26 07:00	8.337340738	6.80
11/11/26 08:00	6.815101521	7.40
11/11/26 09:00	5.594003277	7.90
11/11/26 10:00	5.363482468	9.50
11/11/26 11:00	4.967723699	10.80
11/11/26 12:00	4.936401983	10.80
11/11/26 13:00	5.189752487	10.90
11/11/26 14:00	5.717031941	10.40
11/11/26 15:00	6.455365544	8.30
11/11/26 16:00	7.354149353	7.50
11/11/26 17:00	7.799481127	7.30
11/11/26 18:00	7.924442114	7.50
11/11/26 19:00	7.16951783	7.60
11/11/26 20:00	6.184663535	7.30
11/11/26 21:00	5.213404773	7.30
11/11/26 22:00	4.376081826	7.40
11/11/26 23:00	3.042424548	7.10
12/11/26 00:00	2.402950753	6.80
12/11/26 01:00	2.139109944	6.10
12/11/26 02:00	2.344718412	5.50
12/11/26 03:00	3.017324152	5.40
12/11/26 04:00	4.158467846	5.00
12/11/26 05:00	6.32845523	4.70
12/11/26 06:00	8.192072629	4.90
12/11/26 07:00	9.159348893	5.40
12/11/26 08:00	7.615207273	5.90
12/11/26 09:00	6.019738817	6.70
12/11/26 10:00	4.915319531	6.90
12/11/26 11:00	3.878729648	7.20
12/11/26 12:00	3.305278252	7.40
12/11/26 13:00	3.344090309	7.50
12/11/26 14:00	3.954664022	7.40
12/11/26 15:00	5.048316592	7.30
12/11/26 16:00	6.490565547	7.20
12/11/26 17:00	7.590217577	6.30
12/11/26 18:00	8.256150444	6.80
12/11/26 19:00	7.997637189	7.10
12/11/26 20:00	7.294031896	7.40
12/11/26 21:00	6.395990635	7.50
12/11/26 22:00	5.412966126	7.60
12/11/26 23:00	3.926705748	7.70
13/11/26 00:00	3.312104293	7.60
13/11/26 01:00	3.085595653	7.10
13/11/26 02:00	3.50862096	7.20
13/11/26 03:00	4.52135572	7.30
13/11/26 04:00	6.03484766	7.30
13/11/26 05:00	8.425378117	7.40
13/11/26 06:00	10.24599657	7.50
13/11/26 07:00	10.9058398	7.60
13/11/26 08:00	9.132227449	7.90
13/11/26 09:00	7.531965786	8.40
13/11/26 10:00	6.671400149	8.90
13/11/26 11:00	6.06383328	9.40
13/11/26 12:00	5.961255324	10.00
13/11/26 13:00	6.322879215	10.20
13/11/26 14:00	7.017289358	10.20
13/11/26 15:00	7.944518106	10.00
13/11/26 16:00	8.986523502	10.00
13/11/26 17:00	9.583176219	9.70
13/11/26 18:00	9.750825256	9.40
13/11/26 19:00	9.052463855	9.30
13/11/26 20:00	8.015789794	9.20
13/11/26 21:00	6.874357078	9.10
13/11/26 22:00	5.750157856	9.00
13/11/26 23:00	4.133289898	8.90
14/11/26 00:00	2.898840815	8.80
14/11/26 01:00	2.540342603	8.70
14/11/26 02:00	2.787240503	8.70
14/11/26 03:00	3.57010774	8.70
14/11/26 04:00	4.839664054	8.50
14/11/26 05:00	7.07562698	8.40
14/11/26 06:00	8.863751355	8.30
14/11/26 07:00	9.717366172	8.30
14/11/26 08:00	8.233778977	8.90
14/11/26 09:00	6.93883976	10.00
14/11/26 10:00	6.265401342	10.70
14/11/26 11:00	5.665681192	11.60
14/11/26 12:00	5.380075912	12.10
14/11/26 13:00	5.47077238	12.00
14/11/26 14:00	5.866050295	11.30
14/11/26 15:00	6.570963752	8.00
14/11/26 16:00	7.498056478	5.50
14/11/26 17:00	8.030846231	4.40
14/11/26 18:00	8.195081346	3.40
14/11/26 19:00	7.611319943	2.30
14/11/26 20:00	6.725142541	1.40
14/11/26 21:00	5.742558028	2.20
14/11/26 22:00	4.756028579	2.20
14/11/26 23:00	3.327251157	2.50
15/11/26 00:00	2.532704183	2.20
15/11/26 01:00	2.167858826	0.40
15/11/26 02:00	2.306596964	1.50
15/11/26 03:00	2.939329883	2.00
15/11/26 04:00	4.032762645	2.40
15/11/26 05:00	6.105420477	2.70
15/11/26 06:00	7.77534143	3.20
15/11/26 07:00	8.512440461	3.70
15/11/26 08:00	6.754511566	4.20
15/11/26 09:00	5.0112696	4.40
15/11/26 10:00	3.870003652	4.80
15/11/26 11:00	2.914424396	4.80
15/11/26 12:00	2.546636627	5.20
15/11/26 13:00	2.793132219	5.20
15/11/26 14:00	3.568246611	5.10
15/11/26 15:00	4.836091164	5.00
15/11/26 16:00	6.503686235	5.10
15/11/26 17:00	7.921488409	5.10
15/11/26 18:00	9.007532546	5.00
15/11/26 19:00	9.197504306	4.70
15/11/26 20:00	8.817300416	4.20
15/11/26 21:00	8.035670384	3.90
15/11/26 22:00	6.969785152	4.00
15/11/26 23:00	5.420899152	4.10
16/11/26 00:00	5.193504035	4.10
16/11/26 01:00	5.117925984	4.20
16/11/26 02:00	5.867505742	4.10
16/11/26 03:00	7.182812469	3.80
16/11/26 04:00	8.734678893	3.70
16/11/26 05:00	10.79077854	3.80
16/11/26 06:00	12.25673858	3.90
16/11/26 07:00	12.70436888	3.80
16/11/26 08:00	10.80311705	4.00
16/11/26 09:00	9.190134142	4.30
16/11/26 10:00	8.378162834	4.50
16/11/26 11:00	7.720270084	4.80
16/11/26 12:00	7.424024472	5.00
16/11/26 13:00	7.542722832	5.10
16/11/26 14:00	8.065726849	5.10
16/11/26 15:00	8.940663112	4.70
16/11/26 16:00	10.01368164	4.60
16/11/26 17:00	10.70766402	3.60
16/11/26 18:00	10.99405275	2.90
16/11/26 19:00	10.3489106	2.70
16/11/26 20:00	9.395166439	2.30
16/11/26 21:00	8.30639368	1.90
16/11/26 22:00	7.201759027	2.10
16/11/26 23:00	5.484849219	2.20
17/11/26 00:00	4.387709537	2.10
17/11/26 01:00	4.124615904	2.10
17/11/26 02:00	4.685201792	1.90
17/11/26 03:00	5.837367642	2.30
17/11/26 04:00	7.428001992	2.40
17/11/26 05:00	9.791332412	2.10
17/11/26 06:00	11.34032104	2.30
17/11/26 07:00	11.26317988	2.60
17/11/26 08:00	9.988034427	4.00
17/11/26 09:00	9.061619841	4.30
17/11/26 10:00	8.829835998	4.80
17/11/26 11:00	8.375468432	5.30
17/11/26 12:00	8.207834713	5.70
17/11/26 13:00	8.382780634	6.20
17/11/26 14:00	8.892733889	6.70
17/11/26 15:00	9.655965502	7.00
17/11/26 16:00	10.57344081	7.30
17/11/26 17:00	11.12701478	7.50
17/11/26 18:00	11.52752318	7.80
17/11/26 19:00	10.99613241	8.00
17/11/26 20:00	9.994021465	8.20
17/11/26 21:00	8.899605126	8.20
17/11/26 22:00	7.849719292	8.30
17/11/26 23:00	6.083284953	8.40
18/11/26 00:00	4.968779922	8.50
18/11/26 01:00	4.842074453	8.50
18/11/26 02:00	5.60751522	8.10
18/11/26 03:00	6.839378611	7.90
18/11/26 04:00	8.406250081	8.20
18/11/26 05:00	10.58850408	8.10
18/11/26 06:00	11.94446106	7.60
18/11/26 07:00	11.57421708	7.50
18/11/26 08:00	9.816294311	7.80
18/11/26 09:00	8.447290956	8.00
18/11/26 10:00	8.065297927	8.00
18/11/26 11:00	7.694236262	9.10
18/11/26 12:00	7.751928704	9.60
18/11/26 13:00	8.00384164	9.40
18/11/26 14:00	8.455206978	7.90
18/11/26 15:00	9.026485258	4.70
18/11/26 16:00	9.742856487	3.10
18/11/26 17:00	10.04602034	1.70
18/11/26 18:00	10.08119411	0.90
18/11/26 19:00	9.252290135	0.10
18/11/26 20:00	8.049264847	-0.30
18/11/26 21:00	6.916873076	-0.50
18/11/26 22:00	5.864430533	-0.30
18/11/26 23:00	4.112525551	-1.00
19/11/26 00:00	2.745897548	-0.80
19/11/26 01:00	2.37790948	-0.50
19/11/26 02:00	2.552248781	-0.30
19/11/26 03:00	3.238656256	-0.90
19/11/26 04:00	4.425284163	-0.60
19/11/26 05:00	6.646991163	0.20
19/11/26 06:00	8.559298482	0.70
19/11/26 07:00	9.593865797	1.60
19/11/26 08:00	8.236545757	2.10
19/11/26 09:00	6.99983289	3.20
19/11/26 10:00	6.287975114	3.70
19/11/26 11:00	5.529087472	4.30
19/11/26 12:00	5.085660046	5.00
19/11/26 13:00	5.136136656	5.60
19/11/26 14:00	5.854694931	6.30
19/11/26 15:00	7.267691254	6.80
19/11/26 16:00	9.13683534	7.50
19/11/26 17:00	10.58174761	8.50
19/11/26 18:00	11.48206733	8.50
19/11/26 19:00	11.33934036	9.80
19/11/26 20:00	10.59642174	9.80
19/11/26 21:00	9.496242844	10.00
19/11/26 22:00	8.204261537	10.10
19/11/26 23:00	6.473507343	9.70
20/11/26 00:00	5.939456627	9.10
20/11/26 01:00	6.016441695	8.70
20/11/26 02:00	6.962906252	8.70
20/11/26 03:00	8.433957249	8.00
20/11/26 04:00	9.946350319	8.00
20/11/26 05:00	11.87645641	8.30
20/11/26 06:00	13.19304423	8.10
20/11/26 07:00	13.48750953	7.70
20/11/26 08:00	11.46585149	7.90
20/11/26 09:00	9.724399049	8.90
20/11/26 10:00	8.781865837	10.50
20/11/26 11:00	8.051887226	11.20
20/11/26 12:00	7.744506489	12.20
20/11/26 13:00	7.823020193	11.70
20/11/26 14:00	8.189479282	10.90
20/11/26 15:00	8.735503655	10.30
20/11/26 16:00	9.360673093	9.90
20/11/26 17:00	9.541716263	9.50
20/11/26 18:00	9.365040792	9.40
20/11/26 19:00	8.384646545	8.80
20/11/26 20:00	7.221523573	8.10
20/11/26 21:00	6.080271326	7.50
20/11/26 22:00	5.078908032	6.80
20/11/26 23:00	3.602767126	6.00
21/11/26 00:00	2.413940181	5.40
21/11/26 01:00	2.098422975	4.50
21/11/26 02:00	2.290074827	4.10
21/11/26 03:00	2.951871601	3.30
21/11/26 04:00	4.074300751	3.80
21/11/26 05:00	6.206904572	3.70
21/11/26 06:00	7.989555877	3.70
21/11/26 07:00	8.888853367	4.00
21/11/26 08:00	7.32111719	4.60
21/11/26 09:00	5.759554585	5.30
21/11/26 10:00	4.721430313	5.50
21/11/26 11:00	3.760027692	6.10
21/11/26 12:00	3.248302222	6.50
21/11/26 13:00	3.33756126	7.10
21/11/26 14:00	3.936884699	7.10
21/11/26 15:00	4.988004692	7.60
21/11/26 16:00	6.325996905	8.30
21/11/26 17:00	7.262313087	8.80
21/11/26 18:00	7.782328994	10.10
21/11/26 19:00	7.488215918	9.40
21/11/26 20:00	6.837381784	8.60
21/11/26 21:00	6.028381021	8.80
21/11/26 22:00	5.167097081	9.30
21/11/26 23:00	3.839973154	9.20
22/11/26 00:00	3.696698043	8.40
22/11/26 01:00	3.625223525	7.80
22/11/26 02:00	4.230578345	7.00
22/11/26 03:00	5.441169113	6.60
22/11/26 04:00	7.084824273	6.30
22/11/26 05:00	9.485966642	6.20
22/11/26 06:00	11.23102327	5.90
22/11/26 07:00	11.76042102	6.30
22/11/26 08:00	9.860801432	7.60
22/11/26 09:00	8.148862891	8.80
22/11/26 10:00	7.243437178	9.90
22/11/26 11:00	6.591080681	10.70
22/11/26 12:00	6.425466442	11.10
22/11/26 13:00	6.670471513	11.10
22/11/26 14:00	7.230289014	10.60
22/11/26 15:00	7.99215284	9.10
22/11/26 16:00	8.822500584	8.50
22/11/26 17:00	9.20076386	8.10
22/11/26 18:00	9.181525481	7.40
22/11/26 19:00	8.346605791	7.30
22/11/26 20:00	7.333354663	6.80
22/11/26 21:00	6.337067732	6.50
22/11/26 22:00	5.435933226	6.10
22/11/26 23:00	3.970770013	6.50
23/11/26 00:00	2.812678423	5.50
23/11/26 01:00	2.536326393	5.40
23/11/26 02:00	2.83070654	6.10
23/11/26 03:00	3.663204533	6.60
23/11/26 04:00	4.996215894	6.80
23/11/26 05:00	7.31903576	7.20
23/11/26 06:00	9.198221633	7.50
23/11/26 07:00	9.906287879	8.10
23/11/26 08:00	7.959205144	7.60
23/11/26 09:00	6.049436407	7.50
23/11/26 10:00	4.778353525	7.50
23/11/26 11:00	3.737168393	7.90
23/11/26 12:00	3.279437743	8.20
23/11/26 13:00	3.454594561	8.00
23/11/26 14:00	4.140692537	7.80
23/11/26 15:00	5.254322338	7.00
23/11/26 16:00	6.662557426	6.60
23/11/26 17:00	7.730854021	4.70
23/11/26 18:00	8.398925077	3.60
23/11/26 19:00	8.176162073	3.10
23/11/26 20:00	7.539808132	4.10
23/11/26 21:00	6.701111174	3.90
23/11/26 22:00	5.766078484	4.10
23/11/26 23:00	4.248315135	4.10
24/11/26 00:00	3.25586587	3.60
24/11/26 01:00	2.952779132	3.00
24/11/26 02:00	3.381516641	2.60
24/11/26 03:00	4.269733246	1.80
24/11/26 04:00	5.602202271	1.10
24/11/26 05:00	7.828905519	0.80
24/11/26 06:00	9.409385278	0.70
24/11/26 07:00	9.664607983	1.00
24/11/26 08:00	8.172239588	1.60
24/11/26 09:00	7.287432462	2.50
24/11/26 10:00	7.366567294	4.20
24/11/26 11:00	7.038423348	5.60
24/11/26 12:00	6.899780484	6.80
24/11/26 13:00	7.09210912	7.50
24/11/26 14:00	7.580834423	7.90
24/11/26 15:00	8.39741939	7.60
24/11/26 16:00	9.391662225	7.70
24/11/26 17:00	9.936940026	7.90
24/11/26 18:00	10.45198066	8.20
24/11/26 19:00	10.02846388	8.40
24/11/26 20:00	9.01719751	8.40
24/11/26 21:00	7.934793233	8.80
24/11/26 22:00	6.949501188	9.00
24/11/26 23:00	5.157292618	9.20
25/11/26 00:00	4.350186988	9.70
25/11/26 01:00	4.256271004	10.30
25/11/26 02:00	5.046131218	11.30
25/11/26 03:00	6.384469355	11.30
25/11/26 04:00	8.198349674	12.80
25/11/26 05:00	10.75624625	12.90
25/11/26 06:00	12.48662433	12.00
25/11/26 07:00	12.42989885	11.00
25/11/26 08:00	10.68449785	10.50
25/11/26 09:00	9.247390751	9.80
25/11/26 10:00	8.61431453	10.00
25/11/26 11:00	7.797277919	10.50
25/11/26 12:00	7.391157365	10.90
25/11/26 13:00	7.335610636	11.00
25/11/26 14:00	7.669092366	10.20
25/11/26 15:00	8.308092542	10.30
25/11/26 16:00	9.169054196	10.10
25/11/26 17:00	9.6057724	10.40
25/11/26 18:00	9.729614286	10.20
25/11/26 19:00	8.938376807	9.90
25/11/26 20:00	7.753416433	9.80
25/11/26 21:00	6.618831965	9.40
25/11/26 22:00	5.55701371	8.90
25/11/26 23:00	3.76866909	7.60
26/11/26 00:00	2.665890135	7.10
26/11/26 01:00	2.154696472	6.60
26/11/26 02:00	2.067671634	5.30
26/11/26 03:00	2.361951267	5.80
26/11/26 04:00	3.06209621	5.80
26/11/26 05:00	4.772097722	5.90
26/11/26 06:00	6.390255651	5.80
26/11/26 07:00	7.446677431	5.90
26/11/26 08:00	6.421518349	6.40
26/11/26 09:00	5.562325236	7.00
26/11/26 10:00	5.235721957	7.80
26/11/26 11:00	4.84527358	8.10
26/11/26 12:00	4.618673354	8.70
26/11/26 13:00	4.710850564	9.80
26/11/26 14:00	5.191895424	9.60
26/11/26 15:00	6.086222651	9.30
26/11/26 16:00	7.214477751	9.50
26/11/26 17:00	7.88144949	9.70
26/11/26 18:00	8.13503386	9.40
26/11/26 19:00	7.551886069	8.90
26/11/26 20:00	6.684033911	8.50
26/11/26 21:00	5.772029124	8.10
26/11/26 22:00	4.912402294	7.80
26/11/26 23:00	3.57271376	7.90
27/11/26 00:00	2.824156553	8.00
27/11/26 01:00	2.704860421	7.40
27/11/26 02:00	3.146650855	7.40
27/11/26 03:00	4.103848049	7.60
27/11/26 04:00	5.540720868	7.60
27/11/26 05:00	7.905892934	7.50
27/11/26 06:00	9.743903858	7.60
27/11/26 07:00	10.51672893	7.30
27/11/26 08:00	8.884585728	7.70
27/11/26 09:00	7.412367768	7.80
27/11/26 10:00	6.586019014	8.10
27/11/26 11:00	5.867077198	8.50
27/11/26 12:00	5.502682407	8.50
27/11/26 13:00	5.546980484	8.50
27/11/26 14:00	5.955475672	8.30
27/11/26 15:00	6.715298633	6.80
27/11/26 16:00	7.716126751	5.30
27/11/26 17:00	8.302999831	4.80
27/11/26 18:00	8.503929566	5.60
27/11/26 19:00	7.917302835	5.70
27/11/26 20:00	7.055904496	5.60
27/11/26 21:00	6.110299689	3.80
27/11/26 22:00	5.1661943	2.50
27/11/26 23:00	3.70728001	2.00
28/11/26 00:00	2.806214414	1.30
28/11/26 01:00	2.505755825	0.20
28/11/26 02:00	2.750682297	2.00
28/11/26 03:00	3.508553774	0.20
28/11/26 04:00	4.763893923	0.40
28/11/26 05:00	7.016494414	3.30
28/11/26 06:00	8.867149606	3.80
28/11/26 07:00	9.766428149	4.80
28/11/26 08:00	8.264717899	5.40
28/11/26 09:00	6.965111491	7.50
28/11/26 10:00	6.300682013	7.90
28/11/26 11:00	5.764287835	8.10
28/11/26 12:00	5.632992499	9.20
28/11/26 13:00	5.97078939	8.40
28/11/26 14:00	6.704873786	7.90
28/11/26 15:00	7.785053308	7.30
28/11/26 16:00	9.0585649	7.30
28/11/26 17:00	9.847981159	6.40
28/11/26 18:00	10.17117142	5.60
28/11/26 19:00	9.60586544	5.50
28/11/26 20:00	8.652909369	6.20
28/11/26 21:00	7.594625874	6.30
28/11/26 22:00	6.535735736	5.80
28/11/26 23:00	5.101908361	5.60
29/11/26 00:00	4.704558743	5.50
29/11/26 01:00	4.868398343	5.00
29/11/26 02:00	5.776795821	4.50
29/11/26 03:00	7.193521418	4.20
29/11/26 04:00	8.747861313	4.00
29/11/26 05:00	10.70091464	3.80
29/11/26 06:00	11.87414889	3.40
29/11/26 07:00	11.95106296	3.80
29/11/26 08:00	9.636854793	4.60
29/11/26 09:00	7.540906135	5.90
29/11/26 10:00	6.24682966	6.60
29/11/26 11:00	5.249126147	6.80
29/11/26 12:00	4.882414289	6.80
29/11/26 13:00	5.214876534	5.90
29/11/26 14:00	6.041781172	5.30
29/11/26 15:00	7.274141619	3.60
29/11/26 16:00	8.63484673	3.10
29/11/26 17:00	9.492189961	3.30
29/11/26 18:00	9.892323193	3.70
29/11/26 19:00	9.376362822	3.00
29/11/26 20:00	8.452658795	1.40
29/11/26 21:00	7.352607946	1.50
29/11/26 22:00	6.222485341	1.90
29/11/26 23:00	4.578689699	2.10
30/11/26 00:00	3.940993384	1.80
30/11/26 01:00	3.7236902	0.10
30/11/26 02:00	4.243265003	-0.60
30/11/26 03:00	5.403379642	-0.90
30/11/26 04:00	7.0262549	-2.00
30/11/26 05:00	9.474818586	-2.40
30/11/26 06:00	11.28491887	-2.70
30/11/26 07:00	11.82512576	-1.70
30/11/26 08:00	9.810581013	0.10
30/11/26 09:00	7.908686657	1.00
30/11/26 10:00	6.777561296	3.30
30/11/26 11:00	5.94243897	4.60
30/11/26 12:00	5.774419053	6.80
30/11/26 13:00	6.291340381	6.80
30/11/26 14:00	7.360030231	5.30
30/11/26 15:00	8.753681948	2.90
30/11/26 16:00	10.23622237	4.30
30/11/26 17:00	11.22101592	4.80
30/11/26 18:00	11.6814372	4.10
30/11/26 19:00	11.13502411	4.20
30/11/26 20:00	10.2065038	3.80
30/11/26 21:00	9.113085412	4.10
30/11/26 22:00	7.977295654	4.00
30/11/26 23:00	6.267897805	3.90
01/12/26 00:00	5.512343528	3.80
01/12/26 01:00	5.552696111	3.90
01/12/26 02:00	6.576253849	3.60
01/12/26 03:00	8.213973325	3.00
01/12/26 04:00	10.13086983	3.20
01/12/26 05:00	12.59030155	3.20
01/12/26 06:00	14.0600907	3.20
01/12/26 07:00	13.67881671	3.40
01/12/26 08:00	12.00789386	3.80
01/12/26 09:00	10.29463787	4.00
01/12/26 10:00	9.1332686	4.50
01/12/26 11:00	7.78674707	4.90
01/12/26 12:00	6.865538109	4.30
01/12/26 13:00	6.59806209	3.80
01/12/26 14:00	7.108820476	3.70
01/12/26 15:00	8.241045001	3.50
01/12/26 16:00	9.652324206	2.90
01/12/26 17:00	10.60516023	2.90
01/12/26 18:00	11.15035734	2.80
01/12/26 19:00	10.60489939	3.20
01/12/26 20:00	9.555889205	3.60
01/12/26 21:00	8.41539324	3.20
01/12/26 22:00	7.363301872	3.20
01/12/26 23:00	5.615845504	3.60
02/12/26 00:00	4.673790584	3.40
02/12/26 01:00	4.461005015	3.00
02/12/26 02:00	5.054274718	2.70
02/12/26 03:00	6.215907413	3.50
02/12/26 04:00	7.835127542	2.30
02/12/26 05:00	10.27478862	3.90
02/12/26 06:00	11.87447273	3.10
02/12/26 07:00	11.83719895	3.00
02/12/26 08:00	10.36353875	4.30
02/12/26 09:00	9.122166016	4.90
02/12/26 10:00	8.658849327	3.80
02/12/26 11:00	8.122874356	3.90
02/12/26 12:00	8.078703743	4.30
02/12/26 13:00	8.405361969	4.40
02/12/26 14:00	9.216144838	5.50
02/12/26 15:00	10.26948781	3.20
02/12/26 16:00	11.44036618	0.30
02/12/26 17:00	12.0943555	0.50
02/12/26 18:00	12.37819828	-0.90
02/12/26 19:00	11.68195985	-1.10
02/12/26 20:00	10.45324023	-1.40
02/12/26 21:00	9.19469546	-0.50
02/12/26 22:00	7.954298656	0.40
02/12/26 23:00	6.020535736	-0.50
03/12/26 00:00	4.793025942	-0.80
03/12/26 01:00	4.599568305	0.90
03/12/26 02:00	5.221134851	1.00
03/12/26 03:00	6.470204059	0.80
03/12/26 04:00	8.092491013	0.40
03/12/26 05:00	10.312975	0.60
03/12/26 06:00	11.93871585	0.90
03/12/26 07:00	12.43075326	0.60
03/12/26 08:00	10.52430122	0.50
03/12/26 09:00	8.885882963	0.40
03/12/26 10:00	8.130755869	0.50
03/12/26 11:00	7.686562677	1.30
03/12/26 12:00	7.722720845	1.60
03/12/26 13:00	8.157798789	2.00
03/12/26 14:00	8.893438668	3.10
03/12/26 15:00	9.940440105	4.80
03/12/26 16:00	11.26331692	5.80
03/12/26 17:00	12.35360001	6.80
03/12/26 18:00	13.02966106	6.40
03/12/26 19:00	12.60735948	6.00
03/12/26 20:00	11.69338485	5.90
03/12/26 21:00	10.45938983	5.40
03/12/26 22:00	9.098887266	5.00
03/12/26 23:00	7.154541012	4.50
04/12/26 00:00	6.25665757	4.20
04/12/26 01:00	6.112367324	4.60
04/12/26 02:00	6.906871014	4.20
04/12/26 03:00	8.298031893	3.10
04/12/26 04:00	9.862232681	3.20
04/12/26 05:00	11.97455141	3.70
04/12/26 06:00	13.68948327	4.20
04/12/26 07:00	14.38511055	4.80
04/12/26 08:00	12.78027134	5.80
04/12/26 09:00	11.52799301	6.20
04/12/26 10:00	11.10028227	6.50
04/12/26 11:00	10.74106803	5.20
04/12/26 12:00	10.58232909	5.80
04/12/26 13:00	10.55827641	6.00
04/12/26 14:00	10.66749686	5.70
04/12/26 15:00	10.88397145	5.20
04/12/26 16:00	11.18177905	4.50
04/12/26 17:00	11.20304558	4.70
04/12/26 18:00	11.023996	4.60
04/12/26 19:00	10.07760491	4.30
04/12/26 20:00	9.027033148	3.70
04/12/26 21:00	7.976171744	1.40
04/12/26 22:00	7.006421444	1.30
04/12/26 23:00	5.407457813	0.10
05/12/26 00:00	4.227410291	-0.40
05/12/26 01:00	4.067293187	0.10
05/12/26 02:00	4.655046501	0.00
05/12/26 03:00	5.871723448	1.30
05/12/26 04:00	7.497551184	1.30
05/12/26 05:00	9.832339443	0.90
05/12/26 06:00	11.54217801	-0.30
05/12/26 07:00	12.09777842	-1.20
05/12/26 08:00	10.29707628	1.60
05/12/26 09:00	8.812593247	2.70
05/12/26 10:00	8.202358723	3.30
05/12/26 11:00	7.861539226	2.70
05/12/26 12:00	7.882751596	3.10
05/12/26 13:00	8.223708397	3.00
05/12/26 14:00	8.769547111	2.90
05/12/26 15:00	9.511641787	1.60
05/12/26 16:00	10.4163523	0.90
05/12/26 17:00	10.99969576	1.10
05/12/26 18:00	11.24645391	1.10
05/12/26 19:00	10.61724961	0.70
05/12/26 20:00	9.723852532	0.70
05/12/26 21:00	8.75296722	0.50
05/12/26 22:00	7.80462576	0.60
05/12/26 23:00	6.313926738	-0.20
06/12/26 00:00	5.838927465	-1.10
06/12/26 01:00	5.909986039	-1.30
06/12/26 02:00	6.813600813	-1.50
06/12/26 03:00	8.244293269	-1.30
06/12/26 04:00	9.819247418	-0.80
06/12/26 05:00	11.90362159	-2.00
06/12/26 06:00	13.54175717	-1.50
06/12/26 07:00	14.04147174	-2.70
06/12/26 08:00	12.05280823	-0.60
06/12/26 09:00	10.26856854	0.80
06/12/26 10:00	9.286588531	2.70
06/12/26 11:00	8.631443636	3.40
06/12/26 12:00	8.522296064	3.00
06/12/26 13:00	8.952215204	3.00
06/12/26 14:00	9.759994356	2.50
06/12/26 15:00	10.84339884	1.90
06/12/26 16:00	12.0038382	1.50
06/12/26 17:00	12.76083836	1.50
06/12/26 18:00	13.06949114	1.40
06/12/26 19:00	12.34617493	0.90
06/12/26 20:00	11.29161677	1.00
06/12/26 21:00	10.0909548	1.00
06/12/26 22:00	8.912530288	0.80
06/12/26 23:00	7.183999901	1.10
07/12/26 00:00	6.530491769	1.30
07/12/26 01:00	6.62257201	1.20
07/12/26 02:00	7.651168117	1.30
07/12/26 03:00	9.247958452	1.60
07/12/26 04:00	10.9215892	0.70
07/12/26 05:00	13.05706543	0.20
07/12/26 06:00	14.68482261	0.10
07/12/26 07:00	15.00582811	0.00
07/12/26 08:00	12.65739257	-0.10
07/12/26 09:00	10.41814833	-0.10
07/12/26 10:00	8.960346709	0.00
07/12/26 11:00	7.8511505	0.00
07/12/26 12:00	7.470172496	0.00
07/12/26 13:00	7.859465529	0.00
07/12/26 14:00	8.885680807	0.10
07/12/26 15:00	10.21502444	0.20
07/12/26 16:00	11.632618	0.20
07/12/26 17:00	12.59174631	0.20
07/12/26 18:00	13.0468005	0.20
07/12/26 19:00	12.37763486	0.20
07/12/26 20:00	11.34294345	0.20
07/12/26 21:00	10.14154259	0.00
07/12/26 22:00	8.937400984	-0.10
07/12/26 23:00	7.064120906	-1.20
08/12/26 00:00	6.24476922	-2.10
08/12/26 01:00	6.075622007	-3.30
08/12/26 02:00	6.764245774	-4.40
08/12/26 03:00	8.109544764	-4.30
08/12/26 04:00	9.75652961	-5.40
08/12/26 05:00	12.18013856	-7.10
08/12/26 06:00	13.74667466	-7.50
08/12/26 07:00	14.24987634	-8.30
08/12/26 08:00	13.14361653	-5.30
08/12/26 09:00	12.06445184	-2.80
08/12/26 10:00	11.74204498	-1.00
08/12/26 11:00	11.40742954	-0.10
08/12/26 12:00	11.33830679	0.50
08/12/26 13:00	11.48126471	1.10
08/12/26 14:00	11.9401086	0.00
08/12/26 15:00	12.52746501	-1.40
08/12/26 16:00	13.27383206	-0.90
08/12/26 17:00	13.81349436	-0.10
08/12/26 18:00	13.97870677	0.20
08/12/26 19:00	13.18667628	1.00
08/12/26 20:00	12.02804693	1.60
08/12/26 21:00	10.75750104	1.70
08/12/26 22:00	9.543414291	1.90
08/12/26 23:00	7.92542347	1.80
09/12/26 00:00	7.280166604	2.10
09/12/26 01:00	7.633162102	2.00
09/12/26 02:00	8.911284497	2.10
09/12/26 03:00	10.76530639	2.60
09/12/26 04:00	12.68993624	3.10
09/12/26 05:00	15.17730415	3.40
09/12/26 06:00	16.61264743	4.50
09/12/26 07:00	16.55327623	5.10
09/12/26 08:00	14.23848125	6.00
09/12/26 09:00	11.94596266	6.60
09/12/26 10:00	10.15124506	7.00
09/12/26 11:00	8.598900401	7.40
09/12/26 12:00	7.946063226	8.10
09/12/26 13:00	8.079998301	7.90
09/12/26 14:00	9.113706855	7.30
09/12/26 15:00	10.57432441	7.10
09/12/26 16:00	12.26063465	6.60
09/12/26 17:00	13.38736576	6.70
09/12/26 18:00	13.9627918	3.60
09/12/26 19:00	13.38281385	5.00
09/12/26 20:00	12.0799064	5.70
09/12/26 21:00	10.70005312	5.90
09/12/26 22:00	9.37151011	6.00
09/12/26 23:00	7.343799294	6.20
10/12/26 00:00	5.33900163	5.50
10/12/26 01:00	5.135647535	5.70
10/12/26 02:00	5.786062555	4.80
10/12/26 03:00	7.017692458	4.80
10/12/26 04:00	8.513836826	4.40
10/12/26 05:00	10.53343959	3.70
10/12/26 06:00	12.01002341	3.30
10/12/26 07:00	12.45336115	3.40
10/12/26 08:00	10.57080825	4.20
10/12/26 09:00	9.020545236	4.20
10/12/26 10:00	8.289335169	4.60
10/12/26 11:00	7.663570329	3.20
10/12/26 12:00	7.324112303	3.20
10/12/26 13:00	7.31890348	3.20
10/12/26 14:00	7.704012549	2.90
10/12/26 15:00	8.477426236	2.70
10/12/26 16:00	9.52827983	2.80
10/12/26 17:00	10.27176496	2.70
10/12/26 18:00	10.6658778	2.40
10/12/26 19:00	10.08300339	2.40
10/12/26 20:00	9.156321771	1.80
10/12/26 21:00	8.027825866	1.00
10/12/26 22:00	6.894920914	-0.10
10/12/26 23:00	5.144430423	1.10
11/12/26 00:00	4.1796142	0.30
11/12/26 01:00	3.857353498	-1.90
11/12/26 02:00	4.299218037	-1.40
11/12/26 03:00	5.416525786	-0.20
11/12/26 04:00	7.056045721	0.00
11/12/26 05:00	9.600207428	-0.20
11/12/26 06:00	11.69251155	-0.50
11/12/26 07:00	12.56788822	-1.40
11/12/26 08:00	11.02731777	0.10
11/12/26 09:00	9.713949617	1.20
11/12/26 10:00	9.220113984	1.60
11/12/26 11:00	8.913169924	2.10
11/12/26 12:00	8.955970596	2.80
11/12/26 13:00	9.325918404	2.60
11/12/26 14:00	9.939698087	1.70
11/12/26 15:00	10.73128819	1.50
11/12/26 16:00	11.65232482	1.60
11/12/26 17:00	12.21408227	1.40
11/12/26 18:00	12.41100516	1.00
11/12/26 19:00	11.68306977	0.50
11/12/26 20:00	10.68562018	0.40
11/12/26 21:00	9.576019873	0.40
11/12/26 22:00	8.49374884	0.70
11/12/26 23:00	6.856909101	0.50
12/12/26 00:00	6.311133901	1.10
12/12/26 01:00	6.402604363	1.20
12/12/26 02:00	7.384902069	1.70
12/12/26 03:00	8.920959528	1.70
12/12/26 04:00	10.539501	1.00
12/12/26 05:00	12.60683094	0.70
12/12/26 06:00	14.22465455	1.60
12/12/26 07:00	14.63638654	1.40
12/12/26 08:00	12.51571154	1.70
12/12/26 09:00	10.56577821	3.60
12/12/26 10:00	9.412734122	3.50
12/12/26 11:00	8.49102669	3.50
12/12/26 12:00	8.12824249	4.00
12/12/26 13:00	8.380143424	3.40
12/12/26 14:00	9.204322921	2.60
12/12/26 15:00	10.42441701	1.80
12/12/26 16:00	11.78906777	1.30
12/12/26 17:00	12.72159384	0.80
12/12/26 18:00	13.15430096	0.20
12/12/26 19:00	12.4886629	0.00
12/12/26 20:00	11.47888321	-0.20
12/12/26 21:00	10.29168488	0.00
12/12/26 22:00	9.079557501	-0.30
12/12/26 23:00	7.196376903	-0.30
13/12/26 00:00	5.994401863	-0.40
13/12/26 01:00	5.82302574	-0.80
13/12/26 02:00	6.564373455	-1.10
13/12/26 03:00	7.935881709	-1.50
13/12/26 04:00	9.545901347	-1.80
13/12/26 05:00	11.7167108	-1.70
13/12/26 06:00	13.43815118	-2.50
13/12/26 07:00	14.01306905	-2.20
13/12/26 08:00	12.13347892	-2.00
13/12/26 09:00	10.49744124	-1.70
13/12/26 10:00	9.684016326	-1.40
13/12/26 11:00	9.027464487	-0.80
13/12/26 12:00	8.785133085	-0.40
13/12/26 13:00	9.001754448	-0.20
13/12/26 14:00	9.66280237	-0.40
13/12/26 15:00	10.69010528	-0.70
13/12/26 16:00	11.89943565	-1.10
13/12/26 17:00	12.78774199	-1.20
13/12/26 18:00	13.2522057	-1.20
13/12/26 19:00	12.64296964	-0.60
13/12/26 20:00	11.65472203	-0.30
13/12/26 21:00	10.46715339	0.10
13/12/26 22:00	9.268601025	0.40
13/12/26 23:00	7.458667297	0.30
14/12/26 00:00	6.792578125	0.40
14/12/26 01:00	6.813836041	0.90
14/12/26 02:00	7.806528944	1.30
14/12/26 03:00	9.425566679	1.60
14/12/26 04:00	11.16754195	1.90
14/12/26 05:00	13.43138826	2.10
14/12/26 06:00	15.3248335	2.60
14/12/26 07:00	15.97514407	3.00
14/12/26 08:00	14.13847841	3.80
14/12/26 09:00	12.57280252	4.00
14/12/26 10:00	11.88010101	4.20
14/12/26 11:00	11.31133143	4.60
14/12/26 12:00	11.09905289	5.00
14/12/26 13:00	11.22685311	5.70
14/12/26 14:00	11.76513167	5.30
14/12/26 15:00	12.59532189	5.20
14/12/26 16:00	13.56894058	6.00
14/12/26 17:00	14.21905553	7.00
14/12/26 18:00	14.46725563	8.00
14/12/26 19:00	13.58602375	9.20
14/12/26 20:00	12.37352349	9.30
14/12/26 21:00	10.99147138	9.40
14/12/26 22:00	9.65836811	9.40
14/12/26 23:00	7.645249244	9.00
15/12/26 00:00	5.858643132	9.20
15/12/26 01:00	5.674929757	9.50
15/12/26 02:00	6.415328041	9.40
15/12/26 03:00	7.682245618	8.80
15/12/26 04:00	9.118681363	8.30
15/12/26 05:00	11.18277061	7.70
15/12/26 06:00	12.439679	7.10
15/12/26 07:00	12.07400535	7.30
15/12/26 08:00	10.64919741	7.70
15/12/26 09:00	9.446332624	8.50
15/12/26 10:00	9.036574514	8.70
15/12/26 11:00	8.520997593	8.90
15/12/26 12:00	8.369781501	9.10
15/12/26 13:00	8.55303654	8.60
15/12/26 14:00	9.036450225	8.50
15/12/26 15:00	9.610852796	8.70
15/12/26 16:00	10.21423012	8.60
15/12/26 17:00	10.33044909	8.80
15/12/26 18:00	10.19149896	8.20
15/12/26 19:00	9.155278646	8.50
15/12/26 20:00	7.807963993	8.10
15/12/26 21:00	6.592296593	7.60
15/12/26 22:00	5.66027901	8.20
15/12/26 23:00	4.079454238	7.90
16/12/26 00:00	2.598565454	8.00
16/12/26 01:00	2.211388987	7.40
16/12/26 02:00	2.422697767	7.30
16/12/26 03:00	2.979168133	7.40
16/12/26 04:00	4.09611393	7.70
16/12/26 05:00	6.426941643	7.60
16/12/26 06:00	8.450507739	7.30
16/12/26 07:00	8.953192404	7.10
16/12/26 08:00	7.492571878	7.00
16/12/26 09:00	6.37958162	7.30
16/12/26 10:00	6.198053058	7.40
16/12/26 11:00	5.810250386	7.50
16/12/26 12:00	5.870172883	7.60
16/12/26 13:00	6.260524026	7.60
16/12/26 14:00	6.921384097	7.70
16/12/26 15:00	7.760667136	7.50
16/12/26 16:00	8.715257187	7.50
16/12/26 17:00	9.199132299	7.50
16/12/26 18:00	9.382680846	7.50
16/12/26 19:00	8.675159597	7.40
16/12/26 20:00	7.596085866	7.40
16/12/26 21:00	6.54171148	6.40
16/12/26 22:00	5.532504842	5.40
16/12/26 23:00	3.771155079	4.70
17/12/26 00:00	3.029871518	4.70
17/12/26 01:00	2.678312209	4.70
17/12/26 02:00	2.899569263	4.70
17/12/26 03:00	3.662218588	4.40
17/12/26 04:00	4.92637701	4.50
17/12/26 05:00	7.228286633	5.20
17/12/26 06:00	9.207852156	5.70
17/12/26 07:00	10.2165293	6.60
17/12/26 08:00	8.827650264	7.10
17/12/26 09:00	7.682852752	7.40
17/12/26 10:00	7.238618807	7.40
17/12/26 11:00	6.881953912	7.40
17/12/26 12:00	6.852869174	7.30
17/12/26 13:00	7.127904653	7.60
17/12/26 14:00	7.627771768	7.60
17/12/26 15:00	8.31573709	7.50
17/12/26 16:00	9.128531572	7.20
17/12/26 17:00	9.527975017	7.20
17/12/26 18:00	9.604061959	6.70
17/12/26 19:00	8.907043813	6.60
17/12/26 20:00	7.9408039	6.40
17/12/26 21:00	6.916073441	6.00
17/12/26 22:00	5.924224926	5.30
17/12/26 23:00	4.425396874	4.60
18/12/26 00:00	3.640335536	4.40
18/12/26 01:00	3.530765745	4.20
18/12/26 02:00	4.074168478	4.70
18/12/26 03:00	5.181309539	4.80
18/12/26 04:00	6.688538722	4.90
18/12/26 05:00	8.96279323	4.90
18/12/26 06:00	10.58739438	5.00
18/12/26 07:00	11.18116901	5.10
18/12/26 08:00	9.489875685	5.30
18/12/26 09:00	8.11921489	5.50
18/12/26 10:00	7.561255853	6.00
18/12/26 11:00	7.177986164	6.60
18/12/26 12:00	7.113597422	6.90
18/12/26 13:00	7.337844107	6.90
18/12/26 14:00	7.768981558	6.80
18/12/26 15:00	8.409217332	6.60
18/12/26 16:00	9.216170079	6.10
18/12/26 17:00	9.661165776	6.20
18/12/26 18:00	9.794061484	6.20
18/12/26 19:00	9.151918453	6.10
18/12/26 20:00	8.214247826	5.70
18/12/26 21:00	7.174879066	5.70
18/12/26 22:00	6.135321491	5.70
18/12/26 23:00	4.573030201	5.60
19/12/26 00:00	3.789643317	5.60
19/12/26 01:00	3.644994779	5.60
19/12/26 02:00	4.168479843	5.50
19/12/26 03:00	5.279099522	5.40
19/12/26 04:00	6.8044807	5.20
19/12/26 05:00	9.120111294	5.30
19/12/26 06:00	10.86565662	5.30
19/12/26 07:00	11.60477066	5.30
19/12/26 08:00	10.03100176	5.10
19/12/26 09:00	8.712597984	5.30
19/12/26 10:00	8.105388654	5.70
19/12/26 11:00	7.580206875	6.00
19/12/26 12:00	7.355529452	6.00
19/12/26 13:00	7.479518045	6.00
19/12/26 14:00	7.917355697	5.90
19/12/26 15:00	8.651269639	5.80
19/12/26 16:00	9.559302477	5.60
19/12/26 17:00	10.06682054	5.60
19/12/26 18:00	10.20643451	5.70
19/12/26 19:00	9.524698637	4.90
19/12/26 20:00	8.524501057	5.10
19/12/26 21:00	7.409572891	5.10
19/12/26 22:00	6.291974565	4.40
19/12/26 23:00	4.61797717	4.20
20/12/26 00:00	3.772626738	3.50
20/12/26 01:00	3.479640477	3.00
20/12/26 02:00	3.88642799	3.00
20/12/26 03:00	4.910063587	2.90
20/12/26 04:00	6.42468245	2.70
20/12/26 05:00	8.840173226	2.90
20/12/26 06:00	10.74485358	3.00
20/12/26 07:00	11.58075827	3.10
20/12/26 08:00	10.09330029	3.40
20/12/26 09:00	8.869845351	3.80
20/12/26 10:00	8.375488219	4.00
20/12/26 11:00	7.970036745	4.10
20/12/26 12:00	7.857113501	4.20
20/12/26 13:00	8.047915337	3.80
20/12/26 14:00	8.51831925	3.40
20/12/26 15:00	9.210163869	3.30
20/12/26 16:00	10.05016536	3.20
20/12/26 17:00	10.51556626	2.90
20/12/26 18:00	10.64558369	2.90
20/12/26 19:00	9.947742664	2.80
20/12/26 20:00	8.948714466	2.70
20/12/26 21:00	7.844147097	2.70
20/12/26 22:00	6.747655596	2.70
20/12/26 23:00	5.110999275	2.60
21/12/26 00:00	4.916960389	2.60
21/12/26 01:00	4.767349222	2.70
21/12/26 02:00	5.410662308	2.80
21/12/26 03:00	6.699807633	2.90
21/12/26 04:00	8.392467998	3.00
21/12/26 05:00	10.76559654	3.20
21/12/26 06:00	12.63941525	3.30
21/12/26 07:00	13.26881043	3.40
21/12/26 08:00	11.42444584	3.70
21/12/26 09:00	9.874901234	3.90
21/12/26 10:00	9.268525128	4.50
21/12/26 11:00	8.894282089	5.10
21/12/26 12:00	8.9409418	5.30
21/12/26 13:00	9.326175358	5.60
21/12/26 14:00	9.986161715	5.80
21/12/26 15:00	10.82563352	5.80
21/12/26 16:00	11.72524392	5.70
21/12/26 17:00	12.28616278	5.70
21/12/26 18:00	12.48781872	5.90
21/12/26 19:00	11.70638185	6.20
21/12/26 20:00	10.64708106	7.30
21/12/26 21:00	9.457572025	7.60
21/12/26 22:00	8.321449493	7.70
21/12/26 23:00	6.481433283	7.80
22/12/26 00:00	4.658705023	7.50
22/12/26 01:00	4.460841378	7.40
22/12/26 02:00	5.175524338	7.30
22/12/26 03:00	6.417669786	7.00
22/12/26 04:00	8.008749371	6.80
22/12/26 05:00	10.27725548	6.80
22/12/26 06:00	11.75576788	6.80
22/12/26 07:00	11.77491006	7.10
22/12/26 08:00	10.17315195	7.20
22/12/26 09:00	9.298169049	7.20
22/12/26 10:00	9.122090455	7.60
22/12/26 11:00	8.642601852	7.60
22/12/26 12:00	8.411461849	7.40
22/12/26 13:00	8.504128134	7.00
22/12/26 14:00	8.885805462	6.90
22/12/26 15:00	9.468879595	6.90
22/12/26 16:00	10.13904198	6.70
22/12/26 17:00	10.32619313	6.70
22/12/26 18:00	10.40462488	6.70
22/12/26 19:00	9.581773527	6.70
22/12/26 20:00	8.298284811	7.10
22/12/26 21:00	7.071548828	7.20
22/12/26 22:00	6.056075168	7.80
22/12/26 23:00	4.299057142	10.40
23/12/26 00:00	3.208543649	11.30
23/12/26 01:00	2.814445918	11.20
23/12/26 02:00	3.110678978	11.10
23/12/26 03:00	3.837393621	11.20
23/12/26 04:00	5.14442261	11.50
23/12/26 05:00	7.606100311	11.70
23/12/26 06:00	9.597152969	11.90
23/12/26 07:00	9.880387806	12.30
23/12/26 08:00	8.511799578	12.40
23/12/26 09:00	7.591795991	12.60
23/12/26 10:00	7.550955362	13.00
23/12/26 11:00	7.315144218	12.80
23/12/26 12:00	7.410089032	12.50
23/12/26 13:00	7.72658826	12.00
23/12/26 14:00	8.279571849	11.80
23/12/26 15:00	8.989473204	11.30
23/12/26 16:00	9.841459485	10.80
23/12/26 17:00	10.25765498	10.50
23/12/26 18:00	10.38275546	10.40
23/12/26 19:00	9.61342045	10.40
23/12/26 20:00	8.40914444	10.50
23/12/26 21:00	7.202052132	10.40
23/12/26 22:00	6.016362131	10.20
23/12/26 23:00	4.051628558	9.90
24/12/26 00:00	2.607545514	9.60
24/12/26 01:00	1.98768534	9.50
24/12/26 02:00	1.83076959	9.30
24/12/26 03:00	2.140372816	8.90
24/12/26 04:00	2.864957527	8.60
24/12/26 05:00	4.622237666	8.30
24/12/26 06:00	6.180030273	8.00
24/12/26 07:00	7.148372234	7.70
24/12/26 08:00	5.984498994	7.40
24/12/26 09:00	4.974740457	8.00
24/12/26 10:00	4.533041401	9.20
24/12/26 11:00	4.142705044	11.30
24/12/26 12:00	4.035246172	11.50
24/12/26 13:00	4.339719244	11.50
24/12/26 14:00	4.965488453	11.50
24/12/26 15:00	5.869798747	11.30
24/12/26 16:00	6.9296513	11.70
24/12/26 17:00	7.515493815	12.00
24/12/26 18:00	7.706361283	12.70
24/12/26 19:00	7.14169532	11.80
24/12/26 20:00	6.239056424	10.90
24/12/26 21:00	5.264298313	10.40
24/12/26 22:00	4.316777408	10.00
24/12/26 23:00	3.012454237	9.50
25/12/26 00:00	2.297330803	9.40
25/12/26 01:00	2.007882986	9.10
25/12/26 02:00	2.167295879	8.90
25/12/26 03:00	2.714661725	8.70
25/12/26 04:00	3.781973037	8.70
25/12/26 05:00	5.930015691	8.20
25/12/26 06:00	7.898681356	7.70
25/12/26 07:00	8.589593995	7.50
25/12/26 08:00	7.449341096	7.60
25/12/26 09:00	6.420757091	7.90
25/12/26 10:00	6.250100826	8.30
25/12/26 11:00	5.576889934	9.10
25/12/26 12:00	5.14934838	10.40
25/12/26 13:00	5.024653431	10.10
25/12/26 14:00	5.324729714	9.00
25/12/26 15:00	5.98223524	9.30
25/12/26 16:00	6.861701577	9.40
25/12/26 17:00	7.306669664	9.10
25/12/26 18:00	7.41668325	8.30
25/12/26 19:00	6.687478665	8.70
25/12/26 20:00	5.734091933	8.20
25/12/26 21:00	4.917996038	7.90
25/12/26 22:00	4.167979161	7.90
25/12/26 23:00	2.939825008	7.80
26/12/26 00:00	2.345855239	7.90
26/12/26 01:00	2.06807436	7.70
26/12/26 02:00	2.327162053	7.60
26/12/26 03:00	2.890351044	7.50
26/12/26 04:00	3.987765008	7.00
26/12/26 05:00	6.169227915	6.40
26/12/26 06:00	8.110658636	7.10
26/12/26 07:00	8.689036595	6.50
26/12/26 08:00	7.513047568	6.60
26/12/26 09:00	6.580077572	7.00
26/12/26 10:00	6.453864884	7.60
26/12/26 11:00	5.892954909	8.30
26/12/26 12:00	5.582758184	8.40
26/12/26 13:00	5.60039375	8.80
26/12/26 14:00	6.021441522	8.30
26/12/26 15:00	6.874161474	8.20
26/12/26 16:00	7.962515056	8.50
26/12/26 17:00	8.59767766	8.60
26/12/26 18:00	8.868807238	9.40
26/12/26 19:00	8.209827148	8.60
26/12/26 20:00	7.213577951	8.30
26/12/26 21:00	6.237282466	8.90
26/12/26 22:00	5.266241502	9.10
26/12/26 23:00	3.651885627	8.90
27/12/26 00:00	3.064455373	9.70
27/12/26 01:00	2.722517893	9.20
27/12/26 02:00	2.964885979	8.70
27/12/26 03:00	3.757580858	8.30
27/12/26 04:00	5.076946116	7.80
27/12/26 05:00	7.456817	7.40
27/12/26 06:00	9.502464313	7.70
27/12/26 07:00	10.50248247	7.60
27/12/26 08:00	9.010531409	8.00
27/12/26 09:00	7.690662329	8.60
27/12/26 10:00	6.998562766	8.90
27/12/26 11:00	6.3293523	8.80
27/12/26 12:00	6.007133741	8.70
27/12/26 13:00	6.090067631	8.50
27/12/26 14:00	6.596360726	7.80
27/12/26 15:00	7.414702669	7.30
27/12/26 16:00	8.395845309	6.90
27/12/26 17:00	8.916416453	6.60
27/12/26 18:00	9.035259107	6.30
27/12/26 19:00	8.335249912	5.70
27/12/26 20:00	7.345598623	5.40
27/12/26 21:00	6.303936659	5.50
27/12/26 22:00	5.307498637	5.30
27/12/26 23:00	3.752920196	4.60
28/12/26 00:00	2.724468092	3.90
28/12/26 01:00	2.342633504	3.40
28/12/26 02:00	2.494945985	2.10
28/12/26 03:00	3.157625959	3.00
28/12/26 04:00	4.324162453	3.00
28/12/26 05:00	6.603041639	3.30
28/12/26 06:00	8.585579944	3.90
28/12/26 07:00	9.621854231	4.40
28/12/26 08:00	8.139532092	4.80
28/12/26 09:00	6.81120379	5.60
28/12/26 10:00	6.247579895	6.70
28/12/26 11:00	5.90014296	7.20
28/12/26 12:00	6.018056165	6.90
28/12/26 13:00	6.559021729	6.90
28/12/26 14:00	7.327144011	7.20
28/12/26 15:00	8.244042055	7.40
28/12/26 16:00	9.247858691	7.90
28/12/26 17:00	9.807250023	8.30
28/12/26 18:00	10.00552689	9.10
28/12/26 19:00	9.42148481	9.60
28/12/26 20:00	8.490655371	9.80
28/12/26 21:00	7.416552164	9.90
28/12/26 22:00	6.333174196	10.30
28/12/26 23:00	4.714053081	10.50
29/12/26 00:00	4.037696984	10.50
29/12/26 01:00	3.941270461	10.60
29/12/26 02:00	4.679010636	10.60
29/12/26 03:00	5.944459212	10.60
29/12/26 04:00	7.591828413	10.60
29/12/26 05:00	9.949550337	10.80
29/12/26 06:00	11.44739759	10.60
29/12/26 07:00	11.38116712	10.70
29/12/26 08:00	9.55203696	10.50
29/12/26 09:00	8.455903876	10.60
29/12/26 10:00	8.088726966	10.90
29/12/26 11:00	7.498640383	10.90
29/12/26 12:00	7.286059412	11.60
29/12/26 13:00	7.506494585	11.50
29/12/26 14:00	8.018193308	11.50
29/12/26 15:00	8.650582203	11.30
29/12/26 16:00	9.257830434	11.40
29/12/26 17:00	9.302036405	11.50
29/12/26 18:00	9.24239128	11.60
29/12/26 19:00	8.338246089	11.50
29/12/26 20:00	7.063887939	10.20
29/12/26 21:00	5.940619231	9.30
29/12/26 22:00	5.125934332	9.40
29/12/26 23:00	3.53808819	9.30
30/12/26 00:00	2.286431565	9.00
30/12/26 01:00	1.892628877	9.10
30/12/26 02:00	1.893567126	8.10
30/12/26 03:00	2.257898759	6.00
30/12/26 04:00	3.035949791	6.70
30/12/26 05:00	4.992684623	6.70
30/12/26 06:00	6.789355021	6.30
30/12/26 07:00	7.344255851	6.10
30/12/26 08:00	6.007574545	6.30
30/12/26 09:00	4.891519504	6.90
30/12/26 10:00	4.770409773	7.40
30/12/26 11:00	4.314921998	7.80
30/12/26 12:00	4.174371214	8.30
30/12/26 13:00	4.387709213	8.40
30/12/26 14:00	4.95759544	8.10
30/12/26 15:00	5.83125744	8.00
30/12/26 16:00	6.896706571	8.30
30/12/26 17:00	7.514361434	8.30
30/12/26 18:00	7.792111281	8.60
30/12/26 19:00	7.176062095	8.40
30/12/26 20:00	6.223027115	8.80
30/12/26 21:00	5.336934374	8.70
30/12/26 22:00	4.528301465	9.10
30/12/26 23:00	3.143565652	9.40
31/12/26 00:00	2.93732859	9.30
31/12/26 01:00	2.655266163	9.40
31/12/26 02:00	2.915177198	9.40
31/12/26 03:00	3.714896485	9.20
31/12/26 04:00	5.022905136	9.20
31/12/26 05:00	7.422379623	8.80
31/12/26 06:00	9.563367471	8.90
31/12/26 07:00	10.59449787	8.90
31/12/26 08:00	9.028130308	9.20
31/12/26 09:00	7.541383026	9.30
31/12/26 10:00	6.703026048	9.60
31/12/26 11:00	5.966565043	9.80
31/12/26 12:00	5.675144514	10.30
31/12/26 13:00	5.894796396	10.10
31/12/26 14:00	6.540394124	10.10
31/12/26 15:00	7.474602879	10.30
31/12/26 16:00	8.537963629	10.30
31/12/26 17:00	9.152327399	9.90
31/12/26 18:00	9.329573409	9.70
31/12/26 19:00	8.608729564	9.20
31/12/26 20:00	7.601198706	9.30
31/12/26 21:00	6.555687689	9.40
31/12/26 22:00	5.631579133	9.20
31/12/26 23:00	4.220813437	8.80
